timestamp,room_id,co2,humidity,light,pir,temperature
2013-08-23 15:00:00,511,-1.0,-1.0,-1.0,0.0,-1.0
2013-08-23 16:00:00,415,486.20327102803736,-1.0,-1.0,-1.0,-1.0
2013-08-23 16:00:00,510,316.0,-1.0,-1.0,-1.0,-1.0
2013-08-23 17:00:00,415,492.86478873239435,-1.0,-1.0,-1.0,-1.0
2013-08-23 19:00:00,648,-1.0,-1.0,-1.0,0.0,-1.0
2013-08-23 21:00:00,776,-1.0,49.67172631578947,132.48631578947368,-1.0,24.336694736842105
2013-08-23 22:00:00,424,-1.0,-1.0,-1.0,0.0,-1.0
2013-08-23 22:00:00,648,-1.0,-1.0,-1.0,29.636942675159236,-1.0
2013-08-23 22:00:00,726,-1.0,-1.0,-1.0,0.0,-1.0
2013-08-23 22:00:00,776,-1.0,49.12394863563403,118.8314606741573,0.0,24.5315569823435
2013-08-23 23:00:00,413,528.236722306525,45.15097412480974,93.70776255707763,0.0,24.11634703196347
2013-08-23 23:00:00,415,532.7275494672755,51.742340425531914,68.8966565349544,0.0,23.40727963525836
2013-08-23 23:00:00,417,404.29787234042556,51.56198473282443,63.8381679389313,0.0,23.547908396946564
2013-08-23 23:00:00,419,676.2993920972644,52.88261398176292,138.88601823708206,28.722672064777328,66.63398176291793
2013-08-23 23:00:00,421,392.4148936170213,52.89825227963525,195.21884498480244,0.0,22.92723404255319
2013-08-23 23:00:00,422,472.48936170212767,53.97244680851064,207.39665653495442,0.0,22.875896656534955
2013-08-23 23:00:00,423,398.82522796352583,50.89705167173253,3.6580547112462005,-1.0,23.441109422492403
2013-08-23 23:00:00,424,448.24657534246575,50.33727549467276,2.919330289193303,0.0,23.880578386605784
2013-08-23 23:00:00,442,513.0060790273557,48.97385670731707,5.737804878048781,0.0,24.135564024390245
2013-08-23 23:00:00,446,546.677811550152,51.86857142857142,4.074468085106383,0.0,23.131063829787234
2013-08-23 23:00:00,448,428.17173252279633,51.34083713850837,4.724505327245053,0.0,23.570958904109588
2013-08-23 23:00:00,452,404.58814589665656,46.08670212765957,3.4376899696048633,0.0,23.466170212765956
2013-08-23 23:00:00,454,381.7351598173516,51.41455927051672,3.474164133738602,0.0,23.51840425531915
2013-08-23 23:00:00,456,475.1352583586626,48.67837386018237,3.870820668693009,0.0,24.26211246200608
2013-08-23 23:00:00,458,566.1823708206687,53.15893129770992,4.752671755725191,0.0,22.96036641221374
2013-08-23 23:00:00,462,498.52815829528157,56.88129375951294,3.8127853881278537,0.0,21.94937595129376
2013-08-23 23:00:00,510,408.3262195121951,51.478188736681886,323.02130898021306,2.2700296735905043,24.007884322678844
2013-08-23 23:00:00,511,425.10182370820667,52.98085235920852,275.88736681887366,0.0,22.634642313546426
2013-08-23 23:00:00,513,378.80517503805174,53.968875379939206,11.44984802431611,0.0,22.587857142857143
2013-08-23 23:00:00,552,417.9193302891933,53.1876291793313,3.4589665653495443,0.0,22.840273556231004
2013-08-23 23:00:00,554,504.79236641221377,49.86665144596651,63.602739726027394,0.0,24.041841704718415
2013-08-23 23:00:00,556,603.6940639269407,49.058888888888895,42.74124809741248,19.666666666666668,24.33380517503805
2013-08-23 23:00:00,558,459.01367781155017,53.59281155015198,3.5440729483282674,0.0,23.11323708206687
2013-08-23 23:00:00,562,-1.0,55.09835616438357,2.773211567732116,0.0,22.336955859969557
2013-08-23 23:00:00,564,449.48480243161094,49.9806697108067,11.077625570776256,25.069333333333333,24.0720700152207
2013-08-23 23:00:00,621,514.634703196347,49.35582066869301,67.02887537993921,0.8848484848484849,25.562503863987633
2013-08-23 23:00:00,621A,423.9344512195122,55.51683890577508,136.85106382978722,0.0,22.173115501519757
2013-08-23 23:00:00,621C,518.3404255319149,49.46326747720365,251.98632218844986,0.0,24.191990881458967
2013-08-23 23:00:00,621D,677.3399390243902,50.22734042553192,284.41185410334344,0.0,24.23949848024316
2013-08-23 23:00:00,621E,540.3957382039574,53.510502283105026,74.37442922374429,-1.0,22.94164383561644
2013-08-23 23:00:00,640,479.05775075987845,52.7395744680851,9.398176291793312,0.0,22.718358662613984
2013-08-23 23:00:00,644,497.0516717325228,52.95731003039514,146.4787234042553,0.0,22.652264437689972
2013-08-23 23:00:00,648,208.95896656534956,50.66768996960486,181.11398176291794,23.581932773109244,23.268449848024314
2013-08-23 23:00:00,656A,532.1337386018237,50.06612462006079,141.89361702127658,6.936813186813187,24.137264437689968
2013-08-23 23:00:00,656B,593.1780821917808,46.418097412480975,95.22678843226788,27.247978436657682,25.284444444444446
2013-08-23 23:00:00,664,362.77016742770167,50.07890410958905,3.278538812785388,0.0,23.652587519025875
2013-08-23 23:00:00,666,469.8510638297872,50.182648401826484,133.56773211567733,0.0,23.84318112633181
2013-08-23 23:00:00,668,426.83738601823705,49.63565349544073,2146.8297872340427,5.204142011834319,24.492158054711247
2013-08-23 23:00:00,717,427.1765601217656,51.17427701674277,111.50989345509893,0.0,23.39716894977169
2013-08-23 23:00:00,719,460.63774733637746,51.6810197869102,363.9939117199391,0.0,23.459421613394216
2013-08-23 23:00:00,721,369.50532724505325,51.9565601217656,204.54337899543378,0.0,22.353089802130896
2013-08-23 23:00:00,722,388.1280487804878,49.0042987804878,3.9527439024390243,0.0,23.12251524390244
2013-08-23 23:00:00,723,442.8328267477204,56.044070121951215,197.58841463414635,0.0,22.05765243902439
2013-08-23 23:00:00,724,229.5987841945289,50.36867579908676,5.101978691019787,0.0,23.742648401826486
2013-08-23 23:00:00,726,463.2469512195122,48.175015243902436,3.364329268292683,0.0,24.506783536585367
2013-08-23 23:00:00,734,396.71276595744683,47.06288753799392,308.3936170212766,4.904761904761905,25.018161094224926
2013-08-23 23:00:00,746,669.2142857142857,53.27833333333333,30.66360856269113,14.070028011204482,22.89435779816514
2013-08-23 23:00:00,748,540.7762557077625,50.562598784194535,4.738601823708207,0.0,23.205364741641336
2013-08-23 23:00:00,752,454.6524390243902,43.51424657534247,5.307458143074581,0.0,25.696179604261797
2013-08-23 23:00:00,754,446.56686930091183,48.63129573170732,8.0625,0.0,24.18733231707317
2013-08-23 23:00:00,776,655.1476407914764,48.87185692541857,96.76864535768645,0.0,24.624292237442923
2013-08-24 00:00:00,413,527.4138888888889,44.40302777777778,133.42916666666667,0.0,24.586374999999997
2013-08-24 00:00:00,415,539.7680555555555,51.51526388888889,75.09722222222223,0.0,23.59340277777778
2013-08-24 00:00:00,417,408.3305555555556,51.29029166666667,58.8625,0.0,23.72701388888889
2013-08-24 00:00:00,419,557.4180555555556,52.25866666666666,145.32777777777778,16.82587064676617,73.18138888888889
2013-08-24 00:00:00,421,400.57916666666665,52.85627777777778,187.18333333333334,0.0,23.128291666666666
2013-08-24 00:00:00,422,470.6388888888889,53.628902777777775,201.2513888888889,0.0,23.072569444444444
2013-08-24 00:00:00,423,406.99861111111113,50.788291666666666,3.577777777777778,-1.0,23.551833333333335
2013-08-24 00:00:00,424,457.8888888888889,50.25311111111111,2.9277777777777776,0.0,23.991097222222223
2013-08-24 00:00:00,442,512.7986111111111,48.92791666666666,5.097222222222222,0.0,24.20627777777778
2013-08-24 00:00:00,446,546.5694444444445,51.888708333333334,3.486111111111111,0.0,23.169194444444443
2013-08-24 00:00:00,448,432.60555555555555,51.405166666666666,4.254166666666666,0.0,23.59897222222222
2013-08-24 00:00:00,452,412.8375,46.139291666666665,2.9625,0.0,23.491125
2013-08-24 00:00:00,454,386.93342579750345,51.46820083682008,3.3333333333333335,0.0,23.546276150627616
2013-08-24 00:00:00,456,482.21944444444443,48.73770833333334,3.401388888888889,0.0,24.287541666666666
2013-08-24 00:00:00,458,541.9208333333333,53.18791666666667,4.154166666666667,0.7894736842105263,22.947472222222224
2013-08-24 00:00:00,462,482.2236111111111,57.387708333333336,3.4625,0.0,21.79040277777778
2013-08-24 00:00:00,510,380.6958333333333,48.322763888888886,555.0319444444444,0.0,25.191138888888887
2013-08-24 00:00:00,511,417.4402777777778,52.610013888888886,749.1388888888889,0.0,22.866013888888887
2013-08-24 00:00:00,513,386.46527777777777,53.90393055555556,11.234722222222222,0.0,22.649430555555554
2013-08-24 00:00:00,552,416.6333333333333,53.24029166666667,3.4208333333333334,0.0,22.846652777777777
2013-08-24 00:00:00,554,493.8722222222222,50.22393055555555,63.59444444444444,1.2916666666666667,23.899333333333335
2013-08-24 00:00:00,556,516.0944444444444,49.231611111111114,6.727777777777778,0.0,24.10401388888889
2013-08-24 00:00:00,558,453.2027777777778,53.724152777777775,3.573611111111111,0.0,23.106625
2013-08-24 00:00:00,562,-1.0,55.166916666666665,18.77638888888889,1.8342541436464088,22.419486111111112
2013-08-24 00:00:00,564,414.53055555555557,50.04769444444445,10.7,26.056234718826406,24.01623611111111
2013-08-24 00:00:00,621,496.93611111111113,49.47754166666667,67.28333333333333,7.080110497237569,25.48709722222222
2013-08-24 00:00:00,621A,409.6972222222222,55.661611111111114,157.52916666666667,0.0,22.150305555555555
2013-08-24 00:00:00,621C,481.0416666666667,50.504472222222226,245.60694444444445,0.0,23.665875
2013-08-24 00:00:00,621D,664.8294036061027,49.39501388888888,287.05833333333334,0.0,24.57240277777778
2013-08-24 00:00:00,621E,532.9333333333333,53.37119444444445,74.35138888888889,-1.0,23.007708333333333
2013-08-24 00:00:00,640,460.7875,52.75680555555556,10.52361111111111,0.0,22.727708333333332
2013-08-24 00:00:00,644,482.65694444444443,53.52990277777778,170.78472222222223,0.0,22.464125
2013-08-24 00:00:00,648,196.34166666666667,50.94851388888889,185.19166666666666,18.953964194373402,23.15758333333333
2013-08-24 00:00:00,656A,488.6222222222222,51.18091666666667,102.59583333333333,0.0,23.565430555555558
2013-08-24 00:00:00,656B,581.4916666666667,46.67669444444444,87.95555555555555,26.154761904761905,25.08034722222222
2013-08-24 00:00:00,664,367.2583333333333,50.150569444444436,3.220833333333333,0.0,23.63223611111111
2013-08-24 00:00:00,666,454.85555555555555,51.45723611111111,108.67916666666666,0.0,23.37126388888889
2013-08-24 00:00:00,668,394.93333333333334,50.939194444444446,2152.7638888888887,5.35,23.987013888888892
2013-08-24 00:00:00,717,425.62361111111113,50.963458333333335,108.58333333333333,0.0,23.495027777777775
2013-08-24 00:00:00,719,458.0722222222222,51.436972222222224,380.79583333333335,0.0,23.613791666666668
2013-08-24 00:00:00,721,367.05694444444447,51.72254166666666,250.68333333333334,0.0,22.465569444444444
2013-08-24 00:00:00,722,393.25,49.01680555555556,4.152777777777778,1.9209809264305178,23.155555555555555
2013-08-24 00:00:00,723,429.02777777777777,55.92236111111111,201.575,0.0,22.113458333333334
2013-08-24 00:00:00,724,232.92222222222222,50.428375,5.0625,0.0,23.762916666666666
2013-08-24 00:00:00,726,447.65555555555557,48.20356449375866,3.3134535367545075,0.0,24.444812760055477
2013-08-24 00:00:00,734,392.15,46.275888888888886,92.01388888888889,23.325984251968503,25.269291666666668
2013-08-24 00:00:00,746,599.7097222222222,53.497902777777774,22.818055555555556,5.827225130890052,22.737180555555558
2013-08-24 00:00:00,748,533.0083333333333,50.78830555555556,4.858333333333333,0.0,23.155375
2013-08-24 00:00:00,752,447.56388888888887,44.047291666666666,5.273611111111111,0.0,25.497666666666667
2013-08-24 00:00:00,754,446.49861111111113,49.24884722222222,9.294444444444444,0.0,23.926388888888887
2013-08-24 00:00:00,776,607.3736111111111,48.72575,73.19027777777778,0.0,24.58666666666667
2013-08-24 01:00:00,413,492.3888888888889,42.96645833333333,203.80833333333334,0.0,25.148680555555554
2013-08-24 01:00:00,415,499.35277777777776,51.00452777777778,93.04027777777777,0.0,23.711680555555557
2013-08-24 01:00:00,417,370.53472222222223,50.687805555555556,59.30138888888889,0.0,23.862486111111114
2013-08-24 01:00:00,419,481.54038997214485,51.60373611111111,189.4111111111111,0.0,86.10395833333334
2013-08-24 01:00:00,421,362.3902777777778,52.10501388888889,194.7736111111111,0.0,23.333861111111112
2013-08-24 01:00:00,422,429.1,52.808375,208.14583333333334,0.0,23.362708333333334
2013-08-24 01:00:00,423,385.60833333333335,50.49848611111111,3.473611111111111,-1.0,23.65577777777778
2013-08-24 01:00:00,424,431.8305555555556,49.988791666666664,2.886111111111111,0.0,24.076319444444444
2013-08-24 01:00:00,442,475.9513888888889,48.703478260869566,5.683029453015428,0.0,24.236844319775596
2013-08-24 01:00:00,446,509.5152777777778,51.670500000000004,3.4472222222222224,0.0,23.186597222222222
2013-08-24 01:00:00,448,406.15416666666664,51.27206944444444,4.290277777777778,0.0,23.619041666666664
2013-08-24 01:00:00,452,388.4277777777778,46.05934722222223,3.051388888888889,0.0,23.501916666666666
2013-08-24 01:00:00,454,364.3277777777778,51.385958333333335,3.3541666666666665,0.0,23.563819444444444
2013-08-24 01:00:00,456,454.32916666666665,48.618458333333336,3.477777777777778,0.0,24.299680555555558
2013-08-24 01:00:00,458,505.84444444444443,52.844430555555554,5.1194444444444445,14.433566433566433,22.97855555555556
2013-08-24 01:00:00,462,439.4583333333333,57.79377777777778,3.9680555555555554,0.0,21.556916666666666
2013-08-24 01:00:00,510,349.96666666666664,46.01636111111111,715.8777777777777,0.0,25.806111111111115
2013-08-24 01:00:00,511,379.17083333333335,51.42720833333334,671.3069444444444,0.0,23.229222222222223
2013-08-24 01:00:00,513,359.75138888888887,53.24311111111111,13.695833333333333,0.0,22.854597222222225
2013-08-24 01:00:00,552,385.0152777777778,53.11941666666667,3.436111111111111,0.0,22.835680555555555
2013-08-24 01:00:00,554,470.7861111111111,50.31816666666667,63.547222222222224,6.982142857142857,23.809930555555557
2013-08-24 01:00:00,556,461.9486111111111,49.390097222222224,3.547222222222222,0.0,23.910847222222223
2013-08-24 01:00:00,558,420.0625,53.573375000000006,3.5930555555555554,0.0,23.111680555555555
2013-08-24 01:00:00,562,-1.0,54.59594444444445,18.368055555555557,1.2880886426592797,22.542055555555557
2013-08-24 01:00:00,564,336.7527777777778,50.112995839112344,5.123439667128988,4.629427792915531,23.785450762829406
2013-08-24 01:00:00,621,470.1402777777778,49.11797222222223,68.04861111111111,8.26923076923077,25.446569444444442
2013-08-24 01:00:00,621A,372.475,55.24213888888888,216.67222222222222,0.0,22.281736111111112
2013-08-24 01:00:00,621C,436.20694444444445,50.78220833333334,255.1,0.0,23.539416666666668
2013-08-24 01:00:00,621D,577.2638888888889,48.512055555555555,314.1125,0.0,24.764791666666667
2013-08-24 01:00:00,621E,492.5152777777778,53.033652777777775,84.04583333333333,-1.0,23.104305555555552
2013-08-24 01:00:00,640,422.1097222222222,52.834111111111106,9.293055555555556,0.0,22.614069444444443
2013-08-24 01:00:00,644,448.69620253164555,53.35066666666667,91.29305555555555,0.0,22.479736111111112
2013-08-24 01:00:00,648,182.23333333333332,50.58594444444444,75.825,20.80203045685279,23.28351388888889
2013-08-24 01:00:00,656A,447.3263888888889,51.59209722222222,17.180555555555557,0.0,23.34740277777778
2013-08-24 01:00:00,656B,575.1458333333334,46.99240277777778,43.727777777777774,26.470588235294116,24.88951388888889
2013-08-24 01:00:00,664,338.01666666666665,50.16141666666667,3.1444444444444444,0.0,23.55720833333333
2013-08-24 01:00:00,666,417.0444444444444,52.01880555555556,22.755555555555556,0.0,23.10536111111111
2013-08-24 01:00:00,668,350.5888888888889,52.248263888888886,2164.0402777777776,9.334831460674158,23.567652777777777
2013-08-24 01:00:00,717,399.0180555555556,50.437847222222224,121.64722222222223,0.0,23.69397222222222
2013-08-24 01:00:00,719,426.77916666666664,50.864000000000004,474.6041666666667,0.0,23.818430555555555
2013-08-24 01:00:00,721,337.08194444444445,51.02506944444445,500.3208333333333,0.0,22.75126388888889
2013-08-24 01:00:00,722,361.9736111111111,48.87897364771151,4.009708737864078,0.0,23.178613037447988
2013-08-24 01:00:00,723,393.1333333333333,55.40845833333333,235.75833333333333,0.0,22.258333333333333
2013-08-24 01:00:00,724,211.79305555555555,50.335885634588564,5.066945606694561,0.0,23.76294281729428
2013-08-24 01:00:00,726,411.9791666666667,48.12958333333333,3.363888888888889,0.0,24.41391666666667
2013-08-24 01:00:00,734,340.8777777777778,45.649875,97.27361111111111,13.75983436853002,25.36398611111111
2013-08-24 01:00:00,746,530.1166666666667,53.738918169209434,7.812760055478502,0.0,22.465700416088765
2013-08-24 01:00:00,748,495.4791666666667,50.73829166666667,4.758333333333334,0.0,23.129805555555553
2013-08-24 01:00:00,752,413.8041666666667,44.190375,5.231944444444444,0.0,25.40952777777778
2013-08-24 01:00:00,754,415.01666666666665,49.630486111111104,7.622222222222222,0.0,23.692958333333333
2013-08-24 01:00:00,776,559.1111111111111,48.67930555555555,48.36388888888889,0.0,24.454833333333333
2013-08-24 02:00:00,413,476.8777777777778,42.46104166666667,45.47361111111111,0.0,25.240208333333335
2013-08-24 02:00:00,415,477.3611111111111,50.786249999999995,49.858333333333334,0.0,23.718333333333334
2013-08-24 02:00:00,417,353.3305555555556,50.47119444444445,26.466666666666665,0.0,23.859708333333337
2013-08-24 02:00:00,419,451.18333333333334,51.667277777777784,88.49583333333334,0.0,98.98543055555555
2013-08-24 02:00:00,421,340.0027777777778,51.709,93.51944444444445,0.0,23.30408333333333
2013-08-24 02:00:00,422,409.51666666666665,52.15468055555556,92.68194444444444,0.0,23.58752777777778
2013-08-24 02:00:00,423,362.0708333333333,50.328097222222226,3.5319444444444446,-1.0,23.718833333333336
2013-08-24 02:00:00,424,407.1041666666667,49.89331944444444,2.8291666666666666,0.0,24.106375
2013-08-24 02:00:00,442,454.5833333333333,48.67844444444445,6.95,0.0,24.241263888888888
2013-08-24 02:00:00,446,486.28055555555557,51.663611111111116,3.9208333333333334,0.0,23.186305555555556
2013-08-24 02:00:00,448,385.1875,51.24804166666666,4.179166666666666,0.0,23.622305555555556
2013-08-24 02:00:00,452,366.53194444444443,46.03655555555555,2.9305555555555554,0.0,23.504319444444445
2013-08-24 02:00:00,454,342.50694444444446,51.37991666666667,3.325,0.0,23.57026388888889
2013-08-24 02:00:00,456,429.75555555555553,48.587875,3.348611111111111,0.0,24.303
2013-08-24 02:00:00,458,483.9791666666667,52.88156944444444,5.001388888888889,0.0,22.979055555555554
2013-08-24 02:00:00,462,431.7125,58.04243055555556,3.890277777777778,0.0,21.558222222222224
2013-08-24 02:00:00,510,330.9819444444444,46.162236111111106,212.375,0.0,25.458777777777776
2013-08-24 02:00:00,511,359.0416666666667,51.212361111111115,247.54722222222222,0.0,23.259430555555557
2013-08-24 02:00:00,513,333.32916666666665,52.45418055555556,8.806944444444444,0.0,23.17722222222222
2013-08-24 02:00:00,552,364.0069541029207,53.15345833333333,3.45,0.0,22.83173611111111
2013-08-24 02:00:00,554,438.65555555555557,50.45879166666667,62.80555555555556,0.9279778393351801,23.73611111111111
2013-08-24 02:00:00,556,440.4513888888889,49.61131944444445,3.4625,0.0,23.808583333333335
2013-08-24 02:00:00,558,399.5125,53.581722222222226,3.5347222222222223,0.0,23.112486111111114
2013-08-24 02:00:00,562,-1.0,54.751416666666664,2.6069444444444443,0.0,22.42275
2013-08-24 02:00:00,564,270.21527777777777,50.62302777777778,3.6791666666666667,0.0,23.438402777777778
2013-08-24 02:00:00,621,439.56111111111113,48.96783333333333,8.38888888888889,0.0,25.38523611111111
2013-08-24 02:00:00,621A,356.66527777777776,54.82145833333333,132.075,0.0,22.443291666666667
2013-08-24 02:00:00,621C,416.15694444444443,51.00780555555556,122.27361111111111,0.0,23.49190277777778
2013-08-24 02:00:00,621D,479.3097222222222,48.61586111111111,161.23333333333332,0.0,24.509263888888885
2013-08-24 02:00:00,621E,472.71210013908205,52.77144444444445,50.225,-1.0,23.217152777777777
2013-08-24 02:00:00,640,403.77222222222224,53.109625,5.319444444444445,0.0,22.544541666666667
2013-08-24 02:00:00,644,438.15972222222223,53.53104166666667,10.822222222222223,0.0,22.446472222222223
2013-08-24 02:00:00,648,155.29861111111111,50.341166666666666,28.769444444444446,19.62900505902192,23.37675
2013-08-24 02:00:00,656A,428.4446002805049,51.90763888888889,8.141666666666667,0.0,23.225041666666666
2013-08-24 02:00:00,656B,579.9583333333334,47.2333841886269,39.141470180305134,26.17206982543641,24.840235783633844
2013-08-24 02:00:00,664,316.75138888888887,50.31305555555556,3.075,0.0,23.476263888888887
2013-08-24 02:00:00,666,401.2763888888889,52.807624999999994,8.676388888888889,0.0,22.849819444444442
2013-08-24 02:00:00,668,327.2263888888889,53.12301388888889,2164.973611111111,0.0,23.258
2013-08-24 02:00:00,717,379.63194444444446,49.80831944444444,62.045833333333334,0.0,23.923097222222225
2013-08-24 02:00:00,719,409.72777777777776,50.30476388888889,232.73472222222222,0.0,24.029263888888888
2013-08-24 02:00:00,721,322.25416666666666,50.26025,197.975,0.0,23.022347222222223
2013-08-24 02:00:00,722,340.99861111111113,48.89112656467316,3.7983310152990266,0.0,23.183031988873434
2013-08-24 02:00:00,723,374.8541666666667,54.96686111111111,111.15555555555555,0.0,22.413541666666667
2013-08-24 02:00:00,724,193.73259052924791,50.375347222222224,4.963888888888889,0.0,23.74725
2013-08-24 02:00:00,726,386.9583333333333,48.156777777777776,3.2333333333333334,0.0,24.383847222222222
2013-08-24 02:00:00,734,312.81111111111113,46.10701388888889,30.455555555555556,0.0,25.040375
2013-08-24 02:00:00,746,564.8430555555556,54.64227777777778,12.327777777777778,15.30800821355236,22.252458333333333
2013-08-24 02:00:00,748,476.1958333333333,50.787388888888884,3.0097222222222224,0.0,23.118805555555557
2013-08-24 02:00:00,752,394.56865464632455,44.316291666666665,5.138888888888889,0.0,25.394416666666665
2013-08-24 02:00:00,754,390.30833333333334,50.16572222222222,4.502777777777778,0.0,23.467736111111112
2013-08-24 02:00:00,776,523.1430555555555,49.065083333333334,19.552777777777777,0.0,24.210625
2013-08-24 03:00:00,413,470.03472222222223,42.849291666666666,3.9722222222222223,0.0,24.99161111111111
2013-08-24 03:00:00,415,471.6986111111111,51.14827777777778,17.720833333333335,0.0,23.533916666666663
2013-08-24 03:00:00,417,349.82916666666665,51.209375,3.498611111111111,0.0,23.561180555555556
2013-08-24 03:00:00,419,449.1763888888889,52.04888888888888,4.013888888888889,0.0,76.40698611111111
2013-08-24 03:00:00,421,331.9221902017291,52.47188888888889,18.522222222222222,0.0,22.998472222222226
2013-08-24 03:00:00,422,410.6986111111111,52.55034722222222,3.4166666666666665,0.0,23.37748611111111
2013-08-24 03:00:00,423,351.75555555555553,50.31772222222222,3.4194444444444443,-1.0,23.75686111111111
2013-08-24 03:00:00,424,395.97083333333336,49.89568055555556,2.8152777777777778,0.0,24.144166666666667
2013-08-24 03:00:00,442,447.7263888888889,48.846250000000005,3.5027777777777778,0.0,24.21259722222222
2013-08-24 03:00:00,446,478.9,51.83391666666667,3.283333333333333,0.0,23.174833333333336
2013-08-24 03:00:00,448,375.6333333333333,51.34988873435327,4.090403337969402,0.0,23.622350486787205
2013-08-24 03:00:00,452,357.4236111111111,46.10466666666667,2.7736111111111112,0.0,23.51563888888889
2013-08-24 03:00:00,454,332.9486111111111,51.48569444444444,3.183333333333333,0.0,23.565680555555556
2013-08-24 03:00:00,456,422.05555555555554,48.68819444444444,3.183333333333333,0.0,24.306569444444445
2013-08-24 03:00:00,458,480.9291666666667,53.10708333333333,3.8152777777777778,0.0,23.01013888888889
2013-08-24 03:00:00,462,430.4236111111111,57.856624999999994,3.2402777777777776,0.0,21.772569444444443
2013-08-24 03:00:00,510,320.2024965325936,48.40031944444445,3.6041666666666665,0.0,24.417444444444445
2013-08-24 03:00:00,511,353.65833333333336,51.919111111111114,4.647222222222222,0.0,22.973208333333332
2013-08-24 03:00:00,513,321.05833333333334,52.51547222222222,3.566666666666667,0.0,23.104402777777775
2013-08-24 03:00:00,552,356.95972222222224,53.28529166666666,3.425,0.0,22.840208333333333
2013-08-24 03:00:00,554,460.2746185852982,50.714597222222224,47.71805555555556,4.5896739130434785,23.753916666666665
2013-08-24 03:00:00,556,434.65833333333336,49.902125,3.486111111111111,0.0,23.749180555555554
2013-08-24 03:00:00,558,392.88194444444446,53.767472222222224,3.5569444444444445,0.0,23.105180555555556
2013-08-24 03:00:00,562,-1.0,55.081805555555555,2.7194444444444446,0.0,22.353833333333334
2013-08-24 03:00:00,564,263.6069444444444,51.17343055555556,4.186111111111111,0.0,23.242624999999997
2013-08-24 03:00:00,621,430.64166666666665,49.06291666666667,6.084722222222222,0.0,25.32276388888889
2013-08-24 03:00:00,621A,350.70972222222224,55.281388888888884,4.345833333333333,0.0,22.218958333333333
2013-08-24 03:00:00,621C,410.9111111111111,51.699222222222225,4.2444444444444445,0.0,23.187569444444442
2013-08-24 03:00:00,621D,465.66527777777776,49.52348611111112,4.027777777777778,0.0,24.054597222222224
2013-08-24 03:00:00,621E,466.4714086471409,52.96648611111112,6.845833333333333,-1.0,23.10234722222222
2013-08-24 03:00:00,640,398.05833333333334,53.36031944444444,4.143055555555556,0.0,22.51126388888889
2013-08-24 03:00:00,644,430.34027777777777,53.5625,4.081944444444445,0.0,22.496458333333333
2013-08-24 03:00:00,648,105.55,51.20022222222223,3.8069444444444445,0.0,22.934680555555556
2013-08-24 03:00:00,656A,423.78472222222223,52.23108333333333,4.583333333333333,0.0,23.159208333333336
2013-08-24 03:00:00,656B,559.1125,47.643430555555554,27.845833333333335,10.876344086021506,24.705916666666663
2013-08-24 03:00:00,664,309.02916666666664,50.56125,3.1180555555555554,0.0,23.413097222222223
2013-08-24 03:00:00,666,396.78194444444443,53.32636111111112,3.2888888888888888,0.0,22.758902777777777
2013-08-24 03:00:00,668,317.4138888888889,53.642030598052855,2158.641168289291,0.0,22.866467315716275
2013-08-24 03:00:00,717,369.23333333333335,50.29802777777778,4.397222222222222,0.0,23.58526388888889
2013-08-24 03:00:00,719,399.81388888888887,51.03219444444444,4.9527777777777775,0.0,23.570027777777774
2013-08-24 03:00:00,721,313.87361111111113,50.66543055555556,3.977777777777778,0.0,22.686708333333335
2013-08-24 03:00:00,722,331.5263888888889,49.044444444444444,3.7666666666666666,0.0,23.14904166666667
2013-08-24 03:00:00,723,370.6138888888889,55.60623611111111,3.5722222222222224,0.0,22.139319444444443
2013-08-24 03:00:00,724,186.01944444444445,50.536972222222225,4.851388888888889,0.0,23.702583333333333
2013-08-24 03:00:00,726,376.2861111111111,48.27851388888889,3.1944444444444446,0.0,24.350944444444444
2013-08-24 03:00:00,734,305.78333333333336,47.253083333333336,4.506944444444445,0.0,24.50361111111111
2013-08-24 03:00:00,746,706.4402777777777,54.94122222222222,26.9625,25.92672998643148,22.65434722222222
2013-08-24 03:00:00,748,473.5527777777778,50.80773611111111,2.9208333333333334,0.0,23.217194444444445
2013-08-24 03:00:00,752,396.45694444444445,44.171958333333336,5.279166666666667,0.0,25.611833333333333
2013-08-24 03:00:00,754,382.40555555555557,50.83252777777778,3.6041666666666665,0.0,23.256972222222224
2013-08-24 03:00:00,776,512.3819444444445,49.75765277777778,4.325,0.0,23.91234722222222
2013-08-24 04:00:00,413,460.60555555555555,43.539125000000006,3.8472222222222223,0.0,24.629319444444445
2013-08-24 04:00:00,415,470.7402777777778,51.54522222222222,17.4125,0.0,23.421361111111114
2013-08-24 04:00:00,417,348.9138888888889,51.79372222222223,3.4055555555555554,0.0,23.398902777777778
2013-08-24 04:00:00,419,447.45694444444445,52.76830555555556,3.540277777777778,0.0,61.5075
2013-08-24 04:00:00,421,331.7083333333333,52.81000000000001,18.245833333333334,0.0,22.910569444444445
2013-08-24 04:00:00,422,405.2861111111111,53.35611111111111,3.0930555555555554,0.0,23.066416666666665
2013-08-24 04:00:00,423,346.4875,50.37244444444445,3.411111111111111,-1.0,23.77038888888889
2013-08-24 04:00:00,424,391.44305555555553,49.9224826629681,2.8904299583911235,0.0,24.165076282940362
2013-08-24 04:00:00,442,446.5215577190542,49.07268055555556,3.808333333333333,0.0,24.148902777777778
2013-08-24 04:00:00,446,476.4611111111111,52.04563888888889,3.352777777777778,0.0,23.133208333333332
2013-08-24 04:00:00,448,371.8,51.5076111111111,4.129166666666666,0.0,23.59915277777778
2013-08-24 04:00:00,452,352.2916666666667,46.242666666666665,2.754166666666667,0.0,23.49513888888889
2013-08-24 04:00:00,454,330.7916666666667,51.62769444444445,3.3125,0.0,23.548180555555554
2013-08-24 04:00:00,456,419.94166666666666,48.846375,3.223611111111111,0.0,24.29047222222222
2013-08-24 04:00:00,458,479.5416666666667,53.10627777777778,3.786111111111111,0.0,23.02444444444444
2013-08-24 04:00:00,462,426.40416666666664,57.30159722222223,3.3319444444444444,0.0,22.041319444444444
2013-08-24 04:00:00,510,310.0,50.474236111111104,3.3027777777777776,0.0,23.629958333333335
2013-08-24 04:00:00,511,351.10833333333335,52.89098474341193,3.8321775312066575,0.0,22.61162274618585
2013-08-24 04:00:00,513,316.7527777777778,52.92008333333333,3.5597222222222222,0.0,22.946180555555557
2013-08-24 04:00:00,552,356.35285913528594,53.48475,3.4555555555555557,0.0,22.807999999999996
2013-08-24 04:00:00,554,439.84583333333336,50.93794444444445,4.580555555555556,0.37777777777777777,23.636916666666664
2013-08-24 04:00:00,556,432.77777777777777,50.118319209039555,3.635593220338983,0.0,23.720861581920904
2013-08-24 04:00:00,558,391.4625,53.88868055555555,3.477777777777778,0.0,23.105055555555555
2013-08-24 04:00:00,562,-1.0,55.2825,2.775,0.0,22.332555555555555
2013-08-24 04:00:00,564,260.95416666666665,51.67720833333334,4.333333333333333,0.0,23.096736111111113
2013-08-24 04:00:00,621,426.59583333333336,48.96958333333333,6.254166666666666,0.0,25.386027777777777
2013-08-24 04:00:00,621A,348.50555555555553,56.16020833333333,4.115277777777778,0.0,21.881833333333333
2013-08-24 04:00:00,621C,410.84305555555557,52.70097222222222,3.5694444444444446,0.0,22.79438888888889
2013-08-24 04:00:00,621D,463.9583333333333,50.72433666191156,3.1198288159771757,0.0,23.547746077032812
2013-08-24 04:00:00,621E,460.6111111111111,53.60211111111111,6.597222222222222,-1.0,22.813291666666665
2013-08-24 04:00:00,640,396.8847222222222,53.62756944444444,4.170833333333333,0.0,22.471652777777777
2013-08-24 04:00:00,644,430.029207232267,53.971291666666666,4.011111111111111,0.0,22.393833333333333
2013-08-24 04:00:00,648,105.95416666666667,51.83938888888889,3.736111111111111,0.0,22.733333333333334
2013-08-24 04:00:00,656A,421.1902777777778,52.543388888888884,4.584722222222222,0.0,23.061958333333333
2013-08-24 04:00:00,656B,439.56111111111113,48.03351388888888,3.2666666666666666,0.0,24.32398611111111
2013-08-24 04:00:00,664,306.90694444444443,50.78676388888889,3.1222222222222222,0.0,23.365180555555558
2013-08-24 04:00:00,666,396.1333333333333,53.65215277777778,3.313888888888889,0.0,22.67690277777778
2013-08-24 04:00:00,668,317.0361111111111,54.59856944444444,2171.5291666666667,0.0,22.473333333333333
2013-08-24 04:00:00,717,365.6013888888889,51.31101388888889,4.009722222222222,0.0,23.164097222222225
2013-08-24 04:00:00,719,398.9972222222222,52.13809722222222,3.566666666666667,0.0,23.107833333333332
2013-08-24 04:00:00,721,310.83194444444445,52.23111111111111,3.4972222222222222,0.0,21.983680555555555
2013-08-24 04:00:00,722,328.79056865464634,49.209471488178025,3.7468706536856744,0.0,23.111627260083452
2013-08-24 04:00:00,723,376.3986111111111,56.62770833333333,2.9069444444444446,0.0,21.7925
2013-08-24 04:00:00,724,183.2,50.774875,4.75,0.0,23.643541666666664
2013-08-24 04:00:00,726,371.9347222222222,48.52425,3.213888888888889,0.0,24.26976388888889
2013-08-24 04:00:00,734,302.4194444444444,48.238388888888885,4.454166666666667,0.0,24.121680555555557
2013-08-24 04:00:00,746,528.8222222222222,55.12159722222223,17.2875,4.358695652173913,22.181902777777776
2013-08-24 04:00:00,748,471.3986111111111,50.647013888888885,3.0027777777777778,0.0,23.342319444444446
2013-08-24 04:00:00,752,468.9375,43.93369444444444,10.681944444444444,7.027363184079602,25.958680555555556
2013-08-24 04:00:00,754,381.2861111111111,51.547472222222225,3.6375,0.0,23.042305555555554
2013-08-24 04:00:00,776,513.4638888888888,50.39409722222222,4.204166666666667,0.0,23.67936111111111
2013-08-24 05:00:00,413,456.3875,44.025055555555554,3.7708333333333335,0.0,24.296847222222222
2013-08-24 05:00:00,415,468.49861111111113,51.57233333333333,17.34861111111111,0.0,23.357902777777777
2013-08-24 05:00:00,417,347.5527777777778,51.85765277777778,3.2847222222222223,0.0,23.332652777777774
2013-08-24 05:00:00,419,446.56805555555553,52.95520833333333,3.584722222222222,0.0,85.36158333333333
2013-08-24 05:00:00,421,329.90833333333336,52.81856944444445,18.120833333333334,0.0,22.836291666666668
2013-08-24 05:00:00,422,404.62916666666666,53.81020833333333,3.1708333333333334,0.0,22.823069444444446
2013-08-24 05:00:00,423,344.6666666666667,50.27818055555556,3.3986111111111112,-1.0,23.78261111111111
2013-08-24 05:00:00,424,389.81111111111113,49.81351388888889,2.8958333333333335,0.0,24.17361111111111
2013-08-24 05:00:00,442,446.3611111111111,49.09072222222222,3.8555555555555556,0.0,24.088944444444447
2013-08-24 05:00:00,446,476.56944444444446,52.03252777777777,3.25,0.0,23.085777777777775
2013-08-24 05:00:00,448,370.20694444444445,51.50644444444444,4.102777777777778,0.0,23.566138888888887
2013-08-24 05:00:00,452,350.9902777777778,46.23993055555555,2.7569444444444446,0.0,23.467166666666667
2013-08-24 05:00:00,454,327.8930555555556,51.646375,3.276388888888889,0.0,23.517555555555553
2013-08-24 05:00:00,456,417.15416666666664,48.78223611111111,3.102777777777778,0.0,24.262055555555555
2013-08-24 05:00:00,458,468.17083333333335,54.166333333333334,3.763888888888889,0.0,22.34923611111111
2013-08-24 05:00:00,462,423.96527777777777,56.52679166666667,3.388888888888889,0.0,22.214583333333334
2013-08-24 05:00:00,510,304.50138888888887,51.70780555555556,3.1680555555555556,0.0,23.130111111111113
2013-08-24 05:00:00,511,348.78194444444443,53.559694444444446,3.8319444444444444,0.0,22.284
2013-08-24 05:00:00,513,313.3222222222222,53.33158333333333,3.5708333333333333,0.0,22.69515277777778
2013-08-24 05:00:00,552,354.9402777777778,53.43388888888889,3.4458333333333333,0.0,22.78298611111111
2013-08-24 05:00:00,554,434.73333333333335,50.84498611111111,4.191666666666666,0.0,23.655625
2013-08-24 05:00:00,556,431.89166666666665,50.14852777777778,3.5277777777777777,0.0,23.65566666666667
2013-08-24 05:00:00,558,392.2111111111111,53.84681944444444,3.4680555555555554,0.0,23.053652777777778
2013-08-24 05:00:00,562,-1.0,55.24529166666667,2.661111111111111,0.0,22.27436111111111
2013-08-24 05:00:00,564,259.90277777777777,51.88823611111111,3.948611111111111,0.0,22.96513888888889
2013-08-24 05:00:00,621,429.7986111111111,48.85131944444445,6.144444444444445,0.0,25.269055555555557
2013-08-24 05:00:00,621A,346.6005547850208,56.770916666666665,4.093055555555556,0.0,21.5965
2013-08-24 05:00:00,621C,410.0625,53.30711111111111,3.5194444444444444,0.0,22.493388888888887
2013-08-24 05:00:00,621D,461.9402777777778,51.47198887343533,3.208623087621697,0.0,23.1646314325452
2013-08-24 05:00:00,621E,457.5527777777778,54.08784722222222,6.5125,-1.0,22.52048611111111
2013-08-24 05:00:00,640,397.2055555555556,53.08118055555555,4.206944444444445,0.0,22.678791666666665
2013-08-24 05:00:00,644,432.2972222222222,54.119513888888896,4.004166666666666,0.0,22.31425
2013-08-24 05:00:00,648,98.64722222222223,52.05481944444445,3.7708333333333335,0.0,22.623722222222224
2013-08-24 05:00:00,656A,420.0152777777778,52.822263888888884,4.606944444444444,0.0,22.909027777777776
2013-08-24 05:00:00,656B,418.46805555555557,48.50268055555556,3.1625,0.0,24.00365277777778
2013-08-24 05:00:00,664,306.0152777777778,50.83471567267684,3.031900138696255,0.0,23.310194174757285
2013-08-24 05:00:00,666,397.35,53.95093055555555,3.3208333333333333,0.0,22.511972222222223
2013-08-24 05:00:00,668,320.3625,55.12430555555556,2170.676388888889,0.0,22.18852777777778
2013-08-24 05:00:00,717,364.5236111111111,52.03259722222222,4.008333333333334,0.0,22.82245833333333
2013-08-24 05:00:00,719,396.7027777777778,52.89647222222222,3.513888888888889,0.0,22.752472222222224
2013-08-24 05:00:00,721,305.4555555555556,53.73233333333333,3.6375,0.0,21.386333333333333
2013-08-24 05:00:00,722,325.90277777777777,49.24488888888889,3.716666666666667,0.0,23.060555555555553
2013-08-24 05:00:00,723,384.39722222222224,57.180680555555554,2.8583333333333334,0.0,21.562791666666666
2013-08-24 05:00:00,724,181.99305555555554,50.80323611111111,4.745833333333334,0.0,23.594791666666666
2013-08-24 05:00:00,726,370.26944444444445,48.595277777777774,3.1805555555555554,0.0,24.200097222222222
2013-08-24 05:00:00,734,305.6277777777778,48.62140277777778,4.511111111111111,0.0,23.947944444444445
2013-08-24 05:00:00,746,494.09583333333336,55.96866666666667,3.6055555555555556,0.0,21.684166666666666
2013-08-24 05:00:00,748,468.37361111111113,50.548998609179414,2.980528511821975,0.0,23.32591098748261
2013-08-24 05:00:00,752,416.6875,43.45465277777778,5.186111111111111,0.0,26.03740277777778
2013-08-24 05:00:00,754,379.94305555555553,51.88681944444445,3.5194444444444444,0.0,22.87927777777778
2013-08-24 05:00:00,776,499.05,50.85981944444445,4.180555555555555,0.0,23.429777777777776
2013-08-24 06:00:00,413,451.2347222222222,44.70518055555556,3.8930555555555557,0.0,24.045680555555556
2013-08-24 06:00:00,415,466.40555555555557,51.82483333333333,17.315277777777776,0.0,23.233652777777777
2013-08-24 06:00:00,417,344.5236111111111,52.156305555555555,3.404166666666667,0.0,23.215430555555557
2013-08-24 06:00:00,419,440.5625,53.2947983310153,3.6383866481223923,0.0,41.976509040333795
2013-08-24 06:00:00,421,325.68888888888887,53.175555555555555,18.23611111111111,0.0,22.704333333333334
2013-08-24 06:00:00,422,400.5652777777778,54.444861111111116,3.073611111111111,0.0,22.64752777777778
2013-08-24 06:00:00,423,342.4916666666667,50.29738888888889,3.425,-1.0,23.798444444444446
2013-08-24 06:00:00,424,387.4751773049645,49.85584722222222,2.823611111111111,0.0,24.17961111111111
2013-08-24 06:00:00,442,444.2,49.32926388888889,4.006944444444445,0.0,24.047250000000002
2013-08-24 06:00:00,446,475.4138888888889,52.29822222222222,3.2472222222222222,0.0,23.051319444444445
2013-08-24 06:00:00,448,368.7763888888889,51.66694444444444,4.126388888888889,0.0,23.537486111111114
2013-08-24 06:00:00,452,347.88055555555553,46.357166666666664,2.797222222222222,0.0,23.442375000000002
2013-08-24 06:00:00,454,327.10833333333335,51.786736111111104,3.2666666666666666,0.0,23.49118055555556
2013-08-24 06:00:00,456,414.16527777777776,48.96218055555555,3.173611111111111,0.0,24.148180555555555
2013-08-24 06:00:00,458,454.5375,57.50819444444445,3.7083333333333335,0.0,21.382791666666666
2013-08-24 06:00:00,462,420.7111111111111,56.432694444444444,3.3444444444444446,0.0,22.274555555555555
2013-08-24 06:00:00,510,301.5888888888889,53.05348611111111,3.85,0.0,22.738208333333333
2013-08-24 06:00:00,511,344.75694444444446,54.669361111111115,3.8041666666666667,0.0,21.985111111111113
2013-08-24 06:00:00,513,311.31388888888887,54.19038888888889,3.5375,0.0,22.440583333333333
2013-08-24 06:00:00,552,352.17891816920945,53.61965277777778,3.463888888888889,0.0,22.772319444444445
2013-08-24 06:00:00,554,430.9291666666667,50.83255555555556,4.034722222222222,0.0,23.657527777777776
2013-08-24 06:00:00,556,429.9763888888889,50.56858333333333,3.3986111111111112,0.0,23.513847222222225
2013-08-24 06:00:00,558,386.4347222222222,54.277625,3.4138888888888888,0.0,22.924611111111112
2013-08-24 06:00:00,562,-1.0,55.73125,2.5722222222222224,0.0,22.126597222222223
2013-08-24 06:00:00,564,261.29305555555555,52.434416666666664,3.7666666666666666,0.0,22.793763888888886
2013-08-24 06:00:00,621,427.2875,49.03279166666667,6.180555555555555,0.0,25.147194444444445
2013-08-24 06:00:00,621A,346.72083333333336,57.64315277777778,4.075,0.0,21.39251388888889
2013-08-24 06:00:00,621C,409.0138888888889,54.07573611111111,3.5458333333333334,0.0,22.238055555555555
2013-08-24 06:00:00,621D,456.7527777777778,52.403444444444446,3.1597222222222223,0.0,22.846416666666663
2013-08-24 06:00:00,621E,455.1513888888889,54.85594444444444,6.490277777777778,-1.0,22.240833333333335
2013-08-24 06:00:00,640,395.8236111111111,53.54809722222222,4.218055555555556,0.0,22.420986111111112
2013-08-24 06:00:00,644,430.1222222222222,54.31347222222222,3.936111111111111,0.0,22.266152777777776
2013-08-24 06:00:00,648,97.44166666666666,52.443125,3.790277777777778,0.0,22.503958333333333
2013-08-24 06:00:00,656A,419.3486111111111,53.38343618513324,4.49929873772791,0.0,22.73883590462833
2013-08-24 06:00:00,656B,413.39166666666665,49.178152777777775,3.1375,0.0,23.748944444444447
2013-08-24 06:00:00,664,304.0361111111111,51.07494444444444,3.1555555555555554,0.0,23.240152777777777
2013-08-24 06:00:00,666,391.28472222222223,54.40168055555556,3.2694444444444444,0.0,22.40809722222222
2013-08-24 06:00:00,668,318.3833333333333,55.981472222222216,2174.3444444444444,0.0,21.939930555555556
2013-08-24 06:00:00,717,361.18055555555554,52.88276388888888,4.026388888888889,0.0,22.548
2013-08-24 06:00:00,719,394.5138888888889,53.81727777777778,3.498611111111111,0.0,22.45325
2013-08-24 06:00:00,721,299.3375,55.03116666666667,3.511111111111111,0.0,21.01140277777778
2013-08-24 06:00:00,722,324.3,49.44341666666667,3.745833333333333,0.0,23.012125
2013-08-24 06:00:00,723,385.60833333333335,57.82833333333333,2.9583333333333335,0.0,21.433944444444446
2013-08-24 06:00:00,724,179.24305555555554,50.99918055555556,4.75,0.0,23.5525
2013-08-24 06:00:00,726,368.01666666666665,48.799125000000004,3.1847222222222222,0.0,24.136986111111113
2013-08-24 06:00:00,734,313.5416666666667,49.96906944444445,4.523611111111111,0.0,23.461180555555554
2013-08-24 06:00:00,746,486.90694444444443,57.13319444444445,3.5569444444444445,0.0,21.392180555555555
2013-08-24 06:00:00,748,466.2652777777778,50.67843055555556,3.0069444444444446,0.0,23.262194444444443
2013-08-24 06:00:00,752,394.2652777777778,43.32881944444444,5.325,0.0,26.007708333333333
2013-08-24 06:00:00,754,379.6277777777778,52.48029126213592,3.6546463245492373,0.0,22.710443828016643
2013-08-24 06:00:00,776,495.8986111111111,51.55913888888889,4.2375,0.0,23.20925
2013-08-24 07:00:00,413,450.4611111111111,45.36548611111111,3.886111111111111,0.0,23.796777777777777
2013-08-24 07:00:00,415,466.12083333333334,52.15709722222222,17.383333333333333,0.0,23.110916666666668
2013-08-24 07:00:00,417,343.71805555555557,52.481972222222225,3.511111111111111,0.0,23.114124999999998
2013-08-24 07:00:00,419,437.70416666666665,53.66290277777778,3.6055555555555556,0.0,44.16911111111111
2013-08-24 07:00:00,421,326.0431754874652,53.434555555555555,18.197222222222223,0.0,22.62786111111111
2013-08-24 07:00:00,422,400.95694444444445,54.90509040333797,3.1279554937413074,0.0,22.538178025034767
2013-08-24 07:00:00,423,341.04305555555555,50.34040277777778,3.3541666666666665,-1.0,23.826347222222225
2013-08-24 07:00:00,424,386.0488505747126,49.93922222222222,2.8375,0.0,24.18455555555556
2013-08-24 07:00:00,442,443.53055555555557,49.53238888888889,3.9791666666666665,0.0,24.018027777777778
2013-08-24 07:00:00,446,471.3041666666667,52.55495833333333,3.2680555555555557,0.0,23.010652777777775
2013-08-24 07:00:00,448,367.38194444444446,51.87477777777777,4.05,0.0,23.51136111111111
2013-08-24 07:00:00,452,348.11944444444447,46.53268055555555,2.7333333333333334,0.0,23.411347222222226
2013-08-24 07:00:00,454,324.7916666666667,51.98951388888889,3.334722222222222,0.0,23.45018055555556
2013-08-24 07:00:00,456,413.20416666666665,49.28718055555555,3.1444444444444444,0.0,24.04513888888889
2013-08-24 07:00:00,458,451.3097222222222,59.136736111111105,3.6347222222222224,0.0,20.953305555555556
2013-08-24 07:00:00,462,419.2,56.46319444444445,3.3361111111111112,0.0,22.281069444444444
2013-08-24 07:00:00,510,302.35277777777776,54.066722222222225,3.790277777777778,0.0,22.454319444444444
2013-08-24 07:00:00,511,343.4791666666667,55.562763888888895,3.7875,0.0,21.739944444444443
2013-08-24 07:00:00,513,311.48055555555555,54.961125,3.4583333333333335,0.0,22.227708333333336
2013-08-24 07:00:00,552,353.0763888888889,53.77852777777778,3.4277777777777776,0.0,22.76172222222222
2013-08-24 07:00:00,554,423.78194444444443,51.04933333333334,4.006944444444445,0.0,23.598986111111113
2013-08-24 07:00:00,556,428.30694444444447,50.95543055555556,3.4902777777777776,0.0,23.41197222222222
2013-08-24 07:00:00,558,385.9472222222222,54.69133333333333,3.4305555555555554,0.0,22.824180555555554
2013-08-24 07:00:00,562,-1.0,56.214333333333336,2.576388888888889,0.0,21.99983333333333
2013-08-24 07:00:00,564,261.7416666666667,52.95304166666667,3.698611111111111,0.0,22.6485
2013-08-24 07:00:00,621,425.62083333333334,49.19086111111111,6.161111111111111,0.0,25.103041666666666
2013-08-24 07:00:00,621A,348.95416666666665,58.23847222222223,4.122222222222222,0.0,21.243083333333335
2013-08-24 07:00:00,621C,408.7680555555556,54.808347222222224,3.5277777777777777,0.0,22.04136111111111
2013-08-24 07:00:00,621D,456.98333333333335,53.18047222222223,3.1152777777777776,0.0,22.60279166666667
2013-08-24 07:00:00,621E,455.91805555555555,55.60147222222222,6.533333333333333,-1.0,22.011041666666667
2013-08-24 07:00:00,640,396.55833333333334,54.28397222222222,4.1097222222222225,0.0,22.201694444444442
2013-08-24 07:00:00,644,429.7055555555556,54.62043055555556,4.0055555555555555,0.0,22.191222222222223
2013-08-24 07:00:00,648,92.60833333333333,52.902680555555555,3.7291666666666665,0.0,22.374236111111113
2013-08-24 07:00:00,656A,417.8654646324549,53.898402777777775,4.441666666666666,0.0,22.592750000000002
2013-08-24 07:00:00,656B,408.55833333333334,49.753125,3.0541666666666667,0.0,23.562069444444443
2013-08-24 07:00:00,664,304.19166666666666,51.37822222222222,3.129166666666667,0.0,23.16915277777778
2013-08-24 07:00:00,666,392.3236111111111,54.86101388888889,3.2583333333333333,0.0,22.289569444444446
2013-08-24 07:00:00,668,318.9347222222222,56.806305555555554,2178.0416666666665,0.0,21.70248611111111
2013-08-24 07:00:00,717,361.5875,53.59159217877095,3.9860335195530725,0.0,22.347206703910615
2013-08-24 07:00:00,719,394.4902777777778,54.62873611111112,3.536111111111111,0.0,22.228652777777775
2013-08-24 07:00:00,721,295.83194444444445,55.93120833333334,3.525,0.0,20.78891666666667
2013-08-24 07:00:00,722,321.1388888888889,49.651833333333336,3.6319444444444446,0.0,22.968902777777778
2013-08-24 07:00:00,723,385.31111111111113,58.292208333333335,2.963888888888889,0.0,21.32309722222222
2013-08-24 07:00:00,724,180.18333333333334,51.20330555555555,4.790277777777778,0.0,23.51884722222222
2013-08-24 07:00:00,726,366.6736111111111,49.03018055555556,3.0833333333333335,0.0,24.085430555555554
2013-08-24 07:00:00,734,312.24305555555554,51.11101551480959,4.966149506346968,0.0,23.116332863187587
2013-08-24 07:00:00,746,487.05694444444447,57.917249999999996,3.4277777777777776,0.0,21.201375
2013-08-24 07:00:00,748,464.19464033850494,50.90454166666666,3.0027777777777778,0.0,23.197041666666664
2013-08-24 07:00:00,752,389.27222222222224,43.38790277777778,5.216666666666667,0.0,25.978208333333335
2013-08-24 07:00:00,754,379.87916666666666,53.016436619718306,3.5901408450704224,0.0,22.57511267605634
2013-08-24 07:00:00,776,491.0,52.15537500000001,4.104166666666667,0.0,23.04501388888889
2013-08-24 08:00:00,413,447.52222222222224,45.84540277777778,3.7930555555555556,0.0,23.547638888888887
2013-08-24 08:00:00,415,463.3125,52.356902777777776,17.408333333333335,95.71111111111111,22.990833333333335
2013-08-24 08:00:00,417,342.25416666666666,52.661541666666665,3.3819444444444446,0.0,23.020000000000003
2013-08-24 08:00:00,419,435.4916666666667,53.85354166666667,3.5416666666666665,0.0,61.868805555555554
2013-08-24 08:00:00,421,324.925,53.543236111111106,18.181944444444444,0.0,22.5565
2013-08-24 08:00:00,422,398.38194444444446,55.090180555555555,3.0652777777777778,0.0,22.45525
2013-08-24 08:00:00,423,340.425,50.235458333333334,3.4347222222222222,-1.0,23.861319444444447
2013-08-24 08:00:00,424,382.40333796940195,49.881930555555556,2.9291666666666667,0.0,24.197152777777777
2013-08-24 08:00:00,442,442.8833333333333,49.553736111111114,3.941666666666667,0.0,23.993611111111115
2013-08-24 08:00:00,446,469.92083333333335,52.58138888888889,3.3680555555555554,0.0,22.98483333333333
2013-08-24 08:00:00,448,366.00138888888887,51.90654166666666,4.101388888888889,0.0,23.486833333333333
2013-08-24 08:00:00,452,345.18055555555554,46.555236111111114,2.823611111111111,0.0,23.386111111111113
2013-08-24 08:00:00,454,323.1513888888889,52.095527777777775,3.234722222222222,0.0,23.403194444444445
2013-08-24 08:00:00,456,412.2763888888889,49.45191666666666,3.1944444444444446,0.0,23.96273611111111
2013-08-24 08:00:00,458,450.3388888888889,59.90997222222222,3.7444444444444445,0.0,20.751694444444443
2013-08-24 08:00:00,462,419.43611111111113,56.358263888888885,3.379166666666667,0.0,22.269458333333333
2013-08-24 08:00:00,510,300.55555555555554,54.634611111111106,3.8541666666666665,0.0,22.24598611111111
2013-08-24 08:00:00,511,344.45,56.127180555555555,3.7708333333333335,0.0,21.533597222222223
2013-08-24 08:00:00,513,308.99583333333334,55.41983333333333,3.548611111111111,0.0,22.05148611111111
2013-08-24 08:00:00,552,350.84583333333336,53.78915277777778,3.401388888888889,0.0,22.74019444444444
2013-08-24 08:00:00,554,423.65277777777777,51.10508333333334,4.0152777777777775,0.0,23.54415277777778
2013-08-24 08:00:00,556,427.55833333333334,51.07596393897364,3.407766990291262,0.0,23.36256588072122
2013-08-24 08:00:00,558,383.74861111111113,54.87631944444444,3.513888888888889,0.0,22.746208333333335
2013-08-24 08:00:00,562,-1.0,56.4391111111111,2.6277777777777778,0.0,21.922416666666667
2013-08-24 08:00:00,564,262.65277777777777,53.24277777777778,3.6333333333333333,0.0,22.539166666666667
2013-08-24 08:00:00,621,424.47222222222223,49.29716666666666,6.158333333333333,0.0,25.04313888888889
2013-08-24 08:00:00,621A,347.4486111111111,58.576097222222224,4.163888888888889,0.0,21.116777777777777
2013-08-24 08:00:00,621C,406.4527777777778,55.26734722222222,3.4652777777777777,0.0,21.88308333333333
2013-08-24 08:00:00,621D,454.6763888888889,53.68255555555556,3.1902777777777778,0.0,22.408930555555557
2013-08-24 08:00:00,621E,456.23333333333335,56.076722222222216,6.606944444444444,-1.0,21.821583333333333
2013-08-24 08:00:00,640,397.62638888888887,54.689416666666666,4.133333333333334,0.0,22.048416666666668
2013-08-24 08:00:00,644,427.1763888888889,54.76727777777778,3.9625,0.0,22.11351388888889
2013-08-24 08:00:00,648,92.92083333333333,53.17248611111111,3.6777777777777776,0.0,22.264875
2013-08-24 08:00:00,656A,416.3361111111111,54.204055555555556,4.522222222222222,0.0,22.470555555555556
2013-08-24 08:00:00,656B,404.6333333333333,50.119791666666664,3.234722222222222,0.0,23.41011111111111
2013-08-24 08:00:00,664,302.6166666666667,51.513194444444444,3.063888888888889,0.0,23.09477777777778
2013-08-24 08:00:00,666,391.33472222222224,55.14322222222223,3.3208333333333333,0.0,22.18397222222222
2013-08-24 08:00:00,668,317.43888888888887,57.26461111111111,2179.3611111111113,0.0,21.53761111111111
2013-08-24 08:00:00,717,358.3361111111111,54.00145833333334,4.034722222222222,0.0,22.191291666666665
2013-08-24 08:00:00,719,392.45416666666665,55.11581944444444,3.390277777777778,0.0,22.050180555555553
2013-08-24 08:00:00,721,293.9916666666667,56.41041666666667,3.5305555555555554,0.0,20.63704166666667
2013-08-24 08:00:00,722,320.7736111111111,49.72602777777777,3.7111111111111112,0.0,22.9225
2013-08-24 08:00:00,723,382.63055555555553,58.55593055555555,2.925,0.0,21.218125
2013-08-24 08:00:00,724,179.3972222222222,51.26170833333333,4.772222222222222,0.0,23.476166666666668
2013-08-24 08:00:00,726,365.8486111111111,49.103902777777776,3.1805555555555554,0.0,24.039875
2013-08-24 08:00:00,734,304.98055555555555,51.79945908460471,5.169209431345354,0.0,22.849459084604714
2013-08-24 08:00:00,746,484.0736111111111,58.21308333333333,3.548611111111111,0.0,21.121402777777778
2013-08-24 08:00:00,748,461.5763888888889,50.99363888888889,3.061111111111111,0.0,23.142583333333334
2013-08-24 08:00:00,752,384.58472222222224,43.396458333333335,5.15,0.0,25.926222222222222
2013-08-24 08:00:00,754,379.08472222222224,53.30986111111111,3.6166666666666667,0.0,22.465902777777778
2013-08-24 08:00:00,776,486.9223021582734,52.50145833333334,4.163888888888889,0.0,22.900916666666667
2013-08-24 09:00:00,413,444.9486111111111,46.20015277777778,3.7736111111111112,0.0,23.315555555555555
2013-08-24 09:00:00,415,460.85833333333335,52.47722222222222,17.406944444444445,0.0,22.872694444444445
2013-08-24 09:00:00,417,341.4194444444444,52.734763888888885,3.4180555555555556,0.0,22.92901388888889
2013-08-24 09:00:00,419,433.6513888888889,53.92936111111111,3.5819444444444444,0.0,54.05244444444445
2013-08-24 09:00:00,421,323.03055555555557,53.58166666666667,18.2125,0.0,22.477430555555557
2013-08-24 09:00:00,422,397.68194444444447,55.12120833333333,3.1486111111111112,0.0,22.371916666666667
2013-08-24 09:00:00,423,339.58194444444445,50.02741666666667,3.388888888888889,-1.0,23.90098611111111
2013-08-24 09:00:00,424,382.80833333333334,49.726958333333336,2.8652777777777776,0.0,24.212972222222223
2013-08-24 09:00:00,442,441.2263888888889,49.469611111111114,4.016666666666667,0.0,23.967624999999998
2013-08-24 09:00:00,446,469.4625,52.4675173370319,3.264909847434119,0.0,22.959375866851595
2013-08-24 09:00:00,448,366.34027777777777,51.83888888888889,4.125,0.0,23.466458333333332
2013-08-24 09:00:00,452,345.77777777777777,46.49227777777778,2.734722222222222,0.0,23.36526388888889
2013-08-24 09:00:00,454,321.3569444444444,52.12540277777778,3.3305555555555557,0.0,23.353
2013-08-24 09:00:00,456,409.8847222222222,49.520250000000004,3.109722222222222,0.0,23.898194444444446
2013-08-24 09:00:00,458,446.3777777777778,60.09425,3.6972222222222224,0.0,20.62823611111111
2013-08-24 09:00:00,462,418.70972222222224,56.16991666666667,3.3444444444444446,0.0,22.241291666666665
2013-08-24 09:00:00,510,297.25416666666666,55.05798611111111,3.8569444444444443,0.0,22.015583333333332
2013-08-24 09:00:00,511,344.7916666666667,56.458986111111116,3.6875,0.0,21.35015277777778
2013-08-24 09:00:00,513,308.5722222222222,55.652902777777776,3.448611111111111,0.0,21.90151388888889
2013-08-24 09:00:00,552,351.10277777777776,53.67359722222222,3.3125,0.0,22.715138888888887
2013-08-24 09:00:00,554,421.1388888888889,51.09216666666667,3.973611111111111,0.0,23.48790277777778
2013-08-24 09:00:00,556,426.15416666666664,51.051166666666674,3.3694444444444445,0.0,23.31763888888889
2013-08-24 09:00:00,558,379.59583333333336,54.89429166666667,3.4402777777777778,0.0,22.68125
2013-08-24 09:00:00,562,-1.0,56.47683333333333,2.5277777777777777,0.0,21.855222222222224
2013-08-24 09:00:00,564,262.4513888888889,53.384125,3.716666666666667,0.0,22.435819444444444
2013-08-24 09:00:00,621,422.525,49.31769444444444,6.151388888888889,0.0,24.978321775312065
2013-08-24 09:00:00,621A,349.03055555555557,58.651958333333326,4.061111111111111,0.0,21.0165
2013-08-24 09:00:00,621C,407.0652777777778,55.57269444444445,3.5097222222222224,0.0,21.730222222222224
2013-08-24 09:00:00,621D,451.66805555555555,53.993277777777784,3.1527777777777777,0.0,22.233722222222223
2013-08-24 09:00:00,621E,454.60754189944134,56.37744089012517,6.579972183588317,-1.0,21.654019471488176
2013-08-24 09:00:00,640,397.43055555555554,54.890347222222225,4.166666666666667,0.0,21.914458333333332
2013-08-24 09:00:00,644,424.68099861303745,54.84068055555556,3.9972222222222222,0.0,22.022125
2013-08-24 09:00:00,648,92.65555555555555,53.32984722222222,3.7375,0.0,22.15475
2013-08-24 09:00:00,656A,416.6013888888889,54.38666666666667,4.419444444444444,0.0,22.34998611111111
2013-08-24 09:00:00,656B,403.8861111111111,50.39422222222222,3.25,0.0,23.25576388888889
2013-08-24 09:00:00,664,300.46666666666664,51.57275,3.123611111111111,0.0,23.016916666666667
2013-08-24 09:00:00,666,388.2375,55.302555555555564,3.2194444444444446,0.0,22.06886111111111
2013-08-24 09:00:00,668,314.90277777777777,57.44005555555555,2176.0180555555557,0.0,21.40791666666667
2013-08-24 09:00:00,717,357.4125,54.251595006934814,4.011095700416089,0.0,22.046948682385576
2013-08-24 09:00:00,719,389.98055555555555,55.42486111111111,3.463888888888889,0.0,21.889125
2013-08-24 09:00:00,721,292.0388888888889,56.67947222222222,3.5375,0.0,20.500555555555554
2013-08-24 09:00:00,722,318.33194444444445,49.713416666666674,3.779166666666667,0.0,22.876638888888888
2013-08-24 09:00:00,723,382.50555555555553,58.612027777777776,2.9444444444444446,0.0,21.11925
2013-08-24 09:00:00,724,177.74305555555554,51.22280555555555,4.781944444444444,0.0,23.441541666666666
2013-08-24 09:00:00,726,363.14444444444445,49.11447222222222,3.191666666666667,0.0,23.98334722222222
2013-08-24 09:00:00,734,305.4638888888889,52.24886111111111,5.161111111111111,0.0,22.636791666666667
2013-08-24 09:00:00,746,483.59305555555557,58.23630555555555,3.4944444444444445,0.0,21.0375
2013-08-24 09:00:00,748,459.96805555555557,51.04323611111112,2.9763888888888888,0.0,23.078458333333337
2013-08-24 09:00:00,752,381.9486111111111,43.41209722222223,5.216666666666667,0.0,25.846569444444444
2013-08-24 09:00:00,754,378.8152777777778,53.484833333333334,3.529166666666667,0.0,22.346180555555556
2013-08-24 09:00:00,776,483.975,52.76036111111111,4.059722222222222,0.0,22.74851388888889
2013-08-24 10:00:00,413,443.9888888888889,46.492069444444446,3.686111111111111,0.0,23.129625
2013-08-24 10:00:00,415,460.0388888888889,52.597902777777776,17.461111111111112,0.0,22.75436111111111
2013-08-24 10:00:00,417,340.8861111111111,52.81520833333334,3.4319444444444445,0.0,22.840638888888886
2013-08-24 10:00:00,419,433.6152777777778,53.99195833333333,3.576388888888889,0.0,47.788000000000004
2013-08-24 10:00:00,421,322.5652777777778,53.617666666666665,18.24861111111111,0.0,22.40076388888889
2013-08-24 10:00:00,422,394.6081460674157,55.14604166666667,2.9819444444444443,0.0,22.303430555555554
2013-08-24 10:00:00,423,337.4236111111111,49.80127777777778,3.401388888888889,-1.0,23.935263888888887
2013-08-24 10:00:00,424,382.8013888888889,49.536541666666665,2.8569444444444443,0.0,24.233402777777776
2013-08-24 10:00:00,442,439.81388888888887,49.389902912621366,3.9223300970873787,0.0,23.945561719833563
2013-08-24 10:00:00,446,468.49444444444447,52.31893055555555,3.2847222222222223,0.0,22.950486111111108
2013-08-24 10:00:00,448,364.90972222222223,51.728375,4.141666666666667,0.0,23.450333333333337
2013-08-24 10:00:00,452,344.9763888888889,46.423541666666665,2.748611111111111,0.0,23.340458333333334
2013-08-24 10:00:00,454,320.74444444444447,52.08890429958391,3.2829403606102634,0.0,23.32470180305132
2013-08-24 10:00:00,456,408.65277777777777,49.54713888888888,3.15,0.0,23.84523611111111
2013-08-24 10:00:00,458,446.7298050139276,60.120583333333336,3.734722222222222,0.0,20.60677777777778
2013-08-24 10:00:00,462,416.98055555555555,56.03234722222222,3.376388888888889,0.0,22.219791666666666
2013-08-24 10:00:00,510,293.75694444444446,55.409527777777775,3.816666666666667,0.0,21.85723611111111
2013-08-24 10:00:00,511,343.55555555555554,56.78447222222222,3.6930555555555555,0.0,21.19326388888889
2013-08-24 10:00:00,513,308.4638888888889,55.85638888888889,3.5319444444444446,0.0,21.77940277777778
2013-08-24 10:00:00,552,349.925,53.57604166666667,3.323611111111111,0.0,22.679
2013-08-24 10:00:00,554,421.5236111111111,51.047333333333334,3.9833333333333334,0.0,23.432944444444445
2013-08-24 10:00:00,556,424.0138888888889,51.039347222222226,3.4,0.0,23.25708333333333
2013-08-24 10:00:00,558,379.7055555555556,54.9115,3.5,0.0,22.616055555555555
2013-08-24 10:00:00,562,-1.0,56.50304166666667,2.6069444444444443,0.0,21.797444444444444
2013-08-24 10:00:00,564,261.51944444444445,53.49531944444444,3.7430555555555554,0.0,22.348958333333332
2013-08-24 10:00:00,621,421.68333333333334,49.337763888888894,6.204166666666667,0.0,24.91647222222222
2013-08-24 10:00:00,621A,350.24861111111113,58.78925,4.1625,0.0,20.918152777777777
2013-08-24 10:00:00,621C,402.7527777777778,55.84513888888889,3.602777777777778,0.0,21.599805555555555
2013-08-24 10:00:00,621D,451.00555555555553,54.29468055555555,3.151388888888889,0.0,22.083361111111113
2013-08-24 10:00:00,621E,452.6611111111111,56.653486111111114,6.555555555555555,-1.0,21.501430555555558
2013-08-24 10:00:00,640,394.59305555555557,55.07644444444445,4.102777777777778,0.0,21.792472222222223
2013-08-24 10:00:00,644,421.68194444444447,54.945187239944524,4.0374479889043,0.0,21.92004160887656
2013-08-24 10:00:00,648,95.40972222222223,53.51380555555556,3.661111111111111,0.0,22.035777777777778
2013-08-24 10:00:00,656A,415.8958333333333,54.56605555555555,4.418055555555555,0.0,22.235
2013-08-24 10:00:00,656B,403.10277777777776,50.63911111111111,3.1680555555555556,0.0,23.11945833333333
2013-08-24 10:00:00,664,299.7263888888889,51.601305555555555,3.0527777777777776,0.0,22.947611111111108
2013-08-24 10:00:00,666,386.51666666666665,55.47829166666667,3.3,0.0,21.954166666666666
2013-08-24 10:00:00,668,313.22222222222223,57.682347222222226,2155.4513888888887,0.0,21.27784722222222
2013-08-24 10:00:00,717,355.71527777777777,54.44991666666667,4.086111111111111,0.0,21.926444444444446
2013-08-24 10:00:00,719,388.6111111111111,55.70106944444444,3.4763888888888888,0.0,21.747875
2013-08-24 10:00:00,721,290.3041666666667,56.879305555555554,3.575,0.0,20.391388888888887
2013-08-24 10:00:00,722,316.84722222222223,49.690041666666666,3.6944444444444446,0.0,22.830833333333334
2013-08-24 10:00:00,723,382.20972222222224,58.6955,2.911111111111111,0.0,21.04311111111111
2013-08-24 10:00:00,724,178.52083333333334,51.17827777777778,36.5625,0.0,23.402736111111114
2013-08-24 10:00:00,726,362.1914008321775,49.08511111111111,3.2,0.0,23.94177777777778
2013-08-24 10:00:00,734,307.47777777777776,52.61036111111111,5.211111111111111,0.0,22.460472222222222
2013-08-24 10:00:00,746,481.1847222222222,58.34095833333333,3.4472222222222224,0.0,20.952833333333334
2013-08-24 10:00:00,748,458.95,51.068958333333335,2.952777777777778,0.0,23.012847222222224
2013-08-24 10:00:00,752,380.51666666666665,43.44048611111111,5.197222222222222,0.0,25.76670833333333
2013-08-24 10:00:00,754,379.06388888888887,53.66041666666667,3.6,0.0,22.225583333333333
2013-08-24 10:00:00,776,483.3541666666667,53.0112361111111,4.066666666666666,0.0,22.60673611111111
2013-08-24 11:00:00,413,443.0125,46.97827777777778,3.7152777777777777,0.0,22.989291666666666
2013-08-24 11:00:00,415,460.9513888888889,52.83869444444444,17.47361111111111,0.0,22.66433333333333
2013-08-24 11:00:00,417,340.34722222222223,53.03454166666667,3.4180555555555556,0.0,22.773416666666666
2013-08-24 11:00:00,419,433.32916666666665,54.18556944444445,3.515277777777778,0.0,60.111236111111104
2013-08-24 11:00:00,421,323.5125,53.795783633841886,18.22746185852982,0.0,22.355325936199723
2013-08-24 11:00:00,422,398.62169680111265,55.41247222222221,3.1180555555555554,0.0,22.25722222222222
2013-08-24 11:00:00,423,337.80833333333334,49.713458333333335,3.3958333333333335,-1.0,23.972819444444443
2013-08-24 11:00:00,424,382.76666666666665,49.483694444444446,2.9444444444444446,0.0,24.250541666666667
2013-08-24 11:00:00,442,440.06388888888887,49.48972222222222,4.063888888888889,0.0,23.935583333333334
2013-08-24 11:00:00,446,466.65277777777777,52.495694444444446,3.2819444444444446,0.0,22.921027777777777
2013-08-24 11:00:00,448,364.7861111111111,51.80609722222222,4.133333333333334,0.0,23.436472222222225
2013-08-24 11:00:00,452,344.79027777777776,46.48463245492371,2.6990291262135924,0.0,23.322995839112345
2013-08-24 11:00:00,454,320.46805555555557,52.17022222222222,3.245833333333333,0.0,23.301791666666666
2013-08-24 11:00:00,456,409.58194444444445,49.71613888888889,3.1416666666666666,0.0,23.804680555555553
2013-08-24 11:00:00,458,448.69166666666666,60.46051388888889,3.7194444444444446,0.0,20.638027777777776
2013-08-24 11:00:00,462,416.29027777777776,56.18463888888889,3.3333333333333335,0.0,22.22059722222222
2013-08-24 11:00:00,510,293.89722222222224,56.09856944444444,3.8833333333333333,0.0,21.703861111111113
2013-08-24 11:00:00,511,344.6402777777778,57.45148611111111,3.6625,0.0,21.069694444444444
2013-08-24 11:00:00,513,306.79334257975034,56.322638888888896,3.5,0.0,21.684569444444442
2013-08-24 11:00:00,552,350.0375,53.82919444444444,3.323611111111111,0.0,22.625500000000002
2013-08-24 11:00:00,554,419.17083333333335,51.197652777777776,4.079166666666667,0.0,23.375916666666665
2013-08-24 11:00:00,556,423.7263888888889,51.31795833333334,3.423611111111111,0.0,23.178319444444444
2013-08-24 11:00:00,558,378.5361111111111,55.20097222222222,3.452777777777778,0.0,22.56077777777778
2013-08-24 11:00:00,562,-1.0,56.78369444444445,2.647222222222222,0.0,21.749402777777778
2013-08-24 11:00:00,564,262.37638888888887,53.80427777777778,3.7805555555555554,0.0,22.28523611111111
2013-08-24 11:00:00,621,420.5541666666667,49.50620833333333,6.1875,0.0,24.87251388888889
2013-08-24 11:00:00,621A,349.0375,59.28845833333334,4.131944444444445,0.0,20.84851388888889
2013-08-24 11:00:00,621C,401.0263888888889,56.33,3.4458333333333333,0.0,21.497458333333334
2013-08-24 11:00:00,621D,451.6458333333333,54.84852777777778,3.1375,0.0,21.97036111111111
2013-08-24 11:00:00,621E,453.24305555555554,57.17288888888889,6.580555555555556,-1.0,21.38727777777778
2013-08-24 11:00:00,640,397.80694444444447,55.531111111111116,4.191666666666666,0.0,21.70611111111111
2013-08-24 11:00:00,644,420.7611111111111,55.281111111111116,3.9944444444444445,0.0,21.83859722222222
2013-08-24 11:00:00,648,96.36666666666666,53.89801388888889,3.713888888888889,0.0,21.94408333333333
2013-08-24 11:00:00,656A,416.2638888888889,54.979638888888886,4.383333333333334,0.0,22.138569444444446
2013-08-24 11:00:00,656B,404.15833333333336,51.04233333333334,3.201388888888889,0.0,23.005125
2013-08-24 11:00:00,664,300.7638888888889,51.834541666666674,3.036111111111111,0.0,22.88329166666667
2013-08-24 11:00:00,666,387.0111111111111,55.94179166666666,3.290277777777778,0.0,21.855152777777775
2013-08-24 11:00:00,668,313.68194444444447,58.42988888888888,2199.4041666666667,0.0,21.13536111111111
2013-08-24 11:00:00,717,354.2916666666667,54.88161111111111,3.951388888888889,0.0,21.83134722222222
2013-08-24 11:00:00,719,388.9277777777778,56.17263888888889,3.4027777777777777,0.0,21.646222222222224
2013-08-24 11:00:00,721,290.2319444444444,57.288111111111114,3.529166666666667,0.0,20.32461111111111
2013-08-24 11:00:00,722,317.15972222222223,49.87394444444444,3.6791666666666667,0.0,22.78373611111111
2013-08-24 11:00:00,723,382.7361111111111,58.98068055555555,2.863888888888889,0.0,21.030444444444445
2013-08-24 11:00:00,724,178.56666666666666,51.332138888888885,4.748611111111111,0.0,23.368055555555557
2013-08-24 11:00:00,726,361.84722222222223,49.20125,3.1958333333333333,0.0,23.910166666666665
2013-08-24 11:00:00,734,308.70416666666665,53.185027777777776,5.15,0.0,22.313819444444444
2013-08-24 11:00:00,746,483.225,58.87616666666666,3.4722222222222223,0.0,20.884555555555554
2013-08-24 11:00:00,748,458.84722222222223,51.214875,2.9722222222222223,0.0,22.94947222222222
2013-08-24 11:00:00,752,380.6222222222222,43.55176388888889,5.247222222222222,0.0,25.707041666666665
2013-08-24 11:00:00,754,378.8097222222222,54.084,3.5180555555555557,0.0,22.129916666666666
2013-08-24 11:00:00,776,481.3152777777778,53.489263888888885,4.036111111111111,0.0,22.486874999999998
2013-08-24 12:00:00,413,443.6041666666667,47.36704166666667,5.205555555555556,1.1923076923076923,22.93888888888889
2013-08-24 12:00:00,415,461.44444444444446,53.18477777777778,17.59861111111111,0.6869806094182825,22.596375
2013-08-24 12:00:00,417,339.7972222222222,53.26840277777778,3.8291666666666666,0.6510989010989011,22.762
2013-08-24 12:00:00,419,434.0541666666667,54.43845833333334,10.684722222222222,0.08310249307479224,39.98408333333334
2013-08-24 12:00:00,421,333.0472222222222,53.96369444444444,18.2375,0.0,22.407902777777778
2013-08-24 12:00:00,422,408.7941585535466,55.64877777777778,8.845833333333333,5.173803526448363,22.309458333333332
2013-08-24 12:00:00,423,339.0208333333333,49.616930555555555,5.155555555555556,-1.0,23.993430555555555
2013-08-24 12:00:00,424,394.3027777777778,49.526833333333336,6.141666666666667,4.843989769820972,24.246805555555557
2013-08-24 12:00:00,442,440.34027777777777,49.72280555555555,4.805555555555555,0.0,23.914680555555556
2013-08-24 12:00:00,446,467.85555555555555,52.701097222222224,3.7777777777777777,0.0,22.926180555555558
2013-08-24 12:00:00,448,364.2736111111111,51.999861111111116,4.520833333333333,0.0,23.42701388888889
2013-08-24 12:00:00,452,345.22083333333336,46.66676388888889,3.3472222222222223,0.0,23.30501388888889
2013-08-24 12:00:00,454,319.7111111111111,52.34884722222222,3.4694444444444446,0.0,23.28661111111111
2013-08-24 12:00:00,456,409.45972222222224,49.989124999999994,3.7694444444444444,0.0,23.77802777777778
2013-08-24 12:00:00,458,448.7916666666667,60.77462500000001,5.754166666666666,0.0,20.64023611111111
2013-08-24 12:00:00,462,416.7375,56.43043055555556,4.3125,0.0,22.218972222222224
2013-08-24 12:00:00,510,293.6222222222222,56.76506944444444,3.823611111111111,0.0,21.58222222222222
2013-08-24 12:00:00,511,342.4194444444444,58.071263888888886,3.6944444444444446,0.0,20.973819444444445
2013-08-24 12:00:00,513,325.1763888888889,56.833875,3.5375,3.6136986301369864,21.607902777777777
2013-08-24 12:00:00,552,350.1763888888889,54.185763888888886,3.2527777777777778,0.0,22.57345833333333
2013-08-24 12:00:00,554,418.8513888888889,51.52115277777778,3.9819444444444443,0.0,23.31811111111111
2013-08-24 12:00:00,556,424.03472222222223,51.67343055555556,3.4555555555555557,0.0,23.116291666666665
2013-08-24 12:00:00,558,379.02916666666664,55.56552777777778,3.397222222222222,0.0,22.509208333333333
2013-08-24 12:00:00,562,-1.0,57.13656944444445,2.5347222222222223,0.0,21.708777777777776
2013-08-24 12:00:00,564,261.8208333333333,54.179375,3.7666666666666666,0.0,22.231444444444442
2013-08-24 12:00:00,621,420.4736111111111,49.748597222222216,6.166666666666667,0.0,24.833361111111113
2013-08-24 12:00:00,621A,351.04305555555555,59.71251738525731,4.178025034770514,0.0,20.798998609179414
2013-08-24 12:00:00,621C,400.44305555555553,56.84152777777778,3.486111111111111,0.0,21.417944444444444
2013-08-24 12:00:00,621D,449.87916666666666,55.38270833333334,3.1638888888888888,0.0,21.872944444444446
2013-08-24 12:00:00,621E,451.47083333333336,57.71794444444444,6.594444444444444,-1.0,21.291930555555556
2013-08-24 12:00:00,640,397.9888888888889,56.07051388888888,4.1305555555555555,0.0,21.619222222222223
2013-08-24 12:00:00,644,421.85555555555555,55.26895833333334,4.055555555555555,0.0,22.04161111111111
2013-08-24 12:00:00,648,94.22638888888889,53.965583333333335,3.748611111111111,0.0,22.09840277777778
2013-08-24 12:00:00,656A,416.80833333333334,55.40913888888889,4.540277777777778,0.0,22.066694444444444
2013-08-24 12:00:00,656B,402.47083333333336,51.492152777777775,3.2319444444444443,0.0,22.915666666666667
2013-08-24 12:00:00,664,300.84722222222223,52.174638888888886,3.0902777777777777,0.0,22.822222222222223
2013-08-24 12:00:00,666,387.6875,56.43194444444445,3.3194444444444446,0.0,21.779263888888888
2013-08-24 12:00:00,668,313.6222222222222,59.097236111111116,2190.511111111111,0.0,21.00251388888889
2013-08-24 12:00:00,717,356.406993006993,55.339597222222224,4.208333333333333,0.0,21.755694444444444
2013-08-24 12:00:00,719,388.2402777777778,56.67963888888888,3.6083333333333334,0.0,21.570208333333333
2013-08-24 12:00:00,721,288.75555555555553,57.71630555555555,3.620833333333333,0.0,20.27059722222222
2013-08-24 12:00:00,722,316.45416666666665,50.11925,3.8055555555555554,0.0,22.74802777777778
2013-08-24 12:00:00,723,383.5236111111111,59.237874999999995,2.9916666666666667,0.0,21.030236111111112
2013-08-24 12:00:00,724,177.66944444444445,51.58290277777778,4.945833333333334,0.0,23.339527777777775
2013-08-24 12:00:00,726,361.78472222222223,49.44240277777778,3.2263888888888888,0.0,23.87238888888889
2013-08-24 12:00:00,734,310.59444444444443,53.76093055555556,6.7555555555555555,0.0,22.204416666666667
2013-08-24 12:00:00,746,483.40915395284327,59.35191666666666,3.6638888888888888,0.0,20.827166666666667
2013-08-24 12:00:00,748,458.0416666666667,51.454375,4.580555555555556,0.0,22.91640277777778
2013-08-24 12:00:00,752,379.9277777777778,43.76138888888889,5.413888888888889,0.0,25.668236111111113
2013-08-24 12:00:00,754,380.04027777777776,54.55108333333333,3.6902777777777778,0.0,22.061097222222223
2013-08-24 12:00:00,776,480.77916666666664,53.98034722222222,7.8069444444444445,0.0,22.398152777777778
2013-08-24 13:00:00,413,486.46944444444443,49.823166666666665,24.51527777777778,11.33890214797136,23.179708333333334
2013-08-24 13:00:00,415,522.2194444444444,54.48751388888889,17.90138888888889,11.785542168674699,22.67038888888889
2013-08-24 13:00:00,417,382.16527777777776,53.63795833333334,15.947222222222223,7.491183879093199,22.981333333333335
2013-08-24 13:00:00,419,516.2194444444444,55.492555555555555,21.122222222222224,13.483870967741936,46.483125
2013-08-24 13:00:00,421,388.68611111111113,54.97357440890125,20.109874826147426,0.0,22.788901251738526
2013-08-24 13:00:00,422,453.23333333333335,56.413111111111114,28.915277777777778,7.902255639097745,22.68711111111111
2013-08-24 13:00:00,423,386.21666666666664,51.10272222222222,32.484722222222224,-1.0,24.065291666666663
2013-08-24 13:00:00,424,431.85833333333335,52.72295833333333,11.019444444444444,8.22434367541766,24.29536111111111
2013-08-24 13:00:00,442,442.5097222222222,49.890972222222224,4.473611111111111,0.0,23.904555555555554
2013-08-24 13:00:00,446,469.748959778086,52.84868055555556,3.6083333333333334,0.0,22.928194444444443
2013-08-24 13:00:00,448,365.7125,52.130486111111104,4.423611111111111,0.0,23.43540277777778
2013-08-24 13:00:00,452,344.6777777777778,46.80001388888889,3.158333333333333,0.0,23.30523611111111
2013-08-24 13:00:00,454,320.84583333333336,52.475458333333336,3.3847222222222224,0.0,23.28979166666667
2013-08-24 13:00:00,456,411.1069444444444,50.17338888888889,3.651388888888889,0.0,23.776375
2013-08-24 13:00:00,458,448.7315716272601,60.87443671766342,5.273991655076495,0.0,20.64317107093185
2013-08-24 13:00:00,462,418.29583333333335,56.56484722222223,4.002777777777778,0.0,22.228
2013-08-24 13:00:00,510,293.25416666666666,57.22159722222223,4.9527777777777775,0.0,21.492444444444445
2013-08-24 13:00:00,511,341.5777777777778,58.520958333333326,5.393055555555556,0.0,20.891583333333333
2013-08-24 13:00:00,513,383.77916666666664,57.19695833333333,3.6444444444444444,5.467213114754099,21.547916666666666
2013-08-24 13:00:00,552,352.56805555555553,54.46858333333333,3.290277777777778,0.0,22.523666666666667
2013-08-24 13:00:00,554,419.43888888888887,51.81659722222222,4.201388888888889,0.0,23.26320833333333
2013-08-24 13:00:00,556,423.09305555555557,51.978361111111106,3.470833333333333,0.0,23.04727777777778
2013-08-24 13:00:00,558,380.90277777777777,55.871652777777776,3.477777777777778,0.0,22.453986111111114
2013-08-24 13:00:00,562,-1.0,57.39288888888888,2.6625,0.0,21.677041666666668
2013-08-24 13:00:00,564,264.26666666666665,54.494388888888885,3.973611111111111,0.0,22.177208333333333
2013-08-24 13:00:00,621,419.58194444444445,49.925124999999994,6.230555555555555,0.0,24.8225
2013-08-24 13:00:00,621A,351.13927576601674,60.04304166666667,5.293055555555555,0.0,20.736680555555555
2013-08-24 13:00:00,621C,400.1347222222222,57.25451388888889,7.276388888888889,0.0,21.344805555555556
2013-08-24 13:00:00,621D,452.1666666666667,55.80304166666667,7.445833333333334,0.0,21.786972222222225
2013-08-24 13:00:00,621E,450.11805555555554,58.16520833333333,7.4375,-1.0,21.20479166666667
2013-08-24 13:00:00,640,401.4125,56.46052777777778,4.1194444444444445,0.0,21.55034722222222
2013-08-24 13:00:00,644,428.6611111111111,54.440375,4.595833333333333,0.0,22.469333333333335
2013-08-24 13:00:00,648,93.26527777777778,53.18693055555555,4.351388888888889,0.0,22.502291666666665
2013-08-24 13:00:00,656A,414.89444444444445,55.777763888888884,4.995833333333334,0.0,21.993402777777778
2013-08-24 13:00:00,656B,405.44305555555553,51.904111111111106,3.5569444444444445,0.0,22.822791666666667
2013-08-24 13:00:00,664,303.21944444444443,52.47852777777778,3.1277777777777778,0.0,22.761861111111113
2013-08-24 13:00:00,666,387.79305555555555,56.8455,3.908333333333333,0.0,21.703666666666667
2013-08-24 13:00:00,668,313.27222222222224,59.60006944444445,2182.608333333333,0.0,20.892263888888888
2013-08-24 13:00:00,717,355.40555555555557,55.668125,6.108333333333333,0.0,21.702527777777778
2013-08-24 13:00:00,719,389.56944444444446,57.06975,9.9125,0.0,21.50501388888889
2013-08-24 13:00:00,721,289.31388888888887,58.06265277777778,8.233333333333333,0.0,20.219055555555556
2013-08-24 13:00:00,722,317.53333333333336,50.30349999999999,3.7819444444444446,0.0,22.727930555555552
2013-08-24 13:00:00,723,385.02777777777777,59.36879166666667,5.427777777777778,0.0,21.037194444444445
2013-08-24 13:00:00,724,179.59166666666667,51.76442280945757,5.011126564673157,0.0,23.323059805285116
2013-08-24 13:00:00,726,363.6958333333333,49.617083333333326,3.2402777777777776,0.0,23.85488888888889
2013-08-24 13:00:00,734,310.9194444444444,54.170125,6.801388888888889,0.0,22.14061111111111
2013-08-24 13:00:00,746,483.2220650636492,59.614736111111114,3.8333333333333335,0.0,20.81052777777778
2013-08-24 13:00:00,748,457.5888888888889,51.651986111111114,4.606944444444444,0.0,22.899305555555557
2013-08-24 13:00:00,752,380.79583333333335,43.924013888888894,5.413888888888889,0.0,25.655569444444442
2013-08-24 13:00:00,754,382.19166666666666,54.87759722222223,3.6875,0.0,22.020736111111113
2013-08-24 13:00:00,776,483.15277777777777,54.355486111111105,8.102777777777778,0.0,22.339180555555554
2013-08-24 14:00:00,413,444.6,50.990875,20.370833333333334,0.0,22.857972222222223
2013-08-24 14:00:00,415,483.37916666666666,54.44954166666666,28.788888888888888,0.0,22.595902777777777
2013-08-24 14:00:00,417,353.5652777777778,53.417277777777784,18.46527777777778,0.0,22.881819444444446
2013-08-24 14:00:00,419,466.625,56.11995833333334,51.793055555555554,0.0,46.39552777777778
2013-08-24 14:00:00,421,343.5541666666667,56.349665738161555,52.28133704735376,0.0,22.525543175487467
2013-08-24 14:00:00,422,410.50138888888887,57.766749999999995,60.81527777777778,0.0,22.493430555555555
2013-08-24 14:00:00,423,358.99583333333334,52.10593055555555,3.5097222222222224,-1.0,24.17801388888889
2013-08-24 14:00:00,424,398.45,54.65473611111111,2.873611111111111,0.0,24.384319444444444
2013-08-24 14:00:00,442,442.5597222222222,49.77422222222223,4.009722222222222,0.0,23.907541666666667
2013-08-24 14:00:00,446,469.25416666666666,52.638958333333335,3.2819444444444446,0.0,22.950805555555558
2013-08-24 14:00:00,448,365.37083333333334,52.02788888888889,4.023611111111111,0.0,23.439097222222223
2013-08-24 14:00:00,452,346.14722222222224,46.716972222222225,2.7944444444444443,0.0,23.314402777777776
2013-08-24 14:00:00,454,321.57916666666665,52.413875,3.225,0.0,23.294291666666666
2013-08-24 14:00:00,456,410.9291666666667,50.141708333333334,3.2263888888888888,0.0,23.765597222222222
2013-08-24 14:00:00,458,449.34027777777777,60.62745833333333,3.7805555555555554,0.0,20.62551388888889
2013-08-24 14:00:00,462,419.0597222222222,56.34079166666667,3.3680555555555554,0.0,22.21977777777778
2013-08-24 14:00:00,510,292.5472222222222,57.32715277777778,19.14027777777778,0.0,21.392222222222223
2013-08-24 14:00:00,511,342.2680555555556,58.50355555555555,29.180555555555557,0.0,20.830777777777776
2013-08-24 14:00:00,513,335.4347222222222,57.172999999999995,4.8902777777777775,0.0,21.498777777777775
2013-08-24 14:00:00,552,370.4875,54.666,18.040277777777778,5.6318407960199,22.541305555555557
2013-08-24 14:00:00,554,434.49444444444447,51.98905555555556,4.559722222222222,0.0,23.24884722222222
2013-08-24 14:00:00,556,423.5472222222222,52.05166666666666,3.5652777777777778,0.0,22.96525
2013-08-24 14:00:00,558,380.5833333333333,55.92666666666667,3.5902777777777777,0.0,22.385166666666667
2013-08-24 14:00:00,562,-1.0,57.331853932584266,2.712078651685393,0.0,21.650941011235954
2013-08-24 14:00:00,564,265.01666666666665,54.505541666666666,4.351388888888889,0.0,22.126458333333332
2013-08-24 14:00:00,621,419.9375,49.95655555555556,6.226388888888889,0.0,24.787791666666667
2013-08-24 14:00:00,621A,353.78859527121,59.94704166666667,22.20277777777778,0.0,20.7005
2013-08-24 14:00:00,621C,399.9972222222222,57.32329166666667,64.58333333333333,0.0,21.292708333333334
2013-08-24 14:00:00,621D,454.1152777777778,55.82207232267037,74.43532684283727,0.0,21.730625869262866
2013-08-24 14:00:00,621E,448.34305555555557,58.2001386962552,22.066574202496533,-1.0,21.148654646324548
2013-08-24 14:00:00,640,401.8847222222222,56.458416666666665,4.495833333333334,0.0,21.494069444444445
2013-08-24 14:00:00,644,429.48333333333335,53.99988888888889,14.051388888888889,0.0,22.428375
2013-08-24 14:00:00,648,97.25277777777778,52.751041666666666,13.65,0.0,22.508416666666665
2013-08-24 14:00:00,656A,416.15277777777777,55.849040333796935,11.873435326842838,0.0,21.92739916550765
2013-08-24 14:00:00,656B,404.9583333333333,52.079972222222224,7.120833333333334,0.0,22.723347222222223
2013-08-24 14:00:00,664,304.18055555555554,52.53176388888889,3.126388888888889,0.0,22.705083333333334
2013-08-24 14:00:00,666,388.0986111111111,56.90972222222222,13.42361111111111,0.0,21.628972222222224
2013-08-24 14:00:00,668,310.6736111111111,59.60701388888889,2189.873611111111,0.0,20.812583333333333
2013-08-24 14:00:00,717,357.2361111111111,55.64004166666667,37.34861111111111,0.0,21.672819444444446
2013-08-24 14:00:00,719,390.55694444444447,57.02648611111111,103.45972222222223,0.0,21.488374999999998
2013-08-24 14:00:00,721,289.7652777777778,58.012708333333336,77.11805555555556,0.0,20.200708333333335
2013-08-24 14:00:00,722,317.78472222222223,50.23141666666666,3.8180555555555555,0.0,22.71776388888889
2013-08-24 14:00:00,723,383.2861111111111,59.117309292649104,40.26490984743412,0.0,21.05857142857143
2013-08-24 14:00:00,724,179.0402777777778,51.676125,4.883333333333334,0.0,23.321666666666665
2013-08-24 14:00:00,726,363.0527777777778,49.55756944444444,3.2180555555555554,0.0,23.85213888888889
2013-08-24 14:00:00,734,313.90694444444443,54.226166666666664,7.608333333333333,0.0,22.08566666666667
2013-08-24 14:00:00,746,485.19444444444446,59.41404166666667,4.097222222222222,0.0,20.792416666666668
2013-08-24 14:00:00,748,458.96805555555557,51.67122222222222,3.698611111111111,0.0,22.882972222222218
2013-08-24 14:00:00,752,381.19305555555553,43.90168055555556,5.293055555555555,0.0,25.652819444444443
2013-08-24 14:00:00,754,381.5736111111111,54.81143055555555,4.277777777777778,0.0,22.007597222222223
2013-08-24 14:00:00,776,484.15,54.36525,10.722222222222221,0.0,22.294541666666667
2013-08-24 15:00:00,413,443.39166666666665,51.365361111111106,56.3625,0.0,22.69390277777778
2013-08-24 15:00:00,415,467.6486111111111,54.35779166666667,52.2625,0.0,22.57184722222222
2013-08-24 15:00:00,417,344.4625,53.39745833333333,51.96944444444444,0.0,22.83675
2013-08-24 15:00:00,419,441.59583333333336,55.81208333333333,105.00694444444444,0.0,45.609875
2013-08-24 15:00:00,421,329.62083333333334,55.89334722222222,113.99305555555556,0.0,22.440708333333333
2013-08-24 15:00:00,422,404.1361111111111,57.45404166666667,121.39027777777778,0.0,22.452597222222224
2013-08-24 15:00:00,423,345.1,51.70294444444445,3.5416666666666665,-1.0,24.206694444444445
2013-08-24 15:00:00,424,387.6763888888889,54.907333333333334,2.838888888888889,0.0,24.38722222222222
2013-08-24 15:00:00,442,442.56805555555553,49.75944444444445,4.086111111111111,0.0,23.914291666666667
2013-08-24 15:00:00,446,470.49861111111113,52.574152777777776,3.3208333333333333,0.0,22.969444444444445
2013-08-24 15:00:00,448,367.3541666666667,51.97365277777778,4.120833333333334,0.0,23.45191666666667
2013-08-24 15:00:00,452,347.0541666666667,46.68720833333334,2.775,0.0,23.31940277777778
2013-08-24 15:00:00,454,322.81388888888887,52.3104861111111,3.2583333333333333,0.0,23.335194444444443
2013-08-24 15:00:00,456,411.4375,50.147986111111116,3.1708333333333334,0.0,23.760472222222223
2013-08-24 15:00:00,458,450.27777777777777,60.840833333333336,3.765277777777778,0.0,20.60201388888889
2013-08-24 15:00:00,462,419.99861111111113,56.33811111111111,3.334722222222222,0.0,22.228708333333334
2013-08-24 15:00:00,510,293.74861111111113,57.435333333333325,54.41388888888889,0.0,21.43023611111111
2013-08-24 15:00:00,511,341.9402777777778,58.59565277777778,93.23194444444445,0.0,20.856319444444445
2013-08-24 15:00:00,513,318.4763888888889,57.227041666666665,7.866666666666666,0.0,21.52288888888889
2013-08-24 15:00:00,552,383.12361111111113,55.648180555555555,13.377777777777778,0.9945054945054945,22.919555555555558
2013-08-24 15:00:00,554,453.89722222222224,52.334722222222226,8.676388888888889,3.801089918256131,23.491944444444446
2013-08-24 15:00:00,556,445.1694444444444,52.280125000000005,18.6375,5.36,23.08802777777778
2013-08-24 15:00:00,558,396.8375,55.938430555555556,20.53472222222222,3.935064935064935,22.482930555555555
2013-08-24 15:00:00,562,-1.0,57.31927777777777,28.147222222222222,4.751381215469613,21.871430555555555
2013-08-24 15:00:00,564,285.2388888888889,54.53381944444444,4.998611111111111,3.407103825136612,22.3035
2013-08-24 15:00:00,621,421.34166666666664,50.02927777777778,6.3694444444444445,0.4709141274238227,24.742125
2013-08-24 15:00:00,621A,355.33472222222224,60.00429166666666,61.49444444444445,0.0,20.74723611111111
2013-08-24 15:00:00,621C,402.0763888888889,57.42045833333333,178.83055555555555,0.0,21.333069444444444
2013-08-24 15:00:00,621D,457.0152777777778,55.87970833333333,208.50277777777777,0.0,21.78663888888889
2013-08-24 15:00:00,621E,450.02777777777777,58.34883333333334,54.84027777777778,-1.0,21.157791666666668
2013-08-24 15:00:00,640,402.78055555555557,56.562041666666666,5.241666666666666,0.0,21.496666666666666
2013-08-24 15:00:00,644,429.1111111111111,54.32680555555556,34.981944444444444,0.0,22.25436111111111
2013-08-24 15:00:00,648,93.63055555555556,53.01244444444444,35.047222222222224,0.0,22.36265277777778
2013-08-24 15:00:00,656A,416.87083333333334,55.94179166666666,28.195833333333333,0.0,21.933027777777777
2013-08-24 15:00:00,656B,407.22777777777776,52.25300000000001,15.466666666666667,0.0,22.698666666666668
2013-08-24 15:00:00,664,307.38128491620114,52.683486111111115,3.1347222222222224,0.0,22.65975
2013-08-24 15:00:00,666,388.84583333333336,56.99498611111111,35.88055555555555,0.0,21.64576388888889
2013-08-24 15:00:00,668,312.71944444444443,59.89721835883171,2190.1780250347706,0.0,20.77723226703755
2013-08-24 15:00:00,717,360.1402777777778,55.61745833333333,107.30833333333334,0.0,21.73766666666667
2013-08-24 15:00:00,719,390.2763888888889,56.878249999999994,296.4263888888889,0.0,21.609625
2013-08-24 15:00:00,721,291.1972222222222,57.78279166666667,242.40694444444443,0.0,20.356819444444444
2013-08-24 15:00:00,722,318.6847222222222,50.27573611111111,3.9652777777777777,0.0,22.71026388888889
2013-08-24 15:00:00,723,382.3888888888889,58.91983333333333,116.0,0.0,21.169500000000003
2013-08-24 15:00:00,724,180.73194444444445,51.68955555555556,4.981944444444444,0.0,23.325013888888886
2013-08-24 15:00:00,726,367.5527777777778,49.56440277777778,3.2527777777777778,0.0,23.851347222222223
2013-08-24 15:00:00,734,316.3847222222222,54.33513888888889,12.619444444444444,0.0,22.09484722222222
2013-08-24 15:00:00,746,485.87638888888887,59.58901388888889,5.468055555555556,0.0,20.783680555555556
2013-08-24 15:00:00,748,460.2328190743338,51.694319444444446,4.706944444444445,0.0,22.882277777777777
2013-08-24 15:00:00,752,382.5722222222222,43.91955555555556,5.502777777777778,0.0,25.651305555555552
2013-08-24 15:00:00,754,383.12083333333334,54.85813888888889,6.198611111111111,0.0,22.030527777777777
2013-08-24 15:00:00,776,485.54583333333335,54.419027777777785,24.0,0.0,22.31073611111111
2013-08-24 16:00:00,413,444.43888888888887,51.48534722222222,75.1138888888889,0.0,22.658041666666666
2013-08-24 16:00:00,415,466.88194444444446,54.31205555555555,59.47083333333333,0.0,22.628833333333333
2013-08-24 16:00:00,417,343.575,53.440125,55.13194444444444,0.0,22.881847222222223
2013-08-24 16:00:00,419,436.20416666666665,55.30243055555555,121.43055555555556,0.0,49.567249999999994
2013-08-24 16:00:00,421,328.26944444444445,55.16288888888889,145.52083333333334,0.0,22.569583333333334
2013-08-24 16:00:00,422,404.35,56.77030555555556,139.43194444444444,0.0,22.501930555555553
2013-08-24 16:00:00,423,340.44166666666666,51.139029126213586,3.5714285714285716,0.0,24.23644937586685
2013-08-24 16:00:00,424,385.61944444444447,54.031305555555555,2.8555555555555556,0.0,24.399375
2013-08-24 16:00:00,442,445.2489568845619,49.88875,4.345833333333333,0.0,23.913722222222223
2013-08-24 16:00:00,446,472.0722222222222,52.73261111111112,3.2958333333333334,0.0,22.959638888888886
2013-08-24 16:00:00,448,369.0,52.072125,4.101388888888889,0.0,23.455486111111114
2013-08-24 16:00:00,452,348.71666666666664,46.790862308762165,2.787204450625869,0.0,23.313783031988873
2013-08-24 16:00:00,454,324.5111111111111,52.37861111111111,3.325,0.0,23.339166666666667
2013-08-24 16:00:00,456,412.9013888888889,50.307916666666664,3.1694444444444443,0.0,23.748013888888888
2013-08-24 16:00:00,458,452.73055555555555,61.04125,4.0,0.0,20.626041666666666
2013-08-24 16:00:00,462,421.4638888888889,56.510958333333335,3.404166666666667,0.0,22.227319444444444
2013-08-24 16:00:00,510,298.33614627285516,57.483333333333334,79.77083333333333,0.0,21.502944444444445
2013-08-24 16:00:00,511,342.9277777777778,58.66752777777778,133.10833333333332,0.0,20.921236111111114
2013-08-24 16:00:00,513,314.6125,57.224875,9.026388888888889,0.0,21.61577777777778
2013-08-24 16:00:00,552,370.7125,56.654388888888896,27.929166666666667,4.2398921832884096,23.038166666666665
2013-08-24 16:00:00,554,453.2138888888889,54.49422222222222,6.1875,0.0,23.668499999999998
2013-08-24 16:00:00,556,436.44166666666666,52.43173611111111,16.941666666666666,1.8442622950819672,23.158277777777776
2013-08-24 16:00:00,558,394.8833333333333,56.10468055555556,19.720833333333335,0.0,22.591722222222224
2013-08-24 16:00:00,562,-1.0,57.37977777777778,18.18611111111111,1.2952646239554317,21.984930555555554
2013-08-24 16:00:00,564,275.5722222222222,54.467236111111106,4.475,1.2880886426592797,22.44151388888889
2013-08-24 16:00:00,621,441.21944444444443,50.34583333333333,6.336111111111111,16.306493506493506,24.714569444444447
2013-08-24 16:00:00,621A,356.2680555555556,59.97954166666666,69.38888888888889,0.0,20.84888888888889
2013-08-24 16:00:00,621C,405.5361111111111,57.45766666666666,208.7513888888889,0.0,21.440375
2013-08-24 16:00:00,621D,458.0111111111111,55.81657420249653,236.95423023578363,0.0,21.925977808599168
2013-08-24 16:00:00,621E,450.9957983193277,58.38549999999999,64.05416666666666,-1.0,21.269319444444445
2013-08-24 16:00:00,640,404.50138888888887,56.68094444444444,6.726388888888889,0.0,21.562236111111112
2013-08-24 16:00:00,644,429.3236111111111,54.46443055555555,120.64444444444445,0.0,22.319277777777778
2013-08-24 16:00:00,648,97.56666666666666,53.08309722222222,123.05,0.0,22.456194444444442
2013-08-24 16:00:00,656A,448.1111111111111,55.78768377253814,120.0513176144244,9.087837837837839,22.167323162274617
2013-08-24 16:00:00,656B,533.2,52.48254166666667,74.81111111111112,22.672645739910315,23.129972222222225
2013-08-24 16:00:00,664,308.2652777777778,52.92659722222223,3.3569444444444443,0.0,22.627388888888888
2013-08-24 16:00:00,666,388.96666666666664,56.76555555555555,175.57222222222222,0.0,21.904166666666665
2013-08-24 16:00:00,668,314.8888888888889,59.991458333333334,2180.375,0.0,20.85022222222222
2013-08-24 16:00:00,717,362.00694444444446,55.45798611111111,114.95972222222223,0.0,21.891597222222224
2013-08-24 16:00:00,719,391.925,56.53048611111111,342.46666666666664,0.0,21.843805555555555
2013-08-24 16:00:00,721,290.425,57.36268055555555,191.5638888888889,0.0,20.596055555555555
2013-08-24 16:00:00,722,319.75416666666666,50.402875,4.002777777777778,0.0,22.698166666666665
2013-08-24 16:00:00,723,384.68055555555554,58.60044444444444,194.20694444444445,0.0,21.344541666666665
2013-08-24 16:00:00,724,182.08183079056866,51.81805555555555,5.170833333333333,0.0,23.31952777777778
2013-08-24 16:00:00,726,367.93333333333334,49.67619444444445,3.2944444444444443,0.0,23.84916666666667
2013-08-24 16:00:00,734,314.86805555555554,54.247416666666666,16.0625,0.0,22.242319444444444
2013-08-24 16:00:00,746,486.98333333333335,59.694250000000004,10.654166666666667,0.0,20.875722222222223
2013-08-24 16:00:00,748,461.4527777777778,51.745916666666666,4.586111111111111,0.0,22.910555555555554
2013-08-24 16:00:00,752,383.6069444444444,43.973,5.531944444444444,0.0,25.675458333333335
2013-08-24 16:00:00,754,382.45416666666665,54.61638888888889,11.334722222222222,0.0,22.272430555555555
2013-08-24 16:00:00,776,491.4583333333333,54.31270833333333,122.27083333333333,0.0,22.545791666666666
2013-08-24 17:00:00,413,449.575,51.13638888888889,90.35277777777777,0.0,22.64575
2013-08-24 17:00:00,415,469.1791666666667,54.231291666666664,60.17916666666667,0.0,22.676069444444444
2013-08-24 17:00:00,417,346.8277777777778,53.47631944444444,64.01527777777778,0.0,22.92995833333333
2013-08-24 17:00:00,419,439.25,54.82613888888889,132.25833333333333,0.0,53.51683333333334
2013-08-24 17:00:00,421,331.6013888888889,54.67561111111112,176.48055555555555,0.0,22.653902777777777
2013-08-24 17:00:00,422,408.9625,56.19034722222223,160.13611111111112,0.0,22.576597222222222
2013-08-24 17:00:00,423,343.18333333333334,50.63143055555555,3.761111111111111,0.0,24.26475
2013-08-24 17:00:00,424,388.05,52.76358333333333,2.984722222222222,0.0,24.409875
2013-08-24 17:00:00,442,448.6333333333333,49.994160789844855,4.420310296191819,0.0,23.924922425952047
2013-08-24 17:00:00,446,475.49583333333334,52.84265277777778,3.3305555555555557,0.0,22.973180555555555
2013-08-24 17:00:00,448,371.56666666666666,52.162111111111116,4.118055555555555,0.0,23.461333333333332
2013-08-24 17:00:00,452,351.65,46.86767045454546,2.7017045454545454,0.0,23.32018465909091
2013-08-24 17:00:00,454,327.65416666666664,52.465666666666664,3.2569444444444446,0.0,23.343930555555556
2013-08-24 17:00:00,456,415.65555555555557,50.44990277777778,3.2125,0.0,23.738847222222223
2013-08-24 17:00:00,458,458.53333333333336,61.36837500000001,3.9625,0.0,20.62098611111111
2013-08-24 17:00:00,462,426.5541666666667,56.65298611111111,3.4166666666666665,0.0,22.244055555555555
2013-08-24 17:00:00,510,302.21598877980364,57.54288888888888,85.60972222222222,0.0,21.580430555555555
2013-08-24 17:00:00,511,349.5861111111111,58.67443055555555,140.74722222222223,0.0,21.005875
2013-08-24 17:00:00,513,317.2402777777778,57.14041666666667,10.415277777777778,0.0,21.719055555555556
2013-08-24 17:00:00,552,376.2291666666667,56.67769444444445,18.968055555555555,6.777506112469438,22.97265277777778
2013-08-24 17:00:00,554,444.4486111111111,56.569222222222216,5.0625,0.0,23.797111111111107
2013-08-24 17:00:00,556,450.25555555555553,53.89244444444444,19.243055555555557,5.857493857493857,23.162166666666664
2013-08-24 17:00:00,558,411.4236111111111,56.59986111111111,17.375,5.39454094292804,22.74623611111111
2013-08-24 17:00:00,562,269.07086614173227,58.38365277777777,20.07777777777778,5.173913043478261,21.939708333333332
2013-08-24 17:00:00,564,283.5652777777778,55.20956944444444,5.8875,3.1456043956043955,22.386194444444445
2013-08-24 17:00:00,621,453.40694444444443,50.55518055555556,6.283333333333333,7.517808219178082,24.702624999999998
2013-08-24 17:00:00,621A,362.2680555555556,59.86179166666666,74.03888888888889,0.0,20.991527777777776
2013-08-24 17:00:00,621C,420.6791666666667,57.47258333333333,225.07777777777778,0.0,21.55465277777778
2013-08-24 17:00:00,621D,463.81388888888887,55.78084722222222,254.6625,0.0,22.047291666666666
2013-08-24 17:00:00,621E,458.85,58.35260744985673,68.59312320916905,-1.0,21.386332378223496
2013-08-24 17:00:00,640,404.26666666666665,56.31625,10.484722222222222,0.0,21.884722222222223
2013-08-24 17:00:00,644,432.2,53.866416666666666,184.73333333333332,0.0,22.75698611111111
2013-08-24 17:00:00,648,101.52361111111111,52.758263888888884,193.7875,0.0,22.77175
2013-08-24 17:00:00,656A,731.2763888888888,55.03154166666666,198.9111111111111,22.34140435835351,23.298472222222223
2013-08-24 17:00:00,656B,635.6666666666666,50.63938888888889,104.75416666666666,28.874725274725275,24.33636111111111
2013-08-24 17:00:00,664,313.99444444444447,53.09030555555555,3.451388888888889,0.0,22.674458333333334
2013-08-24 17:00:00,666,392.74305555555554,55.041472222222225,230.2513888888889,0.0,22.856708333333337
2013-08-24 17:00:00,668,321.38194444444446,58.99095833333333,2195.6722222222224,0.0,21.39090277777778
2013-08-24 17:00:00,717,366.1972222222222,55.21376388888889,123.70277777777778,0.0,22.063875
2013-08-24 17:00:00,719,398.5625,56.24966666666667,356.125,0.0,22.027208333333334
2013-08-24 17:00:00,721,296.49444444444447,57.00472222222223,158.07777777777778,0.0,20.809083333333334
2013-08-24 17:00:00,722,324.4625,50.54241666666667,3.966666666666667,0.0,22.70138888888889
2013-08-24 17:00:00,723,388.6388888888889,58.29216666666667,220.62777777777777,0.0,21.50263888888889
2013-08-24 17:00:00,724,184.90416666666667,51.95118055555555,5.106944444444444,0.0,23.330958333333335
2013-08-24 17:00:00,726,372.24583333333334,49.797138888888895,3.227777777777778,0.0,23.852430555555557
2013-08-24 17:00:00,734,319.2763888888889,53.99937499999999,26.209722222222222,0.0,22.488583333333334
2013-08-24 17:00:00,746,500.625,58.519875,11.901388888888889,0.0,21.49551388888889
2013-08-24 17:00:00,748,467.128987517337,51.75833564493759,4.815533980582524,0.0,22.988529819694868
2013-08-24 17:00:00,752,389.33194444444445,43.94566666666667,5.495833333333334,0.0,25.803986111111108
2013-08-24 17:00:00,754,384.04027777777776,53.21680555555555,13.8125,0.0,23.060458333333333
2013-08-24 17:00:00,776,498.8930555555556,53.40091666666666,106.12916666666666,0.0,23.18911111111111
2013-08-24 18:00:00,413,464.93194444444447,51.16113730929265,100.88349514563107,0.0,22.674341192787796
2013-08-24 18:00:00,415,482.4972222222222,54.51125,65.37222222222222,0.0,22.751569444444442
2013-08-24 18:00:00,417,354.6458333333333,53.79169444444444,73.46527777777777,0.0,23.017555555555553
2013-08-24 18:00:00,419,453.3097222222222,54.755624999999995,145.48055555555555,0.0,49.77322222222222
2013-08-24 18:00:00,421,341.7055555555556,54.770430555555556,194.6625,0.0,22.739361111111112
2013-08-24 18:00:00,422,422.82916666666665,56.203833333333336,178.7875,0.0,22.701694444444442
2013-08-24 18:00:00,423,353.85515320334264,50.54784722222222,3.6875,0.0,24.29065277777778
2013-08-24 18:00:00,424,399.6125,52.05605555555556,2.915277777777778,0.0,24.431875
2013-08-24 18:00:00,442,463.375,50.50632823365786,4.502086230876217,0.0,23.936356050069545
2013-08-24 18:00:00,446,490.6513888888889,53.468027777777785,3.3305555555555557,0.0,22.964305555555555
2013-08-24 18:00:00,448,382.91643454038996,52.617305555555554,4.1375,0.0,23.46586111111111
2013-08-24 18:00:00,452,362.05,47.25425591098748,2.819193324061196,0.0,23.322573018080668
2013-08-24 18:00:00,454,339.0625,52.84180555555555,3.3819444444444446,0.0,23.351166666666668
2013-08-24 18:00:00,456,429.6388888888889,50.94868055555556,3.216666666666667,0.0,23.735263888888888
2013-08-24 18:00:00,458,477.2083333333333,62.31520833333333,3.827777777777778,0.0,20.631
2013-08-24 18:00:00,462,443.04027777777776,57.33390277777778,3.379166666666667,0.0,22.274694444444446
2013-08-24 18:00:00,510,320.53333333333336,57.91245833333333,98.38055555555556,0.0,21.766166666666667
2013-08-24 18:00:00,511,369.21666666666664,59.30079276773296,152.13212795549373,0.0,21.093922114047288
2013-08-24 18:00:00,513,328.00694444444446,57.53704166666667,11.791666666666666,0.0,21.847277777777776
2013-08-24 18:00:00,552,376.6013888888889,57.81734722222222,3.4069444444444446,0.0,22.839499999999997
2013-08-24 18:00:00,554,445.87916666666666,57.926291666666664,4.6375,0.0,23.837944444444442
2013-08-24 18:00:00,556,451.68888888888887,56.25900000000001,3.6847222222222222,0.0,23.16504166666667
2013-08-24 18:00:00,558,419.50416666666666,59.02384722222222,7.8902777777777775,0.0,22.727625
2013-08-24 18:00:00,562,276.63055555555553,59.73798611111111,10.668055555555556,0.0,22.369652777777777
2013-08-24 18:00:00,564,315.95,58.59897222222222,14.9375,0.2916666666666667,22.566097222222222
2013-08-24 18:00:00,621,465.6097222222222,50.964971910112354,6.332865168539326,8.775675675675675,24.74159722222222
2013-08-24 18:00:00,621A,378.09305555555557,60.08566666666667,83.3,0.0,21.218319444444447
2013-08-24 18:00:00,621C,437.2472222222222,57.78544444444445,243.92083333333332,0.0,21.738722222222222
2013-08-24 18:00:00,621D,482.5111111111111,56.08380555555555,281.2347222222222,0.0,22.23488888888889
2013-08-24 18:00:00,621E,475.28333333333336,58.653073713490954,74.30737134909597,-1.0,21.551196105702363
2013-08-24 18:00:00,640,411.46666666666664,55.08506944444444,15.386111111111111,0.0,22.818541666666665
2013-08-24 18:00:00,644,454.2680555555556,53.28852777777777,221.95416666666668,0.0,23.235388888888888
2013-08-24 18:00:00,648,110.83055555555555,52.008180555555555,241.68472222222223,0.0,23.40398611111111
2013-08-24 18:00:00,656A,637.4333333333333,52.44813888888889,191.58333333333334,11.125890736342043,24.508861111111113
2013-08-24 18:00:00,656B,644.0208333333334,49.00504166666666,116.50694444444444,28.70361990950226,25.214208333333332
2013-08-24 18:00:00,664,343.00416088765604,53.42386111111111,12.931944444444444,2.6420765027322406,22.881541666666667
2013-08-24 18:00:00,666,413.27222222222224,52.80858333333333,260.1,0.0,24.079722222222223
2013-08-24 18:00:00,668,338.0236111111111,57.85209722222223,2155.9555555555557,0.0,22.181722222222223
2013-08-24 18:00:00,717,382.2375,55.27252777777778,132.96527777777777,0.0,22.29047222222222
2013-08-24 18:00:00,719,413.46666666666664,56.34554166666667,378.2638888888889,0.0,22.250055555555555
2013-08-24 18:00:00,721,312.3,56.67293055555556,170.03333333333333,0.0,21.182125
2013-08-24 18:00:00,722,340.105702364395,51.037930555555555,3.9944444444444445,0.0,22.702527777777778
2013-08-24 18:00:00,723,402.40833333333336,58.56776388888889,237.41805555555555,0.0,21.688027777777776
2013-08-24 18:00:00,724,196.3347222222222,52.40788888888889,5.1305555555555555,0.0,23.361416666666667
2013-08-24 18:00:00,726,386.4888888888889,50.22855555555555,3.3694444444444445,0.0,23.868513888888888
2013-08-24 18:00:00,734,331.8875,53.99970833333334,17.227777777777778,0.0,22.797708333333333
2013-08-24 18:00:00,746,522.6291666666667,57.314194444444446,12.568055555555556,0.0,22.241
2013-08-24 18:00:00,748,480.4375,51.8660669456067,4.545327754532775,0.0,23.16118549511855
2013-08-24 18:00:00,752,401.5444444444444,43.876402777777784,5.441666666666666,0.0,26.098875
2013-08-24 18:00:00,754,396.2896935933148,51.51847222222223,15.161111111111111,0.0,24.06288888888889
2013-08-24 18:00:00,776,520.1847222222223,52.757930555555554,65.66388888888889,0.0,23.848194444444445
2013-08-24 19:00:00,413,468.63194444444446,50.908055555555556,109.05277777777778,0.0,22.748597222222223
2013-08-24 19:00:00,415,488.9847222222222,54.746430555555555,69.49722222222222,0.0,22.839180555555554
2013-08-24 19:00:00,417,361.59583333333336,53.93463888888889,87.34305555555555,0.0,23.143138888888892
2013-08-24 19:00:00,419,460.75555555555553,54.63634722222222,162.3,0.0,59.204138888888885
2013-08-24 19:00:00,421,344.21527777777777,54.99336111111111,214.0375,0.0,22.792194444444444
2013-08-24 19:00:00,422,426.64722222222224,56.06583333333334,208.36527777777778,0.0,22.86138888888889
2013-08-24 19:00:00,423,361.3722222222222,50.564375,3.620833333333333,0.0,24.31751388888889
2013-08-24 19:00:00,424,406.94166666666666,51.644875,2.9069444444444446,0.0,24.454666666666668
2013-08-24 19:00:00,442,466.7236111111111,50.91121001390821,4.584144645340751,0.0,23.931891515994437
2013-08-24 19:00:00,446,495.7013888888889,53.97868458274399,3.366336633663366,0.0,22.948104667609616
2013-08-24 19:00:00,448,389.7329624478442,53.02591666666666,4.154166666666667,0.0,23.463916666666666
2013-08-24 19:00:00,452,368.74583333333334,47.603319444444445,2.7694444444444444,0.0,23.32398611111111
2013-08-24 19:00:00,454,346.21944444444443,53.18640845070422,3.2746478873239435,0.0,23.357535211267603
2013-08-24 19:00:00,456,435.6158113730929,51.38162499999999,3.0944444444444446,0.0,23.74
2013-08-24 19:00:00,458,475.54027777777776,62.87283333333334,3.8125,0.0,20.615111111111112
2013-08-24 19:00:00,462,446.61944444444447,57.74494444444444,3.3875,0.0,22.31025
2013-08-24 19:00:00,510,323.9861111111111,57.91670833333333,109.17777777777778,0.0,21.936291666666666
2013-08-24 19:00:00,511,370.64166666666665,59.52612499999999,159.4111111111111,0.0,21.207305555555557
2013-08-24 19:00:00,513,335.0986111111111,57.61125,13.098611111111111,0.0,22.006486111111112
2013-08-24 19:00:00,552,376.97083333333336,58.018541666666664,3.4138888888888888,0.0,22.734750000000002
2013-08-24 19:00:00,554,446.9013888888889,57.31934722222222,4.65,0.0,23.81865277777778
2013-08-24 19:00:00,556,449.59583333333336,57.01177777777777,3.6194444444444445,0.0,23.04609722222222
2013-08-24 19:00:00,558,409.46944444444443,59.96647222222222,3.5097222222222224,0.0,22.593291666666666
2013-08-24 19:00:00,562,261.96666666666664,59.67336111111111,2.7916666666666665,0.0,22.438236111111113
2013-08-24 19:00:00,564,290.69305555555553,59.235125000000004,4.351388888888889,0.0,22.379541666666668
2013-08-24 19:00:00,621,464.8541666666667,51.33341192787795,6.335644937586685,3.5757575757575757,24.772805555555557
2013-08-24 19:00:00,621A,372.66527777777776,59.909875,98.71527777777777,0.0,21.451541666666667
2013-08-24 19:00:00,621C,433.18055555555554,57.70070833333334,294.93333333333334,0.0,21.977777777777778
2013-08-24 19:00:00,621D,484.7763888888889,56.04651388888889,335.2861111111111,0.0,22.464583333333334
2013-08-24 19:00:00,621E,485.0111111111111,58.78070833333334,83.15833333333333,-1.0,21.726847222222222
2013-08-24 19:00:00,640,406.33472222222224,52.822805555555554,14.175,0.0,24.014833333333335
2013-08-24 19:00:00,644,445.68194444444447,54.165930555555555,214.025,0.0,22.986555555555555
2013-08-24 19:00:00,648,115.06666666666666,52.047347222222214,211.2875,0.0,23.42663888888889
2013-08-24 19:00:00,656A,517.6263888888889,50.64066666666667,142.7902777777778,0.0,25.02001388888889
2013-08-24 19:00:00,656B,590.0350140056022,47.46413888888889,113.63888888888889,26.087591240875913,25.95179166666667
2013-08-24 19:00:00,664,337.15416666666664,53.28205555555556,3.345833333333333,0.0,23.166180555555556
2013-08-24 19:00:00,666,417.01944444444445,50.34056944444444,249.5847222222222,0.0,25.19558333333333
2013-08-24 19:00:00,668,336.83472222222224,56.25143055555555,2184.863888888889,0.0,22.877499999999998
2013-08-24 19:00:00,717,384.64166666666665,55.14220833333333,156.51666666666668,0.0,22.535805555555555
2013-08-24 19:00:00,719,417.3375,56.217958333333335,453.19444444444446,0.0,22.49661111111111
2013-08-24 19:00:00,721,319.81666666666666,56.158347222222226,220.67638888888888,0.0,21.524833333333333
2013-08-24 19:00:00,722,343.7263888888889,51.453319444444446,4.004166666666666,0.0,22.69823611111111
2013-08-24 19:00:00,723,399.89444444444445,58.64879166666666,260.78333333333336,0.0,21.864125
2013-08-24 19:00:00,724,199.01291248206599,52.76513888888889,5.069444444444445,0.0,23.394305555555558
2013-08-24 19:00:00,726,392.1430555555556,50.59226388888889,3.2736111111111112,0.0,23.887430555555557
2013-08-24 19:00:00,734,336.84305555555557,53.77463888888889,15.995833333333334,0.0,23.139347222222224
2013-08-24 19:00:00,746,525.2847222222222,55.864861111111104,11.452777777777778,0.0,22.86416666666667
2013-08-24 19:00:00,748,488.9513888888889,51.764,3.1666666666666665,0.0,23.411402777777777
2013-08-24 19:00:00,752,410.21527777777777,43.689527777777776,5.156944444444444,0.0,26.40725
2013-08-24 19:00:00,754,397.5327635327635,49.660152777777775,15.0,0.0,24.913708333333332
2013-08-24 19:00:00,776,538.7013888888889,52.03543055555556,53.58611111111111,0.0,24.369819444444445
2013-08-24 20:00:00,413,465.31944444444446,50.46549999999999,112.17222222222222,0.0,22.841583333333332
2013-08-24 20:00:00,415,486.38055555555553,54.80283333333333,68.41111111111111,0.0,22.928416666666667
2013-08-24 20:00:00,417,361.7111111111111,53.965125,87.12222222222222,0.0,23.261458333333334
2013-08-24 20:00:00,419,463.06934812760056,54.505986111111106,157.42361111111111,0.0,55.46740277777778
2013-08-24 20:00:00,421,342.26944444444445,54.95513888888888,213.67222222222222,0.0,22.892944444444442
2013-08-24 20:00:00,422,423.7055555555556,55.86925104022192,227.8876560332871,0.0,22.99644937586685
2013-08-24 20:00:00,423,361.50416666666666,50.55047222222222,3.7083333333333335,0.0,24.354069444444445
2013-08-24 20:00:00,424,405.41527777777776,51.37645340751043,2.956884561891516,0.0,24.485326842837274
2013-08-24 20:00:00,442,464.0598052851182,51.188166666666675,4.808333333333334,0.0,23.93351388888889
2013-08-24 20:00:00,446,492.69166666666666,54.31425,3.4625,0.0,22.940708333333337
2013-08-24 20:00:00,448,387.4,53.35147222222222,4.145833333333333,0.0,23.458444444444446
2013-08-24 20:00:00,452,368.16805555555555,47.86013908205842,2.787204450625869,0.0,23.329193324061194
2013-08-24 20:00:00,454,346.52777777777777,53.471694444444445,3.2680555555555557,0.0,23.358402777777776
2013-08-24 20:00:00,456,434.31111111111113,51.73134722222222,3.234722222222222,0.0,23.72775
2013-08-24 20:00:00,458,471.9513888888889,63.18541666666667,4.9222222222222225,0.0,20.610652777777776
2013-08-24 20:00:00,462,443.1375,57.954625,3.8041666666666667,0.0,22.342777777777776
2013-08-24 20:00:00,510,320.1986111111111,57.78209722222222,113.50833333333334,0.0,22.081555555555553
2013-08-24 20:00:00,511,366.9861111111111,59.465250000000005,182.35972222222222,0.0,21.332666666666668
2013-08-24 20:00:00,513,332.1611111111111,58.072138888888894,13.956944444444444,0.0,21.958791666666666
2013-08-24 20:00:00,552,372.3245492371706,57.862652777777775,3.426388888888889,0.0,22.6795
2013-08-24 20:00:00,554,445.2680555555556,58.14194444444444,4.638888888888889,0.0,23.72784722222222
2013-08-24 20:00:00,556,444.00138888888887,57.20133333333333,3.6458333333333335,0.0,22.952069444444447
2013-08-24 20:00:00,558,402.8027777777778,60.46451388888889,3.609722222222222,0.0,22.488194444444446
2013-08-24 20:00:00,562,254.56805555555556,59.88400000000001,2.776388888888889,0.0,22.37752777777778
2013-08-24 20:00:00,564,286.2972222222222,59.50379166666667,4.513888888888889,0.0,22.27273611111111
2013-08-24 20:00:00,621,449.6638888888889,51.653152777777784,6.331944444444445,0.0,24.787819444444445
2013-08-24 20:00:00,621A,366.72222222222223,59.62147222222222,108.22222222222223,0.0,21.61888888888889
2013-08-24 20:00:00,621C,423.3023909985935,57.52916666666667,286.7027777777778,0.0,22.146166666666666
2013-08-24 20:00:00,621D,476.77916666666664,55.812805555555556,325.6166666666667,0.0,22.669458333333335
2013-08-24 20:00:00,621E,481.7861111111111,58.73195833333334,82.58333333333333,-1.0,21.87538888888889
2013-08-24 20:00:00,640,400.6694444444444,50.74498611111111,13.022222222222222,0.0,24.859875000000002
2013-08-24 20:00:00,644,434.4222222222222,54.96173611111111,242.10416666666666,0.0,22.80813888888889
2013-08-24 20:00:00,648,113.75277777777778,53.186125000000004,204.8375,0.0,23.060180555555554
2013-08-24 20:00:00,656A,494.45972222222224,49.73598611111112,123.38194444444444,0.0,25.384777777777778
2013-08-24 20:00:00,656B,536.6055555555556,46.248305555555554,110.28194444444445,28.258823529411764,26.377819444444444
2013-08-24 20:00:00,664,330.13055555555553,53.00556944444445,5.1,3.075268817204301,23.407874999999997
2013-08-24 20:00:00,666,412.21666666666664,48.50373611111112,251.99027777777778,0.0,25.878111111111114
2013-08-24 20:00:00,668,328.5236111111111,54.846944444444446,2156.1666666666665,0.0,23.412208333333336
2013-08-24 20:00:00,717,379.5152777777778,54.937972222222214,149.63055555555556,0.0,22.727125
2013-08-24 20:00:00,719,414.63194444444446,56.041,426.44166666666666,0.0,22.669958333333334
2013-08-24 20:00:00,721,317.7083333333333,55.56433333333333,214.50555555555556,0.0,21.807055555555557
2013-08-24 20:00:00,722,340.2611111111111,51.71409722222222,4.063888888888889,0.0,22.698194444444447
2013-08-24 20:00:00,723,390.7236111111111,58.55151685393258,252.31601123595505,0.0,21.97119382022472
2013-08-24 20:00:00,724,197.44909344490935,53.02697222222222,5.034722222222222,0.0,23.40095833333333
2013-08-24 20:00:00,726,387.6041666666667,50.88088888888888,3.4069444444444446,0.0,23.87834722222222
2013-08-24 20:00:00,734,327.18611111111113,53.49720833333333,18.579166666666666,0.0,23.411305555555554
2013-08-24 20:00:00,746,525.7527777777777,55.01683333333334,9.72638888888889,0.0,23.134569444444445
2013-08-24 20:00:00,748,488.3027777777778,51.57511111111111,4.477777777777778,0.0,23.619375
2013-08-24 20:00:00,752,408.9458333333333,43.61973611111111,5.504166666666666,0.0,26.550013888888888
2013-08-24 20:00:00,754,389.62638888888887,48.41718055555556,11.722222222222221,0.0,25.37575
2013-08-24 20:00:00,776,537.9805555555556,51.47200000000001,71.95138888888889,0.0,24.563902777777777
2013-08-24 21:00:00,413,470.6875,50.123875000000005,124.24305555555556,0.0,22.97865277777778
2013-08-24 21:00:00,415,489.43055555555554,54.68516666666667,99.88333333333334,0.0,23.039055555555553
2013-08-24 21:00:00,417,363.4513888888889,53.86692094313454,92.12066574202497,0.0,23.383536754507627
2013-08-24 21:00:00,419,468.25138888888887,54.279513888888886,199.17916666666667,0.0,66.41966666666666
2013-08-24 21:00:00,421,340.3361111111111,54.686388888888885,243.8486111111111,0.0,23.015458333333335
2013-08-24 21:00:00,422,426.8847222222222,55.58130555555556,260.39444444444445,0.0,23.1355
2013-08-24 21:00:00,423,363.4047287899861,50.48870833333333,3.584722222222222,0.0,24.394722222222224
2013-08-24 21:00:00,424,409.90694444444443,51.14680555555555,2.8777777777777778,0.0,24.521861111111114
2013-08-24 21:00:00,442,469.81589958159,51.38523611111111,5.118055555555555,0.0,23.91773611111111
2013-08-24 21:00:00,446,497.3569444444444,54.49665277777778,3.4458333333333333,0.0,23.707902777777782
2013-08-24 21:00:00,448,390.7579972183588,53.550513888888894,4.101388888888889,0.0,23.45102777777778
2013-08-24 21:00:00,452,370.40416666666664,48.03205555555556,2.841666666666667,0.0,23.324805555555557
2013-08-24 21:00:00,454,348.2236111111111,53.67319444444444,3.2569444444444446,0.0,23.35402777777778
2013-08-24 21:00:00,456,435.625,51.94338888888888,3.290277777777778,0.0,23.720861111111113
2013-08-24 21:00:00,458,477.9763888888889,63.340375,6.381944444444445,0.0,20.6065
2013-08-24 21:00:00,462,447.0,58.04813888888889,4.441666666666666,0.0,22.35890277777778
2013-08-24 21:00:00,510,325.7986111111111,57.37648611111111,193.65416666666667,0.0,22.300361111111112
2013-08-24 21:00:00,511,375.6138888888889,59.167875,214.23055555555555,0.0,21.486250000000002
2013-08-24 21:00:00,513,336.4916666666667,58.250375000000005,14.979166666666666,0.0,21.983791666666665
2013-08-24 21:00:00,552,378.2986111111111,57.54443055555555,3.4902777777777776,0.0,22.647555555555556
2013-08-24 21:00:00,554,456.36805555555554,58.21279166666667,4.593055555555556,0.0,23.662916666666664
2013-08-24 21:00:00,556,448.8027777777778,57.06406944444444,3.558333333333333,0.0,22.869097222222223
2013-08-24 21:00:00,558,408.62916666666666,60.554375,3.584722222222222,0.0,22.38918055555556
2013-08-24 21:00:00,562,255.92222222222222,59.81550000000001,2.825,0.0,22.324875
2013-08-24 21:00:00,564,291.68611111111113,59.343291666666666,4.665277777777778,0.0,22.194916666666668
2013-08-24 21:00:00,621,450.33194444444445,51.81334722222222,50.236111111111114,0.0,24.840194444444442
2013-08-24 21:00:00,621A,369.9847222222222,59.433416666666666,131.48333333333332,0.0,21.713041666666665
2013-08-24 21:00:00,621C,427.31805555555553,57.14197222222222,373.3597222222222,0.0,22.337083333333336
2013-08-24 21:00:00,621D,480.49583333333334,55.44951388888889,413.3930555555556,0.0,22.862541666666665
2013-08-24 21:00:00,621E,486.49444444444447,58.47705555555556,102.75277777777778,-1.0,22.03927777777778
2013-08-24 21:00:00,640,403.28333333333336,49.28680555555555,10.8875,0.0,25.38468055555556
2013-08-24 21:00:00,644,438.125,55.15258333333333,215.7763888888889,0.0,22.78901388888889
2013-08-24 21:00:00,648,124.71805555555555,53.78125,191.63611111111112,0.0,22.904083333333332
2013-08-24 21:00:00,656A,513.8972222222222,49.16986111111112,119.8625,0.0,25.590916666666665
2013-08-24 21:00:00,656B,585.7055555555555,45.44826388888889,87.48611111111111,15.359102244389028,26.799944444444442
2013-08-24 21:00:00,664,507.40972222222223,52.92302777777778,30.693055555555556,3.7154696132596685,23.90176388888889
2013-08-24 21:00:00,666,417.22222222222223,47.263847222222225,200.925,0.0,26.281222222222222
2013-08-24 21:00:00,668,334.5652777777778,53.872499999999995,2131.2833333333333,0.0,23.764083333333332
2013-08-24 21:00:00,717,385.10555555555555,54.57606944444444,170.6875,0.0,22.922805555555552
2013-08-24 21:00:00,719,418.82916666666665,55.61271844660194,564.8557558945909,0.0,22.901803051317614
2013-08-24 21:00:00,721,322.62083333333334,55.051513888888884,271.8027777777778,0.0,22.053583333333332
2013-08-24 21:00:00,722,345.60277777777776,51.87968055555556,4.1,0.0,22.701249999999998
2013-08-24 21:00:00,723,395.3930555555556,58.42245833333333,298.2055555555556,0.0,22.048888888888886
2013-08-24 21:00:00,724,199.78998609179416,53.176,5.204166666666667,0.0,23.41411111111111
2013-08-24 21:00:00,726,394.9916666666667,51.06623611111112,3.3430555555555554,0.0,23.875430555555557
2013-08-24 21:00:00,734,335.2966573816156,52.764916666666664,37.44444444444444,0.0,23.850291666666667
2013-08-24 21:00:00,746,556.4222222222222,54.58481944444444,22.17222222222222,11.18421052631579,24.067152777777775
2013-08-24 21:00:00,748,492.65,51.37880555555555,4.748611111111111,0.0,23.774708333333333
2013-08-24 21:00:00,752,413.24861111111113,43.52970833333334,5.463888888888889,0.0,26.682652777777776
2013-08-24 21:00:00,754,392.7347222222222,47.67679166666667,11.973611111111111,0.0,25.596666666666664
2013-08-24 21:00:00,776,538.6555555555556,50.81677777777778,93.50833333333334,0.0,24.78997222222222
2013-08-24 22:00:00,413,474.9486111111111,49.59366666666667,121.33333333333333,0.0,23.26943055555556
2013-08-24 22:00:00,415,493.6375,54.57547222222222,88.45833333333333,0.0,23.171499999999998
2013-08-24 22:00:00,417,366.84027777777777,53.674708333333335,92.85,0.0,23.55013888888889
2013-08-24 22:00:00,419,470.075,54.060582524271844,181.54230235783635,0.0,53.399195561719836
2013-08-24 22:00:00,421,343.3722222222222,54.45755555555556,222.69861111111112,0.0,23.17066666666667
2013-08-24 22:00:00,422,431.2736111111111,55.29745833333333,255.83194444444445,0.0,23.297305555555557
2013-08-24 22:00:00,423,365.96666666666664,50.46895833333333,3.5902777777777777,0.0,24.43354166666667
2013-08-24 22:00:00,424,412.0152777777778,51.032000000000004,2.897222222222222,0.0,24.559194444444444
2013-08-24 22:00:00,442,471.7861111111111,51.58391666666667,4.823611111111111,0.0,23.923513888888888
2013-08-24 22:00:00,446,500.3263888888889,54.70441666666667,3.3097222222222222,0.0,22.931541666666664
2013-08-24 22:00:00,448,394.0444444444444,53.75763888888889,4.080555555555556,0.0,23.444458333333337
2013-08-24 22:00:00,452,374.3134535367545,48.208083333333335,2.7736111111111112,0.0,23.322291666666665
2013-08-24 22:00:00,454,350.9291666666667,53.880375,3.3847222222222224,0.0,23.347388888888887
2013-08-24 22:00:00,456,439.81666666666666,52.15730555555556,3.220833333333333,0.0,23.714958333333335
2013-08-24 22:00:00,458,480.5541666666667,63.600208333333335,5.404166666666667,0.0,20.59901388888889
2013-08-24 22:00:00,462,450.09305555555557,58.21270833333334,4.079166666666667,0.0,22.37038888888889
2013-08-24 22:00:00,510,330.6402777777778,56.55163888888889,253.2097222222222,0.0,22.766194444444444
2013-08-24 22:00:00,511,378.0875,58.860097222222215,263.9888888888889,0.0,21.676055555555557
2013-08-24 22:00:00,513,341.19193324061195,58.020500000000006,13.813888888888888,0.0,22.14113888888889
2013-08-24 22:00:00,552,381.0083333333333,57.32452777777778,3.286111111111111,0.0,22.628652777777777
2013-08-24 22:00:00,554,459.00694444444446,57.379083333333334,4.377777777777778,0.0,23.632680555555552
2013-08-24 22:00:00,556,451.18194444444447,56.891347222222215,3.4763888888888888,0.0,22.801624999999998
2013-08-24 22:00:00,558,409.68333333333334,60.529375,3.484722222222222,0.0,22.307902777777777
2013-08-24 22:00:00,562,254.02777777777777,59.86091666666667,2.6625,0.0,22.23536111111111
2013-08-24 22:00:00,564,296.20972222222224,59.09670833333333,4.072222222222222,0.0,22.139
2013-08-24 22:00:00,621,454.77222222222224,51.43931944444444,165.93194444444444,0.0,25.274958333333334
2013-08-24 22:00:00,621A,372.5597222222222,59.30416666666667,142.9611111111111,0.0,21.819583333333334
2013-08-24 22:00:00,621C,430.4819444444444,56.76719444444444,339.30833333333334,0.0,22.527361111111112
2013-08-24 22:00:00,621D,484.89166666666665,55.08390277777777,387.2888888888889,0.0,23.06151388888889
2013-08-24 22:00:00,621E,491.33101529902643,58.13165277777778,97.22361111111111,-1.0,22.238263888888888
2013-08-24 22:00:00,640,403.2625,48.69622222222222,9.694444444444445,0.0,25.502986111111113
2013-08-24 22:00:00,644,441.69166666666666,55.66543055555556,177.07916666666668,0.0,22.642069444444445
2013-08-24 22:00:00,648,130.43472222222223,54.47145833333333,174.93194444444444,0.0,22.704361111111112
2013-08-24 22:00:00,656A,468.8375,48.849486111111105,119.91944444444445,0.0,25.584722222222222
2013-08-24 22:00:00,656B,482.25520110957007,44.514944444444446,61.958333333333336,0.0,27.051347222222223
2013-08-24 22:00:00,664,543.5152777777778,52.33311111111111,30.43611111111111,8.976744186046512,24.290458333333333
2013-08-24 22:00:00,666,419.4689265536723,46.863625,155.56666666666666,0.0,26.281958333333332
2013-08-24 22:00:00,668,336.675,53.34893055555556,2160.9777777777776,0.0,23.943736111111114
2013-08-24 22:00:00,717,388.97083333333336,54.17680555555556,185.46527777777777,0.0,23.13976388888889
2013-08-24 22:00:00,719,423.3333333333333,55.103375,534.9027777777778,0.0,23.14763888888889
2013-08-24 22:00:00,721,327.59305555555557,54.52229166666667,334.4138888888889,0.0,22.303944444444443
2013-08-24 22:00:00,722,348.325,52.04390277777778,4.0375,0.0,22.715916666666665
2013-08-24 22:00:00,723,396.05694444444447,58.419875,279.68611111111113,0.0,22.104958333333332
2013-08-24 22:00:00,724,203.87916666666666,53.332125,5.120833333333334,0.0,23.431416666666664
2013-08-24 22:00:00,726,397.7638888888889,51.230083333333326,3.3,0.0,23.892430555555556
2013-08-24 22:00:00,734,330.39528432732317,51.19659722222222,34.575,0.0,24.521305555555557
2013-08-24 22:00:00,746,801.2277777777778,55.00525,30.206944444444446,28.030425963488845,23.82131944444444
2013-08-24 22:00:00,748,499.525,51.18223611111111,3.561111111111111,0.0,23.940194444444444
2013-08-24 22:00:00,752,423.9166666666667,43.379736111111114,5.448611111111111,0.0,26.846486111111112
2013-08-24 22:00:00,754,398.2371705963939,47.61695833333333,10.816666666666666,0.0,25.542152777777776
2013-08-24 22:00:00,776,547.0125,50.17672222222222,97.56944444444444,0.0,25.006583333333335
2013-08-24 23:00:00,413,475.6430555555556,48.78644444444444,112.31666666666666,0.0,23.676597222222224
2013-08-24 23:00:00,415,493.425,54.27726388888888,98.21666666666667,0.0,23.36598611111111
2013-08-24 23:00:00,417,366.5763888888889,53.472236111111116,77.15972222222223,0.0,23.71134722222222
2013-08-24 23:00:00,419,470.1138888888889,53.80980555555555,196.57361111111112,0.0,71.3535
2013-08-24 23:00:00,421,340.29027777777776,54.243208333333335,224.75694444444446,0.0,23.34997222222222
2013-08-24 23:00:00,422,427.575,55.08743055555555,260.36805555555554,0.0,23.43397222222222
2013-08-24 23:00:00,423,364.6777777777778,50.47359722222222,3.6805555555555554,0.0,24.472416666666668
2013-08-24 23:00:00,424,411.6333333333333,50.96225,2.9138888888888888,0.0,24.599597222222222
2013-08-24 23:00:00,442,466.6875,51.767361111111114,5.158333333333333,0.0,23.934583333333336
2013-08-24 23:00:00,446,496.0027777777778,54.87320833333333,3.4166666666666665,0.0,22.940138888888892
2013-08-24 23:00:00,448,391.8152777777778,53.953263888888884,4.170833333333333,0.0,23.441666666666666
2013-08-24 23:00:00,452,373.2625,48.37015277777778,2.7805555555555554,0.0,23.319541666666666
2013-08-24 23:00:00,454,347.9263888888889,54.07431944444445,3.3041666666666667,0.0,23.34309722222222
2013-08-24 23:00:00,456,437.4,52.36944367176634,3.2100139082058416,0.0,23.70356050069541
2013-08-24 23:00:00,458,472.15833333333336,63.82508333333333,3.952777777777778,0.0,20.620916666666666
2013-08-24 23:00:00,462,443.52222222222224,58.35590277777778,3.4138888888888888,0.0,22.38559722222222
2013-08-24 23:00:00,510,328.675,54.736875000000005,381.50416666666666,0.0,23.700277777777778
2013-08-24 23:00:00,511,370.27916666666664,58.29430555555556,341.31805555555553,0.0,21.974083333333333
2013-08-24 23:00:00,513,339.4,57.77941666666667,12.584722222222222,0.0,22.2845
2013-08-24 23:00:00,552,375.606993006993,57.233250000000005,3.311111111111111,0.0,22.601263888888887
2013-08-24 23:00:00,554,449.3861111111111,56.68877777777777,4.413888888888889,0.0,23.5875
2013-08-24 23:00:00,556,447.175,56.80533333333333,3.3930555555555557,0.0,22.725597222222223
2013-08-24 23:00:00,558,404.72083333333336,60.528375,3.4138888888888888,0.0,22.234277777777777
2013-08-24 23:00:00,562,250.0013888888889,59.87270833333333,2.5902777777777777,0.0,22.16102777777778
2013-08-24 23:00:00,564,292.44521497919555,58.88608333333334,3.888888888888889,0.0,22.089055555555557
2013-08-24 23:00:00,621,455.18333333333334,50.92125,133.79305555555555,1.5333333333333334,25.543291666666665
2013-08-24 23:00:00,621A,365.02777777777777,59.180791666666664,156.45138888888889,0.0,21.923041666666666
2013-08-24 23:00:00,621C,428.5805555555556,56.54333333333333,327.4402777777778,0.0,22.649930555555557
2013-08-24 23:00:00,621D,482.27538247566065,54.86033333333334,356.5236111111111,0.0,23.195222222222224
2013-08-24 23:00:00,621E,486.4770514603616,57.829458333333335,93.64027777777778,-1.0,22.40290277777778
2013-08-24 23:00:00,640,401.77222222222224,48.86277777777777,9.652777777777779,0.0,25.283708333333333
2013-08-24 23:00:00,644,434.9791666666667,56.255402777777775,154.17777777777778,0.0,22.50151388888889
2013-08-24 23:00:00,648,122.53611111111111,55.12461752433936,161.38803894297635,0.0,22.541724617524338
2013-08-24 23:00:00,656A,452.65833333333336,49.221555555555554,124.12083333333334,0.0,25.319847222222222
2013-08-24 23:00:00,656B,452.3888888888889,44.59836111111111,63.87361111111111,0.0,26.840069444444442
2013-08-24 23:00:00,664,521.1680555555556,51.77840277777777,28.081944444444446,11.488664987405542,24.52270833333333
2013-08-24 23:00:00,666,412.1902777777778,47.25802777777778,138.40972222222223,0.0,25.973166666666668
2013-08-24 23:00:00,668,333.97222222222223,53.47731944444444,2149.6819444444445,0.0,23.883916666666664
2013-08-24 23:00:00,717,385.2291666666667,53.981125000000006,148.6611111111111,0.0,23.231125
2013-08-24 23:00:00,719,417.69305555555553,54.89608333333334,504.68194444444447,0.0,23.242444444444445
2013-08-24 23:00:00,721,327.3375,54.221375,259.4472222222222,0.0,22.424500000000002
2013-08-24 23:00:00,722,344.1763888888889,52.149208333333334,3.9444444444444446,0.0,22.731805555555557
2013-08-24 23:00:00,723,389.675,58.56554166666667,261.7972222222222,0.0,22.11951388888889
2013-08-24 23:00:00,724,199.8347222222222,53.491499999999995,4.970833333333333,0.0,23.428986111111108
2013-08-24 23:00:00,726,393.99305555555554,51.35109722222222,3.254166666666667,0.0,23.907569444444444
2013-08-24 23:00:00,734,435.93333333333334,49.572625,53.36944444444445,25.296969696969697,25.475722222222224
2013-08-24 23:00:00,746,651.1902777777777,53.922152777777775,29.343055555555555,21.958847736625515,23.84609722222222
2013-08-24 23:00:00,748,500.20694444444445,50.92886111111111,3.1694444444444443,0.0,24.111430555555554
2013-08-24 23:00:00,752,427.49861111111113,43.27019444444444,5.513888888888889,0.0,26.953152777777778
2013-08-24 23:00:00,754,396.2,48.16919444444444,8.275,0.0,25.255958333333336
2013-08-24 23:00:00,776,538.2069444444444,50.122236111111114,96.85277777777777,0.0,24.983736111111114
2013-08-25 00:00:00,413,462.175,48.27252777777778,138.55277777777778,0.0,24.118875
2013-08-25 00:00:00,415,481.0180555555556,54.110305555555556,105.77777777777777,0.0,23.57825
2013-08-25 00:00:00,417,357.06666666666666,53.442055555555555,66.79166666666667,0.0,23.892430555555556
2013-08-25 00:00:00,419,459.45972222222224,53.701208333333334,204.6236111111111,0.0,79.25186111111111
2013-08-25 00:00:00,421,342.9125,54.11248611111111,198.275,0.0,23.60083333333333
2013-08-25 00:00:00,422,415.65833333333336,55.19268055555556,233.13055555555556,0.0,23.581138888888887
2013-08-25 00:00:00,423,353.53472222222223,50.63772222222223,3.7416666666666667,0.0,24.52163888888889
2013-08-25 00:00:00,424,400.2375,51.06494444444445,2.816666666666667,0.0,24.65072222222222
2013-08-25 00:00:00,442,453.5625,52.159055555555554,5.372222222222222,0.0,23.967569444444447
2013-08-25 00:00:00,446,482.06388888888887,55.33168758716876,3.500697350069735,0.0,22.96115760111576
2013-08-25 00:00:00,448,380.31944444444446,54.34204166666666,4.1625,0.0,23.450694444444444
2013-08-25 00:00:00,452,360.78055555555557,48.70041666666667,2.7569444444444446,0.0,23.31925
2013-08-25 00:00:00,454,336.99861111111113,54.418147632311985,3.266016713091922,0.0,23.343272980501393
2013-08-25 00:00:00,456,421.975,52.75525,3.0833333333333335,0.0,23.704055555555552
2013-08-25 00:00:00,458,458.25381414701803,64.58837500000001,4.134722222222222,0.0,20.62472222222222
2013-08-25 00:00:00,462,429.0652777777778,58.891416666666665,3.5277777777777777,0.0,22.395416666666666
2013-08-25 00:00:00,510,321.40277777777777,52.219611111111114,541.4986111111111,0.0,24.816930555555555
2013-08-25 00:00:00,511,357.0361111111111,57.752,747.3236111111111,0.0,22.385444444444445
2013-08-25 00:00:00,513,326.4138888888889,58.005700416088764,11.875173370319,0.0,22.393495145631068
2013-08-25 00:00:00,552,363.0,57.61633333333334,3.125,0.0,22.55963888888889
2013-08-25 00:00:00,554,434.125,56.602666666666664,4.375,0.0,23.52648611111111
2013-08-25 00:00:00,556,433.81388888888887,57.06245833333333,3.3625,0.0,22.660944444444443
2013-08-25 00:00:00,558,391.50416666666666,60.866249999999994,3.4277777777777776,0.0,22.176069444444444
2013-08-25 00:00:00,562,241.49583333333334,60.24022222222222,2.5236111111111112,0.0,22.090194444444446
2013-08-25 00:00:00,564,279.7125,59.10270833333333,3.751388888888889,0.0,22.03615277777778
2013-08-25 00:00:00,621,441.0541666666667,51.268375000000006,84.84722222222223,0.0,25.380152777777777
2013-08-25 00:00:00,621A,352.3513888888889,59.50186111111112,160.40277777777777,0.0,22.001805555555556
2013-08-25 00:00:00,621C,416.1694444444444,56.70838888888889,293.6041666666667,0.0,22.728777777777776
2013-08-25 00:00:00,621D,468.84027777777777,55.03745833333333,327.84583333333336,0.0,23.27936111111111
2013-08-25 00:00:00,621E,467.44166666666666,57.944041666666664,89.25277777777778,-1.0,22.511680555555554
2013-08-25 00:00:00,640,388.49861111111113,50.03351388888888,9.823611111111111,0.0,24.79820833333333
2013-08-25 00:00:00,644,426.2972222222222,57.12676388888888,154.31527777777777,0.0,22.409972222222223
2013-08-25 00:00:00,648,113.14742698191934,56.04972144846796,131.41782729805013,0.0,22.396044568245127
2013-08-25 00:00:00,656A,434.9138888888889,50.24944444444444,87.43055555555556,0.0,24.927305555555556
2013-08-25 00:00:00,656B,426.62083333333334,45.38926388888889,47.37361111111111,0.0,26.406930555555558
2013-08-25 00:00:00,664,401.2763888888889,51.39511111111111,16.20277777777778,5.485411140583555,24.54715277777778
2013-08-25 00:00:00,666,395.8097222222222,48.63163888888889,96.41805555555555,0.0,25.426277777777777
2013-08-25 00:00:00,668,321.8375,54.363194444444446,2140.8694444444445,0.0,23.683861111111113
2013-08-25 00:00:00,717,372.0541666666667,54.32063888888889,132.11527777777778,0.0,23.221583333333335
2013-08-25 00:00:00,719,403.9166666666667,55.218111111111114,473.84166666666664,0.0,23.243083333333335
2013-08-25 00:00:00,721,312.4486111111111,54.40061111111111,291.8638888888889,0.0,22.465875
2013-08-25 00:00:00,722,330.7986111111111,52.51991666666666,3.9694444444444446,0.0,22.717680555555553
2013-08-25 00:00:00,723,375.93194444444447,59.194874999999996,234.75833333333333,0.0,22.097958333333334
2013-08-25 00:00:00,724,189.89583333333334,53.887404795486596,4.9605077574047955,0.0,23.41839210155148
2013-08-25 00:00:00,726,379.8333333333333,51.68844444444444,3.2569444444444446,0.0,23.90761111111111
2013-08-25 00:00:00,734,547.9916666666667,47.75416666666667,69.78611111111111,26.29550561797753,26.818430555555555
2013-08-25 00:00:00,746,563.1583333333333,54.73666666666667,22.843055555555555,9.515463917525773,23.44783333333333
2013-08-25 00:00:00,748,488.90416666666664,51.026250000000005,3.183333333333333,0.0,24.15723611111111
2013-08-25 00:00:00,752,417.3125,43.385819444444444,5.343055555555556,0.0,26.984527777777778
2013-08-25 00:00:00,754,382.3027777777778,49.28504166666667,9.283333333333333,0.0,24.912638888888885
2013-08-25 00:00:00,776,521.2569444444445,50.59866666666667,63.15138888888889,0.0,24.864319444444448
2013-08-25 01:00:00,413,466.0805555555556,47.47626388888888,194.67777777777778,0.0,24.65197222222222
2013-08-25 01:00:00,415,479.91527777777776,53.68120833333334,111.48194444444445,0.0,23.91773611111111
2013-08-25 01:00:00,417,354.43055555555554,53.33784722222222,63.416666666666664,0.0,24.13533333333333
2013-08-25 01:00:00,419,453.64166666666665,53.505333333333326,212.77083333333334,0.0,58.68845833333334
2013-08-25 01:00:00,421,343.49583333333334,54.04280555555555,175.8347222222222,0.0,23.864097222222224
2013-08-25 01:00:00,422,412.86944444444447,55.16113888888889,214.59444444444443,0.0,23.81865277777778
2013-08-25 01:00:00,423,348.68194444444447,50.840069444444445,3.6694444444444443,0.0,24.588069444444443
2013-08-25 01:00:00,424,395.34583333333336,51.25406944444445,2.9194444444444443,0.0,24.704666666666668
2013-08-25 01:00:00,442,450.24583333333334,52.53424999999999,5.938888888888889,0.0,24.020444444444447
2013-08-25 01:00:00,446,478.8222222222222,55.743944444444445,3.488888888888889,0.0,23.004819444444447
2013-08-25 01:00:00,448,375.2652777777778,54.81879166666666,4.169444444444444,0.0,23.45986111111111
2013-08-25 01:00:00,452,357.14722222222224,49.09119444444444,2.7625,0.0,23.331875
2013-08-25 01:00:00,454,331.0236111111111,54.84138888888889,3.326388888888889,0.0,23.347541666666665
2013-08-25 01:00:00,456,418.2888888888889,53.23591666666667,3.3027777777777776,0.0,23.701874999999998
2013-08-25 01:00:00,458,455.6791666666667,65.26729166666668,5.809722222222222,0.0,20.6085
2013-08-25 01:00:00,462,425.49583333333334,59.45443055555556,4.4,0.0,22.397444444444446
2013-08-25 01:00:00,510,329.9875,50.49487499999999,634.0805555555555,0.0,25.53286111111111
2013-08-25 01:00:00,511,356.475,56.95080555555556,624.4736111111112,0.0,22.819083333333335
2013-08-25 01:00:00,513,320.12638888888887,57.93444444444445,12.995833333333334,0.0,22.63801388888889
2013-08-25 01:00:00,552,359.25694444444446,58.10755555555556,3.261111111111111,0.0,22.52951388888889
2013-08-25 01:00:00,554,441.98333333333335,56.42861111111111,4.165277777777778,0.0,23.516597222222224
2013-08-25 01:00:00,556,430.3847222222222,57.38941666666666,3.3472222222222223,0.0,22.619416666666666
2013-08-25 01:00:00,558,389.4638888888889,61.27258333333334,3.5,0.0,22.135944444444444
2013-08-25 01:00:00,562,241.00694444444446,60.61383333333333,2.5569444444444445,0.0,22.050527777777777
2013-08-25 01:00:00,564,275.8666666666667,59.42041666666666,3.7305555555555556,0.0,21.99648611111111
2013-08-25 01:00:00,621,433.7888888888889,51.40193055555555,165.62222222222223,0.0,25.61859722222222
2013-08-25 01:00:00,621A,351.3875,59.64334722222222,200.44166666666666,0.0,22.168305555555555
2013-08-25 01:00:00,621C,412.8986111111111,56.94629166666667,238.7236111111111,0.0,22.83538888888889
2013-08-25 01:00:00,621D,464.5875,55.19129166666667,294.05833333333334,0.0,23.429569444444446
2013-08-25 01:00:00,621E,463.8,58.17016666666666,86.55833333333334,-1.0,22.63588888888889
2013-08-25 01:00:00,640,390.21805555555557,51.432291666666664,8.76388888888889,0.0,24.33376388888889
2013-08-25 01:00:00,644,426.1791666666667,57.59095833333333,78.8625,0.0,22.440819444444447
2013-08-25 01:00:00,648,109.56805555555556,56.50320833333333,32.044444444444444,0.0,22.413097222222223
2013-08-25 01:00:00,656A,429.8027777777778,51.42377777777778,18.38888888888889,0.0,24.54888888888889
2013-08-25 01:00:00,656B,414.74861111111113,46.56445833333334,10.563888888888888,0.0,25.92840277777778
2013-08-25 01:00:00,664,401.60555555555555,52.141263888888886,29.558333333333334,5.504043126684636,24.479569444444447
2013-08-25 01:00:00,666,390.97642163661584,50.126083333333334,24.761111111111113,0.0,24.92227777777778
2013-08-25 01:00:00,668,322.28055555555557,55.546902777777774,2160.197222222222,0.0,23.407305555555553
2013-08-25 01:00:00,717,368.99305555555554,54.577041666666666,128.60972222222222,0.0,23.339333333333332
2013-08-25 01:00:00,719,400.9111111111111,55.46720833333333,454.58472222222224,0.0,23.370166666666666
2013-08-25 01:00:00,721,309.95839112343964,54.48045833333333,473.0472222222222,0.0,22.642333333333333
2013-08-25 01:00:00,722,327.68333333333334,52.943361111111116,3.908333333333333,0.0,22.714958333333335
2013-08-25 01:00:00,723,374.0277392510402,59.64519444444444,225.675,0.0,22.163666666666668
2013-08-25 01:00:00,724,186.49166666666667,54.330957004160894,4.908460471567268,0.0,23.415589459084604
2013-08-25 01:00:00,726,374.46944444444443,52.109,3.251388888888889,0.0,23.908069444444447
2013-08-25 01:00:00,734,366.59305555555557,45.55156944444444,92.10277777777777,2.9642857142857144,27.303472222222222
2013-08-25 01:00:00,746,612.2430555555555,56.166013888888884,27.295833333333334,27.16842105263158,23.19472222222222
2013-08-25 01:00:00,748,481.23333333333335,51.362208333333335,3.1319444444444446,0.0,24.135805555555553
2013-08-25 01:00:00,752,410.54583333333335,43.63098611111111,5.425,0.0,26.988805555555555
2013-08-25 01:00:00,754,380.9375,50.483000000000004,7.268055555555556,0.0,24.5975
2013-08-25 01:00:00,776,517.1458333333334,51.42111111111111,39.97083333333333,0.0,24.622263888888888
2013-08-25 02:00:00,413,463.1430555555556,46.94770833333333,34.75,0.0,24.85170833333333
2013-08-25 02:00:00,415,472.65555555555557,53.328513888888885,42.55972222222222,0.0,24.20265277777778
2013-08-25 02:00:00,417,353.2375,53.09324786324786,20.40883190883191,0.0,24.346638176638177
2013-08-25 02:00:00,419,448.03333333333336,53.236472222222226,84.58611111111111,0.0,80.47744444444444
2013-08-25 02:00:00,421,338.0361111111111,53.89325,64.85972222222222,0.0,24.04427777777778
2013-08-25 02:00:00,422,408.40694444444443,54.85881944444444,85.45,0.0,24.01320833333333
2013-08-25 02:00:00,423,343.84466019417476,50.97372222222222,3.526388888888889,0.0,24.638125000000002
2013-08-25 02:00:00,424,390.0625,51.37376388888889,2.85,0.0,24.75415277777778
2013-08-25 02:00:00,442,445.7107093184979,52.755402777777775,6.147222222222222,0.0,24.04981944444444
2013-08-25 02:00:00,446,475.63055555555553,56.04809722222222,3.373611111111111,0.0,23.01388888888889
2013-08-25 02:00:00,448,370.6281337047354,55.15270833333333,4.129166666666666,0.0,23.470527777777775
2013-08-25 02:00:00,452,350.54027777777776,49.40388888888889,2.7111111111111112,0.0,23.328083333333336
2013-08-25 02:00:00,454,327.18194444444447,55.18405555555555,3.2416666666666667,0.0,23.345291666666668
2013-08-25 02:00:00,456,413.8861111111111,53.57597222222222,3.3152777777777778,0.0,23.701833333333333
2013-08-25 02:00:00,458,452.53472222222223,65.56244444444444,5.605555555555555,0.0,20.60590277777778
2013-08-25 02:00:00,462,422.14166666666665,59.76916666666667,4.305555555555555,0.0,22.393444444444444
2013-08-25 02:00:00,510,322.7125,50.392736111111105,125.97777777777777,0.0,25.314652777777777
2013-08-25 02:00:00,511,349.5375,56.86736111111111,145.79305555555555,0.0,22.845388888888888
2013-08-25 02:00:00,513,315.4458333333333,57.41234722222222,6.620833333333334,0.0,22.905375
2013-08-25 02:00:00,552,354.8125,58.411319444444445,3.2736111111111112,0.0,22.510527777777778
2013-08-25 02:00:00,554,437.25,56.176027777777776,4.348611111111111,0.0,23.55534722222222
2013-08-25 02:00:00,556,426.19444444444446,57.57523611111111,3.4458333333333333,0.0,22.59091666666667
2013-08-25 02:00:00,558,384.5097222222222,61.51891666666667,3.3875,0.0,22.09811111111111
2013-08-25 02:00:00,562,237.54166666666666,60.79529166666667,2.5972222222222223,0.0,22.017222222222223
2013-08-25 02:00:00,564,272.6388888888889,59.615625,3.636111111111111,0.0,21.957555555555555
2013-08-25 02:00:00,621,430.13194444444446,51.34016666666666,99.3375,0.0,25.726930555555555
2013-08-25 02:00:00,621A,348.6222222222222,59.40244444444445,75.34861111111111,0.0,22.29986111111111
2013-08-25 02:00:00,621C,410.15694444444443,56.97251388888889,79.18194444444444,0.0,22.917902777777776
2013-08-25 02:00:00,621D,462.62083333333334,55.088055555555556,103.875,0.0,23.557875
2013-08-25 02:00:00,621E,458.1111111111111,58.045430555555555,34.55555555555556,-1.0,22.778166666666664
2013-08-25 02:00:00,640,385.9972222222222,52.60840277777778,5.006944444444445,0.0,23.930319444444446
2013-08-25 02:00:00,644,428.3722222222222,57.671208333333325,9.147222222222222,0.0,22.496069444444444
2013-08-25 02:00:00,648,104.86134453781513,56.60927777777778,7.775,0.0,22.485208333333333
2013-08-25 02:00:00,656A,424.1152777777778,52.46451388888889,7.613888888888889,0.0,24.19609722222222
2013-08-25 02:00:00,656B,410.21666666666664,47.748,4.802777777777778,0.0,25.47248611111111
2013-08-25 02:00:00,664,521.5597222222223,52.6075,30.502777777777776,0.0,24.548958333333335
2013-08-25 02:00:00,666,390.1361111111111,51.49348611111111,7.729166666666667,0.0,24.47698611111111
2013-08-25 02:00:00,668,315.45694444444445,56.62694444444445,2165.511111111111,0.0,23.09997222222222
2013-08-25 02:00:00,717,366.2472222222222,54.462361111111115,45.48888888888889,0.0,23.48765277777778
2013-08-25 02:00:00,719,396.52990264255914,55.385013888888885,148.9152777777778,0.0,23.473791666666667
2013-08-25 02:00:00,721,308.5486111111111,54.317097222222216,130.00555555555556,0.0,22.77863888888889
2013-08-25 02:00:00,722,322.17083333333335,53.21015277777777,3.863888888888889,0.0,22.709194444444446
2013-08-25 02:00:00,723,368.83194444444445,59.713763888888884,70.725,0.0,22.204444444444444
2013-08-25 02:00:00,724,183.21527777777777,54.60465277777777,4.868055555555555,0.0,23.42273611111111
2013-08-25 02:00:00,726,369.85,52.358694444444446,3.220833333333333,0.0,23.91826388888889
2013-08-25 02:00:00,734,304.0180555555556,45.96858333333333,20.858333333333334,0.0,26.67240277777778
2013-08-25 02:00:00,746,543.8597222222222,56.55225,21.391666666666666,10.415617128463476,23.055055555555555
2013-08-25 02:00:00,748,477.8375,51.640972222222224,3.0708333333333333,0.0,24.127569444444443
2013-08-25 02:00:00,752,403.9125,43.84206944444445,5.411111111111111,0.0,26.988847222222223
2013-08-25 02:00:00,754,379.2319444444444,51.52536111111112,4.134722222222222,0.0,24.283763888888892
2013-08-25 02:00:00,776,505.8888888888889,52.2865,13.052777777777777,2.002724795640327,24.31918055555556
2013-08-25 03:00:00,413,460.0111111111111,47.25272600834492,3.9262865090403336,0.0,24.704756606397776
2013-08-25 03:00:00,415,471.33472222222224,53.92766666666667,17.480555555555554,0.0,24.00594444444444
2013-08-25 03:00:00,417,353.7027777777778,53.44275,3.5680555555555555,0.0,24.222930555555553
2013-08-25 03:00:00,419,445.88194444444446,53.560042492917844,25.03399433427762,0.0,98.75405099150142
2013-08-25 03:00:00,421,336.25,54.32502777777778,17.580555555555556,0.0,23.846763888888887
2013-08-25 03:00:00,422,406.55,55.32465277777778,27.64027777777778,0.0,23.86002777777778
2013-08-25 03:00:00,423,341.1430555555556,51.12301388888889,3.4680555555555554,0.0,24.67501388888889
2013-08-25 03:00:00,424,387.88055555555553,51.508263888888884,2.8694444444444445,0.0,24.790166666666668
2013-08-25 03:00:00,442,444.29027777777776,52.99016666666667,4.008333333333334,0.0,24.077375
2013-08-25 03:00:00,446,474.95694444444445,56.28768055555555,3.3069444444444445,0.0,23.047944444444447
2013-08-25 03:00:00,448,369.086230876217,55.44909722222222,4.05,0.0,23.48270833333333
2013-08-25 03:00:00,452,349.25138888888887,49.647347222222216,2.7805555555555554,0.0,23.33981944444444
2013-08-25 03:00:00,454,324.90416666666664,55.464333333333336,3.2305555555555556,0.0,23.358805555555556
2013-08-25 03:00:00,456,411.88055555555553,53.889624999999995,3.1125,0.0,23.704805555555556
2013-08-25 03:00:00,458,452.11805555555554,66.03491666666666,3.6875,0.0,20.59913888888889
2013-08-25 03:00:00,462,420.72222222222223,60.141999999999996,3.3,0.0,22.38775
2013-08-25 03:00:00,510,315.3361111111111,52.6913730929265,3.027739251040222,0.0,24.31495145631068
2013-08-25 03:00:00,511,349.24444444444447,57.64431944444445,3.861111111111111,0.0,22.607055555555554
2013-08-25 03:00:00,513,312.06388888888887,57.75904166666667,3.4347222222222222,0.0,22.797416666666667
2013-08-25 03:00:00,552,355.5388888888889,58.738194444444446,3.3513888888888888,0.0,22.504402777777777
2013-08-25 03:00:00,554,434.3958333333333,55.97076388888888,4.384722222222222,0.0,23.605194444444447
2013-08-25 03:00:00,556,425.5777777777778,57.80776388888889,3.3694444444444445,0.0,22.585680555555555
2013-08-25 03:00:00,558,384.4458333333333,61.75691666666666,3.5458333333333334,0.0,22.099777777777778
2013-08-25 03:00:00,562,235.34444444444443,60.982875,2.7069444444444444,0.0,22.030361111111112
2013-08-25 03:00:00,564,271.7125,59.777875,3.7444444444444445,0.0,21.969388888888886
2013-08-25 03:00:00,621,429.1347222222222,51.956291666666665,6.145833333333333,0.0,25.38022222222222
2013-08-25 03:00:00,621A,348.15277777777777,60.01616147308781,4.148725212464589,0.0,22.097082152974505
2013-08-25 03:00:00,621C,409.8224687933426,57.53202777777778,3.6319444444444446,0.0,22.725638888888888
2013-08-25 03:00:00,621D,461.19444444444446,55.73593055555556,3.348611111111111,0.0,23.321277777777777
2013-08-25 03:00:00,621E,458.4861111111111,58.33829166666666,6.583333333333333,-1.0,22.689902777777778
2013-08-25 03:00:00,640,389.93611111111113,53.91894444444444,4.138888888888889,0.0,23.544291666666666
2013-08-25 03:00:00,644,426.34027777777777,57.91811111111111,3.9875,0.0,22.508333333333333
2013-08-25 03:00:00,648,108.95138888888889,57.214376770538244,3.678470254957507,0.0,22.389405099150142
2013-08-25 03:00:00,656A,421.7763888888889,53.63572222222222,4.627777777777778,0.0,23.856583333333337
2013-08-25 03:00:00,656B,410.68194444444447,48.969430555555554,3.279166666666667,0.0,25.057694444444447
2013-08-25 03:00:00,664,366.9583333333333,52.16718055555556,24.66111111111111,3.4972826086956523,24.497555555555557
2013-08-25 03:00:00,666,391.13194444444446,53.06623611111112,3.390277777777778,0.0,24.025750000000002
2013-08-25 03:00:00,668,313.9291666666667,57.77308333333334,2188.8430555555556,0.0,22.813458333333333
2013-08-25 03:00:00,717,362.81805555555553,55.25865277777778,4.081944444444445,0.0,23.177986111111114
2013-08-25 03:00:00,719,394.1361111111111,56.39080555555555,3.8027777777777776,0.0,23.049555555555557
2013-08-25 03:00:00,721,305.7972222222222,55.06513888888889,3.6944444444444446,0.0,22.45025
2013-08-25 03:00:00,722,320.70416666666665,53.477875,3.665277777777778,0.0,22.71702777777778
2013-08-25 03:00:00,723,368.4791666666667,60.62156944444444,3.051388888888889,0.0,21.943291666666667
2013-08-25 03:00:00,724,181.7236111111111,54.87390277777778,4.834722222222222,0.0,23.434111111111115
2013-08-25 03:00:00,726,369.77916666666664,52.60023611111111,3.1569444444444446,0.0,23.93351388888889
2013-08-25 03:00:00,734,309.81388888888887,47.86729166666666,4.095833333333333,0.0,25.762194444444443
2013-08-25 03:00:00,746,506.5541666666667,57.63025,5.173611111111111,0.0,22.625097222222223
2013-08-25 03:00:00,748,476.0375,51.96602777777778,2.9902777777777776,0.0,24.073652777777777
2013-08-25 03:00:00,752,396.8224687933426,44.020875,5.344444444444444,0.0,26.983055555555556
2013-08-25 03:00:00,754,376.6986111111111,52.52793055555556,3.625,0.0,24.005513888888892
2013-08-25 03:00:00,776,497.3930555555556,53.16916666666667,4.283333333333333,0.0,24.037736111111112
2013-08-25 04:00:00,413,460.38194444444446,47.89555555555556,3.8680555555555554,0.0,24.455291666666668
2013-08-25 04:00:00,415,472.02777777777777,54.38348611111111,17.455555555555556,0.0,23.854805555555554
2013-08-25 04:00:00,417,352.25416666666666,54.05063888888889,3.4819444444444443,0.0,24.025555555555556
2013-08-25 04:00:00,419,448.80694444444447,54.20261838440112,25.011142061281337,0.0,73.33552924791086
2013-08-25 04:00:00,421,339.1638888888889,54.79544285714285,18.094285714285714,0.0,23.676785714285714
2013-08-25 04:00:00,422,408.04305555555555,56.17056944444444,27.506944444444443,0.0,23.61073611111111
2013-08-25 04:00:00,423,341.6402777777778,51.33823611111111,3.441666666666667,0.0,24.671166666666668
2013-08-25 04:00:00,424,389.225,51.671555555555564,2.786111111111111,0.0,24.801944444444448
2013-08-25 04:00:00,442,446.9861111111111,53.293375000000005,3.986111111111111,0.0,24.07079166666667
2013-08-25 04:00:00,446,476.682892906815,56.65388888888889,3.2708333333333335,0.0,23.03152777777778
2013-08-25 04:00:00,448,369.5152777777778,55.7965,4.098611111111111,0.0,23.47741666666667
2013-08-25 04:00:00,452,350.8777777777778,49.94105555555555,2.7944444444444443,0.0,23.338236111111108
2013-08-25 04:00:00,454,327.30833333333334,55.84113888888889,3.209722222222222,0.0,23.331513888888885
2013-08-25 04:00:00,456,414.7944444444444,54.23781944444445,3.0972222222222223,0.0,23.698208333333334
2013-08-25 04:00:00,458,456.24583333333334,66.47675450762829,3.7447988904299585,0.0,20.57879334257975
2013-08-25 04:00:00,462,425.2972222222222,60.57222222222222,3.308333333333333,0.0,22.35748611111111
2013-08-25 04:00:00,510,309.48055555555555,54.97847222222222,3.011111111111111,0.0,23.58579166666667
2013-08-25 04:00:00,511,350.05833333333334,58.652625,3.745833333333333,0.0,22.32748611111111
2013-08-25 04:00:00,513,314.40694444444443,58.20781944444444,3.4541666666666666,0.0,22.71388888888889
2013-08-25 04:00:00,552,356.6,59.09018030513176,3.366158113730929,0.0,22.48392510402219
2013-08-25 04:00:00,554,435.89166666666665,55.83008333333333,4.416666666666667,0.0,23.639305555555556
2013-08-25 04:00:00,556,428.1958333333333,58.03272222222222,3.3805555555555555,0.0,22.582916666666666
2013-08-25 04:00:00,558,386.1,62.00483333333334,3.3569444444444443,0.0,22.095583333333334
2013-08-25 04:00:00,562,236.84166666666667,61.14962500000001,2.6694444444444443,0.0,22.03677777777778
2013-08-25 04:00:00,564,272.74444444444447,59.993458333333336,3.6847222222222222,0.0,21.95888888888889
2013-08-25 04:00:00,621,427.7138888888889,52.68238888888889,6.1625,0.0,25.19365277777778
2013-08-25 04:00:00,621A,348.0888888888889,61.01758333333334,4.1375,0.0,21.813499999999998
2013-08-25 04:00:00,621C,410.83194444444445,58.478180555555554,3.495833333333333,0.0,22.428194444444443
2013-08-25 04:00:00,621D,461.3333333333333,56.70280555555555,3.0875,0.0,23.00393055555556
2013-08-25 04:00:00,621E,462.5375,58.99294444444444,6.548611111111111,-1.0,22.492444444444445
2013-08-25 04:00:00,640,397.1111111111111,55.27305555555555,4.1722222222222225,0.0,23.17948611111111
2013-08-25 04:00:00,644,428.00555555555553,58.08141666666667,4.020833333333333,0.0,22.530625
2013-08-25 04:00:00,648,110.475,57.578500000000005,3.7694444444444444,0.0,22.355694444444445
2013-08-25 04:00:00,656A,422.65833333333336,54.75284722222223,4.561111111111111,0.0,23.561875
2013-08-25 04:00:00,656B,411.3847222222222,50.13243055555555,3.2597222222222224,0.0,24.693680555555556
2013-08-25 04:00:00,664,395.21666666666664,52.54697222222222,28.429166666666667,5.085333333333334,24.372416666666666
2013-08-25 04:00:00,666,398.0263888888889,54.51713888888889,3.3652777777777776,0.0,23.639555555555553
2013-08-25 04:00:00,668,317.5097222222222,58.83855555555556,2174.1305555555555,0.0,22.546958333333333
2013-08-25 04:00:00,717,364.0652777777778,56.337361111111115,4.041666666666667,0.0,22.842333333333332
2013-08-25 04:00:00,719,397.28333333333336,57.60180555555556,3.529166666666667,0.0,22.688111111111112
2013-08-25 04:00:00,721,305.7708333333333,56.427527777777776,3.5833333333333335,0.0,21.986847222222224
2013-08-25 04:00:00,722,322.90416666666664,53.78823611111111,3.7180555555555554,0.0,22.70276388888889
2013-08-25 04:00:00,723,375.4402777777778,61.68158333333333,2.9805555555555556,0.0,21.690319444444444
2013-08-25 04:00:00,724,182.51666666666668,55.17520833333334,4.763888888888889,0.0,23.428875
2013-08-25 04:00:00,726,370.06805555555553,52.87781944444444,3.1597222222222223,0.0,23.928138888888892
2013-08-25 04:00:00,734,308.7083333333333,49.86290277777778,4.072222222222222,0.0,24.966680555555552
2013-08-25 04:00:00,746,551.4138888888889,58.68456944444444,26.591666666666665,9.806122448979592,22.492361111111112
2013-08-25 04:00:00,748,480.8847222222222,52.59472222222222,2.95,0.0,23.929819444444448
2013-08-25 04:00:00,752,394.33286713286714,44.29909722222222,5.536111111111111,0.0,26.903708333333334
2013-08-25 04:00:00,754,379.11944444444447,53.64145833333333,3.609722222222222,0.0,23.70415277777778
2013-08-25 04:00:00,776,499.4402777777778,53.96977777777777,4.305555555555555,0.0,23.804902777777777
2013-08-25 05:00:00,413,459.7361111111111,48.24838571428572,3.8842857142857143,0.0,24.254099999999998
2013-08-25 05:00:00,415,474.47222222222223,54.742333333333335,17.4125,0.0,23.693277777777777
2013-08-25 05:00:00,417,352.4458333333333,54.47291666666667,3.5069444444444446,0.0,23.845625
2013-08-25 05:00:00,419,451.25495750708217,54.64698611111111,24.966666666666665,0.0,63.76481944444444
2013-08-25 05:00:00,421,336.9861111111111,55.158388888888894,18.125,0.0,23.50973611111111
2013-08-25 05:00:00,422,410.625,56.66777777777778,27.556944444444444,0.0,23.41386111111111
2013-08-25 05:00:00,423,344.28194444444443,51.45119444444445,3.5319444444444446,0.0,24.646763888888888
2013-08-25 05:00:00,424,389.8305555555556,51.74793055555555,2.8180555555555555,0.0,24.781180555555558
2013-08-25 05:00:00,442,450.03472222222223,53.3905,4.0569444444444445,0.0,24.045652777777775
2013-08-25 05:00:00,446,478.2763888888889,56.891736111111115,3.2111111111111112,0.0,22.969444444444445
2013-08-25 05:00:00,448,372.8013888888889,55.958444444444446,4.0569444444444445,0.0,23.463194444444444
2013-08-25 05:00:00,452,353.1277777777778,50.09774787535411,2.7464589235127477,0.0,23.315453257790367
2013-08-25 05:00:00,454,329.3013888888889,56.090513888888886,3.2708333333333335,0.0,23.299513888888892
2013-08-25 05:00:00,456,416.9625,54.42628294036061,3.158113730929265,0.0,23.67522884882108
2013-08-25 05:00:00,458,457.46805555555557,66.39840277777778,3.6958333333333333,0.0,20.577861111111112
2013-08-25 05:00:00,462,427.4791666666667,60.64346740638003,3.323162274618585,0.0,22.329570041608875
2013-08-25 05:00:00,510,308.3777777777778,56.40743055555556,3.1638888888888888,0.0,23.087152777777778
2013-08-25 05:00:00,511,348.5097222222222,59.32790277777777,3.811111111111111,0.0,22.059680555555556
2013-08-25 05:00:00,513,314.40416666666664,58.625597222222225,3.441666666666667,0.0,22.534222222222223
2013-08-25 05:00:00,552,359.5763888888889,59.14479166666667,3.2847222222222223,0.0,22.466749999999998
2013-08-25 05:00:00,554,437.1013888888889,55.77773611111111,3.397222222222222,0.0,23.603208333333335
2013-08-25 05:00:00,556,430.1388888888889,58.02908333333334,3.4208333333333334,0.0,22.57165277777778
2013-08-25 05:00:00,558,389.87083333333334,62.000791666666665,3.459722222222222,0.0,22.078277777777775
2013-08-25 05:00:00,562,238.7736111111111,61.09766666666667,2.6041666666666665,0.0,22.025972222222222
2013-08-25 05:00:00,564,276.915611814346,60.01025,3.6555555555555554,0.0,21.932291666666668
2013-08-25 05:00:00,621,430.72777777777776,53.05244444444445,6.152777777777778,0.0,25.093722222222222
2013-08-25 05:00:00,621A,349.675,61.657624999999996,4.1625,0.0,21.569347222222223
2013-08-25 05:00:00,621C,414.4291666666667,59.08476388888889,3.566666666666667,0.0,22.19738888888889
2013-08-25 05:00:00,621D,463.1069444444444,57.334152777777774,3.091666666666667,0.0,22.747027777777777
2013-08-25 05:00:00,621E,466.01529902642557,59.60447222222222,6.5569444444444445,-1.0,22.248416666666667
2013-08-25 05:00:00,640,401.93611111111113,56.12581944444444,4.102777777777778,0.0,22.89263888888889
2013-08-25 05:00:00,644,429.5763888888889,58.29816666666667,3.9652777777777777,0.0,22.429791666666667
2013-08-25 05:00:00,648,106.725,57.455875000000006,3.8069444444444445,0.0,22.372680555555554
2013-08-25 05:00:00,656A,423.6972222222222,55.493583333333326,4.573611111111111,0.0,23.31330555555556
2013-08-25 05:00:00,656B,415.5416666666667,50.943041666666666,3.2152777777777777,0.0,24.39997222222222
2013-08-25 05:00:00,664,490.5388888888889,53.07906944444444,30.40138888888889,0.0,24.30708333333333
2013-08-25 05:00:00,666,399.16805555555555,55.29409722222222,3.3069444444444445,0.0,23.38536111111111
2013-08-25 05:00:00,668,321.96944444444443,59.473777777777784,2155.909722222222,0.0,22.310944444444445
2013-08-25 05:00:00,717,366.9638888888889,57.01433333333333,4.063888888888889,0.0,22.581791666666668
2013-08-25 05:00:00,719,398.73055555555555,58.31979166666667,3.504166666666667,0.0,22.42073611111111
2013-08-25 05:00:00,721,306.8152777777778,57.91602777777778,3.5458333333333334,0.0,21.455972222222222
2013-08-25 05:00:00,722,324.87638888888887,53.86741666666667,3.65,0.0,22.680763888888887
2013-08-25 05:00:00,723,384.3222222222222,62.20625,2.9458333333333333,0.0,21.515875
2013-08-25 05:00:00,724,186.15555555555557,55.263861111111105,4.780555555555556,0.0,23.40670833333333
2013-08-25 05:00:00,726,373.18194444444447,52.95170833333333,3.1958333333333333,0.0,23.913972222222224
2013-08-25 05:00:00,734,308.55555555555554,51.425,4.136111111111111,0.0,24.333236111111113
2013-08-25 05:00:00,746,515.25,58.898583333333335,16.559722222222224,3.638814016172507,22.319791666666667
2013-08-25 05:00:00,748,477.5208333333333,52.87134535367545,2.9320388349514563,0.0,23.844660194174757
2013-08-25 05:00:00,752,397.71666666666664,44.57015277777778,5.3597222222222225,0.0,26.769166666666667
2013-08-25 05:00:00,754,380.88194444444446,54.32123611111111,3.625,0.0,23.475319444444445
2013-08-25 05:00:00,776,501.6347222222222,54.42191666666667,4.315277777777778,0.0,23.630041666666667
2013-08-25 06:00:00,413,460.15833333333336,48.59111111111111,3.861111111111111,0.0,24.077055555555553
2013-08-25 06:00:00,415,474.1791666666667,55.10122222222222,17.418055555555554,0.0,23.535958333333333
2013-08-25 06:00:00,417,352.69166666666666,54.84745833333333,3.5180555555555557,0.0,23.69851388888889
2013-08-25 06:00:00,419,453.13630041724616,55.05723611111111,25.0125,0.0,90.62956944444444
2013-08-25 06:00:00,421,334.8388888888889,55.479222222222226,18.158333333333335,0.0,23.373097222222224
2013-08-25 06:00:00,422,410.6388888888889,57.056888888888885,27.620833333333334,0.0,23.288958333333333
2013-08-25 06:00:00,423,345.00555555555553,51.582708333333336,3.452777777777778,0.0,24.604555555555553
2013-08-25 06:00:00,424,393.4472222222222,51.84113888888889,2.9277777777777776,0.0,24.74838888888889
2013-08-25 06:00:00,442,451.15277777777777,53.504375,3.975,0.0,24.017402777777775
2013-08-25 06:00:00,446,480.11944444444447,57.03380555555555,3.254166666666667,0.0,22.94622222222222
2013-08-25 06:00:00,448,375.22884882108184,56.09272222222223,4.084722222222222,0.0,23.44155555555556
2013-08-25 06:00:00,452,354.2013888888889,50.21834722222222,2.8097222222222222,0.0,23.296055555555554
2013-08-25 06:00:00,454,330.35277777777776,56.27616666666666,3.2916666666666665,0.0,23.278458333333337
2013-08-25 06:00:00,456,418.7944444444444,54.59688888888889,3.1666666666666665,0.0,23.648680555555554
2013-08-25 06:00:00,458,458.7027777777778,66.49788888888888,3.6666666666666665,0.0,20.56561111111111
2013-08-25 06:00:00,462,429.01944444444445,60.77616666666667,3.2305555555555556,0.0,22.30275
2013-08-25 06:00:00,510,308.09444444444443,57.55519444444444,3.827777777777778,0.0,22.75736111111111
2013-08-25 06:00:00,511,352.1277777777778,60.08963888888889,3.725,0.0,21.834625
2013-08-25 06:00:00,513,315.5236111111111,59.211388888888884,3.4472222222222224,0.0,22.347625
2013-08-25 06:00:00,552,360.84583333333336,59.257374999999996,3.2444444444444445,0.0,22.445847222222223
2013-08-25 06:00:00,554,428.74861111111113,56.121097222222225,2.923611111111111,0.0,23.443305555555558
2013-08-25 06:00:00,556,431.53194444444443,58.107375,3.272222222222222,0.0,22.551416666666668
2013-08-25 06:00:00,558,390.3625,62.069874999999996,3.422222222222222,0.0,22.06098611111111
2013-08-25 06:00:00,562,238.68194444444444,61.15820833333334,2.6444444444444444,0.0,22.008972222222223
2013-08-25 06:00:00,564,276.6138888888889,60.09775,3.6555555555555554,0.0,21.91109722222222
2013-08-25 06:00:00,621,429.6041666666667,53.364041666666665,6.0569444444444445,0.0,25.01958333333333
2013-08-25 06:00:00,621A,353.11944444444447,62.308375,4.0569444444444445,0.0,21.402944444444447
2013-08-25 06:00:00,621C,414.575,59.642763888888894,3.5277777777777777,0.0,22.037708333333335
2013-08-25 06:00:00,621D,463.03055555555557,57.92473611111111,3.158333333333333,0.0,22.565375
2013-08-25 06:00:00,621E,464.68706536856746,60.17176388888889,6.590277777777778,-1.0,22.06859722222222
2013-08-25 06:00:00,640,402.74444444444447,56.94811111111111,4.0625,0.0,22.66686111111111
2013-08-25 06:00:00,644,429.8388888888889,58.500666666666675,4.022222222222222,0.0,22.358888888888888
2013-08-25 06:00:00,648,108.74722222222222,57.515875,3.736111111111111,0.0,22.344388888888886
2013-08-25 06:00:00,656A,424.24444444444447,56.226527777777775,4.6125,0.0,23.098388888888888
2013-08-25 06:00:00,656B,419.86805555555554,51.68166666666667,3.2305555555555556,0.0,24.157125
2013-08-25 06:00:00,664,417.53472222222223,53.30831944444444,16.62361111111111,3.6587301587301586,24.138625
2013-08-25 06:00:00,666,401.2125,56.12855555555555,3.2736111111111112,0.0,23.153847222222222
2013-08-25 06:00:00,668,325.2013888888889,60.10213888888889,2180.1069444444443,0.0,22.13422222222222
2013-08-25 06:00:00,717,365.65694444444443,57.677625,4.025,0.0,22.37825
2013-08-25 06:00:00,719,399.06388888888887,58.98726388888889,3.4208333333333334,0.0,22.226041666666667
2013-08-25 06:00:00,721,306.1875,59.03609722222222,3.6055555555555556,0.0,21.154666666666667
2013-08-25 06:00:00,722,324.40833333333336,54.017805555555555,3.725,0.0,22.662333333333333
2013-08-25 06:00:00,723,390.2388888888889,62.59158333333334,3.029166666666667,0.0,21.44338888888889
2013-08-25 06:00:00,724,185.46527777777777,55.39375,4.795833333333333,0.0,23.391777777777776
2013-08-25 06:00:00,726,374.34722222222223,53.054638888888896,3.2152777777777777,0.0,23.89911111111111
2013-08-25 06:00:00,734,307.8333333333333,52.783055555555556,4.170833333333333,0.0,23.883513888888892
2013-08-25 06:00:00,746,497.4277777777778,60.07747222222222,3.4097222222222223,0.0,21.88952777777778
2013-08-25 06:00:00,748,474.49861111111113,53.13136111111111,3.051388888888889,0.0,23.745083333333334
2013-08-25 06:00:00,752,396.4458333333333,44.832166666666666,5.261111111111111,0.0,26.63520833333333
2013-08-25 06:00:00,754,382.10833333333335,54.96890277777778,3.536111111111111,0.0,23.279569444444444
2013-08-25 06:00:00,776,499.2375,54.98572222222222,4.154166666666667,0.0,23.444083333333335
2013-08-25 07:00:00,413,460.8277777777778,49.22298611111111,3.754166666666667,0.0,23.888569444444446
2013-08-25 07:00:00,415,476.725,55.536722222222224,17.461111111111112,0.0,23.402736111111114
2013-08-25 07:00:00,417,353.3861111111111,55.315749999999994,3.341666666666667,0.0,23.572791666666667
2013-08-25 07:00:00,419,453.59722222222223,55.56397222222222,25.0375,0.0,87.42283333333333
2013-08-25 07:00:00,421,337.00694444444446,55.89211111111111,18.17361111111111,0.0,23.263194444444444
2013-08-25 07:00:00,422,414.0486111111111,57.57122222222222,27.508333333333333,0.0,23.197083333333335
2013-08-25 07:00:00,423,346.9861111111111,51.82548611111111,3.408333333333333,0.0,24.554680555555553
2013-08-25 07:00:00,424,396.25138888888887,52.03908333333333,2.7875,0.0,24.70415277777778
2013-08-25 07:00:00,442,452.25034770514605,53.785513888888886,4.016666666666667,0.0,23.997166666666665
2013-08-25 07:00:00,446,481.675,57.32530555555556,3.3291666666666666,0.0,22.929166666666667
2013-08-25 07:00:00,448,376.71666666666664,56.347027777777775,4.123611111111111,0.0,23.422291666666666
2013-08-25 07:00:00,452,356.3888888888889,50.43724617524339,2.767732962447844,0.0,23.275535465924897
2013-08-25 07:00:00,454,331.39444444444445,56.54952777777778,3.2597222222222224,0.0,23.254902777777776
2013-08-25 07:00:00,456,421.2013888888889,54.87736111111111,3.165277777777778,0.0,23.619791666666668
2013-08-25 07:00:00,458,461.1986111111111,66.95843055555555,3.702777777777778,0.0,20.587916666666665
2013-08-25 07:00:00,462,431.03055555555557,61.16137500000001,3.3625,0.0,22.274597222222223
2013-08-25 07:00:00,510,310.7611111111111,58.68970833333333,3.779166666666667,0.0,22.522319444444445
2013-08-25 07:00:00,511,354.71805555555557,61.02970833333333,3.7930555555555556,0.0,21.653222222222222
2013-08-25 07:00:00,513,318.0527777777778,59.94198611111111,3.573611111111111,0.0,22.2025
2013-08-25 07:00:00,552,361.9013888888889,59.53731944444445,3.323611111111111,0.0,22.43826388888889
2013-08-25 07:00:00,554,431.3361111111111,56.540930555555555,2.936111111111111,0.0,23.31788888888889
2013-08-25 07:00:00,556,432.74861111111113,58.34069444444445,3.3194444444444446,0.0,22.54348611111111
2013-08-25 07:00:00,558,391.40277777777777,62.355125,3.433333333333333,0.0,22.040458333333333
2013-08-25 07:00:00,562,240.70416666666668,61.42995833333333,2.626388888888889,0.0,21.99065277777778
2013-08-25 07:00:00,564,277.50555555555553,60.36933333333333,3.7055555555555557,0.0,21.89027777777778
2013-08-25 07:00:00,621,431.48333333333335,53.706624999999995,6.095833333333333,0.0,24.967527777777775
2013-08-25 07:00:00,621A,355.6111111111111,63.098708333333335,4.108333333333333,0.0,21.284875
2013-08-25 07:00:00,621C,415.7375,60.294333333333334,3.5680555555555555,0.0,21.91173611111111
2013-08-25 07:00:00,621D,464.0374479889043,58.63506944444445,3.1875,0.0,22.41751388888889
2013-08-25 07:00:00,621E,464.44444444444446,60.85275000000001,6.5625,-1.0,21.922416666666667
2013-08-25 07:00:00,640,404.75,57.82901388888889,4.1305555555555555,0.0,22.492652777777778
2013-08-25 07:00:00,644,433.29583333333335,58.879138888888896,4.061111111111111,0.0,22.297444444444444
2013-08-25 07:00:00,648,111.23194444444445,57.813430555555556,3.8041666666666667,0.0,22.302888888888887
2013-08-25 07:00:00,656A,427.46527777777777,57.04855555555555,4.588888888888889,0.0,22.919597222222222
2013-08-25 07:00:00,656B,423.02222222222224,52.51815277777778,3.248611111111111,0.0,23.9415
2013-08-25 07:00:00,664,324.83194444444445,53.98694444444444,3.1527777777777777,0.0,23.74751388888889
2013-08-25 07:00:00,666,403.59444444444443,57.08751388888889,3.433333333333333,0.0,22.945749999999997
2013-08-25 07:00:00,668,325.9166666666667,60.88965277777778,2170.1944444444443,0.0,21.990208333333335
2013-08-25 07:00:00,717,367.59166666666664,58.4,4.061111111111111,0.0,22.223958333333332
2013-08-25 07:00:00,719,400.525,59.740569444444446,3.488888888888889,0.0,22.06588888888889
2013-08-25 07:00:00,721,305.5375,59.95865277777778,3.5166666666666666,0.0,20.978944444444444
2013-08-25 07:00:00,722,327.04305555555555,54.279805555555555,3.6569444444444446,0.0,22.638125000000002
2013-08-25 07:00:00,723,390.3277777777778,63.02920833333333,2.9694444444444446,0.0,21.39865277777778
2013-08-25 07:00:00,724,187.90833333333333,55.641083333333334,4.7972222222222225,0.0,23.37580555555555
2013-08-25 07:00:00,726,377.47222222222223,53.249944444444445,3.188888888888889,0.0,23.88388888888889
2013-08-25 07:00:00,734,311.95694444444445,54.067861111111114,4.104166666666667,0.0,23.559861111111108
2013-08-25 07:00:00,746,498.31944444444446,61.365625,3.498611111111111,0.0,21.620416666666667
2013-08-25 07:00:00,748,475.4347222222222,53.553958333333334,2.9944444444444445,0.0,23.624111111111112
2013-08-25 07:00:00,752,398.55694444444447,45.20970873786408,5.251040221914009,0.0,26.507101248266295
2013-08-25 07:00:00,754,385.5083333333333,55.75255555555555,3.6069444444444443,0.0,23.10556944444444
2013-08-25 07:00:00,776,500.2861111111111,55.68877947295423,4.323162274618586,0.0,23.273398058252425
2013-08-25 08:00:00,413,457.1333333333333,50.61826388888889,3.7958333333333334,0.0,23.739527777777777
2013-08-25 08:00:00,415,473.80443828016644,56.45418055555556,17.525,0.0,23.311444444444447
2013-08-25 08:00:00,417,352.03333333333336,56.263625,3.341666666666667,0.0,23.500361111111108
2013-08-25 08:00:00,419,451.575,56.55159722222223,25.018055555555556,0.0,88.120125
2013-08-25 08:00:00,421,336.8208333333333,56.804319444444445,18.181944444444444,0.0,23.201180555555553
2013-08-25 08:00:00,422,410.01944444444445,58.821583333333336,27.616666666666667,0.0,23.152916666666666
2013-08-25 08:00:00,423,345.8902777777778,52.554625,3.4,0.0,24.509333333333334
2013-08-25 08:00:00,424,394.0125,52.68848611111111,2.8652777777777776,0.0,24.673722222222224
2013-08-25 08:00:00,442,449.46527777777777,54.753875,3.9944444444444445,0.0,23.98097222222222
2013-08-25 08:00:00,446,478.13055555555553,58.44979166666666,3.2222222222222223,0.0,22.90913888888889
2013-08-25 08:00:00,448,374.0777777777778,57.20968055555556,4.166666666666667,0.0,23.412680555555557
2013-08-25 08:00:00,452,354.5263888888889,51.150763888888896,2.7847222222222223,0.0,23.269013888888885
2013-08-25 08:00:00,454,328.3041666666667,57.28461752433936,3.267037552155772,0.0,23.2417107093185
2013-08-25 08:00:00,456,418.3208333333333,55.72034722222222,3.225,0.0,23.612180555555558
2013-08-25 08:00:00,458,456.43194444444447,68.62816666666666,3.734722222222222,0.0,20.571833333333334
2013-08-25 08:00:00,462,427.4458333333333,62.384625,3.2694444444444444,0.0,22.283486111111113
2013-08-25 08:00:00,510,307.40277777777777,60.593222222222224,3.8402777777777777,0.0,22.351916666666664
2013-08-25 08:00:00,511,351.94444444444446,62.814416666666666,3.683333333333333,0.0,21.53377777777778
2013-08-25 08:00:00,513,319.55694444444447,61.36987499999999,3.5791666666666666,0.0,22.125763888888887
2013-08-25 08:00:00,552,360.24444444444447,60.603375,3.326388888888889,0.0,22.434597222222223
2013-08-25 08:00:00,554,430.5125,57.523916666666665,2.9555555555555557,0.0,23.23013888888889
2013-08-25 08:00:00,556,430.6638888888889,59.175,3.341666666666667,0.0,22.589958333333335
2013-08-25 08:00:00,558,386.925,63.3522052704577,3.3897364771151177,0.0,22.047295423023577
2013-08-25 08:00:00,562,238.2625,62.41704166666666,2.5791666666666666,0.0,21.993055555555557
2013-08-25 08:00:00,564,274.65972222222223,61.317083333333336,3.665277777777778,0.0,21.88313888888889
2013-08-25 08:00:00,621,430.22222222222223,54.459138888888894,6.230555555555555,0.0,24.943236111111112
2013-08-25 08:00:00,621A,352.9625,64.61802777777778,4.033333333333333,0.0,21.233763888888888
2013-08-25 08:00:00,621C,412.9527777777778,61.53083333333333,3.5375,0.0,21.853430555555555
2013-08-25 08:00:00,621D,459.41527777777776,59.97244444444445,3.140277777777778,0.0,22.330708333333334
2013-08-25 08:00:00,621E,460.6611111111111,62.118874999999996,6.5875,-1.0,21.838805555555556
2013-08-25 08:00:00,640,403.70694444444445,59.380472222222224,4.143055555555556,0.0,22.386194444444445
2013-08-25 08:00:00,644,430.87916666666666,59.81679166666666,3.9652777777777777,0.0,22.279430555555557
2013-08-25 08:00:00,648,107.75034674063801,58.70766666666666,3.709722222222222,0.0,22.28777777777778
2013-08-25 08:00:00,656A,425.7972222222222,58.39865277777778,4.675,0.0,22.796722222222222
2013-08-25 08:00:00,656B,419.7680555555556,53.81636111111111,3.245833333333333,0.0,23.793097222222222
2013-08-25 08:00:00,664,309.3861111111111,55.27308333333334,3.1,0.0,23.524083333333333
2013-08-25 08:00:00,666,398.81805555555553,58.708861111111105,3.261111111111111,0.0,22.79026388888889
2013-08-25 08:00:00,668,323.6069444444444,62.54025000000001,2162.3375,0.0,21.872680555555554
2013-08-25 08:00:00,717,364.05,59.65679166666666,4.038888888888889,0.0,22.13198611111111
2013-08-25 08:00:00,719,397.4888888888889,61.04465277777778,3.5069444444444446,0.0,21.976791666666667
2013-08-25 08:00:00,721,300.9236111111111,61.276583333333335,3.636111111111111,0.0,20.921847222222222
2013-08-25 08:00:00,722,324.22222222222223,55.04165277777778,3.6597222222222223,0.0,22.630930555555555
2013-08-25 08:00:00,723,386.875,64.254625,2.9055555555555554,0.0,21.390416666666667
2013-08-25 08:00:00,724,185.425,56.41579166666667,4.786111111111111,0.0,23.37275
2013-08-25 08:00:00,726,375.8097222222222,53.94108333333334,3.213888888888889,0.0,23.876402777777777
2013-08-25 08:00:00,734,306.6777777777778,55.803875,4.1625,0.0,23.338166666666666
2013-08-25 08:00:00,746,493.95694444444445,63.22002777777777,3.4930555555555554,0.0,21.50347222222222
2013-08-25 08:00:00,748,473.8361111111111,54.370837988826814,3.032122905027933,0.0,23.53917597765363
2013-08-25 08:00:00,752,395.025,45.91079166666666,5.245833333333334,0.0,26.43177777777778
2013-08-25 08:00:00,754,382.2652777777778,57.068305555555554,3.5388888888888888,0.0,23.01523611111111
2013-08-25 08:00:00,776,497.09583333333336,56.86944444444445,4.270833333333333,0.0,23.178069444444443
2013-08-25 09:00:00,413,455.20416666666665,51.60575,3.751388888888889,0.0,23.603125
2013-08-25 09:00:00,415,472.09444444444443,57.26616666666666,17.45,0.0,23.25375
2013-08-25 09:00:00,417,351.55555555555554,57.051944444444445,3.451388888888889,0.0,23.45151388888889
2013-08-25 09:00:00,419,450.44166666666666,57.37459722222222,25.05,0.0,88.84484722222223
2013-08-25 09:00:00,421,334.77777777777777,57.62595833333334,18.225,0.0,23.153444444444442
2013-08-25 09:00:00,422,408.5263888888889,59.66269444444444,27.5875,0.0,23.121
2013-08-25 09:00:00,423,346.1098748261474,53.23177777777777,3.422222222222222,0.0,24.471541666666663
2013-08-25 09:00:00,424,392.61805555555554,53.309125,2.901388888888889,0.0,24.647194444444445
2013-08-25 09:00:00,442,449.2236111111111,55.46019444444444,3.9930555555555554,0.0,23.97641666666667
2013-08-25 09:00:00,446,476.4291666666667,59.242666666666665,3.2930555555555556,0.0,22.90352777777778
2013-08-25 09:00:00,448,373.89166666666665,57.945194444444446,4.1097222222222225,0.0,23.406569444444443
2013-08-25 09:00:00,452,353.93055555555554,51.78280555555556,2.8069444444444445,0.0,23.26695833333333
2013-08-25 09:00:00,454,329.6152777777778,57.947875,3.3208333333333333,0.0,23.239541666666664
2013-08-25 09:00:00,456,417.90555555555557,56.437111111111115,3.136111111111111,0.0,23.616819444444445
2013-08-25 09:00:00,458,458.56944444444446,69.38834722222222,3.675,0.0,20.574055555555557
2013-08-25 09:00:00,462,427.5777777777778,63.13858333333333,3.2597222222222224,0.0,22.291569444444445
2013-08-25 09:00:00,510,306.53472222222223,61.65504166666666,3.8055555555555554,0.0,22.244333333333334
2013-08-25 09:00:00,511,353.00555555555553,63.869263888888895,3.713888888888889,0.0,21.443805555555556
2013-08-25 09:00:00,513,316.6550764951321,62.300625,3.4208333333333334,0.0,22.065347222222222
2013-08-25 09:00:00,552,360.06388888888887,61.329499999999996,3.379166666666667,0.0,22.422333333333334
2013-08-25 09:00:00,554,431.43333333333334,58.28125,2.9541666666666666,0.0,23.18236111111111
2013-08-25 09:00:00,556,429.90555555555557,59.67977777777778,3.386111111111111,0.0,22.632472222222223
2013-08-25 09:00:00,558,388.4125,63.98706944444445,3.441666666666667,0.0,22.05454166666667
2013-08-25 09:00:00,562,239.48266296809987,63.03091666666667,2.6,0.0,22.002152777777777
2013-08-25 09:00:00,564,276.1694444444444,61.94295833333334,3.654166666666667,0.0,21.88115277777778
2013-08-25 09:00:00,621,429.00138888888887,55.06161111111111,6.144444444444445,0.0,24.930069444444445
2013-08-25 09:00:00,621A,356.9631728045326,65.395375,4.073611111111111,0.0,21.199708333333334
2013-08-25 09:00:00,621C,415.22777777777776,62.37233333333334,3.5375,0.0,21.814486111111112
2013-08-25 09:00:00,621D,460.33472222222224,60.77583333333333,3.1791666666666667,0.0,22.279694444444445
2013-08-25 09:00:00,621E,459.72777777777776,63.00358333333334,6.604166666666667,-1.0,21.771430555555558
2013-08-25 09:00:00,640,404.4486111111111,60.3793888888889,4.156944444444444,0.0,22.29863888888889
2013-08-25 09:00:00,644,429.7236111111111,60.55616666666667,4.020833333333333,0.0,22.250152777777778
2013-08-25 09:00:00,648,104.76388888888889,59.36527777777778,3.7555555555555555,0.0,22.27572222222222
2013-08-25 09:00:00,656A,426.04305555555555,59.347763888888885,4.583333333333333,0.0,22.709791666666664
2013-08-25 09:00:00,656B,418.37638888888887,54.77186111111111,3.248611111111111,0.0,23.691875000000003
2013-08-25 09:00:00,664,310.89722222222224,56.284736111111116,3.095833333333333,0.0,23.37223611111111
2013-08-25 09:00:00,666,398.24861111111113,59.88108333333333,3.338888888888889,0.0,22.654333333333334
2013-08-25 09:00:00,668,323.87780898876406,63.432125,2174.85,0.0,21.803875
2013-08-25 09:00:00,717,363.58472222222224,60.53040277777778,4.0680555555555555,0.0,22.06383333333333
2013-08-25 09:00:00,719,397.15555555555557,61.908625,3.5180555555555557,0.0,21.917402777777777
2013-08-25 09:00:00,721,301.5513888888889,62.08970833333333,3.548611111111111,0.0,20.87677777777778
2013-08-25 09:00:00,722,323.35,55.56356944444444,3.7625,0.0,22.626291666666667
2013-08-25 09:00:00,723,388.01944444444445,64.94458333333333,2.9680555555555554,0.0,21.37184722222222
2013-08-25 09:00:00,724,185.40416666666667,56.97174999999999,4.769444444444445,0.0,23.37205555555556
2013-08-25 09:00:00,726,374.39722222222224,54.47005555555556,3.2069444444444444,0.0,23.87558333333333
2013-08-25 09:00:00,734,309.2083333333333,57.03033333333333,4.623611111111111,0.0,23.159305555555555
2013-08-25 09:00:00,746,493.9347222222222,64.21204166666666,3.4569444444444444,0.0,21.41876388888889
2013-08-25 09:00:00,748,471.48333333333335,55.09708333333334,3.0430555555555556,0.0,23.475847222222225
2013-08-25 09:00:00,752,392.6152777777778,46.53208333333333,5.277777777777778,0.0,26.380166666666668
2013-08-25 09:00:00,754,382.0513888888889,57.94819444444444,3.602777777777778,0.0,22.95234722222222
2013-08-25 09:00:00,776,495.3513888888889,57.74538888888889,4.215277777777778,0.0,23.087763888888887
2013-08-25 10:00:00,413,455.6277777777778,52.17363888888888,3.8930555555555557,0.0,23.478319444444445
2013-08-25 10:00:00,415,473.71944444444443,57.82273611111111,17.459722222222222,0.0,23.200875
2013-08-25 10:00:00,417,351.3041666666667,57.5585,3.423611111111111,0.0,23.406541666666666
2013-08-25 10:00:00,419,451.0833333333333,57.89833333333334,25.051388888888887,0.0,101.93583333333333
2013-08-25 10:00:00,421,337.9486111111111,58.18659722222222,18.20277777777778,0.0,23.109625
2013-08-25 10:00:00,422,409.53055555555557,60.067083333333336,27.627777777777776,0.0,23.094430555555558
2013-08-25 10:00:00,423,346.9013888888889,53.70875,3.401388888888889,0.0,24.425055555555556
2013-08-25 10:00:00,424,391.55555555555554,53.74893055555556,2.859722222222222,0.0,24.61330555555556
2013-08-25 10:00:00,442,451.19444444444446,55.840125,3.925,0.0,23.965111111111113
2013-08-25 10:00:00,446,479.14444444444445,59.65502777777778,3.2694444444444444,0.0,22.890763888888888
2013-08-25 10:00:00,448,374.1361111111111,58.385333333333335,4.018055555555556,0.0,23.401652777777777
2013-08-25 10:00:00,452,354.3236111111111,52.17066666666666,2.734722222222222,0.0,23.26383333333333
2013-08-25 10:00:00,454,330.19305555555553,58.38444444444445,3.2944444444444443,0.0,23.23551388888889
2013-08-25 10:00:00,456,419.0861111111111,56.892041666666664,3.2333333333333334,0.0,23.608805555555556
2013-08-25 10:00:00,458,457.35,69.52908333333333,3.748611111111111,0.0,20.57338888888889
2013-08-25 10:00:00,462,427.1277777777778,63.47279166666666,3.2430555555555554,0.0,22.28686111111111
2013-08-25 10:00:00,510,307.3041666666667,62.28926183844011,3.7924791086350975,0.0,22.128899721448466
2013-08-25 10:00:00,511,352.0236111111111,64.40204166666666,3.776388888888889,0.0,21.370041666666665
2013-08-25 10:00:00,513,316.90972222222223,62.81845833333333,3.5208333333333335,0.0,22.00823611111111
2013-08-25 10:00:00,552,362.2055555555556,61.681329561527576,3.272984441301273,0.0,22.412998585572844
2013-08-25 10:00:00,554,433.7652777777778,58.75345833333333,2.9569444444444444,0.0,23.141972222222225
2013-08-25 10:00:00,556,431.4576976421637,59.96075,3.338888888888889,0.0,22.639944444444446
2013-08-25 10:00:00,558,389.0416666666667,64.31470833333333,3.404166666666667,0.0,22.052541666666666
2013-08-25 10:00:00,562,239.79583333333332,63.336666666666666,2.513888888888889,0.0,21.999916666666667
2013-08-25 10:00:00,564,276.425,62.29216666666667,3.6569444444444446,0.0,21.872680555555554
2013-08-25 10:00:00,621,429.73333333333335,55.559999999999995,6.151388888888889,0.0,24.897694444444443
2013-08-25 10:00:00,621A,354.85277777777776,65.74465277777777,4.201388888888889,0.0,21.16675
2013-08-25 10:00:00,621C,415.02222222222224,62.91383333333333,3.620833333333333,0.0,21.767458333333334
2013-08-25 10:00:00,621D,462.025,61.23466666666666,3.1708333333333334,0.0,22.229263888888887
2013-08-25 10:00:00,621E,460.4458333333333,63.506708333333336,6.565277777777778,-1.0,21.722694444444446
2013-08-25 10:00:00,640,405.50138888888887,60.99191666666667,4.180555555555555,0.0,22.215902777777778
2013-08-25 10:00:00,644,432.3,61.012541666666664,4.025,0.0,22.21388888888889
2013-08-25 10:00:00,648,104.77083333333333,59.759375,3.751388888888889,0.0,22.262347222222225
2013-08-25 10:00:00,656A,426.0875,59.92225,4.5152777777777775,0.0,22.644972222222222
2013-08-25 10:00:00,656B,417.075,55.37704166666667,3.2194444444444446,0.0,23.624847222222222
2013-08-25 10:00:00,664,312.5777777777778,56.960972222222225,3.154166666666667,0.0,23.26313888888889
2013-08-25 10:00:00,666,398.06944444444446,60.597027777777775,3.290277777777778,0.0,22.556805555555556
2013-08-25 10:00:00,668,323.6158113730929,63.85597222222223,2212.7472222222223,0.0,21.756027777777778
2013-08-25 10:00:00,717,365.3305555555556,61.072625,4.075,0.0,22.01009722222222
2013-08-25 10:00:00,719,397.49583333333334,62.42142259414226,3.4546722454672247,0.0,21.87073919107392
2013-08-25 10:00:00,721,301.61805555555554,62.533966712898746,3.576976421636616,0.0,20.851719833564495
2013-08-25 10:00:00,722,324.94166666666666,55.870736111111114,3.7125,0.0,22.619083333333332
2013-08-25 10:00:00,723,388.52777777777777,65.25458333333333,2.875,0.0,21.36088888888889
2013-08-25 10:00:00,724,186.55,57.305902777777774,4.834722222222222,0.0,23.365875
2013-08-25 10:00:00,726,375.14328808446453,54.80620833333334,3.2194444444444446,0.0,23.872152777777778
2013-08-25 10:00:00,734,311.5097222222222,57.82688888888889,4.829166666666667,0.0,23.019513888888888
2013-08-25 10:00:00,746,494.6277777777778,64.75791666666667,3.5305555555555554,0.0,21.33723611111111
2013-08-25 10:00:00,748,473.0722222222222,55.65829166666667,2.959722222222222,0.0,23.411486111111113
2013-08-25 10:00:00,752,391.7291666666667,47.03080555555555,5.322222222222222,0.0,26.314249999999998
2013-08-25 10:00:00,754,383.77777777777777,58.508833333333335,3.720833333333333,0.0,22.886305555555555
2013-08-25 10:00:00,776,497.0472222222222,58.27247222222222,4.275,0.0,23.031569444444443
2013-08-25 11:00:00,413,450.7055555555556,52.56594444444445,3.7958333333333334,0.0,23.356402777777777
2013-08-25 11:00:00,415,471.21527777777777,58.174375000000005,17.377777777777776,0.0,23.142541666666666
2013-08-25 11:00:00,417,347.2013888888889,57.874694444444444,3.4277777777777776,0.0,23.35736111111111
2013-08-25 11:00:00,419,446.7625,58.25606944444445,25.145833333333332,0.0,57.08708333333333
2013-08-25 11:00:00,421,331.7680555555556,58.521486111111116,18.105555555555554,0.0,23.063291666666665
2013-08-25 11:00:00,422,404.7888888888889,60.31873611111111,27.586111111111112,0.0,23.046944444444442
2013-08-25 11:00:00,423,342.675,54.01994444444445,3.3958333333333335,0.0,24.377736111111112
2013-08-25 11:00:00,424,386.65555555555557,54.01223611111111,2.8986111111111112,0.0,24.575555555555553
2013-08-25 11:00:00,442,446.23333333333335,56.051347222222226,3.9444444444444446,0.0,23.941222222222223
2013-08-25 11:00:00,446,472.68011126564676,59.83216666666666,3.3041666666666667,0.0,22.88009722222222
2013-08-25 11:00:00,448,371.1041666666667,58.63833333333333,4.101388888888889,0.0,23.38622222222222
2013-08-25 11:00:00,452,351.1347222222222,52.385138888888896,2.691666666666667,0.0,23.248569444444446
2013-08-25 11:00:00,454,327.03055555555557,58.68238888888889,3.1958333333333333,0.0,23.216819444444447
2013-08-25 11:00:00,456,413.6152777777778,57.151833333333336,3.2291666666666665,0.0,23.587319444444443
2013-08-25 11:00:00,458,454.5,69.64404166666667,3.798611111111111,0.0,20.577875
2013-08-25 11:00:00,462,422.3361111111111,63.63183333333333,3.311111111111111,0.0,22.274500000000003
2013-08-25 11:00:00,510,301.6333333333333,62.767041666666664,3.845833333333333,0.0,22.039402777777777
2013-08-25 11:00:00,511,348.6611111111111,64.82566666666666,3.7430555555555554,0.0,21.29134722222222
2013-08-25 11:00:00,513,312.59553695955367,63.162958333333336,3.475,0.0,21.953833333333332
2013-08-25 11:00:00,552,356.2732316227462,61.86987499999999,3.238888888888889,0.0,22.410333333333334
2013-08-25 11:00:00,554,428.21944444444443,59.02254166666667,3.0694444444444446,0.0,23.109416666666664
2013-08-25 11:00:00,556,427.0125,60.130875,3.4625,0.0,22.628805555555555
2013-08-25 11:00:00,558,384.46666666666664,64.53215277777778,3.4138888888888888,0.0,22.04461111111111
2013-08-25 11:00:00,562,236.68055555555554,63.54854166666667,2.620833333333333,0.0,21.98395833333333
2013-08-25 11:00:00,564,272.54305555555555,62.53216666666666,3.6805555555555554,0.0,21.858208333333334
2013-08-25 11:00:00,621,425.93333333333334,55.910333333333334,6.138888888888889,0.0,24.8655
2013-08-25 11:00:00,621A,352.8611111111111,66.04156726768377,4.1525658807212205,0.0,21.135284327323163
2013-08-25 11:00:00,621C,410.47222222222223,63.327124999999995,3.6013888888888888,0.0,21.708388888888887
2013-08-25 11:00:00,621D,456.9638888888889,61.60908333333334,3.066666666666667,0.0,22.17563888888889
2013-08-25 11:00:00,621E,454.28472222222223,63.889624999999995,6.601388888888889,-1.0,21.663930555555556
2013-08-25 11:00:00,640,401.24305555555554,61.50391666666667,4.144444444444445,0.0,22.12666666666667
2013-08-25 11:00:00,644,426.4902777777778,61.39079166666667,3.984722222222222,0.0,22.163569444444445
2013-08-25 11:00:00,648,101.10416666666667,60.05016666666667,3.7430555555555554,0.0,22.238527777777776
2013-08-25 11:00:00,656A,422.4539106145251,60.399902777777775,4.606944444444444,0.0,22.576902777777775
2013-08-25 11:00:00,656B,410.1277777777778,55.86855555555556,3.3125,0.0,23.545055555555553
2013-08-25 11:00:00,664,307.3902777777778,57.47615277777778,3.066666666666667,0.0,23.171888888888887
2013-08-25 11:00:00,666,393.9527777777778,61.12254166666666,3.4166666666666665,0.0,22.472
2013-08-25 11:00:00,668,320.5138888888889,64.35756944444444,2174.188888888889,0.0,21.687597222222223
2013-08-25 11:00:00,717,359.35555555555555,61.47175000000001,4.036111111111111,0.0,21.958083333333335
2013-08-25 11:00:00,719,394.15694444444443,62.84070833333333,3.466666666666667,0.0,21.816194444444445
2013-08-25 11:00:00,721,297.4138888888889,62.88579166666666,3.6041666666666665,0.0,20.811902777777778
2013-08-25 11:00:00,722,320.5083333333333,56.11216666666667,3.745833333333333,0.0,22.604305555555555
2013-08-25 11:00:00,723,383.86805555555554,65.50618055555556,2.926388888888889,0.0,21.343777777777778
2013-08-25 11:00:00,724,183.6652777777778,57.53970833333334,4.793055555555555,0.0,23.357333333333333
2013-08-25 11:00:00,726,370.87014925373137,54.99252427184466,3.216366158113731,0.0,23.876754507628295
2013-08-25 11:00:00,734,308.09722222222223,58.427611111111105,4.945833333333334,0.0,22.905486111111113
2013-08-25 11:00:00,746,488.625,65.16304166666667,3.638888888888889,0.0,21.286749999999998
2013-08-25 11:00:00,748,467.40277777777777,56.08474999999999,3.129166666666667,0.0,23.35247222222222
2013-08-25 11:00:00,752,386.5875,47.417875,5.322222222222222,0.0,26.24934722222222
2013-08-25 11:00:00,754,378.86944444444447,58.93470833333333,3.629166666666667,0.0,22.82311111111111
2013-08-25 11:00:00,776,491.1763888888889,58.67854166666667,4.476388888888889,0.0,22.97895833333333
2013-08-25 12:00:00,413,450.6958333333333,53.124611111111115,3.702777777777778,0.0,23.25922222222222
2013-08-25 12:00:00,415,471.9888888888889,58.601930555555555,17.56388888888889,0.0,23.090972222222224
2013-08-25 12:00:00,417,347.1138888888889,58.28859722222222,3.401388888888889,0.0,23.312763888888888
2013-08-25 12:00:00,419,447.6791666666667,58.685986111111106,25.122222222222224,0.0,63.22536111111111
2013-08-25 12:00:00,421,331.39693593314763,58.86501388888889,18.125,0.0,23.032541666666667
2013-08-25 12:00:00,422,403.9471488178025,60.74458333333333,27.62638888888889,0.0,23.013986111111112
2013-08-25 12:00:00,423,343.2388888888889,54.39406944444445,3.4125,0.0,24.333861111111112
2013-08-25 12:00:00,424,385.77916666666664,54.355875000000005,2.8555555555555556,0.0,24.540333333333333
2013-08-25 12:00:00,442,446.980528511822,56.42663888888889,3.9375,0.0,23.915305555555555
2013-08-25 12:00:00,446,474.7055555555556,60.189347222222224,3.3333333333333335,0.0,22.864097222222224
2013-08-25 12:00:00,448,370.80555555555554,58.99594444444445,4.115277777777778,0.0,23.367055555555552
2013-08-25 12:00:00,452,349.42083333333335,52.70666666666667,2.848611111111111,0.0,23.227583333333335
2013-08-25 12:00:00,454,325.2875,59.051347222222226,3.1777777777777776,0.0,23.200680555555557
2013-08-25 12:00:00,456,415.1111111111111,57.50726388888889,3.1083333333333334,0.0,23.56602777777778
2013-08-25 12:00:00,458,454.59583333333336,70.11162499999999,3.738888888888889,0.0,20.57263888888889
2013-08-25 12:00:00,462,424.2583333333333,63.981569444444446,3.3625,0.0,22.26815277777778
2013-08-25 12:00:00,510,301.97222222222223,63.35916666666667,4.018055555555556,0.0,21.96913888888889
2013-08-25 12:00:00,511,350.0097222222222,65.39125,3.7472222222222222,0.0,21.230569444444445
2013-08-25 12:00:00,513,314.7111111111111,63.598330935251795,3.6733812949640288,0.0,21.914805755395683
2013-08-25 12:00:00,552,358.07916666666665,62.19675,3.3819444444444446,0.0,22.398152777777778
2013-08-25 12:00:00,554,427.1972222222222,59.32256588072122,3.128987517337032,0.0,23.087933425797505
2013-08-25 12:00:00,556,427.36944444444447,60.400638888888885,3.6152777777777776,0.0,22.623124999999998
2013-08-25 12:00:00,558,383.49305555555554,64.8395,3.5625,0.0,22.03461111111111
2013-08-25 12:00:00,562,238.25,63.857,2.754166666666667,0.0,21.975055555555553
2013-08-25 12:00:00,564,272.5027777777778,62.85791666666666,4.1875,0.0,21.842041666666667
2013-08-25 12:00:00,621,423.4222222222222,56.223236111111106,6.0625,0.0,24.83473611111111
2013-08-25 12:00:00,621A,352.62916666666666,66.44961057023643,4.036161335187761,0.0,21.1053685674548
2013-08-25 12:00:00,621C,410.2138888888889,63.75345833333333,3.4402777777777778,0.0,21.666652777777777
2013-08-25 12:00:00,621D,458.62083333333334,62.0095,3.075,0.0,22.134
2013-08-25 12:00:00,621E,454.54305555555555,64.27966666666667,6.561111111111111,-1.0,21.623208333333334
2013-08-25 12:00:00,640,403.1777777777778,62.049889042995844,4.122052704576976,0.0,22.050776699029125
2013-08-25 12:00:00,644,427.2650771388499,61.7928294036061,3.955617198335645,0.0,22.116615811373094
2013-08-25 12:00:00,648,103.04166666666667,60.39381944444444,3.640277777777778,0.0,22.212152777777778
2013-08-25 12:00:00,656A,422.47009735744086,60.89695833333333,4.5680555555555555,0.0,22.509625
2013-08-25 12:00:00,656B,411.12361111111113,56.40225,3.3208333333333333,0.0,23.452416666666668
2013-08-25 12:00:00,664,306.4638888888889,57.97356944444444,3.1597222222222223,0.0,23.090680555555558
2013-08-25 12:00:00,666,394.34583333333336,61.707458333333335,3.488888888888889,0.0,22.381333333333334
2013-08-25 12:00:00,668,321.9736111111111,64.7842024965326,2160.8127600554785,0.0,21.64127600554785
2013-08-25 12:00:00,717,359.5361111111111,61.879583333333336,4.126388888888889,0.0,21.909083333333335
2013-08-25 12:00:00,719,393.28472222222223,63.245416666666664,3.6694444444444443,0.0,21.77115277777778
2013-08-25 12:00:00,721,297.7944444444444,63.240916666666664,3.5527777777777776,0.0,20.783722222222224
2013-08-25 12:00:00,722,321.0652777777778,56.34959722222222,3.7263888888888888,0.0,22.595791666666667
2013-08-25 12:00:00,723,386.5472222222222,65.79772222222222,3.061111111111111,0.0,21.329180555555556
2013-08-25 12:00:00,724,183.7902777777778,57.80034722222222,4.958333333333333,0.0,23.34241666666667
2013-08-25 12:00:00,726,371.37361111111113,55.17919444444444,3.263888888888889,0.0,23.878888888888888
2013-08-25 12:00:00,734,310.3597222222222,58.98705555555556,6.066666666666666,0.0,22.81648611111111
2013-08-25 12:00:00,746,489.0180555555556,65.702875,3.702777777777778,0.0,21.224944444444443
2013-08-25 12:00:00,748,466.7583333333333,56.44705555555555,4.645833333333333,0.0,23.307694444444447
2013-08-25 12:00:00,752,385.6166666666667,47.76298611111111,5.386111111111111,0.0,26.194319444444446
2013-08-25 12:00:00,754,380.84444444444443,59.36520833333333,3.7805555555555554,0.0,22.76711111111111
2013-08-25 12:00:00,776,492.13055555555553,59.09876388888889,7.8375,0.0,22.930652777777777
2013-08-25 13:00:00,413,450.34305555555557,53.62198611111111,4.440277777777778,0.0,23.19625
2013-08-25 13:00:00,415,472.7388888888889,59.045922330097085,18.042995839112344,0.0,23.05539528432732
2013-08-25 13:00:00,417,346.5875,58.71527777777778,4.0,0.0,23.280680555555556
2013-08-25 13:00:00,419,448.2861111111111,59.13773611111111,26.27638888888889,0.0,55.46404166666667
2013-08-25 13:00:00,421,332.84305555555557,59.23594444444444,19.731944444444444,0.0,23.001375000000003
2013-08-25 13:00:00,422,404.64771151178917,61.16983333333333,29.059722222222224,0.0,22.993486111111114
2013-08-25 13:00:00,423,343.1638888888889,54.829208333333334,3.4305555555555554,0.0,24.28511111111111
2013-08-25 13:00:00,424,387.79583333333335,54.76616666666666,2.870833333333333,0.0,24.498569444444446
2013-08-25 13:00:00,442,448.15277777777777,56.81625,3.9972222222222222,0.0,23.89601388888889
2013-08-25 13:00:00,446,475.6638888888889,60.638124999999995,3.213888888888889,0.0,22.843319444444443
2013-08-25 13:00:00,448,371.8277777777778,59.39808333333334,4.044444444444444,0.0,23.352958333333333
2013-08-25 13:00:00,452,350.24861111111113,53.055902777777774,2.7597222222222224,0.0,23.213847222222224
2013-08-25 13:00:00,454,326.16805555555555,59.45259361997226,3.115117891816921,0.0,23.179736477115117
2013-08-25 13:00:00,456,415.41527777777776,57.90738888888889,3.158333333333333,0.0,23.55188888888889
2013-08-25 13:00:00,458,454.0513888888889,70.48675,3.736111111111111,0.0,20.577319444444445
2013-08-25 13:00:00,462,424.68333333333334,64.38644444444444,3.359722222222222,0.0,22.256569444444445
2013-08-25 13:00:00,510,302.12361111111113,63.88379166666667,4.873611111111111,0.0,21.908527777777778
2013-08-25 13:00:00,511,350.4472222222222,65.85138888888889,4.959722222222222,0.0,21.19113888888889
2013-08-25 13:00:00,513,313.9611111111111,63.983875,3.611111111111111,0.0,21.897138888888886
2013-08-25 13:00:00,552,359.09722222222223,62.457,3.488888888888889,0.0,22.41363888888889
2013-08-25 13:00:00,554,433.2611111111111,59.58572222222222,3.172222222222222,0.0,23.113625000000003
2013-08-25 13:00:00,556,428.18055555555554,60.62733333333333,3.536111111111111,0.0,22.632555555555555
2013-08-25 13:00:00,558,386.2319444444444,65.11425,3.5680555555555555,0.0,22.038652777777777
2013-08-25 13:00:00,562,237.9361111111111,64.09408333333334,2.672222222222222,0.0,21.99101388888889
2013-08-25 13:00:00,564,273.31388888888887,63.10575,4.348611111111111,0.0,21.852916666666665
2013-08-25 13:00:00,621,424.41805555555555,56.54204166666666,6.154166666666667,0.0,24.812736111111107
2013-08-25 13:00:00,621A,354.8513888888889,66.81581944444444,5.019444444444445,0.0,21.071388888888887
2013-08-25 13:00:00,621C,411.89166666666665,64.15854166666666,6.041666666666667,0.0,21.632930555555554
2013-08-25 13:00:00,621D,459.1875,62.39295833333333,6.009722222222222,0.0,22.095083333333335
2013-08-25 13:00:00,621E,453.34166666666664,64.67875,7.179166666666666,-1.0,21.582944444444443
2013-08-25 13:00:00,640,404.2416666666667,62.561375000000005,4.125,0.0,21.979430555555556
2013-08-25 13:00:00,644,426.7162726008345,62.159083333333335,4.493055555555555,0.0,22.08395833333333
2013-08-25 13:00:00,648,101.01388888888889,60.7228987517337,4.270457697642164,0.0,22.179292649098475
2013-08-25 13:00:00,656A,424.7888888888889,61.38270833333334,4.8875,0.0,22.444527777777775
2013-08-25 13:00:00,656B,413.43611111111113,56.938097222222225,3.4611111111111112,0.0,23.36111111111111
2013-08-25 13:00:00,664,308.90972222222223,58.43238888888889,3.1527777777777777,0.0,23.02091666666667
2013-08-25 13:00:00,666,394.74583333333334,62.23308333333333,3.9069444444444446,0.0,22.30709722222222
2013-08-25 13:00:00,668,321.75138888888887,65.19968055555555,2185.545833333333,0.0,21.580402777777778
2013-08-25 13:00:00,717,360.30833333333334,62.19108333333334,5.483333333333333,0.0,21.89436111111111
2013-08-25 13:00:00,719,394.52222222222224,63.57915277777777,7.927777777777778,0.0,21.749736111111112
2013-08-25 13:00:00,721,297.3513888888889,63.55633333333333,7.136111111111111,0.0,20.763597222222224
2013-08-25 13:00:00,722,321.24861111111113,56.53922222222222,3.8125,0.0,22.607263888888887
2013-08-25 13:00:00,723,386.7416666666667,65.98980555555556,4.608333333333333,0.0,21.340305555555556
2013-08-25 13:00:00,724,184.08333333333334,58.01269444444444,4.909722222222222,0.0,23.352583333333335
2013-08-25 13:00:00,726,370.475,55.37983333333334,3.238888888888889,0.0,23.88448611111111
2013-08-25 13:00:00,734,310.61944444444447,59.349375,6.0569444444444445,0.0,22.777402777777777
2013-08-25 13:00:00,746,489.8125,65.99155555555555,3.6958333333333333,0.0,21.22723611111111
2013-08-25 13:00:00,748,467.12083333333334,56.75884722222223,4.565277777777778,0.0,23.28815277777778
2013-08-25 13:00:00,752,386.4861111111111,48.072263888888884,5.425,0.0,26.161763888888892
2013-08-25 13:00:00,754,382.2388888888889,59.73264909847434,3.7739251040221915,0.0,22.73267683772538
2013-08-25 13:00:00,776,492.40833333333336,59.431125,7.958333333333333,0.0,22.912305555555555
2013-08-25 14:00:00,413,449.4861111111111,54.021319444444444,12.531944444444445,0.0,23.132430555555555
2013-08-25 14:00:00,415,470.9263888888889,59.41283333333333,23.741666666666667,0.0,23.029472222222225
2013-08-25 14:00:00,417,347.373092926491,59.05725,10.997222222222222,0.0,23.25690277777778
2013-08-25 14:00:00,419,446.40833333333336,59.50438888888888,39.227777777777774,0.0,66.25454166666667
2013-08-25 14:00:00,421,334.6902777777778,59.69329166666667,35.49166666666667,0.0,22.969319444444444
2013-08-25 14:00:00,422,404.21944444444443,61.51170833333333,44.19722222222222,0.0,22.972930555555553
2013-08-25 14:00:00,423,343.40416666666664,55.20406944444444,3.5055555555555555,0.0,24.242305555555554
2013-08-25 14:00:00,424,388.8722222222222,55.10213888888889,2.8555555555555556,0.0,24.47001388888889
2013-08-25 14:00:00,442,446.0332871012483,57.142152777777774,4.016666666666667,0.0,23.872638888888886
2013-08-25 14:00:00,446,473.28055555555557,60.92719833564494,3.264909847434119,0.0,22.836546463245494
2013-08-25 14:00:00,448,370.3958333333333,59.73020833333333,3.9680555555555554,0.0,23.341319444444444
2013-08-25 14:00:00,452,349.2388888888889,53.34463888888889,2.8041666666666667,0.0,23.20086111111111
2013-08-25 14:00:00,454,325.9555555555556,59.79741666666666,3.251388888888889,0.0,23.169444444444444
2013-08-25 14:00:00,456,414.40972222222223,58.23905555555556,3.25,0.0,23.53401388888889
2013-08-25 14:00:00,458,452.5361111111111,70.74352777777779,3.7222222222222223,0.0,20.56940277777778
2013-08-25 14:00:00,462,424.9,64.67933333333333,3.2416666666666667,0.0,22.24263888888889
2013-08-25 14:00:00,510,328.6902777777778,65.14369444444445,24.766666666666666,13.225941422594142,21.985013888888886
2013-08-25 14:00:00,511,374.244105409154,67.10894444444445,35.59583333333333,12.635371179039302,21.34363888888889
2013-08-25 14:00:00,513,314.2888888888889,66.161375,12.122222222222222,0.0,22.076930555555556
2013-08-25 14:00:00,552,356.8361111111111,62.636125,3.4680555555555554,0.0,22.432624999999998
2013-08-25 14:00:00,554,433.75416666666666,59.87083333333333,3.1458333333333335,0.0,23.137833333333337
2013-08-25 14:00:00,556,428.2527777777778,60.8245,3.548611111111111,0.0,22.638194444444444
2013-08-25 14:00:00,558,384.58472222222224,65.28416666666666,3.6055555555555556,0.0,22.062194444444444
2013-08-25 14:00:00,562,236.5375,64.18329166666666,2.702777777777778,0.0,22.036416666666664
2013-08-25 14:00:00,564,272.49861111111113,63.273522884882105,4.242718446601942,0.0,21.87624133148405
2013-08-25 14:00:00,621,427.09166666666664,56.82895833333333,64.4888888888889,6.310626702997276,24.816625000000002
2013-08-25 14:00:00,621A,357.6972222222222,66.96769444444445,17.581944444444446,1.5331491712707181,21.13336111111111
2013-08-25 14:00:00,621C,412.9263888888889,64.43620396600566,33.77053824362606,0.0,21.652393767705384
2013-08-25 14:00:00,621D,463.4583333333333,62.680083333333336,44.108333333333334,0.0,22.121944444444445
2013-08-25 14:00:00,621E,465.0611961057024,64.92766666666667,20.643055555555556,-1.0,21.614208333333334
2013-08-25 14:00:00,640,407.45972222222224,63.000458333333334,4.4375,0.0,21.92463888888889
2013-08-25 14:00:00,644,425.84305555555557,62.49458333333333,9.709722222222222,0.0,22.05152777777778
2013-08-25 14:00:00,648,102.24166666666666,61.037125,9.53888888888889,0.0,22.15277777777778
2013-08-25 14:00:00,656A,423.4458333333333,61.802375,8.584722222222222,0.0,22.392819444444445
2013-08-25 14:00:00,656B,410.8236111111111,57.40818055555555,5.322222222222222,0.0,23.288847222222223
2013-08-25 14:00:00,664,308.5180555555556,58.84074999999999,3.0055555555555555,0.0,22.96494444444444
2013-08-25 14:00:00,666,394.7597222222222,62.69894590846047,9.155339805825243,0.0,22.246435506241333
2013-08-25 14:00:00,668,320.6958333333333,65.62488888888889,2211.3875,0.0,21.518430555555558
2013-08-25 14:00:00,717,360.4402777777778,62.435249999999996,19.641666666666666,0.0,21.891388888888887
2013-08-25 14:00:00,719,394.7111111111111,63.82540277777778,52.86805555555556,0.0,21.751708333333333
2013-08-25 14:00:00,721,296.6041666666667,63.80209722222222,43.78333333333333,0.0,20.766166666666667
2013-08-25 14:00:00,722,320.60833333333335,56.70261111111111,3.7555555555555555,0.0,22.622569444444444
2013-08-25 14:00:00,723,384.6611111111111,66.094875,21.919444444444444,0.0,21.369027777777777
2013-08-25 14:00:00,724,184.62777777777777,58.20725,4.736111111111111,0.0,23.357000000000003
2013-08-25 14:00:00,726,370.14444444444445,55.53616666666667,3.1319444444444446,0.0,23.900694444444444
2013-08-25 14:00:00,734,310.0444444444444,59.69719444444445,5.9625,0.0,22.74240277777778
2013-08-25 14:00:00,746,489.40277777777777,66.23872222222222,3.8444444444444446,0.0,21.21688888888889
2013-08-25 14:00:00,748,466.2652777777778,57.041597222222215,3.011111111111111,0.0,23.27104166666667
2013-08-25 14:00:00,752,386.12083333333334,48.33836111111111,5.201388888888889,0.0,26.134888888888888
2013-08-25 14:00:00,754,381.3847222222222,60.04654166666667,4.0152777777777775,0.0,22.706444444444443
2013-08-25 14:00:00,776,491.29027777777776,59.714736111111115,7.0472222222222225,0.0,22.891791666666666
2013-08-25 15:00:00,413,447.78055555555557,54.295874999999995,46.172222222222224,0.0,23.113888888888887
2013-08-25 15:00:00,415,469.1,59.64881944444445,46.983333333333334,0.0,23.046374999999998
2013-08-25 15:00:00,417,345.75555555555553,59.266749999999995,41.34027777777778,0.0,23.280958333333334
2013-08-25 15:00:00,419,447.49583333333334,59.73306944444444,92.0625,0.0,65.5052361111111
2013-08-25 15:00:00,421,330.0763888888889,60.32066666666666,101.62083333333334,0.0,22.953708333333335
2013-08-25 15:00:00,422,402.09722222222223,61.671543810848405,108.34214186369958,0.0,23.00826147426982
2013-08-25 15:00:00,423,341.65694444444443,55.46859722222222,3.484722222222222,0.0,24.21813888888889
2013-08-25 15:00:00,424,386.81666666666666,55.34159500693482,2.854368932038835,0.0,24.44981969486824
2013-08-25 15:00:00,442,444.50694444444446,57.36541666666666,4.048611111111111,0.0,23.877125
2013-08-25 15:00:00,446,472.3781512605042,61.020291666666665,3.1902777777777778,0.0,22.869930555555552
2013-08-25 15:00:00,448,369.5388888888889,59.90291666666666,3.926388888888889,0.0,23.35055555555556
2013-08-25 15:00:00,452,347.425,53.52752777777778,2.775,0.0,23.202611111111114
2013-08-25 15:00:00,454,324.63194444444446,59.968125874125874,3.3146853146853146,0.0,23.180825174825177
2013-08-25 15:00:00,456,413.9456066945607,58.423680555555556,3.1069444444444443,0.0,23.53947222222222
2013-08-25 15:00:00,458,452.2361111111111,71.02395833333334,3.776388888888889,0.0,20.560263888888887
2013-08-25 15:00:00,462,422.4263888888889,65.15198611111111,3.2888888888888888,0.0,22.14313888888889
2013-08-25 15:00:00,510,302.275,65.92252777777777,46.11944444444445,0.0,21.97551388888889
2013-08-25 15:00:00,511,349.72222222222223,68.11180555555555,69.71805555555555,0.0,21.28148611111111
2013-08-25 15:00:00,513,313.6625,67.0995138888889,7.0680555555555555,0.0,22.102875
2013-08-25 15:00:00,552,355.6013888888889,62.74487499999999,3.3916666666666666,0.0,22.466180555555557
2013-08-25 15:00:00,554,429.8597222222222,59.99475,3.147222222222222,0.0,23.164430555555555
2013-08-25 15:00:00,556,426.21805555555557,60.95579166666666,3.4944444444444445,0.0,22.66451388888889
2013-08-25 15:00:00,558,383.76666666666665,65.39387500000001,3.5625,0.0,22.094916666666666
2013-08-25 15:00:00,562,234.2097222222222,64.29054166666667,2.748611111111111,0.0,22.064930555555556
2013-08-25 15:00:00,564,270.3541666666667,63.35104166666667,4.45,0.0,21.916666666666668
2013-08-25 15:00:00,621,479.89444444444445,57.82313888888889,165.66944444444445,23.643734643734643,25.12026388888889
2013-08-25 15:00:00,621A,375.9889042995839,66.44988888888889,49.827777777777776,14.945720250521921,21.612083333333334
2013-08-25 15:00:00,621C,456.025,64.38559722222222,171.07083333333333,15.597872340425532,22.258305555555555
2013-08-25 15:00:00,621D,512.1583333333333,62.735458333333334,191.42222222222222,0.0,22.7275
2013-08-25 15:00:00,621E,518.6638888888889,65.96355555555556,59.108333333333334,6.307086614173229,22.122944444444446
2013-08-25 15:00:00,640,404.52916666666664,63.254999999999995,5.141666666666667,0.0,21.93123611111111
2013-08-25 15:00:00,644,425.4513888888889,62.65466666666667,29.375,0.0,22.078569444444444
2013-08-25 15:00:00,648,99.56805555555556,61.17245833333333,29.198611111111113,0.0,22.18133333333333
2013-08-25 15:00:00,656A,422.81111111111113,62.02158333333333,22.820833333333333,0.0,22.414444444444445
2013-08-25 15:00:00,656B,411.5472222222222,57.70113888888889,13.043055555555556,0.0,23.27225
2013-08-25 15:00:00,664,308.43888888888887,59.18118055555555,3.1638888888888888,0.0,22.93425
2013-08-25 15:00:00,666,395.1513888888889,62.966625,28.718055555555555,0.0,22.259111111111114
2013-08-25 15:00:00,668,320.08194444444445,65.78802777777777,2183.6805555555557,0.0,21.524041666666665
2013-08-25 15:00:00,717,360.84583333333336,62.55533333333333,82.83333333333333,0.0,21.945055555555555
2013-08-25 15:00:00,719,392.23333333333335,63.85988888888889,246.79305555555555,0.0,21.844444444444445
2013-08-25 15:00:00,721,292.55694444444447,63.80304166666667,179.47083333333333,0.0,20.870875
2013-08-25 15:00:00,722,319.1511789181692,56.84141666666667,3.8027777777777776,0.0,22.62715277777778
2013-08-25 15:00:00,723,382.43611111111113,66.03093055555556,93.21666666666667,0.0,21.438166666666667
2013-08-25 15:00:00,724,183.03333333333333,58.35320833333333,4.844444444444444,0.0,23.36498611111111
2013-08-25 15:00:00,726,368.7652777777778,55.67341666666667,3.290277777777778,0.0,23.909388888888888
2013-08-25 15:00:00,734,308.3208333333333,59.88866666666667,9.566666666666666,0.0,22.757722222222224
2013-08-25 15:00:00,746,488.46944444444443,66.510125,4.655555555555556,0.0,21.221013888888887
2013-08-25 15:00:00,748,465.4736111111111,57.24458333333333,3.029166666666667,0.0,23.255958333333336
2013-08-25 15:00:00,752,385.3777777777778,48.52759722222221,5.194444444444445,0.0,26.12205555555556
2013-08-25 15:00:00,754,380.66805555555555,60.31679166666666,5.552777777777778,0.0,22.6975
2013-08-25 15:00:00,776,490.2402777777778,59.94991666666667,16.418055555555554,0.0,22.867
2013-08-25 16:00:00,413,448.8305555555556,54.323236111111115,92.30694444444444,0.0,23.17138888888889
2013-08-25 16:00:00,415,467.40277777777777,59.69868055555556,74.90138888888889,0.0,23.15425
2013-08-25 16:00:00,417,346.21666666666664,59.24816666666667,84.11111111111111,0.0,23.408416666666668
2013-08-25 16:00:00,419,447.25138888888887,59.7175,159.0388888888889,0.0,56.35612499999999
2013-08-25 16:00:00,421,330.5111111111111,60.04783333333334,189.29444444444445,0.0,23.11618055555556
2013-08-25 16:00:00,422,405.7361111111111,61.4652990264256,188.38247566063978,0.0,23.160152990264258
2013-08-25 16:00:00,423,341.75138888888887,55.68004166666666,3.5444444444444443,0.0,24.193819444444443
2013-08-25 16:00:00,424,387.1666666666667,55.54195833333333,2.9069444444444446,0.0,24.43675
2013-08-25 16:00:00,442,445.5,57.477291666666666,4.206944444444445,0.0,23.87948611111111
2013-08-25 16:00:00,446,473.19193324061195,61.160541666666674,3.3125,0.0,22.86509722222222
2013-08-25 16:00:00,448,369.79027777777776,60.04233009708737,3.9334257975034674,0.0,23.352981969486823
2013-08-25 16:00:00,452,347.5027777777778,53.65719054242003,2.8164116828929067,0.0,23.20738525730181
2013-08-25 16:00:00,454,325.1041666666667,60.11816666666667,3.261111111111111,0.0,23.188388888888888
2013-08-25 16:00:00,456,413.9207232267037,58.5995,3.147222222222222,0.0,23.538944444444446
2013-08-25 16:00:00,458,453.68055555555554,71.05731944444445,3.8305555555555557,0.0,20.563069444444444
2013-08-25 16:00:00,462,424.79027777777776,65.48545833333333,3.3916666666666666,0.0,22.086958333333335
2013-08-25 16:00:00,510,302.60555555555555,65.97455555555555,86.40277777777777,0.0,21.999027777777776
2013-08-25 16:00:00,511,348.6902777777778,68.37377777777778,141.06666666666666,0.0,21.241222222222223
2013-08-25 16:00:00,513,312.4875,67.21636995827538,10.949930458970792,0.0,22.133796940194717
2013-08-25 16:00:00,552,356.1138888888889,62.75270833333333,3.341666666666667,0.0,22.497027777777777
2013-08-25 16:00:00,554,430.27777777777777,59.97091666666666,3.0208333333333335,0.0,23.183652777777777
2013-08-25 16:00:00,556,426.9763888888889,61.02016666666666,3.470833333333333,0.0,22.677527777777776
2013-08-25 16:00:00,558,384.5652777777778,65.4345,3.473611111111111,0.0,22.1155
2013-08-25 16:00:00,562,232.6472222222222,64.23154166666667,2.6152777777777776,0.0,22.112819444444444
2013-08-25 16:00:00,564,270.55694444444447,63.398291666666665,4.0,0.0,21.93676388888889
2013-08-25 16:00:00,621,480.68333333333334,59.48213888888889,117.64861111111111,0.5833333333333334,25.506333333333334
2013-08-25 16:00:00,621A,352.7680555555556,67.40309722222223,105.89305555555555,0.0,21.56673611111111
2013-08-25 16:00:00,621C,419.4486111111111,64.74045833333334,309.47777777777776,0.0,22.400472222222223
2013-08-25 16:00:00,621D,471.03333333333336,62.805375000000005,350.2986111111111,0.0,22.82197222222222
2013-08-25 16:00:00,621E,467.20694444444445,66.92648611111112,86.68194444444444,0.0,22.04798611111111
2013-08-25 16:00:00,640,403.33194444444445,63.24158333333334,6.243055555555555,0.0,22.008444444444443
2013-08-25 16:00:00,644,424.38194444444446,62.492875000000005,60.61805555555556,0.0,22.214986111111113
2013-08-25 16:00:00,648,105.00138888888888,61.032875,61.451388888888886,0.0,22.315083333333334
2013-08-25 16:00:00,656A,423.6763888888889,62.032250000000005,48.916666666666664,0.0,22.480555555555554
2013-08-25 16:00:00,656B,411.06805555555553,57.76676388888889,26.443055555555556,0.0,23.331958333333333
2013-08-25 16:00:00,664,309.50555555555553,59.391125,3.216666666666667,0.0,22.929388888888887
2013-08-25 16:00:00,666,394.07916666666665,62.87179166666667,66.07916666666667,0.0,22.35948611111111
2013-08-25 16:00:00,668,317.8777777777778,65.78581944444444,2173.9666666666667,0.0,21.563277777777778
2013-08-25 16:00:00,717,363.1152777777778,62.22929166666666,170.2888888888889,0.0,22.156569444444443
2013-08-25 16:00:00,719,394.2888888888889,63.477000000000004,497.0,0.0,22.102888888888888
2013-08-25 16:00:00,721,295.6333333333333,63.026666666666664,425.0097222222222,0.0,21.25647222222222
2013-08-25 16:00:00,722,319.13194444444446,57.00087499999999,3.995833333333333,0.0,22.607583333333334
2013-08-25 16:00:00,723,381.2291666666667,65.69186111111111,192.825,0.0,21.610583333333334
2013-08-25 16:00:00,724,184.01111111111112,58.51155555555555,5.169444444444444,0.0,23.354333333333333
2013-08-25 16:00:00,726,371.6152777777778,55.86,3.276388888888889,0.0,23.89009722222222
2013-08-25 16:00:00,734,307.3125,59.81570833333333,14.97638888888889,0.0,22.84513888888889
2013-08-25 16:00:00,746,491.3263888888889,66.44684722222223,6.966666666666667,0.0,21.28902777777778
2013-08-25 16:00:00,748,465.80694444444447,57.459625,4.754166666666666,0.0,23.22697222222222
2013-08-25 16:00:00,752,387.4138888888889,48.65181944444444,5.361111111111111,0.0,26.153680555555557
2013-08-25 16:00:00,754,379.46527777777777,60.31451388888888,8.193055555555556,0.0,22.769305555555558
2013-08-25 16:00:00,776,491.79583333333335,60.186791666666664,39.92638888888889,0.0,22.873250000000002
2013-08-25 17:00:00,413,449.70694444444445,53.80356944444444,118.67083333333333,0.0,23.308833333333332
2013-08-25 17:00:00,415,467.65833333333336,59.44691666666667,83.85138888888889,0.0,23.30288888888889
2013-08-25 17:00:00,417,348.4902777777778,58.80940277777778,104.37083333333334,0.0,23.603125
2013-08-25 17:00:00,419,448.71805555555557,59.324708333333334,183.3375,0.0,71.97070833333333
2013-08-25 17:00:00,421,331.14166666666665,59.50658333333333,228.89166666666668,0.0,23.323777777777778
2013-08-25 17:00:00,422,405.3222222222222,60.765744089012514,227.4144645340751,0.0,23.357218358831712
2013-08-25 17:00:00,423,341.34166666666664,55.73420833333333,3.686111111111111,0.0,24.161499999999997
2013-08-25 17:00:00,424,385.43194444444447,55.57481944444444,2.8833333333333333,0.0,24.41345833333333
2013-08-25 17:00:00,442,446.47083333333336,57.37329166666666,4.45,0.0,23.865222222222222
2013-08-25 17:00:00,446,473.6125,61.04508333333333,3.2875,0.0,22.848875
2013-08-25 17:00:00,448,369.9527777777778,59.96595833333333,4.044444444444444,0.0,23.349319444444447
2013-08-25 17:00:00,452,348.05,53.58358333333334,2.745833333333333,0.0,23.20965277777778
2013-08-25 17:00:00,454,324.1972222222222,60.120000000000005,3.261111111111111,0.0,23.178930555555556
2013-08-25 17:00:00,456,412.5777777777778,58.56447222222222,3.236111111111111,0.0,23.522569444444443
2013-08-25 17:00:00,458,452.59444444444443,70.67558333333334,3.915277777777778,0.0,20.569916666666668
2013-08-25 17:00:00,462,423.65,65.31462499999999,3.3694444444444445,0.0,22.077402777777777
2013-08-25 17:00:00,510,301.4125,65.34840277777778,102.90277777777777,0.0,22.125180555555556
2013-08-25 17:00:00,511,348.89166666666665,68.00865277777778,171.24166666666667,0.0,21.311694444444445
2013-08-25 17:00:00,513,311.7583333333333,66.09979108635098,12.860724233983287,0.0,22.033690807799445
2013-08-25 17:00:00,552,355.8884239888424,62.54658333333334,3.436111111111111,0.0,22.502472222222224
2013-08-25 17:00:00,554,430.77222222222224,59.88091666666667,3.188888888888889,0.0,23.178847222222224
2013-08-25 17:00:00,556,427.2861111111111,60.897625,3.577777777777778,0.0,22.670569444444443
2013-08-25 17:00:00,558,383.28472222222223,65.26834722222222,3.566666666666667,0.0,22.111055555555556
2013-08-25 17:00:00,562,233.54289732770746,64.10829166666667,2.738888888888889,0.0,22.091652777777778
2013-08-25 17:00:00,564,270.81805555555553,63.224125,4.375,0.0,21.949680555555556
2013-08-25 17:00:00,621,480.0652777777778,60.14319444444444,130.9611111111111,11.101604278074866,25.482777777777777
2013-08-25 17:00:00,621A,345.2944444444444,67.29280555555556,127.59583333333333,0.0,21.594930555555557
2013-08-25 17:00:00,621C,411.6347222222222,64.87944444444445,368.47777777777776,0.0,22.388569444444446
2013-08-25 17:00:00,621D,459.52222222222224,62.21070833333333,414.64444444444445,0.0,22.927319444444443
2013-08-25 17:00:00,621E,460.1222222222222,66.37134722222223,103.60138888888889,0.0,22.132444444444445
2013-08-25 17:00:00,640,400.1347222222222,62.6375,7.938888888888889,1.2348066298342542,22.204680555555555
2013-08-25 17:00:00,644,425.58472222222224,61.72537499999999,115.88888888888889,0.0,22.490305555555555
2013-08-25 17:00:00,648,104.93194444444444,60.62879166666667,121.54305555555555,0.0,22.478569444444442
2013-08-25 17:00:00,656A,421.7680555555556,61.40925000000001,105.39166666666667,0.0,22.76723611111111
2013-08-25 17:00:00,656B,412.3847222222222,57.25895833333333,53.40833333333333,0.0,23.609291666666664
2013-08-25 17:00:00,664,307.86805555555554,59.30229166666667,3.2430555555555554,0.0,22.95638888888889
2013-08-25 17:00:00,666,390.5027777777778,61.826375,154.9638888888889,0.0,22.770791666666668
2013-08-25 17:00:00,668,316.96805555555557,64.9576388888889,2185.115277777778,0.0,21.828888888888887
2013-08-25 17:00:00,717,361.69444444444446,61.36375866851595,205.6740638002774,0.0,22.49214979195562
2013-08-25 17:00:00,719,395.10555555555555,62.559250000000006,583.1694444444445,0.0,22.442055555555555
2013-08-25 17:00:00,721,296.76944444444445,61.64779166666667,483.8375,0.0,21.72625
2013-08-25 17:00:00,722,319.09305555555557,56.964632454923716,4.048543689320389,0.0,22.613259361997226
2013-08-25 17:00:00,723,375.6402777777778,64.96618055555555,255.6236111111111,0.0,21.85776388888889
2013-08-25 17:00:00,724,182.5638888888889,58.50358333333334,5.190277777777778,0.0,23.355069444444446
2013-08-25 17:00:00,726,369.24861111111113,55.85469444444444,3.2888888888888888,0.0,23.89334722222222
2013-08-25 17:00:00,734,302.71944444444443,59.11981944444444,16.633333333333333,0.0,23.079722222222223
2013-08-25 17:00:00,746,492.3333333333333,65.63393055555555,10.808333333333334,0.0,21.526958333333333
2013-08-25 17:00:00,748,465.4194444444444,57.45506241331484,4.771151178918169,0.0,23.257170596393895
2013-08-25 17:00:00,752,386.175,48.55622222222222,5.420833333333333,0.0,26.22134722222222
2013-08-25 17:00:00,754,376.8208333333333,59.557027777777776,11.64861111111111,0.0,23.086041666666667
2013-08-25 17:00:00,776,495.86805555555554,59.61906944444445,82.49861111111112,0.0,23.201055555555552
2013-08-25 18:00:00,413,455.0097222222222,53.02973611111111,111.43611111111112,0.0,23.438069444444444
2013-08-25 18:00:00,415,471.8513888888889,58.925763888888895,72.08055555555555,0.0,23.44158333333333
2013-08-25 18:00:00,417,350.5208333333333,58.21083333333334,90.61666666666666,0.0,23.742486111111113
2013-08-25 18:00:00,419,450.1902777777778,58.583013888888885,159.24583333333334,0.0,96.06752777777777
2013-08-25 18:00:00,421,333.0527777777778,59.15229166666667,211.92361111111111,0.0,23.439819444444446
2013-08-25 18:00:00,422,410.74861111111113,59.960499999999996,212.35694444444445,0.0,23.47827777777778
2013-08-25 18:00:00,423,344.10833333333335,55.62929166666666,3.683333333333333,0.0,24.123500000000003
2013-08-25 18:00:00,424,389.1736111111111,55.459111111111106,2.8916666666666666,0.0,24.38286111111111
2013-08-25 18:00:00,442,448.5027777777778,57.078194444444435,4.377777777777778,0.0,23.84448611111111
2013-08-25 18:00:00,446,477.78194444444443,60.6605,3.376388888888889,0.0,22.83634722222222
2013-08-25 18:00:00,448,372.51666666666665,59.69122222222222,4.151388888888889,0.0,23.33988888888889
2013-08-25 18:00:00,452,350.4736111111111,53.39903899721449,2.8091922005571033,0.0,23.185306406685235
2013-08-25 18:00:00,454,326.88055555555553,59.961125,3.2694444444444444,0.0,23.161527777777778
2013-08-25 18:00:00,456,415.78194444444443,58.31258333333333,3.2847222222222223,0.0,23.51247222222222
2013-08-25 18:00:00,458,458.25594405594404,70.07077777777778,5.102777777777778,0.0,20.542791666666666
2013-08-25 18:00:00,462,428.7708333333333,64.90455555555556,4.020833333333333,0.0,22.053583333333332
2013-08-25 18:00:00,510,306.45416666666665,64.57256944444444,89.7388888888889,0.0,22.200430555555556
2013-08-25 18:00:00,511,354.675,67.18556944444444,154.61666666666667,0.0,21.403375
2013-08-25 18:00:00,513,316.24583333333334,65.57520833333334,12.4375,0.0,22.030444444444445
2013-08-25 18:00:00,552,359.7236111111111,62.167875,3.3916666666666666,0.0,22.49861111111111
2013-08-25 18:00:00,554,440.09444444444443,59.625791666666665,3.176388888888889,0.0,23.185930555555554
2013-08-25 18:00:00,556,430.1694444444444,60.62079166666667,3.536111111111111,0.0,22.65445833333333
2013-08-25 18:00:00,558,388.9888888888889,64.93470833333333,3.620833333333333,0.0,22.100125
2013-08-25 18:00:00,562,237.8347222222222,63.83972222222222,2.7930555555555556,0.0,22.059472222222222
2013-08-25 18:00:00,564,275.9791666666667,62.89633333333333,4.418055555555555,0.0,21.95036111111111
2013-08-25 18:00:00,621,465.89722222222224,61.797583333333336,166.36527777777778,1.671270718232044,25.65290277777778
2013-08-25 18:00:00,621A,348.90416666666664,66.64848611111111,102.14861111111111,0.0,21.66390277777778
2013-08-25 18:00:00,621C,413.2680555555556,64.13081944444444,329.74305555555554,0.0,22.50736111111111
2013-08-25 18:00:00,621D,464.29305555555555,61.38229166666667,375.2125,0.0,23.063458333333333
2013-08-25 18:00:00,621E,466.49860724233986,65.52493055555556,91.475,0.0,22.256541666666667
2013-08-25 18:00:00,640,454.37996545768567,61.962573402417966,8.984455958549223,6.287292817679558,22.837184801381692
2013-08-25 18:00:00,644,434.99583911234396,60.74726388888889,184.99444444444444,0.0,22.72726388888889
2013-08-25 18:00:00,648,102.04166666666667,59.68694444444444,200.5861111111111,0.0,22.77991666666667
2013-08-25 18:00:00,656A,428.0097222222222,60.02180555555555,142.64583333333334,0.0,23.258861111111113
2013-08-25 18:00:00,656B,419.6972222222222,56.001194444444444,72.84861111111111,0.0,24.096666666666664
2013-08-25 18:00:00,664,311.6666666666667,58.94262500000001,3.227777777777778,0.0,23.022083333333335
2013-08-25 18:00:00,666,395.53472222222223,59.89568055555556,220.63194444444446,0.0,23.383041666666667
2013-08-25 18:00:00,668,319.0027777777778,63.42911111111111,2176.575,0.0,22.224208333333333
2013-08-25 18:00:00,717,367.47222222222223,60.27488888888889,178.49305555555554,0.0,22.781611111111108
2013-08-25 18:00:00,719,401.9277777777778,61.40741666666666,511.0513888888889,1.935656836461126,22.736777777777778
2013-08-25 18:00:00,721,305.7375,60.358583333333335,301.44444444444446,0.0,22.046347222222224
2013-08-25 18:00:00,722,321.96527777777777,56.75120833333334,4.045833333333333,0.0,22.639347222222224
2013-08-25 18:00:00,723,375.47222222222223,63.85129166666667,265.33194444444445,0.0,22.046569444444444
2013-08-25 18:00:00,724,186.9597222222222,58.2945,4.973611111111111,0.0,23.36872222222222
2013-08-25 18:00:00,726,373.56805555555553,55.67851388888889,3.279166666666667,0.0,23.91138888888889
2013-08-25 18:00:00,734,305.2375,58.27531944444444,13.468055555555555,0.0,23.323083333333333
2013-08-25 18:00:00,746,498.8569444444444,64.12175,11.83611111111111,0.0,21.897069444444444
2013-08-25 18:00:00,748,468.8875,57.21134722222222,3.2527777777777778,0.0,23.334416666666666
2013-08-25 18:00:00,752,390.8486111111111,48.31127777777778,5.377777777777778,0.0,26.305708333333335
2013-08-25 18:00:00,754,381.7388888888889,57.97280555555555,13.656944444444445,0.0,23.601819444444445
2013-08-25 18:00:00,776,504.125,58.264513888888885,62.55416666666667,0.0,23.705041666666666
2013-08-25 19:00:00,413,459.3388888888889,52.62945833333333,104.41111111111111,0.0,23.50640277777778
2013-08-25 19:00:00,415,475.81944444444446,58.50483333333334,61.92916666666667,0.0,23.512458333333335
2013-08-25 19:00:00,417,354.7055555555556,57.85579166666666,83.15833333333333,0.0,23.797791666666665
2013-08-25 19:00:00,419,454.6991643454039,58.15145833333334,145.4361111111111,0.0,69.108875
2013-08-25 19:00:00,421,337.46666666666664,59.25354166666667,199.5236111111111,0.0,23.46775
2013-08-25 19:00:00,422,413.48055555555555,59.55623611111111,194.79583333333332,0.0,23.51627777777778
2013-08-25 19:00:00,423,347.4472222222222,55.549319444444436,3.6777777777777776,0.0,24.09120833333333
2013-08-25 19:00:00,424,392.45972222222224,55.38732673267327,2.8741159830268743,0.0,24.35335219236209
2013-08-25 19:00:00,442,452.6,56.900708333333334,4.669444444444444,0.0,23.831902777777778
2013-08-25 19:00:00,446,480.53194444444443,60.463027777777775,3.4069444444444446,0.0,22.818458333333336
2013-08-25 19:00:00,448,376.7055555555556,59.49695833333333,4.165277777777778,0.0,23.323291666666666
2013-08-25 19:00:00,452,353.3777777777778,53.21841666666667,2.823611111111111,0.0,23.17695833333333
2013-08-25 19:00:00,454,330.3513888888889,59.85133333333333,3.338888888888889,0.0,23.144472222222223
2013-08-25 19:00:00,456,420.4847222222222,58.14915277777778,3.3152777777777778,0.0,23.49511111111111
2013-08-25 19:00:00,458,460.90277777777777,69.82969444444444,5.9125,0.0,20.56526388888889
2013-08-25 19:00:00,462,430.95972222222224,64.7135,4.3597222222222225,0.0,22.042333333333332
2013-08-25 19:00:00,510,308.3902777777778,64.04966666666667,91.80694444444444,0.0,22.286972222222225
2013-08-25 19:00:00,511,356.75555555555553,66.61608333333334,142.9986111111111,0.0,21.47415277777778
2013-08-25 19:00:00,513,320.3888888888889,65.15948611111111,12.545833333333333,0.0,22.076541666666667
2013-08-25 19:00:00,552,362.97083333333336,61.922916666666666,3.370833333333333,0.0,22.499694444444444
2013-08-25 19:00:00,554,438.93055555555554,59.37916666666667,3.033333333333333,0.0,23.198805555555555
2013-08-25 19:00:00,556,433.6166666666667,60.42052777777778,3.3986111111111112,0.0,22.65727777777778
2013-08-25 19:00:00,558,392.3625,64.71795744680851,3.49645390070922,0.0,22.102113475177305
2013-08-25 19:00:00,562,239.86666666666667,63.65672222222223,2.654166666666667,0.0,22.060958333333332
2013-08-25 19:00:00,564,278.4458333333333,62.659083333333335,3.901388888888889,0.0,21.969291666666667
2013-08-25 19:00:00,621,443.9236111111111,62.245916666666666,164.11944444444444,1.2916666666666667,25.581138888888887
2013-08-25 19:00:00,621A,351.4347222222222,66.29893055555554,90.24861111111112,0.0,21.699194444444444
2013-08-25 19:00:00,621C,416.24444444444447,63.61355555555556,254.2513888888889,0.0,22.551069444444444
2013-08-25 19:00:00,621D,467.74444444444447,60.83395833333333,294.2625,0.0,23.12251388888889
2013-08-25 19:00:00,621E,470.2611111111111,64.79929166666668,76.43194444444444,0.0,22.32911111111111
2013-08-25 19:00:00,640,-1.0,-1.0,-1.0,0.058333333333333334,-1.0
2013-08-25 19:00:00,644,439.7347222222222,59.300875,231.3375,0.0,23.214402777777778
2013-08-25 19:00:00,648,95.9486111111111,57.704236111111115,227.4986111111111,0.0,23.49802777777778
2013-08-25 19:00:00,656A,433.96944444444443,57.974,150.38055555555556,0.0,24.02872222222222
2013-08-25 19:00:00,656B,421.6847222222222,54.00472222222223,87.04861111111111,0.0,25.005333333333333
2013-08-25 19:00:00,664,313.45694444444445,58.539430555555555,3.3430555555555554,0.0,23.151958333333333
2013-08-25 19:00:00,666,398.74583333333334,57.267625,269.58194444444445,0.0,24.390055555555556
2013-08-25 19:00:00,668,323.2708333333333,61.927208333333326,2176.723611111111,0.0,22.707652777777778
2013-08-25 19:00:00,717,372.40416666666664,59.58184722222222,137.84166666666667,0.0,22.937569444444442
2013-08-25 19:00:00,719,485.41527777777776,60.48506944444444,388.30694444444447,22.210401891252957,23.188319444444446
2013-08-25 19:00:00,721,309.28472222222223,59.56022222222222,183.14166666666668,0.0,22.212819444444445
2013-08-25 19:00:00,722,331.2388888888889,56.64151388888889,10.797222222222222,1.4502762430939227,22.657027777777778
2013-08-25 19:00:00,723,377.0875,63.49308333333333,236.9,0.0,22.065875000000002
2013-08-25 19:00:00,724,190.80555555555554,58.13338888888889,5.102777777777778,0.0,23.38956944444444
2013-08-25 19:00:00,726,380.22083333333336,55.57665730337079,3.241573033707865,0.0,23.909494382022473
2013-08-25 19:00:00,734,312.6041666666667,57.655499999999996,13.375,0.0,23.54259722222222
2013-08-25 19:00:00,746,509.0208333333333,62.34745833333333,11.630555555555556,0.0,22.46915277777778
2013-08-25 19:00:00,748,473.2888888888889,56.89186111111111,3.6777777777777776,0.0,23.44876388888889
2013-08-25 19:00:00,752,395.5777777777778,48.08522222222222,5.351388888888889,0.0,26.393527777777777
2013-08-25 19:00:00,754,381.90833333333336,55.81283333333333,15.065277777777778,0.0,24.387888888888888
2013-08-25 19:00:00,776,514.8819444444445,57.356027777777776,54.52777777777778,0.0,24.07651388888889
2013-08-25 20:00:00,413,457.06805555555553,52.38911111111111,105.50416666666666,0.0,23.54297222222222
2013-08-25 20:00:00,415,475.91098748261476,58.22536111111111,61.727777777777774,0.0,23.558986111111114
2013-08-25 20:00:00,417,352.08472222222224,57.593888888888884,82.3236111111111,0.0,23.833291666666668
2013-08-25 20:00:00,419,453.2055555555556,57.89566666666666,143.49444444444444,0.0,60.64895833333333
2013-08-25 20:00:00,421,334.9291666666667,59.281655076495134,202.18219749652295,0.0,23.459471488178025
2013-08-25 20:00:00,422,413.075,59.30633333333333,215.44305555555556,0.0,23.541875
2013-08-25 20:00:00,423,347.67083333333335,55.53765277777778,3.6486111111111112,0.0,24.056236111111108
2013-08-25 20:00:00,424,392.75694444444446,55.38279166666667,2.998611111111111,0.0,24.32236111111111
2013-08-25 20:00:00,442,450.13212795549373,56.837875000000004,4.730555555555555,0.0,23.80547222222222
2013-08-25 20:00:00,446,478.8222222222222,60.30344444444445,3.4166666666666665,0.0,22.81661111111111
2013-08-25 20:00:00,448,375.65277777777777,59.37325,4.106944444444444,0.0,23.317527777777777
2013-08-25 20:00:00,452,353.575,53.11450000000001,2.827777777777778,0.0,23.168708333333335
2013-08-25 20:00:00,454,330.0236111111111,59.778416666666665,3.325,0.0,23.12948611111111
2013-08-25 20:00:00,456,420.05,58.052125,3.2125,0.0,23.490236111111113
2013-08-25 20:00:00,458,457.675,69.57447222222223,4.969444444444444,0.0,20.57188888888889
2013-08-25 20:00:00,462,429.26944444444445,64.53306944444445,3.8666666666666667,0.0,22.05136111111111
2013-08-25 20:00:00,510,307.1847222222222,63.74941666666667,99.21805555555555,0.0,22.333180555555554
2013-08-25 20:00:00,511,355.3958333333333,66.12283333333333,148.79444444444445,0.0,21.534291666666668
2013-08-25 20:00:00,513,319.84444444444443,64.72725,13.281944444444445,0.0,22.13561111111111
2013-08-25 20:00:00,552,360.9638888888889,61.74991666666667,3.4138888888888888,0.0,22.496041666666667
2013-08-25 20:00:00,554,439.35,59.26441666666666,3.109722222222222,0.0,23.177305555555556
2013-08-25 20:00:00,556,432.5416666666667,60.28895833333334,3.488888888888889,0.0,22.640694444444442
2013-08-25 20:00:00,558,389.2,64.5850980392157,3.515406162464986,0.0,22.082450980392156
2013-08-25 20:00:00,562,238.35972222222222,63.46066666666667,2.6777777777777776,0.0,22.06052777777778
2013-08-25 20:00:00,564,277.40555555555557,62.50425,4.15,0.0,21.963555555555555
2013-08-25 20:00:00,621,435.0472222222222,62.383833333333335,166.63333333333333,5.921621621621622,25.574388888888887
2013-08-25 20:00:00,621A,349.29583333333335,65.96395833333334,99.05555555555556,0.0,21.728194444444444
2013-08-25 20:00:00,621C,413.9486111111111,63.03008333333334,260.34305555555557,0.0,22.62038888888889
2013-08-25 20:00:00,621D,467.0375521557719,60.268125000000005,293.6763888888889,0.0,23.19579166666667
2013-08-25 20:00:00,621E,467.43611111111113,64.21127777777778,75.98611111111111,0.0,22.396583333333336
2013-08-25 20:00:00,640,-1.0,-1.0,-1.0,0.0,-1.0
2013-08-25 20:00:00,644,429.20416666666665,58.875277777777775,240.15277777777777,0.0,23.141694444444447
2013-08-25 20:00:00,648,99.36666666666666,56.6915,201.65833333333333,0.0,23.5475
2013-08-25 20:00:00,656A,436.3375,56.157944444444446,118.97777777777777,0.0,24.652152777777776
2013-08-25 20:00:00,656B,422.0152777777778,51.65675,76.99305555555556,0.0,25.94765277777778
2013-08-25 20:00:00,664,309.7611111111111,57.98595833333333,3.3541666666666665,0.0,23.356486111111114
2013-08-25 20:00:00,666,395.8375,54.393138888888885,250.36944444444444,0.0,25.381208333333333
2013-08-25 20:00:00,668,318.0736111111111,60.19547222222222,2173.948611111111,0.0,23.23063888888889
2013-08-25 20:00:00,717,371.23333333333335,59.006,137.17361111111111,0.0,23.074361111111113
2013-08-25 20:00:00,719,479.0708333333333,59.146638888888894,385.1625,15.703125,23.523402777777775
2013-08-25 20:00:00,721,308.95972222222224,58.88483333333333,193.8763888888889,0.0,22.364569444444445
2013-08-25 20:00:00,722,333.93055555555554,56.48762306610408,11.855133614627286,0.0,22.71291139240506
2013-08-25 20:00:00,723,376.1958333333333,63.297625000000004,231.61944444444444,0.0,22.056986111111108
2013-08-25 20:00:00,724,193.21527777777777,58.00933333333334,5.219444444444444,0.0,23.40584722222222
2013-08-25 20:00:00,726,380.8305555555556,55.51529166666667,3.3777777777777778,0.0,23.910569444444445
2013-08-25 20:00:00,734,308.55694444444447,57.037277777777774,15.365277777777777,0.0,23.784694444444444
2013-08-25 20:00:00,746,507.575,60.439166666666665,9.580555555555556,0.0,22.984388888888887
2013-08-25 20:00:00,748,474.81111111111113,56.47481944444445,4.788888888888889,0.0,23.612208333333335
2013-08-25 20:00:00,752,396.2111111111111,47.76793055555555,5.531944444444444,0.0,26.57701388888889
2013-08-25 20:00:00,754,378.5486111111111,53.54973611111111,11.579166666666667,0.0,25.113944444444446
2013-08-25 20:00:00,776,526.7791666666667,56.410472222222225,70.85694444444445,0.0,24.372333333333337
2013-08-25 21:00:00,413,455.1277777777778,52.259083333333336,149.48194444444445,0.0,23.602736111111113
2013-08-25 21:00:00,415,473.2,58.02831944444444,103.78472222222223,0.0,23.613805555555555
2013-08-25 21:00:00,417,351.7013888888889,57.43109722222222,122.02222222222223,0.0,23.873444444444445
2013-08-25 21:00:00,419,453.2027777777778,57.72323611111111,227.19166666666666,0.0,65.31680555555555
2013-08-25 21:00:00,421,329.5861111111111,59.78034722222222,285.97222222222223,0.0,23.41365277777778
2013-08-25 21:00:00,422,412.2375,59.131750000000004,300.5,0.0,23.58941666666667
2013-08-25 21:00:00,423,345.57916666666665,55.57747222222222,3.6416666666666666,0.0,24.023055555555555
2013-08-25 21:00:00,424,391.5486111111111,55.423625,2.9541666666666666,0.0,24.290666666666667
2013-08-25 21:00:00,442,447.7652777777778,56.80825,4.781944444444444,0.0,23.802430555555556
2013-08-25 21:00:00,446,477.0722222222222,60.254333333333335,3.3694444444444445,0.0,22.811861111111114
2013-08-25 21:00:00,448,372.7680555555556,59.32229166666667,4.1,0.0,23.310597222222224
2013-08-25 21:00:00,452,352.80555555555554,53.06029166666667,2.75,0.0,23.159958333333336
2013-08-25 21:00:00,454,329.73055555555555,59.752250000000004,3.2222222222222223,0.0,23.120041666666665
2013-08-25 21:00:00,456,415.425,57.99529166666667,3.066666666666667,0.0,23.483666666666664
2013-08-25 21:00:00,458,455.4527777777778,69.60679166666667,4.059722222222222,0.0,20.567388888888885
2013-08-25 21:00:00,462,428.1638888888889,64.47518055555557,3.5375,0.0,22.057861111111112
2013-08-25 21:00:00,510,306.79027777777776,63.239000000000004,211.67638888888888,0.0,22.481638888888888
2013-08-25 21:00:00,511,354.15833333333336,65.71120833333333,245.5402777777778,0.0,21.622722222222222
2013-08-25 21:00:00,513,316.68611111111113,64.43247222222222,16.477777777777778,0.0,22.200319444444442
2013-08-25 21:00:00,552,360.0208333333333,61.70129166666667,3.4722222222222223,0.0,22.490125
2013-08-25 21:00:00,554,439.54923717059637,59.257625,3.1930555555555555,0.0,23.174444444444447
2013-08-25 21:00:00,556,430.3513888888889,60.300471567267685,3.5242718446601944,0.0,22.619153952843273
2013-08-25 21:00:00,558,388.0263888888889,64.58575,3.598611111111111,0.0,22.063069444444444
2013-08-25 21:00:00,562,239.66666666666666,63.518166666666666,2.7666666666666666,0.0,22.02784722222222
2013-08-25 21:00:00,564,275.5625,62.491249999999994,4.625,0.0,21.949625
2013-08-25 21:00:00,621,438.0472222222222,62.449375,65.1361111111111,0.6416666666666667,25.470291666666668
2013-08-25 21:00:00,621A,348.37361111111113,65.76395833333333,157.6,0.0,21.78159722222222
2013-08-25 21:00:00,621C,412.0527777777778,62.495374999999996,424.55833333333334,0.0,22.722125000000002
2013-08-25 21:00:00,621D,465.09027777777777,59.71670833333333,478.37361111111113,0.0,23.31370833333333
2013-08-25 21:00:00,621E,464.0417246175243,63.68731944444445,118.37083333333334,0.0,22.480458333333335
2013-08-25 21:00:00,640,-1.0,-1.0,-1.0,0.0,-1.0
2013-08-25 21:00:00,644,420.0375,59.426291666666664,203.025,0.0,22.924680555555558
2013-08-25 21:00:00,648,102.5,57.83730555555556,181.58194444444445,0.0,23.08961111111111
2013-08-25 21:00:00,656A,434.0486111111111,54.98148611111111,115.63472222222222,0.0,24.997680555555554
2013-08-25 21:00:00,656B,419.1777777777778,49.98788888888889,63.798611111111114,0.0,26.50634722222222
2013-08-25 21:00:00,664,320.63194444444446,57.634625,13.077777777777778,2.7493261455525606,23.61961111111111
2013-08-25 21:00:00,666,393.87638888888887,52.605472222222225,191.90555555555557,0.0,25.932999999999996
2013-08-25 21:00:00,668,314.81111111111113,58.80509722222222,2162.2083333333335,0.0,23.661208333333335
2013-08-25 21:00:00,717,367.6458333333333,58.505333333333326,224.64027777777778,0.0,23.22001388888889
2013-08-25 21:00:00,719,405.28055555555557,58.468361111111115,645.175,0.0,23.559194444444444
2013-08-25 21:00:00,721,308.2527777777778,58.29445833333334,445.53472222222223,0.0,22.535138888888888
2013-08-25 21:00:00,722,326.47222222222223,56.44295833333334,4.147222222222222,0.0,22.707833333333333
2013-08-25 21:00:00,723,373.56805555555553,63.167375,300.16805555555555,0.0,22.111791666666665
2013-08-25 21:00:00,724,187.725,57.94716666666667,5.208333333333333,0.0,23.42373611111111
2013-08-25 21:00:00,726,375.15,55.483875,3.3777777777777778,0.0,23.91451388888889
2013-08-25 21:00:00,734,359.2638888888889,56.106902777777776,200.28194444444443,4.5422343324250685,24.289819444444444
2013-08-25 21:00:00,746,513.1137309292649,59.50205555555556,9.73611111111111,0.0,23.186527777777776
2013-08-25 21:00:00,748,476.4277777777778,55.9945,4.4125,0.0,23.80036111111111
2013-08-25 21:00:00,752,397.35277777777776,47.363013888888894,5.448611111111111,0.0,26.75848611111111
2013-08-25 21:00:00,754,374.7875,52.253680555555555,13.865277777777777,0.0,25.459375
2013-08-25 21:00:00,776,540.3708333333333,55.46168055555555,88.60416666666667,0.0,24.674847222222223
2013-08-25 22:00:00,413,456.9125,51.90602777777777,164.7111111111111,0.0,23.846958333333337
2013-08-25 22:00:00,415,472.6166666666667,57.67681944444444,123.57916666666667,0.0,23.822611111111108
2013-08-25 22:00:00,417,351.60555555555555,56.97511111111111,127.99861111111112,0.0,24.110291666666665
2013-08-25 22:00:00,419,451.45,57.34341666666667,263.10555555555555,0.0,81.71102777777779
2013-08-25 22:00:00,421,336.31805555555553,59.14556944444444,315.23055555555555,0.0,23.634180555555556
2013-08-25 22:00:00,422,410.7861111111111,58.83325000000001,336.6902777777778,0.0,23.74176388888889
2013-08-25 22:00:00,423,344.3847222222222,55.68316666666667,3.566666666666667,0.0,23.992486111111113
2013-08-25 22:00:00,424,390.93194444444447,55.53595833333333,2.886111111111111,0.0,24.264625
2013-08-25 22:00:00,442,447.0236111111111,56.86529166666667,5.311111111111111,0.0,23.803236111111115
2013-08-25 22:00:00,446,474.8902777777778,60.28708333333334,3.448611111111111,0.0,22.818513888888887
2013-08-25 22:00:00,448,371.9125,59.365833333333335,4.158333333333333,0.0,23.30309722222222
2013-08-25 22:00:00,452,350.72777777777776,53.10641666666667,2.776388888888889,0.0,23.153333333333336
2013-08-25 22:00:00,454,325.8861111111111,59.80866666666667,3.236111111111111,0.0,23.105458333333335
2013-08-25 22:00:00,456,415.8152777777778,58.059736111111114,3.1819444444444445,0.0,23.47201388888889
2013-08-25 22:00:00,458,454.5097222222222,69.72311543810848,4.043115438108484,0.0,20.560904033379693
2013-08-25 22:00:00,462,425.40694444444443,64.5222695035461,3.575886524822695,0.0,22.063716312056737
2013-08-25 22:00:00,510,307.2597222222222,62.022333333333336,324.63055555555553,0.0,23.031513888888888
2013-08-25 22:00:00,511,350.9236111111111,65.07772538141471,342.6962552011096,0.0,21.861581137309294
2013-08-25 22:00:00,513,315.2013888888889,63.871625,17.252777777777776,0.0,22.40140277777778
2013-08-25 22:00:00,552,358.10555555555555,61.73895833333333,3.4555555555555557,0.0,22.499930555555558
2013-08-25 22:00:00,554,439.0208333333333,59.307125000000006,3.216666666666667,0.0,23.19697222222222
2013-08-25 22:00:00,556,429.7291666666667,60.34802777777778,3.504166666666667,0.0,22.62363888888889
2013-08-25 22:00:00,558,386.09027777777777,64.63411111111112,3.488888888888889,0.0,22.073944444444443
2013-08-25 22:00:00,562,237.2486111111111,63.520554785020806,2.7919556171983357,0.0,22.055131761442443
2013-08-25 22:00:00,564,272.87083333333334,62.532916666666665,4.669444444444444,0.0,21.959722222222222
2013-08-25 22:00:00,621,427.14722222222224,63.37756944444444,6.470833333333333,0.0,25.053666666666665
2013-08-25 22:00:00,621A,348.3638888888889,65.34266666666667,186.61666666666667,0.0,21.960291666666667
2013-08-25 22:00:00,621C,410.93888888888887,61.838474341192786,485.94174757281553,0.0,22.947101248266296
2013-08-25 22:00:00,621D,464.2127351664255,58.966166666666666,531.4347222222223,0.0,23.568458333333336
2013-08-25 22:00:00,621E,462.65972222222223,63.138625,132.03194444444443,0.0,22.658055555555556
2013-08-25 22:00:00,640,-1.0,-1.0,-1.0,0.0,-1.0
2013-08-25 22:00:00,644,416.7944444444444,60.26373611111111,192.45277777777778,0.0,22.657194444444446
2013-08-25 22:00:00,648,107.70833333333333,59.05459722222222,189.1611111111111,0.0,22.694472222222224
2013-08-25 22:00:00,656A,430.71666666666664,54.501527777777774,128.01944444444445,0.0,25.03647222222222
2013-08-25 22:00:00,656B,420.1402777777778,49.31560332871013,66.69486823855756,0.0,26.590735090152563
2013-08-25 22:00:00,664,305.1791666666667,56.99811111111111,3.2333333333333334,0.0,23.755930555555555
2013-08-25 22:00:00,666,389.93888888888887,52.138444444444445,169.99305555555554,0.0,25.906611111111108
2013-08-25 22:00:00,668,314.9166666666667,57.912958333333336,2159.7986111111113,0.0,23.92673611111111
2013-08-25 22:00:00,717,367.7638888888889,57.83029166666666,232.82638888888889,0.0,23.525
2013-08-25 22:00:00,719,399.90416666666664,57.99886111111111,725.2597222222222,0.0,23.762486111111112
2013-08-25 22:00:00,721,309.1875,57.523672316384186,481.6779661016949,0.0,22.854251412429377
2013-08-25 22:00:00,722,324.12916666666666,56.45025,4.020833333333333,0.0,22.728
2013-08-25 22:00:00,723,371.80833333333334,62.7815,320.19166666666666,0.0,22.298402777777778
2013-08-25 22:00:00,724,185.07638888888889,57.932916666666664,4.997222222222222,0.0,23.454069444444446
2013-08-25 22:00:00,726,372.0,55.48345833333333,3.2291666666666665,0.0,23.94002777777778
2013-08-25 22:00:00,734,322.57975034674064,54.01445214979195,164.62968099861303,4.376344086021505,25.07382801664355
2013-08-25 22:00:00,746,517.1375,59.420625,8.759722222222223,0.0,23.113916666666668
2013-08-25 22:00:00,748,475.56388888888887,55.62695410292072,3.243393602225313,0.0,23.947162726008344
2013-08-25 22:00:00,752,397.7416666666667,47.07927777777778,5.355555555555555,0.0,26.874430555555556
2013-08-25 22:00:00,754,372.56666666666666,51.91016666666667,13.488888888888889,0.0,25.46273611111111
2013-08-25 22:00:00,776,537.0361111111112,54.53280555555556,107.15416666666667,0.0,24.97215277777778
2013-08-25 23:00:00,413,456.9291666666667,51.10480555555556,139.2763888888889,0.0,24.18388888888889
2013-08-25 23:00:00,415,474.50416666666666,57.18785813630042,126.79694019471488,0.0,24.00076495132128
2013-08-25 23:00:00,417,351.9277777777778,56.38188888888889,104.73194444444445,0.0,24.295499999999997
2013-08-25 23:00:00,419,450.24583333333334,56.893097222222224,255.38611111111112,0.0,76.43981944444444
2013-08-25 23:00:00,421,337.1,58.454625,269.99305555555554,0.0,23.784875
2013-08-25 23:00:00,422,411.47083333333336,58.42402777777778,294.25138888888887,0.0,23.842708333333334
2013-08-25 23:00:00,423,344.3861111111111,55.716680555555556,3.575,0.0,23.965944444444442
2013-08-25 23:00:00,424,390.0500695410292,55.52359722222222,2.9430555555555555,0.0,24.256736111111113
2013-08-25 23:00:00,442,446.72777777777776,56.812875,5.245833333333334,0.0,23.80497222222222
2013-08-25 23:00:00,446,474.99583333333334,60.23679166666666,3.547222222222222,0.0,22.80673611111111
2013-08-25 23:00:00,448,371.77222222222224,59.31166666666667,4.159722222222222,0.0,23.297930555555553
2013-08-25 23:00:00,452,351.0541666666667,53.061569444444444,2.8069444444444445,0.0,23.14272222222222
2013-08-25 23:00:00,454,326.1763888888889,59.77566666666667,3.3194444444444446,0.0,23.099124999999997
2013-08-25 23:00:00,456,415.0,58.022333333333336,3.238888888888889,0.0,23.463500000000003
2013-08-25 23:00:00,458,454.6847222222222,69.5423611111111,4.398611111111111,0.0,20.579541666666664
2013-08-25 23:00:00,462,424.9263888888889,64.42311111111111,3.6319444444444446,0.0,22.059013888888888
2013-08-25 23:00:00,510,308.4458333333333,60.126374999999996,347.06388888888887,0.0,23.729097222222222
2013-08-25 23:00:00,511,353.62361111111113,63.93404166666667,375.8722222222222,0.0,22.138125000000002
2013-08-25 23:00:00,513,315.52777777777777,63.05795833333334,14.615277777777777,1.6821917808219178,22.571583333333333
2013-08-25 23:00:00,552,358.0444444444444,61.61133333333333,3.4944444444444445,0.0,22.503097222222223
2013-08-25 23:00:00,554,440.63055555555553,59.22458333333333,3.165277777777778,0.0,23.208902777777777
2013-08-25 23:00:00,556,429.2206506364922,60.24491666666666,3.5555555555555554,0.0,22.622930555555556
2013-08-25 23:00:00,558,384.45416666666665,64.51168055555556,3.6347222222222224,0.0,22.074805555555553
2013-08-25 23:00:00,562,236.85833333333332,63.36450000000001,2.8305555555555557,0.0,22.061569444444444
2013-08-25 23:00:00,564,272.8611111111111,62.39117812061711,4.50070126227209,0.0,21.972061711079945
2013-08-25 23:00:00,621,425.4111111111111,63.69029166666667,6.3597222222222225,1.2916666666666667,24.879097222222224
2013-08-25 23:00:00,621A,348.2638888888889,64.62791666666666,173.26388888888889,0.0,22.076249999999998
2013-08-25 23:00:00,621C,410.7361111111111,61.190416666666664,412.3388888888889,0.0,23.033569444444442
2013-08-25 23:00:00,621D,463.0138888888889,58.36020833333333,459.1430555555556,0.0,23.66759722222222
2013-08-25 23:00:00,621E,462.2638888888889,62.35241666666666,119.775,0.0,22.78313888888889
2013-08-25 23:00:00,640,-1.0,-1.0,-1.0,0.0,-1.0
2013-08-25 23:00:00,644,417.3513888888889,60.725201668984695,134.83866481223922,0.0,22.446606397774687
2013-08-25 23:00:00,648,108.34958217270194,59.692100139082065,138.4547983310153,0.0,22.430820584144644
2013-08-25 23:00:00,656A,428.1777777777778,54.550763888888895,103.21111111111111,0.0,24.845930555555555
2013-08-25 23:00:00,656B,417.9472222222222,49.23405555555555,53.94444444444444,0.0,26.39688888888889
2013-08-25 23:00:00,664,339.42857142857144,56.879666666666665,18.1875,8.841075794621027,23.874055555555554
2013-08-25 23:00:00,666,388.2375,52.46819444444444,119.79583333333333,0.0,25.557333333333332
2013-08-25 23:00:00,668,315.23055555555555,57.63111111111111,2151.3527777777776,0.0,23.887305555555557
2013-08-25 23:00:00,717,368.2583333333333,57.16901388888889,194.35694444444445,0.0,23.693583333333336
2013-08-25 23:00:00,719,400.1736111111111,57.477999999999994,640.7527777777777,0.0,23.846763888888887
2013-08-25 23:00:00,721,311.8097222222222,56.78747222222223,405.69305555555553,0.0,23.015124999999998
2013-08-25 23:00:00,722,322.78303198887346,56.33659722222222,3.995833333333333,0.0,22.728791666666666
2013-08-25 23:00:00,723,369.1958333333333,62.3085,276.03194444444443,0.0,22.36290277777778
2013-08-25 23:00:00,724,184.25277777777777,57.826125000000005,4.938888888888889,0.0,23.450222222222223
2013-08-25 23:00:00,726,371.25138888888887,55.42283333333334,3.2777777777777777,0.0,23.931375
2013-08-25 23:00:00,734,304.6777777777778,52.058,188.2263888888889,0.0,25.706888888888887
2013-08-25 23:00:00,746,516.3069444444444,59.95068055555555,7.104166666666667,0.0,22.786819444444443
2013-08-25 23:00:00,748,475.8597222222222,55.367666666666665,3.225,0.0,23.9845
2013-08-25 23:00:00,752,395.49305555555554,46.85594444444444,5.413888888888889,0.0,26.887444444444444
2013-08-25 23:00:00,754,374.39722222222224,52.17684722222222,9.581944444444444,0.0,25.162180555555555
2013-08-25 23:00:00,776,520.5763888888889,54.02466666666667,81.1375,1.7506849315068493,24.993958333333335
2013-08-26 00:00:00,413,460.1722222222222,50.433569444444444,161.69583333333333,0.0,24.53979166666667
2013-08-26 00:00:00,415,473.45416666666665,56.858000000000004,106.11805555555556,0.0,24.18208333333333
2013-08-26 00:00:00,417,350.3569444444444,56.00320833333333,90.8013888888889,0.0,24.476444444444446
2013-08-26 00:00:00,419,449.05555555555554,56.51929166666667,219.63888888888889,0.0,78.148875
2013-08-26 00:00:00,421,338.19166666666666,57.70303198887344,241.66203059805284,0.0,24.00001390820584
2013-08-26 00:00:00,422,407.49583333333334,58.087611111111116,273.6333333333333,0.0,24.03076388888889
2013-08-26 00:00:00,423,343.12916666666666,55.82830555555555,3.561111111111111,0.0,23.962305555555556
2013-08-26 00:00:00,424,389.57697642163663,55.629999999999995,2.8805555555555555,0.0,24.25411111111111
2013-08-26 00:00:00,442,444.65416666666664,56.88656944444445,5.3,0.0,23.831375
2013-08-26 00:00:00,446,472.4194444444444,60.278749999999995,3.348611111111111,0.0,22.83134722222222
2013-08-26 00:00:00,448,370.5208333333333,59.38891666666666,4.094444444444444,0.0,23.3045
2013-08-26 00:00:00,452,348.3847222222222,53.13707350901526,2.7877947295423025,0.0,23.145783633841887
2013-08-26 00:00:00,454,324.9847222222222,59.83995833333333,3.341666666666667,0.0,23.1
2013-08-26 00:00:00,456,412.0625869262865,58.10309722222222,3.3847222222222224,0.0,23.469194444444444
2013-08-26 00:00:00,458,453.30833333333334,69.70615277777777,5.855555555555555,0.0,20.558708333333335
2013-08-26 00:00:00,462,422.7597222222222,64.55236111111111,4.3902777777777775,0.0,22.061569444444444
2013-08-26 00:00:00,510,312.1069444444444,57.526833333333336,510.4888888888889,0.0,24.578583333333334
2013-08-26 00:00:00,511,351.9263888888889,62.81629166666667,757.5833333333334,0.0,22.509777777777778
2013-08-26 00:00:00,513,463.03194444444443,62.579249999999995,13.584722222222222,12.588082901554404,22.7255
2013-08-26 00:00:00,552,355.0652777777778,61.694916666666664,3.3944444444444444,0.0,22.518763888888888
2013-08-26 00:00:00,554,446.4583333333333,59.28177715091678,3.2031029619181948,0.0,23.230606488011283
2013-08-26 00:00:00,556,426.4736111111111,60.31458333333333,3.5097222222222224,0.0,22.639375
2013-08-26 00:00:00,558,383.5208333333333,64.61747222222222,3.475,0.0,22.078055555555554
2013-08-26 00:00:00,562,235.98333333333332,63.50729166666667,2.8402777777777777,0.0,22.052124999999997
2013-08-26 00:00:00,564,271.71527777777777,62.485791666666664,4.277777777777778,0.0,21.97972222222222
2013-08-26 00:00:00,621,422.00694444444446,63.822402777777775,6.466666666666667,0.0,24.79272222222222
2013-08-26 00:00:00,621A,346.4902777777778,64.23706944444444,177.06527777777777,0.0,22.201958333333334
2013-08-26 00:00:00,621C,410.6791666666667,60.836875000000006,369.7680555555556,0.0,23.126013888888888
2013-08-26 00:00:00,621D,463.47222222222223,58.10265277777777,408.4125,0.0,23.770402777777775
2013-08-26 00:00:00,621E,459.9166666666667,61.928749999999994,102.92777777777778,0.0,22.891569444444446
2013-08-26 00:00:00,640,-1.0,-1.0,-1.0,0.0,-1.0
2013-08-26 00:00:00,644,420.40972222222223,61.105210084033615,160.3249299719888,0.0,22.387016806722688
2013-08-26 00:00:00,648,114.60555555555555,60.17770833333333,136.45555555555555,0.0,22.324
2013-08-26 00:00:00,656A,425.1902777777778,55.13444444444445,90.10555555555555,0.0,24.54659722222222
2013-08-26 00:00:00,656B,409.6722222222222,49.78681944444445,48.852777777777774,0.0,26.031180555555558
2013-08-26 00:00:00,664,364.1736111111111,56.84101248266297,13.938973647711512,4.189973614775726,23.95514563106796
2013-08-26 00:00:00,666,389.7652777777778,53.544847222222224,103.32222222222222,0.0,25.078027777777777
2013-08-26 00:00:00,668,315.11944444444447,58.02872222222222,2158.5805555555557,0.0,23.723736111111112
2013-08-26 00:00:00,717,367.8375,56.83631944444445,172.8875,0.0,23.835375000000003
2013-08-26 00:00:00,719,398.15277777777777,57.246361111111106,574.7694444444444,0.0,23.94913888888889
2013-08-26 00:00:00,721,311.65,56.41093055555556,419.7013888888889,0.0,23.167680555555556
2013-08-26 00:00:00,722,321.1722222222222,56.42729166666667,4.001388888888889,0.0,22.72848611111111
2013-08-26 00:00:00,723,367.81666666666666,62.238,248.26666666666668,0.0,22.426069444444444
2013-08-26 00:00:00,724,183.34444444444443,57.912791666666664,4.963888888888889,0.0,23.447805555555558
2013-08-26 00:00:00,726,369.1402777777778,55.489861111111104,3.2680555555555557,0.0,23.942569444444448
2013-08-26 00:00:00,734,299.9,50.79702777777778,230.2736111111111,1.371191135734072,26.15348611111111
2013-08-26 00:00:00,746,522.6875,60.857875,15.01388888888889,3.8198924731182795,22.558347222222224
2013-08-26 00:00:00,748,471.2861111111111,55.407041666666665,3.188888888888889,0.0,23.946569444444442
2013-08-26 00:00:00,752,392.2263888888889,46.92679166666667,5.381944444444445,0.0,26.824027777777776
2013-08-26 00:00:00,754,375.2944444444444,52.968875000000004,9.884722222222223,0.0,24.841944444444444
2013-08-26 00:00:00,776,508.7611111111111,54.13872222222222,61.84861111111111,1.703601108033241,24.898138888888887
2013-08-26 01:00:00,413,463.7402777777778,48.811083333333336,249.47083333333333,0.0,25.085638888888887
2013-08-26 01:00:00,415,471.9125,55.98652777777778,100.25416666666666,0.0,24.46438888888889
2013-08-26 01:00:00,417,349.80694444444447,55.211222222222226,73.28333333333333,0.0,24.658652777777778
2013-08-26 01:00:00,419,447.0777777777778,55.759499999999996,216.7263888888889,0.0,79.10722222222222
2013-08-26 01:00:00,421,336.53472222222223,56.54805555555556,231.62777777777777,0.0,24.228194444444444
2013-08-26 01:00:00,422,400.10555555555555,56.88879166666667,269.2472222222222,0.0,24.32004166666667
2013-08-26 01:00:00,423,339.9638888888889,55.60816666666666,3.558333333333333,0.0,23.963875
2013-08-26 01:00:00,424,385.8722222222222,55.38876388888888,2.8152777777777778,0.0,24.263333333333335
2013-08-26 01:00:00,442,440.34583333333336,56.44390277777778,5.595833333333333,0.0,23.854138888888887
2013-08-26 01:00:00,446,470.72777777777776,59.814875,3.3430555555555554,0.0,22.83725
2013-08-26 01:00:00,448,368.9375,59.06013888888889,4.176388888888889,0.0,23.30834722222222
2013-08-26 01:00:00,452,346.2597222222222,52.88384722222223,2.8291666666666666,0.0,23.14798611111111
2013-08-26 01:00:00,454,322.02367688022287,59.59365277777778,3.3222222222222224,0.0,23.09715277777778
2013-08-26 01:00:00,456,409.30694444444447,57.809263888888886,3.323611111111111,0.0,23.46125
2013-08-26 01:00:00,458,447.8875,68.98206944444443,5.673611111111111,0.0,20.55425
2013-08-26 01:00:00,462,419.13194444444446,64.06075,4.258333333333334,0.0,22.041444444444444
2013-08-26 01:00:00,510,321.2527777777778,54.035222222222224,788.0527777777778,0.0,25.586277777777777
2013-08-26 01:00:00,511,347.7402777777778,60.74844444444444,663.8069444444444,0.0,22.946736111111115
2013-08-26 01:00:00,513,361.80027932960894,61.641125,14.579166666666667,0.0,22.973305555555555
2013-08-26 01:00:00,552,352.2888888888889,61.297625000000004,3.2805555555555554,0.0,22.515416666666667
2013-08-26 01:00:00,554,436.2375,59.042375,2.9833333333333334,0.0,23.21098611111111
2013-08-26 01:00:00,556,424.2861111111111,60.022125,3.3027777777777776,0.0,22.623569444444442
2013-08-26 01:00:00,558,380.16527777777776,64.24745833333333,3.501388888888889,0.0,22.071666666666665
2013-08-26 01:00:00,562,233.72083333333333,63.172875000000005,2.591666666666667,0.0,22.032722222222223
2013-08-26 01:00:00,564,268.93055555555554,62.16875,3.7083333333333335,0.0,21.96390277777778
2013-08-26 01:00:00,621,419.02916666666664,63.66741666666667,6.341666666666667,0.0,24.731861111111108
2013-08-26 01:00:00,621A,344.2027777777778,63.13454166666667,238.00555555555556,0.0,22.371555555555556
2013-08-26 01:00:00,621C,406.99444444444447,60.23072222222223,306.3847222222222,0.0,23.14795833333333
2013-08-26 01:00:00,621D,459.3902777777778,57.45155555555556,340.4111111111111,0.0,23.85884722222222
2013-08-26 01:00:00,621E,455.46805555555557,61.127250000000004,87.68333333333334,0.0,22.98143055555556
2013-08-26 01:00:00,640,-1.0,-1.0,-1.0,0.0,-1.0
2013-08-26 01:00:00,644,421.00138888888887,60.39483333333333,110.75138888888888,0.0,22.470680555555553
2013-08-26 01:00:00,648,101.24861111111112,59.593944444444446,38.3,0.0,22.367569444444445
2013-08-26 01:00:00,656A,420.10833333333335,55.55130555555556,21.247222222222224,0.0,24.20186111111111
2013-08-26 01:00:00,656B,407.7027777777778,50.300240793201134,11.987252124645892,0.0,25.612039660056656
2013-08-26 01:00:00,664,307.6898016997167,56.40719444444444,3.1333333333333333,0.0,23.773666666666667
2013-08-26 01:00:00,666,385.7416666666667,54.12444444444444,28.9,0.0,24.644055555555557
2013-08-26 01:00:00,668,313.0527777777778,58.24704166666667,2159.9375,0.0,23.453166666666664
2013-08-26 01:00:00,717,365.25138888888887,56.221000000000004,145.38611111111112,0.0,23.951194444444447
2013-08-26 01:00:00,719,393.90416666666664,56.694541666666666,529.6819444444444,0.0,24.033833333333334
2013-08-26 01:00:00,721,307.8597222222222,55.61768055555555,586.7736111111111,0.0,23.346
2013-08-26 01:00:00,722,318.90555555555557,56.217041666666674,3.970833333333333,0.0,22.711958333333335
2013-08-26 01:00:00,723,362.06388888888887,61.616791666666664,241.14166666666668,0.0,22.48976388888889
2013-08-26 01:00:00,724,180.12222222222223,57.71213888888889,5.05,0.0,23.420555555555556
2013-08-26 01:00:00,726,366.8,55.265680555555555,3.313888888888889,0.0,23.940430555555558
2013-08-26 01:00:00,734,298.41805555555555,49.042736111111104,368.1958333333333,0.0,26.739347222222225
2013-08-26 01:00:00,746,572.5902777777778,60.525194444444445,31.4875,9.878048780487806,22.68715277777778
2013-08-26 01:00:00,748,469.0541666666667,55.27170833333333,4.7555555555555555,0.0,23.91552777777778
2013-08-26 01:00:00,752,390.68333333333334,46.84351388888889,5.479166666666667,0.0,26.77070833333333
2013-08-26 01:00:00,754,372.90694444444443,53.40134642356241,8.043478260869565,0.0,24.5309396914446
2013-08-26 01:00:00,776,499.15416666666664,54.12283333333334,53.25,0.0,24.718458333333334
2013-08-26 02:00:00,413,463.975,47.843888888888884,47.358333333333334,0.0,25.33084722222222
2013-08-26 02:00:00,415,472.99861111111113,55.09913888888889,53.21111111111111,0.0,24.78633333333333
2013-08-26 02:00:00,417,349.2027777777778,54.528819444444444,29.00138888888889,0.0,24.87747222222222
2013-08-26 02:00:00,419,444.3958333333333,54.938874999999996,115.34861111111111,0.0,87.05402777777778
2013-08-26 02:00:00,421,337.3041666666667,55.85694019471488,105.28511821974965,0.0,24.47122392211405
2013-08-26 02:00:00,422,401.7944444444444,55.90793055555555,130.7513888888889,0.0,24.617708333333333
2013-08-26 02:00:00,423,339.0708333333333,55.475624999999994,3.408333333333333,0.0,23.967916666666667
2013-08-26 02:00:00,424,383.99305555555554,55.23433333333333,2.9166666666666665,0.0,24.276958333333333
2013-08-26 02:00:00,442,441.4402777777778,56.23125,5.0472222222222225,0.0,23.88308333333333
2013-08-26 02:00:00,446,469.9861111111111,59.64376388888889,4.2555555555555555,0.0,22.84409722222222
2013-08-26 02:00:00,448,366.8388888888889,58.881125000000004,4.125,0.0,23.31844444444444
2013-08-26 02:00:00,452,344.40694444444443,52.73661111111111,2.827777777777778,0.0,23.14725
2013-08-26 02:00:00,454,320.1138888888889,59.452374999999996,3.251388888888889,0.0,23.099222222222224
2013-08-26 02:00:00,456,409.51944444444445,57.64245833333333,3.151388888888889,0.0,23.459486111111115
2013-08-26 02:00:00,458,450.02777777777777,68.89319444444445,3.7263888888888888,0.0,20.578583333333334
2013-08-26 02:00:00,462,420.43888888888887,63.92333333333334,3.275,0.0,22.055125
2013-08-26 02:00:00,510,323.2319444444444,52.882361111111116,263.45972222222224,0.0,25.642736111111113
2013-08-26 02:00:00,511,349.03055555555557,60.091833333333334,246.98472222222222,0.0,23.008513888888892
2013-08-26 02:00:00,513,321.6361111111111,60.35102777777777,9.865277777777777,0.0,23.352666666666668
2013-08-26 02:00:00,552,352.34396671289875,61.244666666666674,3.3513888888888888,0.0,22.49713888888889
2013-08-26 02:00:00,554,427.76666666666665,59.01913888888889,3.084722222222222,0.0,23.16320833333333
2013-08-26 02:00:00,556,423.3236111111111,60.001916666666666,3.4916666666666667,0.0,22.596708333333336
2013-08-26 02:00:00,558,380.0513888888889,64.238,3.4722222222222223,0.0,22.044472222222222
2013-08-26 02:00:00,562,233.96944444444443,63.06879166666666,2.698611111111111,0.0,22.040791666666664
2013-08-26 02:00:00,564,268.2916666666667,62.156375000000004,4.029166666666667,0.0,21.937569444444446
2013-08-26 02:00:00,621,418.03472222222223,63.43105409153953,6.21497919556172,0.0,24.701666666666668
2013-08-26 02:00:00,621A,345.1138888888889,62.28179166666666,167.36388888888888,0.0,22.581458333333334
2013-08-26 02:00:00,621C,406.80555555555554,59.79179166666666,134.2486111111111,0.0,23.256972222222224
2013-08-26 02:00:00,621D,457.7583333333333,56.843069444444446,171.01111111111112,0.0,24.060194444444445
2013-08-26 02:00:00,621E,456.15277777777777,60.46576388888889,52.68611111111111,0.0,23.160569444444445
2013-08-26 02:00:00,640,-1.0,-1.0,-1.0,0.0,-1.0
2013-08-26 02:00:00,644,426.125,60.38886111111112,12.206944444444444,0.0,22.46748611111111
2013-08-26 02:00:00,648,101.48472222222222,59.507083333333334,10.031944444444445,0.0,22.415416666666665
2013-08-26 02:00:00,656A,419.00416666666666,56.23543055555556,8.9875,0.0,23.884111111111114
2013-08-26 02:00:00,656B,406.2416666666667,51.05381944444444,5.715277777777778,0.0,25.223819444444448
2013-08-26 02:00:00,664,300.5472222222222,56.53865277777778,3.1777777777777776,0.0,23.623763888888888
2013-08-26 02:00:00,666,387.84305555555557,55.07222222222222,9.88888888888889,0.0,24.210708333333333
2013-08-26 02:00:00,668,313.725,59.00919034090909,2172.2741477272725,0.0,23.17291193181818
2013-08-26 02:00:00,717,368.20665742024966,55.45115277777778,64.98333333333333,0.0,24.236013888888888
2013-08-26 02:00:00,719,397.4791666666667,56.04595833333333,241.36666666666667,0.0,24.271819444444443
2013-08-26 02:00:00,721,314.54027777777776,54.836388888888884,246.15694444444443,0.0,23.612888888888886
2013-08-26 02:00:00,722,319.0180555555556,56.171124999999996,3.863888888888889,0.0,22.72929166666667
2013-08-26 02:00:00,723,361.5263888888889,61.105291666666666,107.63055555555556,0.0,22.657319444444447
2013-08-26 02:00:00,724,180.83055555555555,57.68156944444444,5.018055555555556,0.0,23.423819444444447
2013-08-26 02:00:00,726,365.32916666666665,55.197833333333335,3.213888888888889,0.0,23.95813888888889
2013-08-26 02:00:00,734,302.6513888888889,48.19130555555555,163.85,5.008152173913044,26.837111111111113
2013-08-26 02:00:00,746,578.5694444444445,60.32138888888889,28.87361111111111,6.487738419618529,22.748291666666667
2013-08-26 02:00:00,748,469.59639389736475,55.126083333333334,4.725,0.0,23.95247222222222
2013-08-26 02:00:00,752,390.4611111111111,46.797,5.581944444444445,0.0,26.772388888888887
2013-08-26 02:00:00,754,376.9875,54.121722222222225,4.663888888888889,0.0,24.23938888888889
2013-08-26 02:00:00,776,502.40555555555557,54.561305555555556,24.83888888888889,0.0,24.478680555555556
2013-08-26 03:00:00,413,466.58194444444445,47.93476388888889,3.904166666666667,0.0,25.183249999999997
2013-08-26 03:00:00,415,474.0986111111111,55.26506944444444,17.405555555555555,0.0,24.55120833333333
2013-08-26 03:00:00,417,355.2680555555556,54.66558333333334,3.55,0.0,24.71761111111111
2013-08-26 03:00:00,419,446.0097222222222,54.961708333333334,24.929166666666667,0.0,94.60195833333334
2013-08-26 03:00:00,421,339.475,56.02433333333333,17.352777777777778,0.0,24.20705555555556
2013-08-26 03:00:00,422,405.2402777777778,56.20648611111111,27.7125,0.0,24.36898611111111
2013-08-26 03:00:00,423,340.7263888888889,55.461991404011464,3.35243553008596,0.0,23.985401146131807
2013-08-26 03:00:00,424,385.9402777777778,55.20805555555556,2.845833333333333,0.0,24.29909722222222
2013-08-26 03:00:00,442,441.7236111111111,56.165013888888886,3.9305555555555554,0.0,23.92051388888889
2013-08-26 03:00:00,446,471.9138888888889,59.47325,3.216666666666667,0.0,22.90776388888889
2013-08-26 03:00:00,448,368.5763888888889,58.84779166666666,4.084722222222222,0.0,23.338805555555552
2013-08-26 03:00:00,452,345.7527777777778,52.72713888888889,2.8041666666666667,0.0,23.1585
2013-08-26 03:00:00,454,323.6722222222222,59.42570833333333,3.311111111111111,0.0,23.107222222222223
2013-08-26 03:00:00,456,411.61805555555554,57.65029166666667,3.301388888888889,0.0,23.46522222222222
2013-08-26 03:00:00,458,452.1511789181692,69.0424861111111,5.3277777777777775,0.0,20.553291666666667
2013-08-26 03:00:00,462,422.6986111111111,63.915333333333336,4.173611111111111,0.0,22.078875
2013-08-26 03:00:00,510,317.74305555555554,54.557472222222216,3.3958333333333335,0.0,24.71875
2013-08-26 03:00:00,511,349.2861111111111,60.26583333333333,3.938888888888889,0.0,22.816875000000003
2013-08-26 03:00:00,513,311.18888888888887,60.04441666666667,3.547222222222222,0.0,23.227124999999997
2013-08-26 03:00:00,552,354.22083333333336,61.303625000000004,3.4347222222222222,0.0,22.502972222222223
2013-08-26 03:00:00,554,431.4138888888889,58.996361111111106,3.1791666666666667,0.0,23.185694444444444
2013-08-26 03:00:00,556,425.84722222222223,60.052416666666666,3.547222222222222,0.0,22.605930555555556
2013-08-26 03:00:00,558,381.16805555555555,64.33225,3.5902777777777777,0.0,22.043916666666664
2013-08-26 03:00:00,562,236.54861111111111,63.221875,2.754166666666667,0.0,22.019625
2013-08-26 03:00:00,564,270.43055555555554,62.263916666666674,4.240277777777778,0.0,21.92377777777778
2013-08-26 03:00:00,621,419.7680555555556,63.349125,6.113888888888889,0.0,24.674895977808596
2013-08-26 03:00:00,621A,346.5472222222222,62.522749999999995,4.105555555555555,0.0,22.33736111111111
2013-08-26 03:00:00,621C,408.6277777777778,60.00966666666667,3.5680555555555555,0.0,23.04761111111111
2013-08-26 03:00:00,621D,459.95416666666665,57.26168055555555,3.2805555555555554,0.0,23.806444444444445
2013-08-26 03:00:00,621E,458.7763888888889,60.42163888888889,6.618055555555555,0.0,23.07661111111111
2013-08-26 03:00:00,640,-1.0,-1.0,-1.0,0.0,-1.0
2013-08-26 03:00:00,644,428.2736111111111,60.515347222222225,4.027777777777778,0.0,22.46558333333333
2013-08-26 03:00:00,648,109.41944444444445,59.903000000000006,3.7944444444444443,0.0,22.32175
2013-08-26 03:00:00,656A,420.9194444444444,57.04911111111111,4.631944444444445,0.0,23.583930555555558
2013-08-26 03:00:00,656B,410.34722222222223,52.01669444444444,3.2916666666666665,0.0,24.827291666666667
2013-08-26 03:00:00,664,302.33194444444445,56.80083333333333,3.123611111111111,0.0,23.505458333333333
2013-08-26 03:00:00,666,393.1986111111111,56.23086111111111,3.415277777777778,0.0,23.79513888888889
2013-08-26 03:00:00,668,312.8013888888889,59.789500000000004,2161.6430555555557,0.0,22.93425
2013-08-26 03:00:00,717,364.68888888888887,55.696527777777774,4.168055555555555,0.0,23.943402777777777
2013-08-26 03:00:00,719,398.2013888888889,56.59718055555556,3.6666666666666665,0.0,23.88361111111111
2013-08-26 03:00:00,721,312.2986111111111,55.214381084840056,3.6828929068150207,0.0,23.283031988873436
2013-08-26 03:00:00,722,321.00138888888887,56.116625,3.738888888888889,0.0,22.77434722222222
2013-08-26 03:00:00,723,364.93611111111113,61.535333333333334,2.9347222222222222,0.0,22.43576388888889
2013-08-26 03:00:00,724,182.27916666666667,57.698972222222224,4.777777777777778,0.0,23.444291666666665
2013-08-26 03:00:00,726,367.675,55.141875,3.202777777777778,0.0,24.001569444444446
2013-08-26 03:00:00,734,386.36805555555554,49.762680555555555,8.508333333333333,1.771978021978022,26.263819444444444
2013-08-26 03:00:00,746,548.9666666666667,60.28047222222222,27.3625,10.102094240837696,22.745166666666666
2013-08-26 03:00:00,748,472.5138888888889,55.090375,3.2430555555555554,0.0,23.97797222222222
2013-08-26 03:00:00,752,393.0748959778086,46.72387500000001,5.277777777777778,0.0,26.806986111111108
2013-08-26 03:00:00,754,377.3013888888889,54.8335,3.6375,0.0,24.010902777777776
2013-08-26 03:00:00,776,504.1430555555556,55.153055555555554,4.733333333333333,0.0,24.23731944444444
2013-08-26 04:00:00,413,461.0361111111111,48.04326388888889,3.841666666666667,0.0,24.918666666666663
2013-08-26 04:00:00,415,468.975,55.37833333333334,17.45138888888889,0.0,24.326208333333334
2013-08-26 04:00:00,417,351.2055555555556,54.98461111111111,3.522222222222222,0.0,24.437236111111112
2013-08-26 04:00:00,419,442.7680555555556,55.29788888888889,25.0125,0.0,150.60841666666667
2013-08-26 04:00:00,421,333.2236111111111,56.28508333333333,17.679166666666667,0.0,23.861152777777775
2013-08-26 04:00:00,422,403.3041666666667,56.61770833333333,27.420833333333334,0.0,24.053916666666666
2013-08-26 04:00:00,423,339.4277777777778,55.32493741307371,3.3949930458970794,0.0,23.9732545201669
2013-08-26 04:00:00,424,384.1736111111111,55.03036111111111,2.9180555555555556,0.0,24.302083333333332
2013-08-26 04:00:00,442,440.3305555555556,55.88026388888889,3.9208333333333334,0.0,23.927583333333335
2013-08-26 04:00:00,446,469.56666666666666,59.142375,3.2402777777777776,0.0,22.92166666666667
2013-08-26 04:00:00,448,367.6333333333333,58.64041666666667,4.1194444444444445,0.0,23.340847222222223
2013-08-26 04:00:00,452,345.2236111111111,52.563902777777784,2.7527777777777778,0.0,23.15673611111111
2013-08-26 04:00:00,454,319.99583911234396,59.2655,3.1819444444444445,0.0,23.104333333333333
2013-08-26 04:00:00,456,409.75416666666666,57.48716666666667,3.325,0.0,23.456458333333334
2013-08-26 04:00:00,458,448.0597222222222,68.69941666666666,5.8375,0.0,20.53548611111111
2013-08-26 04:00:00,462,418.54027777777776,63.59661111111111,4.3694444444444445,0.0,22.081777777777777
2013-08-26 04:00:00,510,306.5097222222222,56.405986111111105,3.188888888888889,0.0,23.85025
2013-08-26 04:00:00,511,344.1694444444444,60.53037500000001,3.8208333333333333,0.0,22.517999999999997
2013-08-26 04:00:00,513,307.8666666666667,60.75559722222222,3.576388888888889,0.0,22.872597222222222
2013-08-26 04:00:00,552,352.3041666666667,61.05354166666666,3.386111111111111,0.0,22.508347222222223
2013-08-26 04:00:00,554,434.09722222222223,58.71875,3.1083333333333334,0.0,23.202527777777778
2013-08-26 04:00:00,556,422.3097222222222,59.85391666666666,3.4972222222222222,0.0,22.608333333333334
2013-08-26 04:00:00,558,378.4513888888889,64.10591666666667,3.4791666666666665,0.0,22.042277777777777
2013-08-26 04:00:00,562,235.30833333333334,63.010666666666665,2.6013888888888888,0.0,22.012847222222224
2013-08-26 04:00:00,564,267.53472222222223,62.095375,4.0,0.0,21.91229166666667
2013-08-26 04:00:00,621,416.5472222222222,63.063166666666675,6.095833333333333,0.0,24.64023611111111
2013-08-26 04:00:00,621A,341.55833333333334,62.95316666666667,4.051388888888889,0.0,21.989819444444443
2013-08-26 04:00:00,621C,409.00694444444446,60.256750000000004,3.563888888888889,0.0,22.75173611111111
2013-08-26 04:00:00,621D,457.1736111111111,57.73184722222222,3.188888888888889,0.0,23.43161111111111
2013-08-26 04:00:00,621E,453.2767732962448,60.573356449375865,6.574202496532593,0.0,22.8224826629681
2013-08-26 04:00:00,640,-1.0,-1.0,-1.0,0.0,-1.0
2013-08-26 04:00:00,644,421.39722222222224,60.16958333333333,4.0055555555555555,0.0,22.496430555555555
2013-08-26 04:00:00,648,103.59722222222223,59.80108333333333,3.754166666666667,0.0,22.283541666666665
2013-08-26 04:00:00,656A,415.3666666666667,57.643097222222224,4.586111111111111,0.0,23.309930555555557
2013-08-26 04:00:00,656B,408.1722222222222,52.66204166666667,3.2222222222222223,0.0,24.50326388888889
2013-08-26 04:00:00,664,318.7416666666667,56.96963888888889,12.470833333333333,3.3058510638297873,23.39356944444444
2013-08-26 04:00:00,666,391.55555555555554,57.01654166666667,3.311111111111111,0.0,23.444055555555558
2013-08-26 04:00:00,668,309.0263888888889,60.34301388888889,2154.6027777777776,0.0,22.650319444444445
2013-08-26 04:00:00,717,359.8361111111111,56.42704166666667,4.148611111111111,0.0,23.509541666666664
2013-08-26 04:00:00,719,392.625,57.570055555555555,3.6013888888888888,0.0,23.351180555555555
2013-08-26 04:00:00,721,303.4402777777778,56.09148611111112,3.5388888888888888,0.0,22.790791666666664
2013-08-26 04:00:00,722,318.1816901408451,55.93120833333334,3.7569444444444446,0.0,22.767319444444446
2013-08-26 04:00:00,723,363.5097222222222,62.115916666666664,2.925,0.0,22.097916666666666
2013-08-26 04:00:00,724,180.21944444444443,57.53508333333333,4.802777777777778,0.0,23.434541666666664
2013-08-26 04:00:00,726,364.6041666666667,54.96963888888889,3.063888888888889,0.0,23.995902777777776
2013-08-26 04:00:00,734,307.6722222222222,50.73697222222223,4.290277777777778,0.0,25.382430555555555
2013-08-26 04:00:00,746,499.3027777777778,60.411319444444445,5.384722222222222,0.0,22.445194444444446
2013-08-26 04:00:00,748,468.1041666666667,55.00018030513176,3.073509015256588,0.0,23.926477115117894
2013-08-26 04:00:00,752,391.9625,46.60651388888889,5.35,0.0,26.748930555555553
2013-08-26 04:00:00,754,374.16527777777776,55.26631944444444,3.6694444444444443,0.0,23.778569444444443
2013-08-26 04:00:00,776,501.9236111111111,55.525916666666674,4.141666666666667,0.0,23.986194444444447
2013-08-26 05:00:00,413,455.20665742024966,48.254375,3.9347222222222222,0.0,24.639680555555554
2013-08-26 05:00:00,415,465.2841225626741,55.3905,17.477777777777778,0.0,24.12848611111111
2013-08-26 05:00:00,417,350.1152777777778,55.205666666666666,3.451388888888889,0.0,24.20498611111111
2013-08-26 05:00:00,419,445.59722222222223,55.57729166666667,24.98611111111111,0.0,78.66622222222222
2013-08-26 05:00:00,421,333.46944444444443,56.48045833333333,18.191666666666666,0.0,23.62626388888889
2013-08-26 05:00:00,422,403.2638888888889,56.91038888888888,27.565277777777776,0.0,23.801069444444444
2013-08-26 05:00:00,423,338.9486111111111,55.16163888888889,3.370833333333333,0.0,23.950097222222222
2013-08-26 05:00:00,424,382.9972222222222,54.84286111111111,2.863888888888889,0.0,24.283291666666667
2013-08-26 05:00:00,442,440.00694444444446,55.57401388888889,3.9569444444444444,0.0,23.918166666666668
2013-08-26 05:00:00,446,468.20972222222224,58.803749999999994,3.2875,0.0,22.919791666666665
2013-08-26 05:00:00,448,366.7388888888889,58.374722222222225,4.065277777777778,0.0,23.333277777777777
2013-08-26 05:00:00,452,344.00416666666666,52.37048611111111,2.813888888888889,0.0,23.141541666666665
2013-08-26 05:00:00,454,320.62638888888887,59.0644645340751,3.286509040333797,0.0,23.09500695410292
2013-08-26 05:00:00,456,410.4194444444444,57.244666666666674,3.1930555555555555,0.0,23.45405555555556
2013-08-26 05:00:00,458,448.36805555555554,68.170875,4.331944444444445,0.0,20.547083333333333
2013-08-26 05:00:00,462,418.8847222222222,63.184625,3.5902777777777777,0.0,22.085930555555553
2013-08-26 05:00:00,510,299.9888888888889,57.56022222222222,3.313888888888889,0.0,23.31327777777778
2013-08-26 05:00:00,511,344.4625,60.86441666666666,3.888888888888889,0.0,22.220819444444444
2013-08-26 05:00:00,513,306.5888888888889,60.91558333333334,3.5541666666666667,0.0,22.774694444444442
2013-08-26 05:00:00,552,351.89166666666665,60.777375,3.4555555555555557,0.0,22.491208333333333
2013-08-26 05:00:00,554,433.51944444444445,58.41008333333333,3.113888888888889,0.0,23.189541666666667
2013-08-26 05:00:00,556,422.5986111111111,59.617333333333335,3.5319444444444446,0.0,22.58961111111111
2013-08-26 05:00:00,558,379.05,63.822972222222226,3.498611111111111,0.0,22.035875
2013-08-26 05:00:00,562,236.07222222222222,62.74191666666667,2.7888888888888888,0.0,21.99376388888889
2013-08-26 05:00:00,564,266.6347222222222,61.86237499999999,4.251388888888889,0.0,21.89570833333333
2013-08-26 05:00:00,621,416.90416666666664,62.721333333333334,6.1097222222222225,0.0,24.603180555555557
2013-08-26 05:00:00,621A,342.1791666666667,63.32779166666667,4.1625,0.0,21.69661111111111
2013-08-26 05:00:00,621C,408.9291666666667,60.42466666666667,3.5277777777777777,0.0,22.50611111111111
2013-08-26 05:00:00,621D,455.6152777777778,58.149458333333335,3.0791666666666666,0.0,23.104569444444447
2013-08-26 05:00:00,621E,456.00416666666666,60.733333333333334,6.636111111111111,0.0,22.59223611111111
2013-08-26 05:00:00,640,-1.0,-1.0,-1.0,0.0,-1.0
2013-08-26 05:00:00,644,422.59722222222223,60.02975,4.022222222222222,0.0,22.43425
2013-08-26 05:00:00,648,100.42777777777778,59.54355555555556,3.734722222222222,0.0,22.27415277777778
2013-08-26 05:00:00,656A,415.50694444444446,58.07641666666666,4.575,0.0,23.078361111111107
2013-08-26 05:00:00,656B,411.90833333333336,53.157777777777774,3.338888888888889,0.0,24.22427777777778
2013-08-26 05:00:00,664,315.24305555555554,56.900444444444446,3.1125,0.0,23.330638888888892
2013-08-26 05:00:00,666,392.37083333333334,57.644708333333334,3.408333333333333,0.0,23.148069444444445
2013-08-26 05:00:00,668,312.87361111111113,60.67175,2179.748611111111,0.0,22.42923611111111
2013-08-26 05:00:00,717,361.0097222222222,57.02893055555556,4.213888888888889,0.0,23.161125
2013-08-26 05:00:00,719,392.8888888888889,58.31084722222222,3.558333333333333,0.0,22.982208333333332
2013-08-26 05:00:00,721,304.5541666666667,56.967666666666666,3.676388888888889,0.0,22.32998611111111
2013-08-26 05:00:00,722,317.84444444444443,55.74322222222223,3.683333333333333,0.0,22.743319444444445
2013-08-26 05:00:00,723,367.9888888888889,62.56516666666666,3.025,0.0,21.842680555555553
2013-08-26 05:00:00,724,179.4375,57.32363888888889,4.926388888888889,0.0,23.41048611111111
2013-08-26 05:00:00,726,365.03472222222223,54.794444444444444,3.2222222222222223,0.0,23.96690277777778
2013-08-26 05:00:00,734,300.46666666666664,52.00797222222222,15.065277777777778,0.0,24.679250000000003
2013-08-26 05:00:00,746,493.1666666666667,60.99870833333333,4.873611111111111,0.0,22.08084722222222
2013-08-26 05:00:00,748,466.1847222222222,54.96704166666666,4.586111111111111,0.0,23.817402777777776
2013-08-26 05:00:00,752,390.5722222222222,46.61441666666666,5.502777777777778,0.0,26.611819444444443
2013-08-26 05:00:00,754,373.3208333333333,55.69795833333333,3.6930555555555555,0.0,23.52583333333333
2013-08-26 05:00:00,776,497.24444444444447,55.88897222222222,7.6375,0.0,23.751069444444447
2013-08-26 06:00:00,413,451.2472222222222,48.23815277777778,3.826388888888889,0.0,24.419166666666666
2013-08-26 06:00:00,415,465.15625,55.338055555555556,17.440277777777776,0.0,23.944416666666665
2013-08-26 06:00:00,417,346.9736111111111,55.27775,3.4611111111111112,0.0,23.993583333333333
2013-08-26 06:00:00,419,443.4263888888889,55.663041666666665,25.02638888888889,0.0,62.26204166666666
2013-08-26 06:00:00,421,325.10555555555555,56.42508333333333,18.18611111111111,0.0,23.42448611111111
2013-08-26 06:00:00,422,400.25,56.9725,27.636111111111113,0.0,23.581111111111113
2013-08-26 06:00:00,423,337.21944444444443,54.90915277777777,3.3847222222222224,0.0,23.903513888888888
2013-08-26 06:00:00,424,383.18888888888887,54.57808333333333,2.8986111111111112,0.0,24.245416666666667
2013-08-26 06:00:00,442,438.62638888888887,55.120861111111104,3.9430555555555555,0.0,23.912847222222222
2013-08-26 06:00:00,446,467.10555555555555,58.318305555555554,3.2083333333333335,0.0,22.908708333333333
2013-08-26 06:00:00,448,365.6,57.996,4.116666666666666,0.0,23.316472222222224
2013-08-26 06:00:00,452,342.3333333333333,52.04169444444444,2.7916666666666665,0.0,23.12454166666667
2013-08-26 06:00:00,454,319.5777777777778,58.75383333333333,3.238888888888889,0.0,23.07645833333333
2013-08-26 06:00:00,456,406.84722222222223,56.88898611111111,3.248611111111111,0.0,23.428361111111112
2013-08-26 06:00:00,458,446.9402777777778,67.4731388888889,4.395833333333333,0.0,20.54311111111111
2013-08-26 06:00:00,462,417.27916666666664,62.66791666666667,3.7625,0.0,22.056708333333333
2013-08-26 06:00:00,510,297.6,58.187625,4.025,0.0,22.91461111111111
2013-08-26 06:00:00,511,338.56666666666666,60.97229166666667,3.8069444444444445,0.0,21.960625
2013-08-26 06:00:00,513,305.6958333333333,60.82016666666667,3.6458333333333335,0.0,22.58465277777778
2013-08-26 06:00:00,552,351.0472222222222,60.30555555555556,3.323611111111111,0.0,22.486361111111112
2013-08-26 06:00:00,554,427.0722222222222,57.95894444444445,3.161111111111111,0.0,23.18688888888889
2013-08-26 06:00:00,556,420.2319444444444,59.23675,3.558333333333333,0.0,22.56951388888889
2013-08-26 06:00:00,558,377.72777777777776,63.40054166666667,3.522222222222222,0.0,22.017333333333333
2013-08-26 06:00:00,562,234.65,62.3425,2.727777777777778,0.0,21.970069444444444
2013-08-26 06:00:00,564,265.53055555555557,61.475458333333336,4.2972222222222225,0.0,21.87033333333333
2013-08-26 06:00:00,621,414.4236111111111,62.098333333333336,6.127777777777778,0.0,24.547638888888887
2013-08-26 06:00:00,621A,342.4638888888889,63.428749999999994,4.088888888888889,0.0,21.459791666666664
2013-08-26 06:00:00,621C,406.18194444444447,60.553250000000006,3.4902777777777776,0.0,22.260236111111112
2013-08-26 06:00:00,621D,453.44444444444446,58.32966666666667,3.1875,0.0,22.841583333333332
2013-08-26 06:00:00,621E,454.8541666666667,60.761291666666665,6.5777777777777775,0.0,22.361250000000002
2013-08-26 06:00:00,640,-1.0,-1.0,-1.0,0.0,-1.0
2013-08-26 06:00:00,644,419.2625,59.830708333333334,4.075,0.0,22.341583333333332
2013-08-26 06:00:00,648,99.52222222222223,59.18586111111111,3.7569444444444446,0.0,22.23588888888889
2013-08-26 06:00:00,656A,415.68888888888887,58.23875,4.526388888888889,0.0,22.885777777777776
2013-08-26 06:00:00,656B,409.18194444444447,53.373375,3.263888888888889,0.0,24.008430555555556
2013-08-26 06:00:00,664,302.55555555555554,56.77850000000001,3.129166666666667,0.0,23.194277777777778
2013-08-26 06:00:00,666,389.04583333333335,57.79658333333334,3.313888888888889,0.0,22.953666666666667
2013-08-26 06:00:00,668,313.3638888888889,60.684999999999995,2184.7055555555557,0.0,22.252416666666665
2013-08-26 06:00:00,717,357.1791666666667,57.32791666666667,4.138888888888889,0.0,22.884375
2013-08-26 06:00:00,719,390.3986111111111,58.65395833333333,3.6194444444444445,0.0,22.702902777777776
2013-08-26 06:00:00,721,299.0527777777778,57.82761111111111,3.7305555555555556,0.0,21.850402777777777
2013-08-26 06:00:00,722,314.9013888888889,55.462777777777774,3.783333333333333,0.0,22.70748611111111
2013-08-26 06:00:00,723,368.1388888888889,62.64054166666667,3.0555555555555554,0.0,21.662069444444445
2013-08-26 06:00:00,724,179.23611111111111,56.99861111111111,4.8694444444444445,0.0,23.380319444444442
2013-08-26 06:00:00,726,363.025,54.488930555555555,3.202777777777778,0.0,23.938819444444444
2013-08-26 06:00:00,734,298.6736111111111,52.85330555555555,5.586111111111111,0.0,24.184597222222223
2013-08-26 06:00:00,746,484.69444444444446,61.232875,4.8375,0.0,21.849694444444445
2013-08-26 06:00:00,748,464.2319444444444,54.86051388888889,4.7027777777777775,0.0,23.711333333333332
2013-08-26 06:00:00,752,387.12361111111113,46.50268055555556,5.397222222222222,0.0,26.51513888888889
2013-08-26 06:00:00,754,371.97777777777776,55.83795833333333,3.720833333333333,0.0,23.331138888888887
2013-08-26 06:00:00,776,496.3541666666667,55.89006944444444,7.7972222222222225,0.0,23.63186111111111
2013-08-26 07:00:00,413,446.4513888888889,48.020611111111116,3.8208333333333333,0.0,24.19490277777778
2013-08-26 07:00:00,415,462.2944444444444,55.124788732394364,17.519718309859154,0.0,23.763943661971833
2013-08-26 07:00:00,417,343.54305555555555,55.120666666666665,3.4875,0.0,23.811430555555553
2013-08-26 07:00:00,419,439.9222222222222,55.49269444444444,25.033333333333335,0.0,60.54975
2013-08-26 07:00:00,421,323.125,56.14736111111111,18.24861111111111,0.0,23.282041666666665
2013-08-26 07:00:00,422,398.71527777777777,56.70119444444445,27.558333333333334,0.0,23.408333333333335
2013-08-26 07:00:00,423,335.92011412268187,54.499805555555554,3.3930555555555557,0.0,23.8585
2013-08-26 07:00:00,424,380.7111111111111,54.17198611111111,2.852777777777778,0.0,24.200055555555558
2013-08-26 07:00:00,442,436.34583333333336,54.51908333333333,3.808333333333333,0.0,23.87636111111111
2013-08-26 07:00:00,446,465.31388888888887,57.63790277777778,3.2555555555555555,0.0,22.8815
2013-08-26 07:00:00,448,363.41527777777776,57.42669444444444,4.052777777777778,0.0,23.295430555555555
2013-08-26 07:00:00,452,340.40277777777777,51.584069444444445,2.776388888888889,0.0,23.09938888888889
2013-08-26 07:00:00,454,318.0625,58.285888888888884,3.301388888888889,0.0,23.05773611111111
2013-08-26 07:00:00,456,404.84444444444443,56.35070833333334,3.2708333333333335,0.0,23.409583333333334
2013-08-26 07:00:00,458,443.825,66.42343532684284,5.86509040333797,0.0,20.56201668984701
2013-08-26 07:00:00,462,415.25138888888887,61.975291666666664,4.365277777777778,0.0,22.008944444444445
2013-08-26 07:00:00,510,296.66805555555555,58.27041666666666,3.8319444444444444,0.0,22.623124999999998
2013-08-26 07:00:00,511,337.49444444444447,60.75041666666667,3.7472222222222222,0.0,21.732875
2013-08-26 07:00:00,513,304.9013888888889,60.51975,3.6319444444444446,0.0,22.378041666666668
2013-08-26 07:00:00,552,348.84305555555557,59.5885,3.3652777777777776,0.0,22.47925
2013-08-26 07:00:00,554,420.3638888888889,57.27093055555555,2.9902777777777776,0.0,23.182916666666667
2013-08-26 07:00:00,556,419.1777777777778,58.602999999999994,3.4069444444444446,0.0,22.566875
2013-08-26 07:00:00,558,376.475,62.70645833333334,3.3569444444444443,0.0,22.002736111111112
2013-08-26 07:00:00,562,233.11527777777778,61.58929166666667,2.6319444444444446,0.0,21.98252777777778
2013-08-26 07:00:00,564,264.0236111111111,60.87875,3.8055555555555554,0.0,21.85165277777778
2013-08-26 07:00:00,621,412.3847222222222,61.43241666666666,6.158333333333333,0.0,24.491291666666665
2013-08-26 07:00:00,621A,343.3,63.13004166666666,4.161111111111111,0.0,21.277652777777778
2013-08-26 07:00:00,621C,402.95,60.34795833333333,3.576388888888889,0.0,22.063958333333332
2013-08-26 07:00:00,621D,451.76944444444445,58.215500000000006,3.1625,0.0,22.629069444444443
2013-08-26 07:00:00,621E,453.408077994429,60.571708333333326,6.497222222222222,0.0,22.142625000000002
2013-08-26 07:00:00,640,-1.0,-1.0,-1.0,0.0,-1.0
2013-08-26 07:00:00,644,416.64722222222224,59.396027777777775,3.998611111111111,0.0,22.24986111111111
2013-08-26 07:00:00,648,95.02361111111111,58.70752777777778,3.797222222222222,0.0,22.164041666666666
2013-08-26 07:00:00,656A,413.6013888888889,58.11052777777778,4.680555555555555,0.0,22.71536111111111
2013-08-26 07:00:00,656B,406.49583333333334,53.28938888888889,3.334722222222222,0.0,23.827805555555557
2013-08-26 07:00:00,664,299.97222222222223,56.46736111111111,3.1638888888888888,0.0,23.076
2013-08-26 07:00:00,666,386.13194444444446,57.70291666666667,3.401388888888889,0.0,22.74815277777778
2013-08-26 07:00:00,668,311.62083333333334,60.314027777777774,2178.9319444444445,0.0,22.108944444444447
2013-08-26 07:00:00,717,355.2680555555556,57.31824684431978,4.11921458625526,0.0,22.663001402524543
2013-08-26 07:00:00,719,389.2583333333333,58.61826388888889,3.5375,0.0,22.483083333333333
2013-08-26 07:00:00,721,293.9166666666667,58.27540277777778,3.577777777777778,0.0,21.497458333333334
2013-08-26 07:00:00,722,314.13194444444446,54.97541666666667,3.7222222222222223,0.0,22.680805555555555
2013-08-26 07:00:00,723,370.68055555555554,62.23608333333334,3.051388888888889,0.0,21.548708333333334
2013-08-26 07:00:00,724,176.98194444444445,56.474291666666666,4.823611111111111,0.0,23.356041666666666
2013-08-26 07:00:00,726,362.3847222222222,54.0368951048951,3.1552447552447553,0.0,23.906335664335664
2013-08-26 07:00:00,734,297.28472222222223,53.24480555555556,4.673611111111111,0.0,23.834875
2013-08-26 07:00:00,746,497.59444444444443,61.10424999999999,13.7875,1.8442622950819672,21.727347222222225
2013-08-26 07:00:00,748,463.18611111111113,54.597388888888894,3.466666666666667,0.0,23.607291666666665
2013-08-26 07:00:00,752,381.89722222222224,46.232124999999996,5.338888888888889,0.0,26.430319444444446
2013-08-26 07:00:00,754,371.6222222222222,55.61951388888888,3.6055555555555556,0.0,23.179694444444447
2013-08-26 07:00:00,776,493.24444444444447,55.61965277777778,5.298611111111111,0.0,23.509
2013-08-26 08:00:00,413,447.4186369958275,48.28636111111111,3.8847222222222224,0.0,23.99158333333333
2013-08-26 08:00:00,415,461.0541666666667,55.13454166666667,17.37638888888889,0.0,23.60551388888889
2013-08-26 08:00:00,417,343.2583333333333,55.16604166666667,3.4930555555555554,0.0,23.668847222222222
2013-08-26 08:00:00,419,439.74341192787796,55.526513888888886,25.07638888888889,0.0,46.52013888888889
2013-08-26 08:00:00,421,321.35555555555555,56.194541666666666,18.12638888888889,0.0,23.13323611111111
2013-08-26 08:00:00,422,397.55555555555554,56.805166666666665,27.648611111111112,0.0,23.280569444444442
2013-08-26 08:00:00,423,336.04583333333335,54.291222222222224,3.4763888888888888,0.0,23.817680555555555
2013-08-26 08:00:00,424,381.06944444444446,53.95888888888889,2.879166666666667,0.0,24.165847222222222
2013-08-26 08:00:00,442,436.8388888888889,54.33713888888889,3.8652777777777776,0.0,23.829569444444445
2013-08-26 08:00:00,446,463.95972222222224,57.38336111111111,3.265277777777778,0.0,22.86051388888889
2013-08-26 08:00:00,448,362.14166666666665,57.123666666666665,4.0472222222222225,0.0,23.27451388888889
2013-08-26 08:00:00,452,340.9819444444444,51.31369958275383,2.769123783031989,0.0,23.08606397774687
2013-08-26 08:00:00,454,317.4263888888889,58.02158333333333,3.245833333333333,0.0,23.030194444444447
2013-08-26 08:00:00,456,404.6388888888889,56.041138888888895,3.2916666666666665,0.0,23.400791666666667
2013-08-26 08:00:00,458,446.09027777777777,66.26970833333334,5.148611111111111,0.3157894736842105,20.55373611111111
2013-08-26 08:00:00,462,414.7388888888889,61.754375,3.9916666666666667,0.0,21.997833333333332
2013-08-26 08:00:00,510,296.9916666666667,58.717333333333336,3.8,0.0,22.408305555555554
2013-08-26 08:00:00,511,341.4375,61.073125000000005,3.783333333333333,0.0,21.552958333333333
2013-08-26 08:00:00,513,305.90972222222223,60.604958333333336,3.290277777777778,0.0,22.20934722222222
2013-08-26 08:00:00,552,348.8195804195804,59.355625,3.2944444444444443,0.0,22.45048611111111
2013-08-26 08:00:00,554,420.76666666666665,56.97181944444444,2.908333333333333,0.0,23.142569444444447
2013-08-26 08:00:00,556,420.4,58.297736111111114,3.3430555555555554,0.0,22.57645833333333
2013-08-26 08:00:00,558,377.31944444444446,62.46104166666666,3.375,0.0,21.979305555555555
2013-08-26 08:00:00,562,234.81944444444446,61.42783333333333,2.5972222222222223,0.0,21.937722222222224
2013-08-26 08:00:00,564,264.58194444444445,60.667249999999996,3.7305555555555556,0.0,21.824388888888887
2013-08-26 08:00:00,621,411.85833333333335,60.81470833333333,6.15,0.0,24.45226388888889
2013-08-26 08:00:00,621A,346.66805555555555,63.30725,4.025,0.0,21.159791666666667
2013-08-26 08:00:00,621C,404.0534458509142,60.484722222222224,3.5625,0.0,21.915333333333333
2013-08-26 08:00:00,621D,450.3263888888889,58.42138888888889,3.2694444444444444,0.0,22.474486111111112
2013-08-26 08:00:00,621E,450.1625,60.75620833333333,6.580555555555556,0.0,21.973861111111113
2013-08-26 08:00:00,640,-1.0,-1.0,-1.0,0.0,-1.0
2013-08-26 08:00:00,644,416.5208333333333,59.29375,4.036111111111111,0.0,22.175430555555554
2013-08-26 08:00:00,648,93.91944444444445,58.59022222222222,3.875,0.0,22.098916666666664
2013-08-26 08:00:00,656A,413.97222222222223,58.26188888888888,4.4944444444444445,0.0,22.581180555555555
2013-08-26 08:00:00,656B,403.09444444444443,53.49411111111112,3.348611111111111,0.0,23.665277777777778
2013-08-26 08:00:00,664,301.2083333333333,56.39731944444444,3.1013888888888888,0.0,22.98725
2013-08-26 08:00:00,666,386.54305555555555,57.98208333333333,3.4791666666666665,0.0,22.593819444444442
2013-08-26 08:00:00,668,313.2111111111111,60.494708333333335,2213.222222222222,0.0,21.99509722222222
2013-08-26 08:00:00,717,356.18611111111113,57.551874999999995,4.198611111111111,0.0,22.488041666666668
2013-08-26 08:00:00,719,388.1791666666667,58.89575000000001,3.5791666666666666,0.0,22.306416666666667
2013-08-26 08:00:00,721,293.14722222222224,58.700291666666665,3.5819444444444444,0.0,21.30776388888889
2013-08-26 08:00:00,722,312.55555555555554,54.78637500000001,3.7263888888888888,0.0,22.655041666666666
2013-08-26 08:00:00,723,377.1041666666667,62.315583333333336,2.9722222222222223,0.0,21.49502777777778
2013-08-26 08:00:00,724,176.91805555555555,56.23091666666667,4.844444444444444,0.0,23.331458333333334
2013-08-26 08:00:00,726,361.1625,53.81722222222223,3.2152777777777777,0.0,23.87913888888889
2013-08-26 08:00:00,734,298.9263888888889,53.84175,5.5680555555555555,0.0,23.565736111111114
2013-08-26 08:00:00,746,539.1694444444445,60.76183333333333,28.40138888888889,1.2916666666666667,22.055166666666665
2013-08-26 08:00:00,748,466.9847222222222,54.5229861111111,4.636111111111111,0.0,23.525347222222223
2013-08-26 08:00:00,752,382.4013888888889,46.055236111111114,5.5472222222222225,0.0,26.395374999999998
2013-08-26 08:00:00,754,371.8625,55.73479166666666,3.7736111111111112,0.0,23.069194444444445
2013-08-26 08:00:00,776,492.92083333333335,55.684875,7.913888888888889,0.0,23.390916666666666
2013-08-26 09:00:00,413,447.9763888888889,48.520986111111114,3.7194444444444446,0.0,23.804444444444446
2013-08-26 09:00:00,415,463.5625,55.188250000000004,17.443055555555556,0.0,23.46690277777778
2013-08-26 09:00:00,417,344.0986111111111,55.228638888888895,3.4291666666666667,0.0,23.54022222222222
2013-08-26 09:00:00,419,440.3958333333333,55.591625,25.066666666666666,0.0,74.97122222222222
2013-08-26 09:00:00,421,323.1111111111111,56.24029166666667,18.198611111111113,0.0,23.029541666666667
2013-08-26 09:00:00,422,399.4791666666667,56.905166666666666,27.583333333333332,0.0,23.15711111111111
2013-08-26 09:00:00,423,336.7027777777778,54.14158333333334,3.4458333333333333,0.0,23.779680555555554
2013-08-26 09:00:00,424,381.1958333333333,53.79670833333333,2.8652777777777776,0.0,24.130833333333335
2013-08-26 09:00:00,442,438.46527777777777,54.14568055555556,3.941666666666667,0.0,23.800916666666666
2013-08-26 09:00:00,446,465.7388888888889,57.17729166666667,3.3069444444444445,0.0,22.836805555555557
2013-08-26 09:00:00,448,365.4902777777778,56.884541666666664,4.055555555555555,0.0,23.25813888888889
2013-08-26 09:00:00,452,341.81944444444446,51.10729166666667,2.772222222222222,0.0,23.067680555555555
2013-08-26 09:00:00,454,318.56944444444446,57.803999999999995,3.2555555555555555,0.0,23.010597222222223
2013-08-26 09:00:00,456,407.37083333333334,55.80184722222222,3.091666666666667,0.0,23.386583333333334
2013-08-26 09:00:00,458,446.75,66.07833333333333,3.725,0.975,20.528652777777776
2013-08-26 09:00:00,462,418.1847222222222,61.53808333333333,3.3152777777777778,0.0,21.978597222222223
2013-08-26 09:00:00,510,296.93888888888887,59.11434722222222,3.7888888888888888,0.0,22.192416666666666
2013-08-26 09:00:00,511,344.2680555555556,61.28716101694915,3.731638418079096,0.0,21.393757062146893
2013-08-26 09:00:00,513,305.6388888888889,60.62270833333333,3.5,0.0,22.057666666666666
2013-08-26 09:00:00,552,349.86944444444447,59.185833333333335,3.345833333333333,0.0,22.405166666666666
2013-08-26 09:00:00,554,422.2291666666667,56.757444444444445,3.026388888888889,0.0,23.09563888888889
2013-08-26 09:00:00,556,421.11805555555554,58.040083333333335,3.327777777777778,0.0,22.56501388888889
2013-08-26 09:00:00,558,377.7625,62.254583333333336,3.422222222222222,0.0,21.953833333333332
2013-08-26 09:00:00,562,235.64027777777778,61.193958333333335,2.573611111111111,0.0,21.921388888888888
2013-08-26 09:00:00,564,266.54583333333335,60.49363888888889,3.665277777777778,0.0,21.785708333333336
2013-08-26 09:00:00,621,413.3980582524272,60.20088888888889,6.1305555555555555,0.0,24.419583333333335
2013-08-26 09:00:00,621A,350.85555555555555,63.370333333333335,4.0777777777777775,0.0,21.04986111111111
2013-08-26 09:00:00,621C,406.1763888888889,60.569374999999994,3.5069444444444446,0.0,21.791583333333335
2013-08-26 09:00:00,621D,450.5138888888889,58.5585,3.1527777777777777,0.0,22.336125
2013-08-26 09:00:00,621E,449.9111111111111,60.89758333333334,6.6305555555555555,0.0,21.826541666666667
2013-08-26 09:00:00,644,417.5736111111111,59.28605006954103,3.9902642559109873,0.0,22.076272600834493
2013-08-26 09:00:00,648,96.80972222222222,58.54322222222223,3.676388888888889,0.0,22.016180555555554
2013-08-26 09:00:00,656A,417.1166666666667,58.39179166666667,4.447222222222222,0.0,22.463208333333334
2013-08-26 09:00:00,656B,405.3027777777778,53.657583333333335,3.2666666666666666,0.0,23.529138888888887
2013-08-26 09:00:00,664,304.0152777777778,56.342555555555556,3.0208333333333335,0.0,22.91036111111111
2013-08-26 09:00:00,666,387.6361111111111,58.190013888888885,3.397222222222222,0.0,22.45713888888889
2013-08-26 09:00:00,668,315.3888888888889,60.592638888888885,2175.476388888889,0.0,21.880277777777778
2013-08-26 09:00:00,717,356.15694444444443,57.74684722222223,4.166666666666667,0.0,22.342805555555554
2013-08-26 09:00:00,719,389.26666666666665,59.09862690707351,3.5825242718446604,0.0,22.167031900138696
2013-08-26 09:00:00,721,294.38055555555553,58.994277777777775,3.5902777777777777,0.0,21.149361111111112
2013-08-26 09:00:00,722,314.7763888888889,54.63147222222223,3.8541666666666665,0.0,22.62315277777778
2013-08-26 09:00:00,723,377.91805555555555,62.177875,3.063888888888889,0.0,21.461805555555557
2013-08-26 09:00:00,724,178.50972222222222,56.03865277777778,4.913888888888889,0.0,23.307916666666667
2013-08-26 09:00:00,726,363.1458333333333,53.62230555555555,3.1416666666666666,0.0,23.86176388888889
2013-08-26 09:00:00,734,298.7916666666667,54.324486111111106,5.590277777777778,0.0,23.347111111111115
2013-08-26 09:00:00,746,519.6347222222222,59.81340277777778,21.604166666666668,2.073170731707317,22.128819444444446
2013-08-26 09:00:00,748,466.29583333333335,54.32245833333333,4.5625,0.0,23.530402777777777
2013-08-26 09:00:00,752,383.09722222222223,45.87688888888889,5.433333333333334,0.0,26.37822222222222
2013-08-26 09:00:00,754,373.1694444444444,55.778875,3.658333333333333,0.0,22.99177777777778
2013-08-26 09:00:00,776,493.81944444444446,55.725680555555556,7.65,0.0,23.30048611111111
2013-08-26 10:00:00,413,444.1388888888889,48.87755555555556,3.7597222222222224,0.0,23.62865277777778
2013-08-26 10:00:00,415,461.4583333333333,55.295750000000005,17.456944444444446,0.0,23.342041666666667
2013-08-26 10:00:00,417,342.6638888888889,55.345555555555556,3.3833333333333333,0.0,23.433374999999998
2013-08-26 10:00:00,419,438.1,55.72197222222222,25.04722222222222,0.0,55.552027777777774
2013-08-26 10:00:00,421,320.7361111111111,56.327527777777775,18.15972222222222,0.0,22.947416666666665
2013-08-26 10:00:00,422,394.99583333333334,57.10461002785515,27.629526462395543,0.0,23.048690807799442
2013-08-26 10:00:00,423,336.8361111111111,54.0485,3.4472222222222224,0.0,23.750569444444444
2013-08-26 10:00:00,424,379.91527777777776,53.70993055555556,2.8513888888888888,0.0,24.101222222222223
2013-08-26 10:00:00,442,435.33194444444445,54.080152777777776,3.8958333333333335,0.0,23.76763888888889
2013-08-26 10:00:00,446,464.5833333333333,57.11291666666667,3.2805555555555554,0.0,22.80575
2013-08-26 10:00:00,448,363.16805555555555,56.744458333333334,4.081944444444445,0.0,23.246
2013-08-26 10:00:00,452,340.63194444444446,50.97434722222222,2.7569444444444446,0.0,23.051819444444448
2013-08-26 10:00:00,454,318.36805555555554,57.64759722222222,3.2430555555555554,0.0,22.998222222222225
2013-08-26 10:00:00,456,405.0097222222222,55.654875000000004,3.1819444444444445,0.0,23.371486111111114
2013-08-26 10:00:00,458,444.4736111111111,66.01131944444445,3.751388888888889,0.0,20.541277777777776
2013-08-26 10:00:00,462,414.45694444444445,61.42404166666666,3.254166666666667,0.0,21.97298611111111
2013-08-26 10:00:00,510,292.30833333333334,59.544694444444445,3.8069444444444445,0.0,22.03875
2013-08-26 10:00:00,511,341.19444444444446,61.62695833333334,3.763888888888889,0.0,21.261666666666667
2013-08-26 10:00:00,513,302.7319444444444,60.74770833333333,3.448611111111111,0.0,21.93572222222222
2013-08-26 10:00:00,552,349.1513888888889,59.16741666666667,3.3,0.0,22.359944444444444
2013-08-26 10:00:00,554,418.3375,56.67851388888889,2.9930555555555554,0.0,23.046972222222223
2013-08-26 10:00:00,556,420.12361111111113,57.91095833333333,3.3208333333333333,0.0,22.552333333333333
2013-08-26 10:00:00,558,376.1111111111111,62.16283333333333,3.423611111111111,0.0,21.93059722222222
2013-08-26 10:00:00,562,235.75,61.128166666666665,2.5805555555555557,0.0,21.89275
2013-08-26 10:00:00,564,264.85555555555555,60.44277777777777,3.7375,0.0,21.752416666666665
2013-08-26 10:00:00,621,412.6486111111111,59.685638888888896,6.166666666666667,0.0,24.389805555555554
2013-08-26 10:00:00,621A,346.3305555555556,63.57472222222223,4.115277777777778,0.0,20.956722222222222
2013-08-26 10:00:00,621C,402.80833333333334,60.73595833333333,3.5555555555555554,0.0,21.689194444444443
2013-08-26 10:00:00,621D,448.37083333333334,58.810375,3.175,0.0,22.208833333333335
2013-08-26 10:00:00,621E,445.0527777777778,61.12125,6.605555555555555,-1.0,21.701569444444445
2013-08-26 10:00:00,640,395.51575931232094,59.19052098408105,4.063675832127352,-1.0,21.9404486251809
2013-08-26 10:00:00,644,417.6097222222222,59.42808333333333,4.013888888888889,0.0,21.974222222222224
2013-08-26 10:00:00,648,94.94583333333334,58.603625,3.713888888888889,0.0,21.94677777777778
2013-08-26 10:00:00,656A,414.7291666666667,58.595423023578356,4.5325936199722605,0.0,22.357018030513174
2013-08-26 10:00:00,656B,402.3569444444444,53.864124999999994,3.2805555555555554,0.0,23.417749999999998
2013-08-26 10:00:00,664,301.9611111111111,56.35430362116992,3.1727019498607243,0.0,22.847506963788298
2013-08-26 10:00:00,666,386.4493758668516,58.48894444444444,3.3319444444444444,0.0,22.342444444444443
2013-08-26 10:00:00,668,313.47083333333336,60.813125,2190.6847222222223,0.0,21.778805555555554
2013-08-26 10:00:00,717,354.0263888888889,57.98052777777777,4.166666666666667,0.0,22.226819444444445
2013-08-26 10:00:00,719,385.525,59.33470833333333,3.6791666666666667,0.0,22.053611111111113
2013-08-26 10:00:00,721,291.59583333333336,59.310583333333334,3.6319444444444446,0.0,21.028194444444445
2013-08-26 10:00:00,722,313.5263888888889,54.54958333333333,3.790277777777778,0.0,22.60472222222222
2013-08-26 10:00:00,723,376.06666666666666,62.23566666666667,2.9097222222222223,0.0,21.40652777777778
2013-08-26 10:00:00,724,177.24444444444444,55.922000000000004,4.9375,0.0,23.295041666666666
2013-08-26 10:00:00,726,361.9375,53.50583333333333,3.251388888888889,0.0,23.852097222222223
2013-08-26 10:00:00,734,296.1736111111111,54.80033333333333,5.977777777777778,0.0,23.166194444444443
2013-08-26 10:00:00,746,482.1486111111111,60.35122222222222,3.7222222222222223,0.0,21.721805555555555
2013-08-26 10:00:00,748,461.2916666666667,54.08806944444445,4.7,0.0,23.534916666666668
2013-08-26 10:00:00,752,379.7472222222222,45.76716666666667,5.434722222222222,0.0,26.32551388888889
2013-08-26 10:00:00,754,371.1513888888889,55.89570833333333,3.7625,0.0,22.91026388888889
2013-08-26 10:00:00,776,489.6041666666667,55.84563888888889,7.820833333333334,0.0,23.21586111111111
2013-08-26 11:00:00,413,442.3777777777778,49.08576388888889,3.7958333333333334,0.0,23.457875
2013-08-26 11:00:00,415,460.74861111111113,55.38008333333334,17.569444444444443,0.0,23.22756944444444
2013-08-26 11:00:00,417,340.64166666666665,55.398125,3.4875,0.0,23.331694444444445
2013-08-26 11:00:00,419,438.9,55.80357836338418,25.094313453536756,0.0,68.52395284327322
2013-08-26 11:00:00,421,320.22222222222223,56.432208333333335,18.268055555555556,0.0,22.821583333333333
2013-08-26 11:00:00,422,396.8513888888889,57.16639275766017,27.598885793871865,0.0,22.94725626740947
2013-08-26 11:00:00,423,335.7625,53.92697222222222,3.341666666666667,0.0,23.72273611111111
2013-08-26 11:00:00,424,379.2736111111111,53.587899860917936,2.917941585535466,0.0,24.073824756606395
2013-08-26 11:00:00,442,437.4277777777778,53.92038834951456,3.807212205270458,0.0,23.73968099861304
2013-08-26 11:00:00,446,464.18611111111113,57.036402777777774,3.283333333333333,0.0,22.750527777777776
2013-08-26 11:00:00,448,362.42083333333335,56.56829166666667,4.045833333333333,0.0,23.229874999999996
2013-08-26 11:00:00,452,341.3875,50.82298611111111,2.7333333333333334,0.0,23.04093055555556
2013-08-26 11:00:00,454,318.1388888888889,57.489124999999994,3.2694444444444444,0.0,22.97895833333333
2013-08-26 11:00:00,456,405.2361111111111,55.494791666666664,3.1,0.0,23.351972222222226
2013-08-26 11:00:00,458,443.56666666666666,65.72344444444444,3.75,0.0,20.51076388888889
2013-08-26 11:00:00,462,413.3222222222222,61.26208333333333,3.308333333333333,0.0,21.938930555555558
2013-08-26 11:00:00,510,291.18888888888887,59.74909722222222,3.7819444444444446,0.0,21.86997222222222
2013-08-26 11:00:00,511,340.2013888888889,61.70458333333334,3.716666666666667,0.0,21.14426388888889
2013-08-26 11:00:00,513,299.5861111111111,60.697625,3.5277777777777777,0.0,21.825972222222223
2013-08-26 11:00:00,552,349.62361111111113,59.004597222222216,3.338888888888889,0.0,22.324666666666666
2013-08-26 11:00:00,554,416.675,56.58502777777778,3.013888888888889,0.0,22.99886111111111
2013-08-26 11:00:00,556,418.08194444444445,57.757777777777775,3.375,0.0,22.510388888888887
2013-08-26 11:00:00,558,375.4847222222222,61.99629166666667,3.4194444444444443,0.0,21.89763888888889
2013-08-26 11:00:00,562,234.53194444444443,60.91170833333334,2.4902777777777776,0.0,21.875541666666667
2013-08-26 11:00:00,564,264.325,60.288000000000004,3.7125,0.0,21.714680555555557
2013-08-26 11:00:00,621,412.44444444444446,59.17216666666666,6.079166666666667,0.0,24.35251388888889
2013-08-26 11:00:00,621A,346.9916666666667,63.529541666666674,4.076388888888889,0.0,20.872402777777776
2013-08-26 11:00:00,621C,400.72083333333336,60.76145833333333,3.5458333333333334,0.0,21.592111111111112
2013-08-26 11:00:00,621D,449.71805555555557,58.871,3.1347222222222224,0.0,22.097472222222223
2013-08-26 11:00:00,621E,443.57162726008346,61.15712499999999,6.629166666666666,-1.0,21.592680555555553
2013-08-26 11:00:00,640,395.7472222222222,59.243625,4.144444444444445,-1.0,21.833402777777778
2013-08-26 11:00:00,644,416.2916666666667,59.41579166666667,4.0777777777777775,0.0,21.888208333333335
2013-08-26 11:00:00,648,92.30277777777778,58.580597222222224,3.7472222222222222,0.0,21.865319444444445
2013-08-26 11:00:00,656A,412.5083333333333,58.67491666666667,4.497222222222222,0.0,22.25909722222222
2013-08-26 11:00:00,656B,403.8722222222222,53.98811111111112,3.2694444444444444,0.0,23.29934722222222
2013-08-26 11:00:00,664,301.31805555555553,56.30239221140473,3.132127955493741,0.0,22.78267037552156
2013-08-26 11:00:00,666,385.6097222222222,58.582125,3.3152777777777778,0.0,22.24175
2013-08-26 11:00:00,668,314.6509040333797,60.85779166666667,2179.8319444444446,0.0,21.66786111111111
2013-08-26 11:00:00,717,353.8027777777778,58.07441666666667,4.195833333333334,0.0,22.121222222222222
2013-08-26 11:00:00,719,386.14166666666665,59.42095833333334,3.6416666666666666,0.0,21.94822222222222
2013-08-26 11:00:00,721,289.2736111111111,59.42695833333334,3.609722222222222,0.0,20.91722222222222
2013-08-26 11:00:00,722,313.0513888888889,54.38213888888889,3.7319444444444443,0.0,22.580388888888887
2013-08-26 11:00:00,723,376.2680555555556,62.12095833333333,2.988888888888889,0.0,21.346194444444446
2013-08-26 11:00:00,724,177.5638888888889,55.71758333333334,4.911111111111111,0.0,23.28451388888889
2013-08-26 11:00:00,726,361.23333333333335,53.32940277777777,3.248611111111111,0.0,23.83613888888889
2013-08-26 11:00:00,734,295.34027777777777,55.047805555555556,6.293055555555555,0.0,23.015833333333337
2013-08-26 11:00:00,746,480.475,60.895250000000004,3.640277777777778,0.0,21.431833333333334
2013-08-26 11:00:00,748,457.575,53.98825,4.680555555555555,0.0,23.462305555555556
2013-08-26 11:00:00,752,378.14166666666665,45.71358333333333,5.429166666666666,0.0,26.244416666666666
2013-08-26 11:00:00,754,372.03194444444443,55.932541666666665,3.691666666666667,0.0,22.802069444444445
2013-08-26 11:00:00,776,483.7402777777778,55.84940111420613,7.796657381615599,0.0,23.1274930362117
2013-08-26 12:00:00,413,442.37361111111113,49.61143055555555,3.772222222222222,0.0,23.29629166666667
2013-08-26 12:00:00,415,460.5541666666667,55.614652777777785,17.51388888888889,0.0,23.11491666666667
2013-08-26 12:00:00,417,340.55833333333334,55.640597222222226,3.423611111111111,0.0,23.239888888888892
2013-08-26 12:00:00,419,438.77777777777777,56.05408333333334,24.997222222222224,0.0,55.356944444444444
2013-08-26 12:00:00,421,321.1847222222222,56.846375,18.09722222222222,0.0,22.712194444444446
2013-08-26 12:00:00,422,396.68888888888887,57.49522222222222,27.680555555555557,0.0,22.875916666666665
2013-08-26 12:00:00,423,336.43689320388347,53.95332871012482,3.3550624133148403,0.0,23.69621359223301
2013-08-26 12:00:00,424,380.06111111111113,53.60460361613352,2.9791376912378302,0.0,24.044853963838666
2013-08-26 12:00:00,442,437.40694444444443,54.041555555555554,4.013888888888889,0.0,23.709236111111114
2013-08-26 12:00:00,446,465.2527777777778,57.13162499999999,3.2666666666666666,0.0,22.743944444444445
2013-08-26 12:00:00,448,363.2055555555556,56.58422222222222,4.051388888888889,0.0,23.213777777777775
2013-08-26 12:00:00,452,340.87916666666666,50.82004219409282,2.69760900140647,0.0,23.021392405063292
2013-08-26 12:00:00,454,317.44305555555553,57.477999999999994,3.2916666666666665,0.0,22.96079166666667
2013-08-26 12:00:00,456,407.76944444444445,55.571083333333334,3.183333333333333,0.0,23.36386111111111
2013-08-26 12:00:00,458,459.19166666666666,63.93354166666667,3.7472222222222222,0.0,21.654416666666666
2013-08-26 12:00:00,462,410.9736111111111,61.69675,3.298611111111111,0.0,21.799819444444445
2013-08-26 12:00:00,510,293.10833333333335,60.359500000000004,3.8222222222222224,0.0,21.767875
2013-08-26 12:00:00,511,342.77916666666664,61.60004166666666,3.748611111111111,0.0,21.5125
2013-08-26 12:00:00,513,304.92350486787205,60.91679166666666,3.4694444444444446,0.0,21.867902777777775
2013-08-26 12:00:00,552,352.2319444444444,59.138930555555554,3.25,0.0,22.298083333333334
2013-08-26 12:00:00,554,416.8263888888889,56.622239221140475,2.9749652294853965,0.0,22.96685674547983
2013-08-26 12:00:00,556,422.90277777777777,57.42069209039548,3.382768361581921,0.0,22.824703389830507
2013-08-26 12:00:00,558,372.66527777777776,61.551458333333336,3.45,0.0,22.16433333333333
2013-08-26 12:00:00,562,237.02777777777777,60.81004166666667,2.5444444444444443,0.0,22.03677777777778
2013-08-26 12:00:00,564,263.2138888888889,59.98265277777778,3.6847222222222222,0.0,21.96275
2013-08-26 12:00:00,621,415.19444444444446,58.237208333333335,6.151388888888889,0.0,24.457583333333332
2013-08-26 12:00:00,621A,351.0388888888889,63.93508333333334,4.025,0.0,20.8065
2013-08-26 12:00:00,621C,398.9805825242718,60.90329166666667,3.563888888888889,0.0,21.61575
2013-08-26 12:00:00,621D,450.9402777777778,59.09470833333334,3.123611111111111,0.0,22.10675
2013-08-26 12:00:00,621E,446.60555555555555,61.385291666666674,6.6625,-1.0,21.584125
2013-08-26 12:00:00,640,391.73574408901254,59.237611111111114,4.134722222222222,-1.0,22.101555555555557
2013-08-26 12:00:00,644,417.1333333333333,59.65947222222222,4.0569444444444445,0.0,21.82925
2013-08-26 12:00:00,648,94.275,58.77320833333333,3.7583333333333333,0.0,21.813819444444444
2013-08-26 12:00:00,656A,413.7388888888889,59.01036111111111,4.470833333333333,0.0,22.191555555555556
2013-08-26 12:00:00,656B,403.3777777777778,54.35802777777778,3.2666666666666666,0.0,23.18926388888889
2013-08-26 12:00:00,664,303.4291666666667,56.461194444444445,3.109722222222222,0.0,22.727319444444444
2013-08-26 12:00:00,666,386.0138888888889,58.99699280575539,3.3410071942446042,0.0,22.154374100719426
2013-08-26 12:00:00,668,313.775,61.375,2183.6625,0.0,21.574180555555554
2013-08-26 12:00:00,717,354.43611111111113,58.41290681502086,4.1390820584144645,0.0,22.019276773296244
2013-08-26 12:00:00,719,387.5236111111111,59.763,3.5388888888888888,0.0,21.859625
2013-08-26 12:00:00,721,290.0361111111111,59.84072222222222,3.5180555555555557,0.0,20.814555555555554
2013-08-26 12:00:00,722,314.6722222222222,54.43606944444445,3.6569444444444446,0.0,22.558583333333335
2013-08-26 12:00:00,723,378.9513888888889,62.413124999999994,3.004166666666667,0.0,21.29701388888889
2013-08-26 12:00:00,724,176.85694444444445,55.73963888888889,4.972222222222222,0.0,23.26395833333333
2013-08-26 12:00:00,726,362.54305555555555,53.34887500000001,3.1805555555555554,0.0,23.810069444444444
2013-08-26 12:00:00,734,295.40694444444443,55.08165277777778,5.584722222222222,0.0,23.120194444444447
2013-08-26 12:00:00,746,482.19305555555553,61.715625,3.701388888888889,0.0,21.259777777777778
2013-08-26 12:00:00,748,459.78333333333336,54.067388888888885,4.118055555555555,0.0,23.37908333333333
2013-08-26 12:00:00,752,378.94289693593316,45.78136111111111,5.366666666666666,0.0,26.169069444444442
2013-08-26 12:00:00,754,374.39722222222224,56.276041666666664,3.6527777777777777,0.0,22.70611111111111
2013-08-26 12:00:00,776,485.06944444444446,55.912277777777774,6.648611111111111,0.0,23.18048611111111
2013-08-26 13:00:00,413,444.0472878998609,50.666333333333334,4.822222222222222,0.0,23.15690277777778
2013-08-26 13:00:00,415,464.3333333333333,56.22451388888889,18.259722222222223,0.0,23.015333333333334
2013-08-26 13:00:00,417,341.4,56.25606102635229,4.300970873786408,0.0,23.16633841886269
2013-08-26 13:00:00,419,440.6069444444444,56.70269444444445,26.83888888888889,0.0,53.73690277777778
2013-08-26 13:00:00,421,325.04583333333335,57.223792134831456,20.32443820224719,0.0,22.72751404494382
2013-08-26 13:00:00,422,401.16805555555555,58.34258333333333,29.6875,0.0,22.830986111111113
2013-08-26 13:00:00,423,336.1777777777778,54.29376388888889,3.3541666666666665,0.0,23.68802777777778
2013-08-26 13:00:00,424,381.3027777777778,53.93998611111111,2.9055555555555554,0.0,24.033236111111112
2013-08-26 13:00:00,442,438.5472222222222,54.62227777777778,3.8152777777777778,0.0,23.696694444444443
2013-08-26 13:00:00,446,468.9902777777778,57.732375,3.176388888888889,0.0,22.75179166666667
2013-08-26 13:00:00,448,365.44444444444446,57.023375,4.058333333333334,0.0,23.21027777777778
2013-08-26 13:00:00,452,343.45618915159946,51.172541666666675,2.7736111111111112,0.0,23.01781944444445
2013-08-26 13:00:00,454,319.7680555555556,57.789458333333336,3.2819444444444446,0.0,22.968902777777778
2013-08-26 13:00:00,456,407.4798331015299,55.78901388888888,3.161111111111111,0.0,23.490888888888886
2013-08-26 13:00:00,458,477.725,60.24086111111111,3.8152777777777778,0.0,22.951097222222224
2013-08-26 13:00:00,462,419.35326842837276,63.79491666666667,3.3472222222222223,0.0,21.48438888888889
2013-08-26 13:00:00,510,294.96527777777777,61.18141666666667,4.936111111111111,0.0,21.867375
2013-08-26 13:00:00,511,349.65416666666664,59.05613888888889,5.3902777777777775,0.0,22.946347222222222
2013-08-26 13:00:00,513,305.2527777777778,60.37302777777778,3.629166666666667,0.0,22.415388888888888
2013-08-26 13:00:00,552,354.8888888888889,59.832371705963936,3.4729542302357834,0.0,22.289500693481276
2013-08-26 13:00:00,554,424.2625,57.05620833333334,3.2069444444444444,0.0,23.026736111111113
2013-08-26 13:00:00,556,428.8,56.11479166666667,16.93888888888889,0.0,23.63081944444444
2013-08-26 13:00:00,558,376.9611111111111,60.040875,3.533333333333333,0.0,22.913041666666665
2013-08-26 13:00:00,562,236.80972222222223,59.5315,2.7083333333333335,0.0,22.721416666666666
2013-08-26 13:00:00,564,261.3722222222222,58.726930555555555,4.281944444444444,0.0,22.67822222222222
2013-08-26 13:00:00,621,419.6694444444444,57.425636363636364,11.81958041958042,0.0,24.75352777777778
2013-08-26 13:00:00,621A,352.7319444444444,64.99641666666666,5.0680555555555555,0.0,20.785958333333333
2013-08-26 13:00:00,621C,406.9458333333333,61.00375,7.376388888888889,0.0,21.84186111111111
2013-08-26 13:00:00,621D,454.42559109874827,59.258805555555554,7.427777777777778,0.0,22.37984722222222
2013-08-26 13:00:00,621E,456.25418994413405,61.348125,7.613888888888889,-1.0,21.881694444444445
2013-08-26 13:00:00,640,386.48333333333335,57.92680555555556,4.205555555555556,-1.0,22.983861111111114
2013-08-26 13:00:00,644,419.8486111111111,60.280541666666664,4.4944444444444445,0.0,21.878652777777777
2013-08-26 13:00:00,648,96.44444444444444,59.34044444444445,4.25,0.0,21.84016666666667
2013-08-26 13:00:00,656A,417.1847222222222,59.714819444444444,4.95,0.0,22.257416666666668
2013-08-26 13:00:00,656B,404.15672676837727,55.11933333333333,3.4805555555555556,0.0,23.161277777777777
2013-08-26 13:00:00,664,303.24861111111113,57.05229166666667,3.0875,0.0,22.747638888888886
2013-08-26 13:00:00,666,390.2597222222222,59.94318055555555,3.875,0.0,22.135569444444446
2013-08-26 13:00:00,668,314.9263888888889,62.549375000000005,2187.1736111111113,0.0,21.51236111111111
2013-08-26 13:00:00,717,355.425,59.297541666666675,6.226388888888889,0.0,21.958333333333332
2013-08-26 13:00:00,719,389.93055555555554,60.71597222222222,9.95138888888889,0.0,21.786625
2013-08-26 13:00:00,721,291.84166666666664,60.83636111111111,8.129166666666666,0.0,20.742833333333333
2013-08-26 13:00:00,722,316.1402777777778,54.93720833333334,3.852777777777778,0.0,22.551388888888887
2013-08-26 13:00:00,723,380.0180555555556,63.381969486823856,5.46879334257975,0.0,21.27721220527046
2013-08-26 13:00:00,724,178.87916666666666,56.241305555555556,4.906944444444444,0.0,23.263638888888888
2013-08-26 13:00:00,726,363.4166666666667,53.78198611111111,3.2055555555555557,0.0,23.81361111111111
2013-08-26 13:00:00,734,287.2138888888889,54.05188888888889,6.084722222222222,0.0,23.85476388888889
2013-08-26 13:00:00,746,485.7736111111111,63.088416666666674,3.776388888888889,0.0,21.19286111111111
2013-08-26 13:00:00,748,462.09722222222223,54.53359722222223,4.669444444444444,0.0,23.334722222222222
2013-08-26 13:00:00,752,399.6125,46.34206944444445,14.376388888888888,5.334239130434782,26.11352777777778
2013-08-26 13:00:00,754,377.74583333333334,57.191138888888894,3.7527777777777778,0.0,22.65826388888889
2013-08-26 13:00:00,776,489.1097222222222,55.99634722222223,8.140277777777778,0.0,23.395805555555555
2013-08-26 14:00:00,413,444.1638888888889,50.90951388888889,13.6625,0.0,23.060458333333333
2013-08-26 14:00:00,415,468.70694444444445,56.56952777777777,24.49861111111111,0.0,22.94677777777778
2013-08-26 14:00:00,417,342.7583333333333,56.49594444444445,12.305555555555555,0.0,23.112152777777776
2013-08-26 14:00:00,419,439.10277777777776,56.99022222222222,41.334722222222226,0.0,51.37199999999999
2013-08-26 14:00:00,421,326.356050069541,57.321625,37.92638888888889,0.0,22.713208333333334
2013-08-26 14:00:00,422,403.0375,58.487611111111114,46.55833333333333,0.0,22.794791666666665
2013-08-26 14:00:00,423,338.46666666666664,54.41738888888889,3.376388888888889,0.0,23.69176388888889
2013-08-26 14:00:00,424,383.6277777777778,54.055125000000004,2.863888888888889,0.0,24.043111111111113
2013-08-26 14:00:00,442,441.4888888888889,54.688,3.9180555555555556,0.0,23.693666666666665
2013-08-26 14:00:00,446,469.9236111111111,57.84109722222222,3.2527777777777778,0.0,22.735041666666667
2013-08-26 14:00:00,448,367.6361111111111,57.17754166666667,3.9472222222222224,0.0,23.215708333333335
2013-08-26 14:00:00,452,345.6138888888889,51.32834722222222,2.7597222222222224,0.0,23.02759722222222
2013-08-26 14:00:00,454,320.75416666666666,57.89348611111111,3.1958333333333333,0.0,22.986583333333332
2013-08-26 14:00:00,456,412.74305555555554,55.615916666666664,3.183333333333333,0.0,23.611333333333334
2013-08-26 14:00:00,458,478.2,58.823625,3.8444444444444446,0.0,22.95526388888889
2013-08-26 14:00:00,462,423.8875,63.8952427184466,3.2968099861303743,0.0,21.35115117891817
2013-08-26 14:00:00,510,295.44305555555553,60.420346740638,14.346740638002775,0.0,22.045714285714286
2013-08-26 14:00:00,511,348.99444444444447,56.86847222222222,21.279166666666665,0.0,22.963250000000002
2013-08-26 14:00:00,513,305.64444444444445,59.382444444444445,4.340277777777778,0.0,22.541166666666665
2013-08-26 14:00:00,552,380.8097222222222,59.79768055555556,21.79861111111111,9.99755501222494,22.387972222222224
2013-08-26 14:00:00,554,428.7055555555556,56.885375,3.2291666666666665,0.0,23.185222222222222
2013-08-26 14:00:00,556,432.9236111111111,54.99580555555556,3.595833333333333,0.0,24.126597222222223
2013-08-26 14:00:00,558,381.59722222222223,59.01448611111111,3.588888888888889,0.0,23.439333333333334
2013-08-26 14:00:00,562,302.84305555555557,58.49502777777778,43.40138888888889,18.62686567164179,23.41447222222222
2013-08-26 14:00:00,564,299.1525658807212,57.76738888888888,19.886111111111113,8.449197860962567,23.181305555555557
2013-08-26 14:00:00,621,423.54305555555555,56.110611961057025,165.92628650904032,0.0,25.170333333333332
2013-08-26 14:00:00,621A,354.30555555555554,64.73969444444445,15.473611111111111,0.0,20.791319444444444
2013-08-26 14:00:00,621C,409.1402777777778,60.958875,38.206944444444446,0.0,21.848277777777778
2013-08-26 14:00:00,621D,456.6958333333333,58.942249999999994,43.11805555555556,0.0,22.403375
2013-08-26 14:00:00,621E,454.78194444444443,61.005625,17.009722222222223,-1.0,21.993055555555557
2013-08-26 14:00:00,640,387.01944444444445,56.39998611111111,4.519444444444445,-1.0,23.323555555555554
2013-08-26 14:00:00,644,424.425,60.18599167822469,9.382801664355062,0.0,21.9525520110957
2013-08-26 14:00:00,648,98.08055555555555,59.23847222222222,9.175,0.0,21.896291666666666
2013-08-26 14:00:00,656A,418.8597222222222,59.499069444444444,8.473611111111111,0.0,22.37026388888889
2013-08-26 14:00:00,656B,406.4347222222222,55.18080555555556,5.365277777777778,0.0,23.174
2013-08-26 14:00:00,664,305.83194444444445,57.12430555555556,3.140277777777778,0.0,22.77261111111111
2013-08-26 14:00:00,666,391.9222222222222,60.06866666666667,8.869444444444444,0.0,22.116208333333333
2013-08-26 14:00:00,668,323.2708333333333,62.51645833333333,2186.05,8.3248730964467,21.481958333333335
2013-08-26 14:00:00,717,357.6333333333333,59.45397222222222,54.35138888888889,0.0,21.917958333333335
2013-08-26 14:00:00,719,401.6486111111111,60.90608333333333,67.10833333333333,3.2054794520547945,21.779708333333332
2013-08-26 14:00:00,721,292.61805555555554,60.94525,47.67777777777778,0.0,20.703777777777777
2013-08-26 14:00:00,722,318.5708333333333,54.935986111111106,3.8361111111111112,0.0,22.549152777777778
2013-08-26 14:00:00,723,382.09583333333336,63.22620833333334,25.5375,0.0,21.275666666666666
2013-08-26 14:00:00,724,180.53472222222223,56.245000000000005,4.979166666666667,0.0,23.27515277777778
2013-08-26 14:00:00,726,366.3097222222222,53.84448611111111,3.2180555555555554,0.0,23.81358333333333
2013-08-26 14:00:00,734,292.81666666666666,53.02220833333333,10.844444444444445,0.0,24.293819444444445
2013-08-26 14:00:00,746,487.375,62.90141666666666,3.9375,0.0,21.17188888888889
2013-08-26 14:00:00,748,461.87916666666666,54.74236111111111,4.713888888888889,0.0,23.32472222222222
2013-08-26 14:00:00,752,434.6972222222222,46.93698611111111,27.231944444444444,7.738544474393531,26.04347222222222
2013-08-26 14:00:00,754,379.7652777777778,57.27748611111111,4.168055555555555,0.0,22.642791666666668
2013-08-26 14:00:00,776,492.60555555555555,55.89605113636364,10.803977272727273,0.0,23.35147727272727
2013-08-26 15:00:00,413,446.4402777777778,50.01711111111111,46.145833333333336,0.0,23.034972222222223
2013-08-26 15:00:00,415,469.2916666666667,56.068472222222226,47.391666666666666,0.0,22.928166666666666
2013-08-26 15:00:00,417,344.03472222222223,55.86031944444444,41.984722222222224,0.0,23.110611111111112
2013-08-26 15:00:00,419,439.70694444444445,56.36398611111111,94.48333333333333,0.0,58.33840277777778
2013-08-26 15:00:00,421,331.2875,56.62634722222222,104.59444444444445,0.0,22.72611111111111
2013-08-26 15:00:00,422,403.49444444444447,57.39020833333333,109.82083333333334,0.0,22.817555555555554
2013-08-26 15:00:00,423,339.2125,53.86541666666666,3.4902777777777776,0.0,23.695013888888887
2013-08-26 15:00:00,424,384.4847222222222,53.523625,2.904166666666667,0.0,24.041722222222223
2013-08-26 15:00:00,442,443.0652777777778,53.83422222222222,4.416666666666667,0.0,23.68830555555556
2013-08-26 15:00:00,446,472.00416666666666,56.86906944444445,3.3805555555555555,0.0,22.725319444444445
2013-08-26 15:00:00,448,369.81666666666666,56.47947222222222,4.0569444444444445,0.0,23.216388888888886
2013-08-26 15:00:00,452,347.43611111111113,50.74127955493742,2.74547983310153,0.0,23.034826147426983
2013-08-26 15:00:00,454,322.4236111111111,57.349069444444446,3.2569444444444446,0.0,22.988944444444446
2013-08-26 15:00:00,456,413.0486111111111,54.76741666666667,3.0972222222222223,0.0,23.64275
2013-08-26 15:00:00,458,480.1458333333333,57.21366666666666,3.8041666666666667,0.0,22.940125
2013-08-26 15:00:00,462,425.3222222222222,62.61216666666667,3.361111111111111,0.0,21.291541666666667
2013-08-26 15:00:00,510,298.45416666666665,59.06208333333333,46.56388888888889,0.0,22.075541666666666
2013-08-26 15:00:00,511,347.5695067264574,57.16816143497758,53.937219730941706,5.813953488372093,22.50627802690583
2013-08-26 15:00:00,513,346.4166666666667,58.381138888888884,7.134722222222222,10.528301886792454,22.441347222222223
2013-08-26 15:00:00,552,427.50694444444446,58.208986111111116,40.25138888888889,21.41309823677582,22.801569444444446
2013-08-26 15:00:00,554,438.19444444444446,55.877805555555554,3.2152777777777777,0.0,23.322791666666667
2013-08-26 15:00:00,556,441.65694444444443,53.674680555555554,13.719444444444445,9.200495049504951,24.044888888888888
2013-08-26 15:00:00,558,388.5541666666667,57.56529166666667,3.6347222222222224,0.0,23.472083333333334
2013-08-26 15:00:00,562,268.21805555555557,56.45015277777778,17.23611111111111,0.5833333333333334,23.603055555555557
2013-08-26 15:00:00,564,304.51944444444445,56.60640277777778,16.444444444444443,2.568681318681319,23.274819444444443
2013-08-26 15:00:00,621,428.59166666666664,54.032250000000005,165.91805555555555,7.589531680440771,25.457638888888887
2013-08-26 15:00:00,621A,369.2138888888889,63.452420027816416,52.888734353268426,8.08780487804878,20.951112656467316
2013-08-26 15:00:00,621C,411.09305555555557,60.05891666666666,154.0861111111111,0.0,21.872652777777777
2013-08-26 15:00:00,621D,566.6736111111111,57.92655555555556,186.82361111111112,0.0,22.561930555555556
2013-08-26 15:00:00,621E,459.7388888888889,60.03543055555556,46.69444444444444,-1.0,21.989125
2013-08-26 15:00:00,640,398.8902777777778,55.80741666666667,5.248611111111111,0.0,22.76138888888889
2013-08-26 15:00:00,644,427.3847222222222,59.219861111111115,30.966666666666665,0.0,22.012541666666667
2013-08-26 15:00:00,648,98.6297335203366,58.360777777777784,30.730555555555554,0.0,21.953319444444443
2013-08-26 15:00:00,656A,421.59444444444443,58.46706944444445,24.275,0.0,22.44026388888889
2013-08-26 15:00:00,656B,409.13055555555553,54.5,13.848611111111111,0.0,23.18676388888889
2013-08-26 15:00:00,664,307.83194444444445,56.398805555555555,3.136111111111111,0.0,22.790416666666665
2013-08-26 15:00:00,666,394.3249299719888,59.10558333333333,31.066666666666666,0.0,22.1395
2013-08-26 15:00:00,668,319.41805555555555,61.31016666666667,2202.273611111111,0.0,21.49226388888889
2013-08-26 15:00:00,717,360.7527777777778,58.62645833333334,84.41944444444445,0.0,21.95201388888889
2013-08-26 15:00:00,719,439.2736111111111,59.662708333333335,254.29166666666666,18.356589147286822,22.161319444444445
2013-08-26 15:00:00,721,293.70972222222224,59.94455555555556,191.1513888888889,0.0,20.78765277777778
2013-08-26 15:00:00,722,319.825,54.309986111111115,3.9291666666666667,0.0,22.54215277777778
2013-08-26 15:00:00,723,383.7888888888889,62.084583333333335,94.06666666666666,0.0,21.330263888888886
2013-08-26 15:00:00,724,182.05277777777778,55.59036161335188,5.1210013908205845,0.0,23.269360222531297
2013-08-26 15:00:00,726,367.56666666666666,53.23111111111111,3.2041666666666666,0.0,23.819972222222223
2013-08-26 15:00:00,734,309.20416666666665,51.67897222222222,24.43888888888889,0.0,24.573999999999998
2013-08-26 15:00:00,746,489.2652777777778,61.70158333333333,5.141666666666667,0.0,21.182624999999998
2013-08-26 15:00:00,748,465.2883263009845,54.289875,4.684722222222222,0.0,23.31923611111111
2013-08-26 15:00:00,752,454.15833333333336,46.526944444444446,26.75138888888889,12.648793565683647,26.045972222222222
2013-08-26 15:00:00,754,381.7597222222222,56.41415277777778,5.836111111111111,0.0,22.661305555555554
2013-08-26 15:00:00,776,496.34305555555557,55.025513888888895,22.055555555555557,0.7894736842105263,23.39315277777778
2013-08-26 16:00:00,413,459.8567454798331,49.41831944444445,66.27361111111111,0.0,23.242347222222225
2013-08-26 16:00:00,415,475.0444444444444,55.728430555555555,60.516666666666666,0.0,22.992361111111112
2013-08-26 16:00:00,417,351.28472222222223,55.47938803894298,59.9221140472879,0.0,23.18360222531293
2013-08-26 16:00:00,419,489.3611111111111,55.9933240611961,112.46453407510431,12.137566137566138,59.27749652294853
2013-08-26 16:00:00,421,346.4125,56.10931849791377,144.89568845618916,0.0,22.865694444444443
2013-08-26 16:00:00,422,413.70416666666665,56.91193055555555,148.01666666666668,0.0,22.909416666666665
2013-08-26 16:00:00,423,384.66203059805287,53.584840055632824,34.0904033379694,16.839080459770116,23.760097357440888
2013-08-26 16:00:00,424,392.48333333333335,53.214875,2.886111111111111,0.0,24.043625
2013-08-26 16:00:00,442,451.9555555555556,53.59364394993046,5.027816411682893,0.0,23.6578859527121
2013-08-26 16:00:00,446,479.90694444444443,56.575041666666664,3.8625,0.0,22.704944444444443
2013-08-26 16:00:00,448,376.325,56.115569444444446,4.145833333333333,0.0,23.206819444444445
2013-08-26 16:00:00,452,354.1625,50.412236111111106,2.7875,0.0,23.032541666666667
2013-08-26 16:00:00,454,330.7083333333333,57.041875000000005,3.2416666666666667,0.0,22.98288888888889
2013-08-26 16:00:00,456,420.91527777777776,54.31901388888889,3.1625,0.0,23.64709722222222
2013-08-26 16:00:00,458,492.3958333333333,57.033791666666666,3.8097222222222222,0.0,22.941333333333336
2013-08-26 16:00:00,462,437.9375,62.5720445062587,3.3184979137691237,0.0,21.31180806675939
2013-08-26 16:00:00,510,321.18888888888887,58.740236439499306,77.56606397774686,3.922872340425532,22.161474269819195
2013-08-26 16:00:00,513,390.66527777777776,58.07094444444445,8.997222222222222,13.123684210526315,22.44826388888889
2013-08-26 16:00:00,552,384.7583333333333,57.28294853963839,20.689847009735743,2.402173913043478,22.88490959666203
2013-08-26 16:00:00,554,707.3131170662906,56.19327777777778,33.6125,2.569060773480663,23.50448611111111
2013-08-26 16:00:00,556,513.9333333333333,54.015930555555556,41.3,24.961165048543688,23.882805555555553
2013-08-26 16:00:00,558,399.15416666666664,57.58998611111111,3.5625,0.0,23.090083333333332
2013-08-26 16:00:00,562,286.075,56.66308333333333,41.65,13.878947368421052,23.181638888888887
2013-08-26 16:00:00,564,311.61474269819195,56.262722222222216,18.426388888888887,14.945454545454545,23.000597222222222
2013-08-26 16:00:00,621,453.31015299026427,53.02476388888889,166.75972222222222,9.756830601092895,25.504458333333332
2013-08-26 16:00:00,621A,409.5416666666667,61.53629166666666,74.7388888888889,18.52340425531915,21.789569444444446
2013-08-26 16:00:00,621C,420.05841446453405,59.61015277777778,221.8486111111111,0.0,21.93265277777778
2013-08-26 16:00:00,621D,636.7524339360223,56.87115277777778,273.87638888888887,0.0,23.05111111111111
2013-08-26 16:00:00,621E,469.44444444444446,59.75391666666667,64.80833333333334,-1.0,21.985958333333333
2013-08-26 16:00:00,640,412.78194444444443,56.544444444444444,5.766666666666667,-1.0,22.45173611111111
2013-08-26 16:00:00,644,436.95,58.707496522948546,44.84979137691238,0.0,22.07164116828929
2013-08-26 16:00:00,648,107.28194444444445,57.91004166666667,44.456944444444446,0.0,22.019402777777778
2013-08-26 16:00:00,656A,479.7864077669903,58.12757997218358,51.442280945758,13.48723897911833,22.517816411682894
2013-08-26 16:00:00,656B,416.4478442280946,54.17319888734353,19.14742698191933,0.0,23.221682892906813
2013-08-26 16:00:00,664,354.61944444444447,56.27981944444445,15.452777777777778,17.134469696969695,22.854666666666667
2013-08-26 16:00:00,666,403.8066759388039,58.66766666666667,45.0125,0.0,22.198833333333333
2013-08-26 16:00:00,668,328.6694444444444,61.13016666666667,2182.913888888889,0.0,21.47502777777778
2013-08-26 16:00:00,717,372.5736111111111,57.99979166666667,120.88472222222222,0.0,22.123458333333332
2013-08-26 16:00:00,719,463.9347222222222,58.241988873435325,369.8470097357441,12.594059405940595,22.639582753824758
2013-08-26 16:00:00,721,303.3022284122563,59.156388888888884,282.7472222222222,0.0,21.020694444444445
2013-08-26 16:00:00,722,330.6972222222222,54.06670833333333,3.984722222222222,0.0,22.54498611111111
2013-08-26 16:00:00,723,396.00416666666666,61.479151599443675,135.59388038942976,0.0,21.47125173852573
2013-08-26 16:00:00,724,190.3361111111111,55.305924895688456,5.034770514603617,0.0,23.272656467315716
2013-08-26 16:00:00,726,380.93055555555554,52.946000000000005,3.2194444444444446,0.0,23.822097222222222
2013-08-26 16:00:00,734,339.0888888888889,50.73415277777777,61.32222222222222,15.033464566929133,24.84272222222222
2013-08-26 16:00:00,746,502.3888888888889,61.45329166666667,5.833333333333333,0.0,21.222819444444443
2013-08-26 16:00:00,748,475.1041666666667,54.042291666666664,4.6875,0.0,23.254722222222224
2013-08-26 16:00:00,752,467.78055555555557,46.277125,26.681944444444444,12.183288409703504,26.02290277777778
2013-08-26 16:00:00,754,390.5888888888889,55.97188888888889,6.8875,0.0,22.734319444444445
2013-08-26 16:00:00,776,566.8027777777778,55.277430555555554,55.65833333333333,2.184065934065934,23.31945833333333
2013-08-26 17:00:00,413,462.54583333333335,49.05986111111111,111.30416666666666,0.0,23.243486111111114
2013-08-26 17:00:00,415,480.6986111111111,55.33947222222222,89.19166666666666,0.0,23.116972222222223
2013-08-26 17:00:00,417,357.0375,54.97188888888889,100.35277777777777,0.0,23.331541666666666
2013-08-26 17:00:00,419,682.5375,55.742069444444446,163.48472222222222,10.879679144385026,58.00320833333333
2013-08-26 17:00:00,421,356.05555555555554,55.61052777777778,225.48333333333332,0.0,23.006236111111114
2013-08-26 17:00:00,422,418.65416666666664,56.22654166666667,224.48472222222222,0.0,23.070819444444446
2013-08-26 17:00:00,423,664.6083333333333,54.05733333333333,39.65833333333333,28.975539568345322,24.06977777777778
2013-08-26 17:00:00,424,402.9625,52.94009722222223,2.904166666666667,0.0,24.074055555555557
2013-08-26 17:00:00,442,456.31938633193863,53.30583333333333,5.122222222222222,0.0,23.666333333333338
2013-08-26 17:00:00,446,484.21805555555557,56.22544444444444,3.8833333333333333,0.0,22.725444444444445
2013-08-26 17:00:00,448,381.7625,55.82451388888889,4.048611111111111,0.0,23.210819444444446
2013-08-26 17:00:00,452,359.2125,50.157333333333334,2.8777777777777778,0.0,23.039180555555554
2013-08-26 17:00:00,454,336.90555555555557,56.77952843273232,3.320388349514563,0.0,22.981553398058253
2013-08-26 17:00:00,456,426.78194444444443,53.967666666666666,3.3194444444444446,0.0,23.671208333333333
2013-08-26 17:00:00,458,505.7443820224719,56.52942896935933,35.24791086350975,14.997542997542997,22.964561891515995
2013-08-26 17:00:00,462,437.39166666666665,62.299708333333335,3.779166666666667,0.0,21.24313888888889
2013-08-26 17:00:00,510,316.6361111111111,58.08711111111111,115.22638888888889,0.0,22.247583333333335
2013-08-26 17:00:00,513,349.4583333333333,57.59229166666666,12.755555555555556,0.1638888888888889,22.496083333333335
2013-08-26 17:00:00,552,377.1664355062413,56.79626388888889,8.316666666666666,4.133152173913044,22.840027777777777
2013-08-26 17:00:00,554,1060.1722222222222,56.29252777777778,66.3236111111111,11.322077922077922,24.077986111111112
2013-08-26 17:00:00,556,539.7041666666667,53.34280555555556,43.604166666666664,18.92093023255814,23.995097222222224
2013-08-26 17:00:00,558,402.59583333333336,57.55606944444445,3.4902777777777776,0.0,23.032874999999997
2013-08-26 17:00:00,562,357.2708333333333,56.02941666666667,49.354166666666664,18.922666666666668,23.487458333333336
2013-08-26 17:00:00,564,414.77222222222224,55.99384722222222,7.633333333333334,23.350617283950616,23.338819444444447
2013-08-26 17:00:00,621,451.36805555555554,52.28973611111111,166.68194444444444,9.81868131868132,25.547555555555558
2013-08-26 17:00:00,621A,381.0861111111111,59.745875,123.87916666666666,2.8579234972677594,22.079652777777778
2013-08-26 17:00:00,621C,422.15694444444443,58.86456944444444,369.4263888888889,0.0,22.126236111111112
2013-08-26 17:00:00,621D,537.9375,55.55518723994452,429.7350901525659,0.0,23.299750346740637
2013-08-26 17:00:00,621E,473.725,59.31740277777778,103.42916666666666,-1.0,22.077111111111112
2013-08-26 17:00:00,640,417.4888888888889,56.72251388888889,7.168055555555555,-1.0,22.334305555555552
2013-08-26 17:00:00,644,441.09305555555557,58.16688888888889,81.21111111111111,0.0,22.16886111111111
2013-08-26 17:00:00,648,113.37222222222222,57.32109722222223,81.58611111111111,0.0,22.133125
2013-08-26 17:00:00,656A,704.825,57.70980141843971,104.8340425531915,26.732075471698113,22.94655319148936
2013-08-26 17:00:00,656B,426.54027777777776,53.78076388888889,35.06944444444444,0.0,23.298597222222224
2013-08-26 17:00:00,664,512.4083333333333,56.307343532684285,33.38386648122392,13.593667546174142,23.25563888888889
2013-08-26 17:00:00,666,409.48055555555555,58.064013888888894,88.91527777777777,0.0,22.32523611111111
2013-08-26 17:00:00,668,340.48055555555555,60.75694444444444,2183.8930555555557,7.464824120603015,21.524958333333334
2013-08-26 17:00:00,717,379.81805555555553,57.16718055555556,199.57777777777778,0.0,22.378180555555556
2013-08-26 17:00:00,719,441.249653259362,56.988125,599.3208333333333,4.956989247311828,22.898097222222223
2013-08-26 17:00:00,721,310.3875,57.88959722222223,495.78055555555557,0.0,21.42072222222222
2013-08-26 17:00:00,722,334.34722222222223,53.783361111111105,4.072222222222222,0.0,22.560972222222222
2013-08-26 17:00:00,723,396.7319444444444,60.69441666666667,237.29444444444445,0.0,21.588375
2013-08-26 17:00:00,724,193.2875,54.998638888888884,5.138888888888889,0.0,23.290166666666668
2013-08-26 17:00:00,726,386.2347222222222,52.64680555555555,3.3652777777777776,0.0,23.853069444444444
2013-08-26 17:00:00,734,361.9472222222222,49.906708333333334,124.0,0.0,25.040888888888887
2013-08-26 17:00:00,746,507.43055555555554,61.033166666666666,8.011111111111111,0.0,21.244444444444444
2013-08-26 17:00:00,748,480.7347222222222,53.84866666666667,4.719444444444444,0.0,23.175319444444444
2013-08-26 17:00:00,752,496.90833333333336,46.08623611111112,26.969444444444445,12.831632653061224,26.004583333333333
2013-08-26 17:00:00,754,393.7680555555556,55.387208333333334,9.820833333333333,0.0,22.854833333333332
2013-08-26 17:00:00,776,510.21527777777777,54.77566063977746,50.133518776077885,0.0,23.257663421418634
2013-08-26 18:00:00,413,541.5222222222222,49.04386111111111,112.025,8.79643765903308,23.495166666666666
2013-08-26 18:00:00,415,484.12083333333334,54.94195833333333,69.51527777777778,0.0,23.243027777777776
2013-08-26 18:00:00,417,358.56944444444446,54.47291666666667,74.79027777777777,0.0,23.490833333333335
2013-08-26 18:00:00,419,776.0652777777777,55.346833333333336,127.67777777777778,15.107969151670952,64.40966666666667
2013-08-26 18:00:00,421,366.72083333333336,55.16326388888889,195.75555555555556,0.0,23.1725
2013-08-26 18:00:00,422,419.98055555555555,55.700027777777784,186.70416666666668,0.0,23.218069444444442
2013-08-26 18:00:00,423,711.0638888888889,53.47295833333333,40.15416666666667,29.3943661971831,24.342875
2013-08-26 18:00:00,424,409.8785310734463,52.72036111111112,2.9819444444444443,0.0,24.117930555555557
2013-08-26 18:00:00,442,458.0263888888889,53.03748611111111,5.354166666666667,0.0,23.745222222222225
2013-08-26 18:00:00,446,487.0597222222222,55.92918055555556,3.8986111111111112,0.0,22.787416666666665
2013-08-26 18:00:00,448,384.43194444444447,55.590139082058414,4.5326842837273995,0.0,23.226954102920725
2013-08-26 18:00:00,452,360.6958333333333,49.94679166666667,3.448611111111111,0.0,23.057305555555555
2013-08-26 18:00:00,454,339.0027777777778,56.55319602272727,3.46875,0.0,23.00348011363636
2013-08-26 18:00:00,456,429.90555555555557,53.67395833333333,3.938888888888889,0.0,23.704319444444444
2013-08-26 18:00:00,458,505.6138888888889,56.44055555555556,44.80277777777778,10.29639175257732,22.951902777777775
2013-08-26 18:00:00,462,439.1069444444444,62.54858333333334,4.465277777777778,0.0,21.204361111111112
2013-08-26 18:00:00,510,335.9347222222222,57.87383333333334,107.8236111111111,4.419354838709677,22.334083333333332
2013-08-26 18:00:00,513,396.8191933240612,57.60925,11.580555555555556,10.118598382749326,22.39575
2013-08-26 18:00:00,552,461.62083333333334,56.58119444444444,40.15972222222222,21.94191919191919,23.05547222222222
2013-08-26 18:00:00,554,505.7597222222222,54.29768055555556,67.24861111111112,0.12465373961218837,23.818347222222222
2013-08-26 18:00:00,556,558.5354659248957,53.14091666666666,43.763888888888886,22.47826086956522,24.012888888888888
2013-08-26 18:00:00,558,404.40277777777777,57.47391666666667,3.3958333333333335,0.0,23.02115277777778
2013-08-26 18:00:00,562,280.7527777777778,55.81019444444444,14.126388888888888,0.0,23.340458333333334
2013-08-26 18:00:00,564,432.7375,55.68831944444444,7.545833333333333,23.365239294710328,23.58636111111111
2013-08-26 18:00:00,621,455.25555555555553,51.92204166666667,166.76111111111112,13.683923705722071,25.58838888888889
2013-08-26 18:00:00,621A,394.4075104311544,59.35697222222222,93.80555555555556,3.3873626373626373,22.143569444444445
2013-08-26 18:00:00,621C,423.5875,58.24029166666667,262.81805555555553,0.0,22.301430555555555
2013-08-26 18:00:00,621D,492.1875,55.226875,309.21666666666664,0.0,23.250236111111107
2013-08-26 18:00:00,621E,479.7760778859527,58.79390277777778,77.68472222222222,-1.0,22.25151388888889
2013-08-26 18:00:00,640,415.9652294853964,56.610693481276,13.10124826629681,-1.0,22.474757281553398
2013-08-26 18:00:00,644,443.87916666666666,57.36494444444445,184.51527777777778,0.45706371191135736,22.426180555555558
2013-08-26 18:00:00,648,138.16944444444445,56.802628650904026,206.7357440890125,10.127358490566039,22.424436717663422
2013-08-26 18:00:00,656A,711.6263888888889,56.76211111111111,187.29305555555555,27.163522012578618,23.453152777777778
2013-08-26 18:00:00,656B,434.06388888888887,53.14977777777777,73.56944444444444,0.0,23.615625
2013-08-26 18:00:00,664,511.5513888888889,55.11243055555555,33.418055555555554,14.921760391198044,23.6095
2013-08-26 18:00:00,666,411.31666666666666,57.08326388888889,220.24722222222223,0.0,22.75823611111111
2013-08-26 18:00:00,668,387.4583333333333,59.54165277777778,2159.623611111111,23.720682302771856,22.084833333333332
2013-08-26 18:00:00,717,384.27222222222224,56.30030555555556,139.17222222222222,0.0,22.67551388888889
2013-08-26 18:00:00,719,518.0013908205841,56.150777777777776,415.1347222222222,21.43254817987152,23.27263888888889
2013-08-26 18:00:00,721,317.43055555555554,56.71668984700974,254.24478442280946,0.0,21.78682892906815
2013-08-26 18:00:00,722,338.47083333333336,53.60534722222222,4.061111111111111,0.0,22.59402777777778
2013-08-26 18:00:00,723,393.35555555555555,60.16020833333333,230.9138888888889,0.0,21.72833333333333
2013-08-26 18:00:00,724,196.7277777777778,54.82763888888889,5.151388888888889,0.0,23.313930555555554
2013-08-26 18:00:00,726,386.8236111111111,52.41523611111111,3.986111111111111,0.8342541436464088,23.89825
2013-08-26 18:00:00,734,374.7284122562674,49.71826388888889,118.15833333333333,10.30317848410758,24.864277777777776
2013-08-26 18:00:00,746,514.6736111111111,60.20163888888889,25.030555555555555,2.8925619834710745,21.629166666666666
2013-08-26 18:00:00,748,483.61805555555554,53.86072222222222,4.831944444444445,0.0,23.092291666666668
2013-08-26 18:00:00,752,543.8347222222222,46.11940277777778,27.363888888888887,16.31313131313131,26.012236111111115
2013-08-26 18:00:00,754,395.9,54.63791666666667,14.16388888888889,0.0,23.168833333333335
2013-08-26 18:00:00,776,513.5444444444445,54.36208333333333,67.08611111111111,0.0,23.41091666666667
2013-08-26 19:00:00,413,526.4472222222222,48.584444444444436,110.65694444444445,0.0,23.82051388888889
2013-08-26 19:00:00,415,603.4069444444444,55.037791666666664,53.425,24.382608695652173,23.461236111111113
2013-08-26 19:00:00,417,383.4222222222222,54.518375000000006,83.16944444444445,0.0,23.56948611111111
2013-08-26 19:00:00,419,881.8041666666667,55.466125,122.09305555555555,15.447368421052632,58.36059722222222
2013-08-26 19:00:00,421,381.0625,55.203375,200.2736111111111,0.0,23.213375000000003
2013-08-26 19:00:00,422,452.14484679665736,55.93477777777778,195.5,0.0,23.283069444444447
2013-08-26 19:00:00,423,584.5875,53.08954166666667,7.495833333333334,7.480093676814988,24.463180555555557
2013-08-26 19:00:00,424,434.78472222222223,52.772183588317105,2.9819193324061195,0.0,24.179568845618917
2013-08-26 19:00:00,442,489.3888888888889,53.05323611111111,5.340277777777778,0.0,23.886083333333332
2013-08-26 19:00:00,446,518.6425591098748,56.100458333333336,3.95,0.0,22.86633333333333
2013-08-26 19:00:00,448,406.64623955431756,55.705875000000006,4.540277777777778,0.0,23.27370833333333
2013-08-26 19:00:00,452,382.60555555555555,50.029875000000004,3.4722222222222223,0.0,23.101347222222223
2013-08-26 19:00:00,454,359.2013888888889,56.52197496522949,3.3518776077885954,0.0,23.068219749652293
2013-08-26 19:00:00,456,452.2652777777778,53.708736111111115,3.911111111111111,0.0,23.779999999999998
2013-08-26 19:00:00,458,578.2698191933241,57.50051388888889,25.25,19.03125,22.889611111111112
2013-08-26 19:00:00,462,486.81388888888887,62.51070833333333,4.3805555555555555,0.0,21.50161111111111
2013-08-26 19:00:00,510,360.45694444444445,58.25340277777777,92.95555555555555,0.0,22.39538888888889
2013-08-26 19:00:00,513,438.7055555555556,58.30209722222222,12.473611111111111,2.268698060941828,22.367874999999998
2013-08-26 19:00:00,552,496.0416666666667,56.413944444444446,40.425,20.007772020725387,23.273416666666666
2013-08-26 19:00:00,554,487.71805555555557,54.64894444444444,67.22916666666667,0.0,23.616291666666665
2013-08-26 19:00:00,556,566.1791666666667,53.40132127955494,37.10431154381085,11.739348370927319,24.014617524339357
2013-08-26 19:00:00,558,431.4847222222222,57.76811111111111,3.525,0.0,23.024124999999998
2013-08-26 19:00:00,562,359.8626907073509,56.34497222222222,38.705555555555556,15.936386768447838,23.33198611111111
2013-08-26 19:00:00,564,400.3486111111111,54.90376388888889,8.55,21.070496083550914,23.68140277777778
2013-08-26 19:00:00,621,491.0375,51.92868055555556,166.41666666666666,7.493112947658402,25.640402777777776
2013-08-26 19:00:00,621A,417.51944444444445,59.90613888888889,91.68472222222222,2.727272727272727,22.022569444444443
2013-08-26 19:00:00,621C,457.00138888888887,58.25870833333333,247.35972222222222,0.0,22.40491666666667
2013-08-26 19:00:00,621D,533.2944444444445,55.68048611111111,247.18194444444444,0.0,23.27098611111111
2013-08-26 19:00:00,621E,514.6361111111111,58.812,73.69583333333334,-1.0,22.361458333333335
2013-08-26 19:00:00,640,453.56944444444446,55.80625,15.497222222222222,-1.0,23.103083333333334
2013-08-26 19:00:00,644,490.3888888888889,56.96715277777778,234.02777777777777,2.6842105263157894,22.761402777777775
2013-08-26 19:00:00,648,189.6990291262136,55.32145833333333,247.82638888888889,26.910873440285204,23.379680555555556
2013-08-26 19:00:00,656A,612.875,54.56118055555556,188.80972222222223,18.305084745762713,24.435666666666666
2013-08-26 19:00:00,656B,461.8597222222222,51.72266666666667,87.85138888888889,0.0,24.58211111111111
2013-08-26 19:00:00,664,495.12083333333334,54.39555555555556,24.84027777777778,7.514435695538058,23.87425
2013-08-26 19:00:00,666,440.7652777777778,55.00780555555556,272.5263888888889,0.0,23.904791666666668
2013-08-26 19:00:00,668,416.56111111111113,52.36333333333333,2173.7291666666665,27.68918918918919,24.783430555555555
2013-08-26 19:00:00,717,411.81666666666666,56.092625000000005,135.20138888888889,0.0,22.87825
2013-08-26 19:00:00,719,534.3638888888889,55.60530555555555,369.8222222222222,20.956719817767652,23.564055555555555
2013-08-26 19:00:00,721,348.26286509040335,56.520833333333336,175.81527777777777,0.0,21.946
2013-08-26 19:00:00,722,363.425,53.71868055555555,4.009722222222222,0.0,22.64675
2013-08-26 19:00:00,723,430.49444444444447,60.51555555555555,228.67777777777778,0.0,21.794777777777778
2013-08-26 19:00:00,724,215.28333333333333,54.96730180806676,5.168289290681502,0.0,23.357009735744086
2013-08-26 19:00:00,726,426.06388888888887,52.45845833333334,32.94305555555555,3.5395095367847413,24.018180555555556
2013-08-26 19:00:00,734,587.5521557719054,50.97095833333333,123.5375,19.558441558441558,24.64015277777778
2013-08-26 19:00:00,746,562.3208333333333,58.91429166666667,14.319444444444445,2.341530054644809,22.342875
2013-08-26 19:00:00,748,517.7736111111111,54.27394444444444,6.468055555555556,0.0,23.089875
2013-08-26 19:00:00,752,612.8861111111111,46.69905555555555,42.665277777777774,18.438515081206496,26.147944444444445
2013-08-26 19:00:00,754,427.49861111111113,53.36558333333333,15.448611111111111,0.0,23.953916666666665
2013-08-26 19:00:00,776,581.4875,54.275055555555554,77.12083333333334,6.723785166240409,23.733874999999998
2013-08-26 20:00:00,413,550.9194444444445,48.89098611111111,106.0875,0.0,23.82088888888889
2013-08-26 20:00:00,415,846.173852573018,55.148178025034774,57.107093184979135,27.98567335243553,23.970737134909594
2013-08-26 20:00:00,417,429.3777777777778,55.00830555555556,81.69722222222222,0.0,23.58198611111111
2013-08-26 20:00:00,419,757.3041666666667,55.58972222222222,114.49444444444444,16.25,59.88818055555555
2013-08-26 20:00:00,421,394.1486111111111,55.927736111111116,202.59166666666667,0.0,23.140569444444445
2013-08-26 20:00:00,422,493.4291666666667,56.40409722222222,215.77916666666667,0.0,23.361888888888892
2013-08-26 20:00:00,423,473.0888888888889,53.07150000000001,3.879166666666667,0.0,24.247666666666667
2013-08-26 20:00:00,424,532.1902777777777,53.208444444444446,9.995833333333334,4.784366576819407,24.35798611111111
2013-08-26 20:00:00,442,541.3027777777778,53.307200557103066,20.720055710306408,1.6115702479338843,24.034289693593312
2013-08-26 20:00:00,446,568.7618384401114,56.583486111111114,3.959722222222222,0.0,22.92661111111111
2013-08-26 20:00:00,448,446.64534075104314,56.08286509040334,4.564673157162726,0.0,23.325271210013906
2013-08-26 20:00:00,452,420.11805555555554,50.32895833333333,3.3694444444444445,0.0,23.155458333333335
2013-08-26 20:00:00,454,395.1722222222222,56.73686111111111,3.4722222222222223,0.0,23.132986111111112
2013-08-26 20:00:00,456,497.26944444444445,54.049833101529906,3.9847009735744088,0.0,23.840931849791378
2013-08-26 20:00:00,458,608.6763888888889,57.833625,39.97638888888889,21.016470588235293,23.03225
2013-08-26 20:00:00,462,525.0027777777777,62.57475,4.368055555555555,0.0,21.769291666666668
2013-08-26 20:00:00,510,393.00694444444446,58.792375,95.15555555555555,0.0,22.463305555555557
2013-08-26 20:00:00,513,421.7579972183588,58.90584722222222,13.222222222222221,0.0,22.412444444444446
2013-08-26 20:00:00,552,540.9458333333333,56.63011126564673,29.926286509040334,14.124121779859484,23.353699582753826
2013-08-26 20:00:00,554,548.7888888888889,55.309000000000005,67.12222222222222,5.826923076923077,23.586680555555557
2013-08-26 20:00:00,556,600.8916666666667,53.91264255910988,43.524339360222534,20.022332506203472,24.06474269819193
2013-08-26 20:00:00,558,471.3611111111111,58.298388888888894,3.6152777777777776,0.0,23.033611111111114
2013-08-26 20:00:00,562,332.6638888888889,56.538887343532686,5.164116828929068,0.0,23.349819193324063
2013-08-26 20:00:00,564,393.1694444444444,55.22766342141864,21.898470097357443,2.4498567335243555,23.600041724617526
2013-08-26 20:00:00,621,522.9208333333333,52.32852777777778,166.45,10.208219178082192,25.626541666666668
2013-08-26 20:00:00,621A,449.8597222222222,60.36392211404729,99.69819193324061,2.8846153846153846,22.09315716272601
2013-08-26 20:00:00,621C,495.525,58.48209722222222,251.48611111111111,0.0,22.528291666666664
2013-08-26 20:00:00,621D,555.7208333333333,56.042236111111116,248.63472222222222,0.0,23.263
2013-08-26 20:00:00,621E,558.8760445682451,59.12423611111111,73.07916666666667,-1.0,22.468805555555555
2013-08-26 20:00:00,640,486.9151599443672,55.53034722222222,13.404166666666667,-1.0,23.327055555555553
2013-08-26 20:00:00,644,519.0306406685237,57.00651388888889,241.63194444444446,2.0165289256198347,22.94415277777778
2013-08-26 20:00:00,648,185.86666666666667,53.800500695410285,210.6509040333797,1.8547945205479452,23.869276773296242
2013-08-26 20:00:00,656A,666.0583333333333,52.77895833333333,158.34583333333333,24.3382084095064,25.104333333333333
2013-08-26 20:00:00,656B,506.561797752809,50.05748611111111,77.11111111111111,0.0,25.339152777777777
2013-08-26 20:00:00,664,412.65924895688454,54.13652777777778,5.1375,0.0,23.881361111111108
2013-08-26 20:00:00,666,483.51944444444445,52.84293055555556,252.55277777777778,0.0,24.760347222222222
2013-08-26 20:00:00,668,445.4645340751043,50.824339360222524,2113.69123783032,27.95519348268839,25.29116828929068
2013-08-26 20:00:00,717,444.49583333333334,56.13931944444444,132.75416666666666,0.0,23.052458333333334
2013-08-26 20:00:00,719,608.9944444444444,55.57868055555556,365.7583333333333,24.970982142857142,23.774611111111113
2013-08-26 20:00:00,721,384.0722222222222,56.57141863699582,184.04867872044505,0.0,22.127329624478442
2013-08-26 20:00:00,722,400.297635605007,54.027885952712104,3.9944367176634215,0.0,22.698859527121
2013-08-26 20:00:00,723,460.6513888888889,60.946250000000006,221.13333333333333,0.0,21.902277777777776
2013-08-26 20:00:00,724,244.9597222222222,55.29038081805359,5.02820874471086,0.0,23.410211565585332
2013-08-26 20:00:00,726,456.75,52.63666666666667,3.361111111111111,0.0,24.081486111111108
2013-08-26 20:00:00,734,542.0677165354331,51.649375000000006,130.63611111111112,7.957333333333334,24.622569444444444
2013-08-26 20:00:00,746,627.115438108484,57.79676388888889,24.195833333333333,6.314666666666667,23.014444444444447
2013-08-26 20:00:00,748,561.9833333333333,54.82698611111111,8.411111111111111,0.0,23.153597222222224
2013-08-26 20:00:00,752,649.0514603616134,46.96924895688456,55.645340751043115,24.463470319634702,26.348303198887344
2013-08-26 20:00:00,754,464.6666666666667,51.93118055555555,11.954166666666667,0.0,24.72741666666667
2013-08-26 20:00:00,776,894.0472878998609,54.22431944444445,99.96666666666667,10.889447236180905,24.39238888888889
2013-08-26 21:00:00,413,563.1708333333333,48.64402777777777,104.74583333333334,0.0,23.89931944444444
2013-08-26 21:00:00,415,665.6847222222223,54.59859722222222,54.766666666666666,5.769230769230769,23.846402777777776
2013-08-26 21:00:00,417,444.50694444444446,55.032652777777784,75.72916666666667,0.0,23.54638888888889
2013-08-26 21:00:00,419,863.6888888888889,56.28141666666667,113.225,22.65586034912718,72.19359722222222
2013-08-26 21:00:00,421,405.34444444444443,55.919,198.09166666666667,0.0,23.033319444444448
2013-08-26 21:00:00,422,506.14166666666665,56.15808333333333,223.20277777777778,0.0,23.439402777777776
2013-08-26 21:00:00,423,450.325,53.02194444444445,3.8027777777777776,0.0,24.17036111111111
2013-08-26 21:00:00,424,503.04583333333335,52.913838664812246,2.9360222531293463,0.0,24.44344923504868
2013-08-26 21:00:00,442,550.7944444444445,53.037666666666674,5.580555555555556,0.0,24.12661111111111
2013-08-26 21:00:00,446,586.0139082058414,56.485754583921015,4.0,0.0,22.971847672778562
2013-08-26 21:00:00,448,463.44444444444446,56.08420833333333,4.656944444444444,0.0,23.37363888888889
2013-08-26 21:00:00,452,436.7402777777778,50.342125,3.4458333333333333,0.0,23.204583333333332
2013-08-26 21:00:00,454,411.9263888888889,56.696125,3.533333333333333,0.0,23.186902777777778
2013-08-26 21:00:00,456,514.6708333333333,54.06059722222222,3.9375,0.0,23.878888888888888
2013-08-26 21:00:00,458,598.4347222222223,57.41036111111111,13.095833333333333,4.5353260869565215,22.957097222222224
2013-08-26 21:00:00,462,532.3991655076495,61.76875,4.525,0.0,21.913291666666666
2013-08-26 21:00:00,510,452.9930458970793,58.07919444444444,137.50972222222222,6.7077747989276135,22.789305555555554
2013-08-26 21:00:00,513,426.65833333333336,59.20295833333333,13.094444444444445,0.0,22.999805555555557
2013-08-26 21:00:00,552,480.7416666666667,56.74322222222223,25.119444444444444,10.693877551020408,23.135472222222223
2013-08-26 21:00:00,554,574.9847222222222,55.42148817802504,66.06675938803895,10.307881773399014,23.5846314325452
2013-08-26 21:00:00,556,611.8583333333333,53.596999999999994,42.330555555555556,10.459239130434783,24.13527777777778
2013-08-26 21:00:00,558,483.21666666666664,58.314631432545205,3.5632823365785815,0.0,23.025132127955494
2013-08-26 21:00:00,562,354.00694444444446,56.78834722222222,40.42777777777778,6.233695652173913,23.26375
2013-08-26 21:00:00,564,364.15277777777777,55.48579972183588,12.189151599443672,1.5248618784530388,23.321265646731575
2013-08-26 21:00:00,621,545.4986111111111,52.05340277777778,166.3986111111111,11.23224043715847,25.621791666666663
2013-08-26 21:00:00,621A,460.1070422535211,59.7905,113.47638888888889,2.81767955801105,22.207375
2013-08-26 21:00:00,621C,506.18888888888887,58.119722222222215,248.84305555555557,0.0,22.64236111111111
2013-08-26 21:00:00,621D,591.3194444444445,55.79666666666667,241.43194444444444,0.0,23.36151388888889
2013-08-26 21:00:00,621E,570.5694444444445,58.85491666666667,70.63333333333334,-1.0,22.55475
2013-08-26 21:00:00,640,503.9861111111111,55.834263888888884,10.956944444444444,-1.0,22.990430555555555
2013-08-26 21:00:00,644,524.3254520166898,56.49315277777778,220.75416666666666,0.0,22.921152777777777
2013-08-26 21:00:00,648,209.9986111111111,54.321625,199.54444444444445,16.733333333333334,23.368458333333333
2013-08-26 21:00:00,656A,541.5810055865921,52.08134722222222,135.6513888888889,1.5331491712707181,24.74626388888889
2013-08-26 21:00:00,656B,524.8652777777778,49.316430555555556,75.51805555555555,8.920212765957446,25.356736111111108
2013-08-26 21:00:00,664,417.14722222222224,53.807611111111115,18.11111111111111,5.9013333333333335,23.964194444444445
2013-08-26 21:00:00,666,493.1736111111111,52.05130555555556,207.93055555555554,0.0,24.642263888888888
2013-08-26 21:00:00,668,460.7107093184979,50.89151388888889,2137.0472222222224,25.75635593220339,25.184625
2013-08-26 21:00:00,717,454.84444444444443,55.73106944444445,126.65555555555555,0.0,23.159916666666668
2013-08-26 21:00:00,719,541.7111111111111,54.899791666666665,360.1041666666667,11.4875,23.848319444444446
2013-08-26 21:00:00,721,394.35555555555555,56.09858333333334,188.38194444444446,0.0,22.28261111111111
2013-08-26 21:00:00,722,413.9513212795549,53.89431944444444,3.9819444444444443,0.0,22.753375000000002
2013-08-26 21:00:00,723,467.0125173852573,60.37626388888889,212.00694444444446,0.0,21.994875
2013-08-26 21:00:00,724,255.62222222222223,55.19291666666667,5.155555555555556,0.0,23.46101388888889
2013-08-26 21:00:00,726,471.2861111111111,52.610486111111115,3.341666666666667,0.0,24.09341666666667
2013-08-26 21:00:00,734,442.18333333333334,51.36668984700974,181.47426981919332,3.1939890710382515,24.612002781641166
2013-08-26 21:00:00,746,639.5417256011316,56.08479166666667,19.8625,5.774611398963731,23.424513888888892
2013-08-26 21:00:00,748,690.1152777777778,55.03322222222222,19.011111111111113,4.803867403314917,23.346611111111113
2013-08-26 21:00:00,752,670.4513888888889,46.50723611111111,56.1625,26.806552262090484,26.448277777777776
2013-08-26 21:00:00,754,475.325,50.55253814147018,9.561719833564494,0.0,25.099639389736478
2013-08-26 21:00:00,776,811.6777777777778,52.723388888888884,127.9375,12.929742388758783,24.861194444444447
2013-08-26 22:00:00,413,592.9568845618916,47.89606944444444,98.58472222222223,0.0,24.14998611111111
2013-08-26 22:00:00,415,621.9333333333333,54.596875,57.87916666666667,8.783505154639176,23.556541666666664
2013-08-26 22:00:00,417,468.15,54.79906944444445,69.03194444444445,0.0,23.533833333333334
2013-08-26 22:00:00,419,949.4819444444445,55.670833333333334,108.05,27.18773946360153,98.62959722222222
2013-08-26 22:00:00,421,408.4263888888889,55.434736111111114,188.44861111111112,0.0,23.01373611111111
2013-08-26 22:00:00,422,530.7722222222222,55.606138888888886,222.3138888888889,0.0,23.528083333333335
2013-08-26 22:00:00,423,459.62638888888887,52.786402777777774,3.7680555555555557,0.0,24.146541666666664
2013-08-26 22:00:00,424,509.33194444444445,52.562875000000005,2.870833333333333,0.0,24.452486111111114
2013-08-26 22:00:00,442,653.5486111111111,52.72625,29.0375,10.188481675392671,24.266555555555552
2013-08-26 22:00:00,446,614.3986111111111,56.12663888888889,3.995833333333333,0.0,23.0125
2013-08-26 22:00:00,448,485.6736111111111,55.82029166666667,4.694444444444445,0.0,23.412763888888886
2013-08-26 22:00:00,452,457.9875,50.10945757997218,3.4728789986091795,0.0,23.245173852573018
2013-08-26 22:00:00,454,432.6486111111111,56.46251388888889,3.4763888888888888,0.0,23.229305555555552
2013-08-26 22:00:00,456,540.8581363004173,53.75259722222223,3.9569444444444444,0.0,23.928361111111112
2013-08-26 22:00:00,458,663.2194444444444,57.13565277777778,49.59305555555556,24.918976545842217,22.982208333333332
2013-08-26 22:00:00,462,558.075,61.28787499999999,4.545833333333333,0.0,21.904333333333334
2013-08-26 22:00:00,510,454.87638888888887,56.430375000000005,201.96666666666667,4.099195710455764,23.434305555555557
2013-08-26 22:00:00,513,453.3361111111111,58.73831710709318,12.127955493741307,0.0,22.33951321279555
2013-08-26 22:00:00,552,540.2,56.410513888888886,28.908333333333335,10.54126213592233,23.270833333333332
2013-08-26 22:00:00,554,859.595271210014,55.44906944444445,24.488888888888887,19.83668341708543,24.068958333333335
2013-08-26 22:00:00,556,654.725,53.24772222222222,42.37916666666667,16.221662468513856,24.20226388888889
2013-08-26 22:00:00,558,504.37916666666666,57.986069444444446,3.6194444444444445,0.0,23.035625000000003
2013-08-26 22:00:00,562,344.98055555555555,56.46904166666666,2.7930555555555556,0.0,23.213847222222224
2013-08-26 22:00:00,564,596.9597222222222,55.77836111111111,12.511111111111111,25.885922330097088,23.531444444444443
2013-08-26 22:00:00,621,584.5805555555555,51.62222222222222,166.29166666666666,8.857142857142858,25.649069444444443
2013-08-26 22:00:00,621A,467.37916666666666,59.59844444444444,114.40972222222223,0.0,22.063458333333333
2013-08-26 22:00:00,621C,529.2430555555555,57.49981944444445,240.02916666666667,0.0,22.74459722222222
2013-08-26 22:00:00,621D,756.635605006954,54.754263888888886,245.6486111111111,0.0,23.931847222222224
2013-08-26 22:00:00,621E,593.9277777777778,58.357305555555556,67.06944444444444,-1.0,22.62661111111111
2013-08-26 22:00:00,640,530.5777777777778,56.09590277777778,9.740277777777777,-1.0,22.760847222222225
2013-08-26 22:00:00,644,539.7402777777778,56.63125,191.69305555555556,0.0,22.65791666666667
2013-08-26 22:00:00,648,288.6694444444444,54.172555555555554,204.63611111111112,29.695417789757414,23.433805555555555
2013-08-26 22:00:00,656A,567.4194444444445,52.97606944444444,135.80694444444444,8.632754342431761,24.109333333333336
2013-08-26 22:00:00,656B,652.2458333333333,49.37002777777778,98.25277777777778,28.504608294930875,25.44465277777778
2013-08-26 22:00:00,664,576.3708333333333,53.466611111111106,18.620833333333334,19.053304904051174,24.28363888888889
2013-08-26 22:00:00,666,514.4125,52.77701388888889,166.66805555555555,0.0,24.046430555555556
2013-08-26 22:00:00,668,467.63055555555553,50.560638888888896,2121.501388888889,28.164128595600676,25.131333333333334
2013-08-26 22:00:00,717,470.75416666666666,55.15845833333333,116.14305555555555,0.0,23.25648611111111
2013-08-26 22:00:00,719,512.2833333333333,54.42248611111111,333.3777777777778,0.0,23.768861111111114
2013-08-26 22:00:00,721,414.6222222222222,55.40163888888889,187.15555555555557,0.0,22.424819444444445
2013-08-26 22:00:00,722,432.5361111111111,53.59527503526093,3.98589562764457,0.0,22.778377997179128
2013-08-26 22:00:00,723,486.04027777777776,59.75384722222222,198.29305555555555,0.0,22.060666666666666
2013-08-26 22:00:00,724,275.2763888888889,54.905930555555564,5.076388888888889,0.0,23.48338888888889
2013-08-26 22:00:00,726,490.66203059805287,52.36712898751733,3.381414701803051,0.0,24.105977808599167
2013-08-26 22:00:00,734,509.6277777777778,50.452875,254.06527777777777,18.24468085106383,24.984666666666666
2013-08-26 22:00:00,746,743.9833333333333,55.51734722222222,29.545833333333334,18.930803571428573,23.51748611111111
2013-08-26 22:00:00,748,793.759388038943,54.386375,20.579166666666666,11.504043126684635,23.64758333333333
2013-08-26 22:00:00,752,559.8125,45.87780555555556,4.465277777777778,1.4502762430939227,26.282430555555553
2013-08-26 22:00:00,754,495.4875,49.88216666666666,8.17361111111111,0.0,25.078138888888887
2013-08-26 22:00:00,776,644.2055555555555,51.50566666666667,119.3125,0.0,24.790638888888886
2013-08-26 23:00:00,413,593.4111111111112,46.92559722222222,91.36666666666666,0.0,24.46172222222222
2013-08-26 23:00:00,415,686.0027816411683,54.212280945757996,56.75938803894298,19.478365384615383,23.68596662030598
2013-08-26 23:00:00,417,468.2986111111111,54.3161752433936,61.08901251738526,0.0,23.570848400556326
2013-08-26 23:00:00,419,685.2625,54.380805555555554,124.62222222222222,3.0080862533692723,75.3818611111111
2013-08-26 23:00:00,421,405.5388888888889,54.72116828929069,187.55215577190543,0.0,23.05296244784423
2013-08-26 23:00:00,422,530.6894150417827,54.94813630041725,225.00834492350486,0.0,23.626606397774687
2013-08-26 23:00:00,423,463.8317107093185,52.47570833333334,3.716666666666667,0.0,24.150180555555558
2013-08-26 23:00:00,424,512.5041666666667,52.24893055555556,2.8833333333333333,0.0,24.464777777777776
2013-08-26 23:00:00,442,903.4504881450488,52.04881944444445,51.797222222222224,17.91392405063291,24.81211111111111
2013-08-26 23:00:00,446,619.0958333333333,55.685291666666664,4.061111111111111,0.0,23.050319444444444
2013-08-26 23:00:00,448,490.9486111111111,55.47001390820584,4.559109874826148,0.0,23.453435326842836
2013-08-26 23:00:00,452,465.62916666666666,49.805952712100144,3.458970792767733,0.0,23.287065368567458
2013-08-26 23:00:00,454,440.7527777777778,56.15443055555556,3.515277777777778,0.0,23.271861111111114
2013-08-26 23:00:00,456,554.7291666666666,53.40145833333334,14.281944444444445,1.5289256198347108,23.970097222222225
2013-08-26 23:00:00,458,613.3908205841446,56.717013888888886,6.3069444444444445,0.0,22.87538888888889
2013-08-26 23:00:00,462,551.4819444444445,60.82025,4.4430555555555555,0.0,21.86673611111111
2013-08-26 23:00:00,510,484.03055555555557,54.16463888888889,165.75,27.078014184397162,24.21045833333333
2013-08-26 23:00:00,513,450.71905424200276,57.666916666666665,10.911111111111111,0.0,22.557916666666667
2013-08-26 23:00:00,552,481.4458333333333,56.101305555555555,3.473611111111111,0.0,23.062736111111107
2013-08-26 23:00:00,554,878.913769123783,54.227986111111115,23.877777777777776,22.752969121140143,24.352249999999998
2013-08-26 23:00:00,556,635.7263888888889,53.09685674547983,25.897079276773297,6.737127371273712,24.12767732962448
2013-08-26 23:00:00,558,508.8236111111111,57.590555555555554,3.588888888888889,0.0,23.049
2013-08-26 23:00:00,562,344.2027777777778,56.37417246175243,2.8052851182197496,0.0,23.087510431154378
2013-08-26 23:00:00,564,535.0402777777778,54.84298611111111,5.475,21.663390663390665,23.848999999999997
2013-08-26 23:00:00,621,585.4347222222223,51.36212795549375,166.59388038942976,9.046448087431694,25.63527777777778
2013-08-26 23:00:00,621A,522.3638888888889,59.00297635605007,128.2739916550765,14.015503875968992,22.301084840055633
2013-08-26 23:00:00,621C,530.6972222222222,56.818555555555555,228.44722222222222,0.0,22.836902777777777
2013-08-26 23:00:00,621D,682.3375,53.47754166666667,224.8736111111111,0.0,24.098777777777777
2013-08-26 23:00:00,621E,598.1069444444445,57.73009722222222,71.84027777777777,-1.0,22.735625
2013-08-26 23:00:00,640,526.9944367176635,55.852250000000005,9.402777777777779,-1.0,22.685111111111112
2013-08-26 23:00:00,644,525.7013888888889,57.48394444444445,150.1888888888889,0.0,22.159569444444443
2013-08-26 23:00:00,648,268.1375,54.01264255910987,175.65368567454797,24.752598752598754,23.255827538247566
2013-08-26 23:00:00,656A,585.0917941585535,54.20037868162693,145.56381486676017,12.097727272727273,23.376830294530155
2013-08-26 23:00:00,656B,713.6958333333333,48.97291666666667,96.40972222222223,28.91685393258427,25.337819444444445
2013-08-26 23:00:00,664,806.5736111111111,52.737874999999995,33.03888888888889,24.737354085603112,24.817333333333334
2013-08-26 23:00:00,666,511.5625,54.57245833333333,137.71666666666667,0.0,23.174583333333334
2013-08-26 23:00:00,668,459.7263888888889,48.502141863699585,2142.144645340751,27.66804979253112,25.664714881780252
2013-08-26 23:00:00,717,473.06666666666666,54.535222222222224,104.94583333333334,0.0,23.35811111111111
2013-08-26 23:00:00,719,508.1611111111111,54.321194444444444,323.56388888888887,0.0,23.61340277777778
2013-08-26 23:00:00,721,416.18333333333334,54.711194444444445,183.25694444444446,0.0,22.529097222222223
2013-08-26 23:00:00,722,436.6912378303199,53.271696801112654,3.9596662030598053,0.0,22.79673157162726
2013-08-26 23:00:00,723,483.1601671309192,59.10115277777778,182.35833333333332,0.0,22.10525
2013-08-26 23:00:00,724,279.9847222222222,54.56740277777778,5.065277777777778,0.0,23.494875
2013-08-26 23:00:00,726,497.9707520891365,52.048541666666665,3.359722222222222,0.0,24.125583333333335
2013-08-26 23:00:00,734,438.9861303744799,49.23991655076495,352.5757997218359,5.845528455284553,25.306689847009732
2013-08-26 23:00:00,746,713.4019471488178,55.007115117891814,18.016643550624135,5.636604774535809,23.35909847434119
2013-08-26 23:00:00,748,701.904033379694,53.44195833333333,13.9625,1.4972222222222222,23.691055555555558
2013-08-26 23:00:00,752,505.3361111111111,45.83216968011127,4.300417246175243,0.0,25.932976356050073
2013-08-26 23:00:00,754,497.7763888888889,50.00344444444445,7.581944444444445,0.0,24.736583333333332
2013-08-26 23:00:00,776,637.4895688456189,51.059875,108.24305555555556,0.0,24.701055555555552
2013-08-27 00:00:00,413,579.6986111111111,45.91077777777778,128.76527777777778,0.0,24.893402777777776
2013-08-27 00:00:00,415,592.1833333333333,53.85469444444445,63.40555555555556,0.0,23.640722222222223
2013-08-27 00:00:00,417,447.7402777777778,54.00425,51.82222222222222,0.0,23.634486111111112
2013-08-27 00:00:00,419,564.0916666666667,54.226958333333336,127.86666666666666,0.0,62.012791666666665
2013-08-27 00:00:00,421,416.69444444444446,54.38981944444444,173.61527777777778,0.0,23.250541666666667
2013-08-27 00:00:00,422,514.9166666666666,54.402875,212.23333333333332,0.0,23.764444444444447
2013-08-27 00:00:00,423,455.00416666666666,52.20251388888889,3.6125,0.0,24.185194444444445
2013-08-27 00:00:00,424,503.9819444444444,51.97026425591099,2.8456189151599443,0.0,24.51332406119611
2013-08-27 00:00:00,442,921.8291666666667,51.216236111111115,51.65972222222222,22.58780487804878,25.151527777777776
2013-08-27 00:00:00,446,600.9666666666667,55.25879166666667,3.8333333333333335,0.0,23.133916666666668
2013-08-27 00:00:00,448,482.68333333333334,55.17543175487465,4.594707520891365,0.0,23.495125348189415
2013-08-27 00:00:00,452,456.7888888888889,49.56143055555555,3.1527777777777777,0.0,23.32236111111111
2013-08-27 00:00:00,454,432.2111111111111,55.88458333333334,3.5055555555555555,0.0,23.310902777777777
2013-08-27 00:00:00,456,538.0694444444445,53.03854166666667,3.5375,0.0,24.019569444444446
2013-08-27 00:00:00,458,585.5180555555555,56.552083333333336,6.043055555555555,0.0,22.893625
2013-08-27 00:00:00,462,526.3402777777778,60.69383333333333,4.373611111111111,0.0,21.84698611111111
2013-08-27 00:00:00,510,461.4763888888889,51.52245833333333,259.4611111111111,25.096267190569744,25.06816666666667
2013-08-27 00:00:00,513,440.22777777777776,57.10109722222222,10.376388888888888,0.0,22.671833333333332
2013-08-27 00:00:00,552,459.24305555555554,56.165416666666665,3.408333333333333,0.0,22.923805555555553
2013-08-27 00:00:00,554,753.3222222222222,53.46519444444445,18.131944444444443,17.932038834951456,24.280402777777777
2013-08-27 00:00:00,556,547.7180555555556,52.93888888888889,3.65,0.0,23.909680555555557
2013-08-27 00:00:00,558,492.3097222222222,57.33752777777779,3.5805555555555557,0.0,23.05936111111111
2013-08-27 00:00:00,562,381.6152777777778,56.13180555555556,38.797222222222224,14.243523316062177,23.257986111111112
2013-08-27 00:00:00,564,467.2888888888889,54.13183333333333,16.122222222222224,10.5,23.86116666666667
2013-08-27 00:00:00,621,553.8347222222222,51.28022222222223,165.93055555555554,4.118457300275482,25.59636111111111
2013-08-27 00:00:00,621A,464.20943134535366,58.119375,155.28055555555557,3.293956043956044,22.450208333333332
2013-08-27 00:00:00,621C,512.7597222222222,56.36234722222222,216.25972222222222,0.0,22.90761111111111
2013-08-27 00:00:00,621D,576.05,53.476819444444445,206.71527777777777,0.0,23.805194444444446
2013-08-27 00:00:00,621E,576.575,57.25513888888889,63.275,-1.0,22.828625000000002
2013-08-27 00:00:00,640,502.84444444444443,55.79705555555555,10.470833333333333,-1.0,22.663138888888888
2013-08-27 00:00:00,644,509.28472222222223,57.944541666666666,173.3736111111111,0.0,22.003972222222224
2013-08-27 00:00:00,648,218.78720445062586,54.301291666666664,185.62222222222223,12.59438775510204,23.022444444444446
2013-08-27 00:00:00,656A,525.1833333333333,55.72965277777777,101.63888888888889,0.0,22.860875000000004
2013-08-27 00:00:00,656B,624.5166666666667,49.2280528511822,88.75660639777469,27.602409638554217,24.967357440890122
2013-08-27 00:00:00,664,683.3888888888889,51.80520833333333,30.925,14.984615384615385,24.861458333333335
2013-08-27 00:00:00,666,494.2611111111111,56.211643454039,109.6267409470752,0.0,22.621877607788594
2013-08-27 00:00:00,668,451.81666666666666,48.748666666666665,2143.475,28.53008130081301,25.529833333333332
2013-08-27 00:00:00,717,460.2461752433936,54.03529819694868,94.10957004160888,0.0,23.455062413314838
2013-08-27 00:00:00,719,491.7291666666667,54.23275382475661,316.83310152990265,0.0,23.56572222222222
2013-08-27 00:00:00,721,401.65416666666664,54.25002777777778,221.81805555555556,0.0,22.60001388888889
2013-08-27 00:00:00,722,423.71866295264624,53.03745833333333,3.876388888888889,0.0,22.829138888888888
2013-08-27 00:00:00,723,462.33800841514727,58.81283333333333,175.26111111111112,0.0,22.143124999999998
2013-08-27 00:00:00,724,267.6434540389972,54.32955555555555,5.031944444444444,0.0,23.51513888888889
2013-08-27 00:00:00,726,485.05,51.81220833333334,3.397222222222222,0.0,24.153472222222224
2013-08-27 00:00:00,734,420.75138888888887,47.750347222222224,243.20138888888889,2.8579234972677594,25.67409722222222
2013-08-27 00:00:00,746,644.0333333333333,55.32506944444445,17.7875,2.3076923076923075,23.037847222222222
2013-08-27 00:00:00,748,583.6333333333333,52.982930555555555,4.854166666666667,0.0,23.49423611111111
2013-08-27 00:00:00,752,486.4236111111111,46.064597222222226,4.447222222222222,0.0,25.714694444444447
2013-08-27 00:00:00,754,483.9916666666667,50.55605555555556,8.944444444444445,0.0,24.380833333333335
2013-08-27 00:00:00,776,618.1180555555555,50.932874999999996,77.30694444444444,0.0,24.642083333333332
2013-08-27 01:00:00,413,533.1527777777778,44.7755,214.55972222222223,0.0,25.381638888888887
2013-08-27 01:00:00,415,540.0486111111111,53.82616666666667,71.58611111111111,0.0,23.658888888888892
2013-08-27 01:00:00,417,407.59305555555557,53.68047222222223,54.01111111111111,0.0,23.776680555555554
2013-08-27 01:00:00,419,511.0180555555556,54.43397222222222,157.44583333333333,0.0,124.47015277777777
2013-08-27 01:00:00,421,395.3861111111111,54.08938888888889,179.66944444444445,0.0,23.445486111111112
2013-08-27 01:00:00,422,470.94305555555553,53.81338888888889,218.45416666666668,0.0,24.05386111111111
2013-08-27 01:00:00,423,426.7472222222222,52.03019444444444,3.5791666666666666,0.0,24.219930555555553
2013-08-27 01:00:00,424,479.2708333333333,51.812041666666666,6.570833333333334,2.0760869565217392,24.565708333333337
2013-08-27 01:00:00,442,728.3333333333334,50.57130555555556,26.108333333333334,4.8975741239892185,25.192319444444447
2013-08-27 01:00:00,446,555.6333333333333,55.101861111111106,3.988888888888889,0.0,23.172069444444443
2013-08-27 01:00:00,448,453.90833333333336,55.03630555555556,4.580555555555556,0.0,23.529472222222225
2013-08-27 01:00:00,452,430.53333333333336,49.43791666666667,3.2263888888888888,0.0,23.357722222222225
2013-08-27 01:00:00,454,406.2586926286509,55.72738888888889,3.3847222222222224,0.0,23.342041666666667
2013-08-27 01:00:00,456,499.1375,52.89581944444444,3.629166666666667,0.0,24.045291666666667
2013-08-27 01:00:00,458,539.4680555555556,56.503249999999994,5.725,0.0,22.925666666666665
2013-08-27 01:00:00,462,487.9625,60.77558333333333,7.793055555555555,2.5824175824175826,21.835097222222224
2013-08-27 01:00:00,510,392.8013888888889,48.55918055555556,543.0375,0.0,26.119097222222223
2013-08-27 01:00:00,513,450.49305555555554,56.389694444444444,12.884722222222223,7.684782608695652,23.00748611111111
2013-08-27 01:00:00,552,421.55153203342616,56.3009396914446,3.4361851332398317,0.0,22.864838709677418
2013-08-27 01:00:00,554,550.0236111111111,53.98816666666667,5.838888888888889,0.0,23.79813888888889
2013-08-27 01:00:00,556,499.9555555555556,53.13584722222222,3.6180555555555554,0.0,23.778375
2013-08-27 01:00:00,558,454.74305555555554,57.34079166666667,3.5861111111111112,0.0,23.042041666666666
2013-08-27 01:00:00,562,339.6041666666667,55.921083333333335,42.25,6.962466487935657,23.331361111111107
2013-08-27 01:00:00,564,396.83194444444445,54.12752777777778,12.947222222222223,21.321608040201006,23.722083333333334
2013-08-27 01:00:00,621,501.00694444444446,51.22980555555556,165.70277777777778,0.0,25.622180555555556
2013-08-27 01:00:00,621A,407.4784422809458,58.202194444444444,214.73333333333332,0.0,22.388444444444445
2013-08-27 01:00:00,621C,476.019471488178,56.158111111111104,216.63333333333333,0.0,23.006888888888888
2013-08-27 01:00:00,621D,527.3222222222222,53.57968055555556,223.41805555555555,0.0,23.806388888888886
2013-08-27 01:00:00,621E,537.1949860724234,57.03136111111111,69.80972222222222,-1.0,22.945527777777777
2013-08-27 01:00:00,640,463.78472222222223,55.90722222222222,9.838888888888889,-1.0,22.67275
2013-08-27 01:00:00,644,482.4125,57.52026388888889,106.7611111111111,0.0,22.23536111111111
2013-08-27 01:00:00,648,178.8375,53.686388888888885,74.01666666666667,7.62125340599455,23.31511111111111
2013-08-27 01:00:00,656A,486.84305555555557,56.21791666666667,17.354166666666668,0.0,22.779560185185186
2013-08-27 01:00:00,656B,577.5402777777778,49.98741666666667,42.40694444444444,27.89423076923077,24.703236111111114
2013-08-27 01:00:00,664,596.4055555555556,52.025305555555555,30.877777777777776,3.324324324324324,24.540833333333335
2013-08-27 01:00:00,666,456.5986111111111,56.447652777777776,21.169444444444444,0.0,22.693875
2013-08-27 01:00:00,668,453.93055555555554,51.52394444444444,2176.133333333333,29.260188087774296,24.589222222222226
2013-08-27 01:00:00,717,431.0375,53.57409722222222,109.35,0.0,23.662222222222223
2013-08-27 01:00:00,719,459.6902777777778,54.01005555555555,399.4611111111111,0.0,23.746666666666666
2013-08-27 01:00:00,721,369.59583333333336,53.63830555555556,495.4611111111111,0.0,22.885638888888888
2013-08-27 01:00:00,722,392.1847222222222,52.95009722222222,3.9305555555555554,0.0,22.85513888888889
2013-08-27 01:00:00,723,427.9902777777778,58.54130555555555,207.04583333333332,0.0,22.306583333333332
2013-08-27 01:00:00,724,238.05277777777778,54.22816666666667,5.188888888888889,0.0,23.53472222222222
2013-08-27 01:00:00,726,451.9916666666667,51.72454166666667,3.3194444444444446,0.0,24.177430555555556
2013-08-27 01:00:00,734,399.1222222222222,47.27434722222222,133.82638888888889,1.9504132231404958,25.814819444444442
2013-08-27 01:00:00,746,580.2875,55.92044444444445,10.290277777777778,4.420634920634921,22.782180555555552
2013-08-27 01:00:00,748,535.0819444444444,53.29584144645341,4.82058414464534,0.0,23.308789986091796
2013-08-27 01:00:00,752,449.71666666666664,46.51669444444444,4.3902777777777775,0.0,25.516416666666665
2013-08-27 01:00:00,754,449.9166666666667,51.23413888888889,7.3180555555555555,0.0,24.096388888888892
2013-08-27 01:00:00,776,578.0388888888889,51.18606944444445,50.87638888888889,0.0,24.494847222222223
2013-08-27 02:00:00,413,497.06944444444446,44.02258333333333,38.09444444444444,0.0,25.453305555555556
2013-08-27 02:00:00,415,499.2865090403338,53.41268802228412,39.49025069637883,0.0,23.686392757660165
2013-08-27 02:00:00,417,369.88595271210016,53.02954166666666,22.780555555555555,0.0,23.87348611111111
2013-08-27 02:00:00,419,469.96944444444443,54.21636111111111,72.36944444444444,0.0,75.02215277777778
2013-08-27 02:00:00,421,358.6722222222222,53.618066759388036,87.4269819193324,0.0,23.478929068150208
2013-08-27 02:00:00,422,432.98609179415854,52.62458333333333,112.54722222222222,0.0,24.372027777777777
2013-08-27 02:00:00,423,394.1736111111111,51.80865277777777,3.536111111111111,0.0,24.237347222222223
2013-08-27 02:00:00,424,445.34444444444443,51.55656944444445,2.798611111111111,0.0,24.612583333333337
2013-08-27 02:00:00,442,504.7705146036161,50.34493055555556,5.138888888888889,0.0,24.852375
2013-08-27 02:00:00,446,513.3059805285118,54.868180555555554,5.2555555555555555,0.0,23.16466666666667
2013-08-27 02:00:00,448,421.11821974965227,54.81717663421419,4.304589707927677,0.0,23.54682892906815
2013-08-27 02:00:00,452,397.6069444444444,49.26189151599443,2.831710709318498,0.0,23.371223922114048
2013-08-27 02:00:00,454,375.50694444444446,55.52611111111111,3.2875,0.0,23.36252777777778
2013-08-27 02:00:00,456,461.44305555555553,52.644033379694015,3.258692628650904,0.0,24.068901251738527
2013-08-27 02:00:00,458,497.3008356545961,56.06359722222222,3.8097222222222222,0.0,22.947388888888888
2013-08-27 02:00:00,462,529.2753824756606,60.04190277777778,42.28611111111111,8.642076502732241,22.18733333333333
2013-08-27 02:00:00,510,350.6138888888889,47.534375,140.37916666666666,0.0,26.043416666666666
2013-08-27 02:00:00,513,409.3796940194715,54.829304589707924,8.876216968011127,0.0,23.485048678720446
2013-08-27 02:00:00,552,386.00278164116827,56.202416666666664,3.2305555555555556,0.0,22.818944444444444
2013-08-27 02:00:00,554,490.28094575799724,54.04091794158553,4.9694019471488176,0.0,23.6959388038943
2013-08-27 02:00:00,556,462.3986111111111,53.073314763231195,3.502785515320334,0.0,23.709289693593316
2013-08-27 02:00:00,558,420.8027777777778,57.06186369958275,3.4840055632823366,0.0,23.059777468706535
2013-08-27 02:00:00,562,274.87638888888887,55.76253129346315,2.713490959666203,0.0,23.20835883171071
2013-08-27 02:00:00,564,344.43055555555554,53.77649513212796,8.648122392211405,11.10372340425532,23.684881780250347
2013-08-27 02:00:00,621,460.89444444444445,51.35041724617524,11.518776077885953,2.815934065934066,25.42236111111111
2013-08-27 02:00:00,621A,372.1375,57.39279554937413,153.72322670375522,0.0,22.585535465924895
2013-08-27 02:00:00,621C,440.45,55.46997218358831,110.02364394993046,0.0,23.236745479833104
2013-08-27 02:00:00,621D,491.6402777777778,52.999208333333335,127.0125,0.0,24.00234722222222
2013-08-27 02:00:00,621E,498.05710306406684,56.381335187760776,44.717663421418635,-1.0,23.143421418636994
2013-08-27 02:00:00,640,425.05702364394995,55.57219444444445,5.5055555555555555,-1.0,22.698013888888887
2013-08-27 02:00:00,644,454.525,56.80016666666667,10.005555555555556,0.0,22.409097222222222
2013-08-27 02:00:00,648,136.13611111111112,53.14311543810849,17.417246175243395,7.7226463104325695,23.38087621696801
2013-08-27 02:00:00,656A,490.9513888888889,-1.0,-1.0,0.0,-1.0
2013-08-27 02:00:00,656B,571.1305555555556,50.00784422809458,38.37134909596662,27.96875,24.728998609179417
2013-08-27 02:00:00,664,548.5229485396384,52.15038942976356,30.759388038942976,5.549222797927461,24.368205841446457
2013-08-27 02:00:00,666,422.51944444444445,55.726995827538246,7.700973574408901,0.0,22.89815020862309
2013-08-27 02:00:00,668,383.182197496523,52.50065368567455,2153.703755215577,20.468131868131866,23.978261474269818
2013-08-27 02:00:00,717,399.96801112656465,52.52730555555555,58.68055555555556,0.0,23.968944444444443
2013-08-27 02:00:00,719,427.4013888888889,52.931152777777775,207.66805555555555,0.0,24.077930555555557
2013-08-27 02:00:00,721,338.2013888888889,52.3985,210.87916666666666,0.0,23.282375000000002
2013-08-27 02:00:00,722,357.26666666666665,52.77515994436718,3.8331015299026427,0.0,22.838025034770517
2013-08-27 02:00:00,723,388.6383866481224,57.571333333333335,103.01527777777778,0.0,22.540166666666668
2013-08-27 02:00:00,724,209.1375,54.076930555555556,5.091666666666667,0.0,23.502208333333332
2013-08-27 02:00:00,726,410.3866481223922,51.63048611111112,3.3833333333333333,0.0,24.129986111111112
2013-08-27 02:00:00,734,342.6222222222222,47.14938803894298,59.578581363004176,2.302452316076294,25.58837273991655
2013-08-27 02:00:00,746,623.682892906815,56.62045833333334,28.20138888888889,16.21689497716895,22.687124999999998
2013-08-27 02:00:00,748,495.3449235048679,53.358762169680105,4.8178025034770515,0.0,23.21606397774687
2013-08-27 02:00:00,752,415.9318497913769,46.50972183588317,4.171070931849791,0.0,25.501432545201666
2013-08-27 02:00:00,754,416.1902777777778,51.736875000000005,4.298611111111111,0.0,23.812277777777776
2013-08-27 02:00:00,776,531.7872044506258,51.47213888888889,22.040277777777778,0.0,24.246708333333334
2013-08-27 03:00:00,413,470.9638386648122,44.55676880222841,3.948467966573816,0.0,25.171532033426185
2013-08-27 03:00:00,415,473.029207232267,53.788066759388045,17.69401947148818,0.0,23.513004172461752
2013-08-27 03:00:00,417,349.62916666666666,53.718859527121005,3.4965229485396385,0.0,23.61588317107093
2013-08-27 03:00:00,419,449.05694444444447,54.38827777777777,3.841666666666667,0.0,64.12109722222223
2013-08-27 03:00:00,421,332.40416666666664,54.399429763560505,18.43949930458971,0.0,23.211891515994434
2013-08-27 03:00:00,422,405.93333333333334,53.05718662952646,27.81615598885794,0.0,24.12825905292479
2013-08-27 03:00:00,423,362.93055555555554,51.75783031988873,3.5396383866481225,0.0,24.23225312934631
2013-08-27 03:00:00,424,407.1847222222222,51.4800417827298,2.9094707520891365,0.0,24.60540389972145
2013-08-27 03:00:00,442,457.59722222222223,50.69659248956884,3.8998609179415857,0.0,24.61941585535466
2013-08-27 03:00:00,446,484.1766342141864,54.97816411682892,3.74547983310153,0.0,23.136898470097357
2013-08-27 03:00:00,448,387.8344923504868,54.81194444444444,4.138888888888889,0.0,23.540097222222222
2013-08-27 03:00:00,452,367.49025069637884,49.21997222222222,2.816666666666667,0.0,23.378916666666665
2013-08-27 03:00:00,454,344.81944444444446,55.493574408901246,3.3184979137691237,0.0,23.3567454798331
2013-08-27 03:00:00,456,428.4206128133705,52.599749652294854,3.1043115438108484,0.0,24.063254520166897
2013-08-27 03:00:00,458,480.9207232267037,56.2408774373259,3.8147632311977717,0.0,22.996991643454038
2013-08-27 03:00:00,462,429.37273991655076,59.38180806675939,3.325452016689847,0.0,22.37027816411683
2013-08-27 03:00:00,510,322.0097222222222,49.73397774687066,3.144645340751043,0.0,24.975479833101527
2013-08-27 03:00:00,513,346.06111111111113,54.68158333333333,3.6041666666666665,0.0,23.439333333333334
2013-08-27 03:00:00,552,360.02222222222224,56.45275,3.35,0.0,22.76509722222222
2013-08-27 03:00:00,554,450.59722222222223,54.08108484005564,5.184979137691238,0.0,23.63335187760779
2013-08-27 03:00:00,556,436.383008356546,53.2707371349096,3.474269819193324,0.0,23.657399165507652
2013-08-27 03:00:00,558,393.32451253481895,57.14009735744089,3.534075104311544,0.0,23.06051460361613
2013-08-27 03:00:00,562,245.61196105702365,56.051502086230876,2.6495132127955494,0.0,23.086495132127954
2013-08-27 03:00:00,564,273.80945757997216,54.255716272600836,3.929068150208623,0.0,23.354005563282335
2013-08-27 03:00:00,621,428.55493741307373,52.02023643949931,6.1460361613351875,0.0,25.195666666666668
2013-08-27 03:00:00,621A,350.9233983286908,57.87514603616134,4.228094575799722,0.0,22.368609179415856
2013-08-27 03:00:00,621C,412.81111111111113,55.65888888888889,3.8319444444444444,0.0,23.08347222222222
2013-08-27 03:00:00,621D,464.25730180806676,53.40542538354254,3.5467224546722456,0.0,23.771504178272977
2013-08-27 03:00:00,621E,464.54305555555555,56.34027777777778,6.751388888888889,-1.0,23.095194444444445
2013-08-27 03:00:00,640,397.62638888888887,55.69741307371349,4.172461752433936,-1.0,22.73529902642559
2013-08-27 03:00:00,644,432.2757660167131,56.84325,4.065277777777778,0.0,22.450430555555556
2013-08-27 03:00:00,648,103.557719054242,54.05233333333334,3.7777777777777777,0.0,22.980833333333333
2013-08-27 03:00:00,656A,447.7260083449235,-1.0,-1.0,0.0,-1.0
2013-08-27 03:00:00,656B,498.6050069541029,49.86022222222222,36.666666666666664,26.6479217603912,24.789499999999997
2013-08-27 03:00:00,664,414.22253129346313,52.16366666666667,10.926388888888889,0.18333333333333332,24.167125000000002
2013-08-27 03:00:00,666,398.3263888888889,55.71111111111111,3.3569444444444443,0.0,22.98334722222222
2013-08-27 03:00:00,668,336.9457579972184,54.30098611111111,2164.3944444444446,19.52400835073069,23.443833333333334
2013-08-27 03:00:00,717,368.8625,52.97412256267409,4.413649025069638,0.0,23.636796657381616
2013-08-27 03:00:00,719,401.2103064066852,53.53676388888889,4.323611111111111,0.0,23.695277777777775
2013-08-27 03:00:00,721,313.9694019471488,52.561128133704734,3.8579387186629526,0.0,23.025891364902506
2013-08-27 03:00:00,722,329.70055710306406,52.865299026425596,3.7621696801112656,0.0,22.827134909596662
2013-08-27 03:00:00,723,368.61474269819195,58.07787204450626,3.379694019471488,0.0,22.327913769123782
2013-08-27 03:00:00,724,186.32729805013926,54.20887343532684,5.00278164116829,0.0,23.475062586926285
2013-08-27 03:00:00,726,379.67083333333335,51.66860724233984,3.253481894150418,0.0,24.138454038997214
2013-08-27 03:00:00,734,308.686797752809,48.72720833333333,5.790277777777778,0.0,24.93388888888889
2013-08-27 03:00:00,746,505.9930458970793,56.86356545961003,6.635097493036212,0.0,22.477590529247912
2013-08-27 03:00:00,748,470.0152777777778,53.57827538247566,4.680111265646731,0.0,23.216509040333793
2013-08-27 03:00:00,752,391.0652777777778,46.521347222222225,4.2875,0.0,25.601208333333332
2013-08-27 03:00:00,754,384.0069637883008,52.457130919220056,3.6977715877437327,0.0,23.605988857938716
2013-08-27 03:00:00,776,500.3361111111111,52.44051532033426,7.1754874651810585,0.0,23.901977715877436
2013-08-27 04:00:00,413,475.62169680111265,44.12566248256625,3.8270571827057185,0.0,24.9042119944212
2013-08-27 04:00:00,415,478.78581363004173,53.18486787204451,17.3643949930459,0.0,23.400681502086233
2013-08-27 04:00:00,417,355.26944444444445,53.17059805285119,3.443671766342142,0.0,23.451098748261476
2013-08-27 04:00:00,419,456.25694444444446,53.865236111111116,3.6125,0.0,62.404472222222225
2013-08-27 04:00:00,421,339.62083333333334,53.78886111111112,18.2,0.0,23.10826388888889
2013-08-27 04:00:00,422,417.2472222222222,52.708228730822874,27.502092050209207,0.0,23.84433751743375
2013-08-27 04:00:00,423,355.975,51.27972183588317,3.446453407510431,0.0,24.206968011126566
2013-08-27 04:00:00,424,402.1125,50.99013947001395,2.868898186889819,0.0,24.586485355648534
2013-08-27 04:00:00,442,453.96527777777777,50.20979137691237,3.219749652294854,0.0,24.440152990264256
2013-08-27 04:00:00,446,485.7162726008345,54.11018080667594,3.2878998609179417,0.0,23.112948539638385
2013-08-27 04:00:00,448,382.17246175243395,54.22090277777778,4.106944444444444,0.0,23.50986111111111
2013-08-27 04:00:00,452,360.21059972105996,48.733263888888885,2.7930555555555556,0.0,23.35127777777778
2013-08-27 04:00:00,454,338.12638888888887,55.01054242002782,3.2837273991655076,0.0,23.33538247566064
2013-08-27 04:00:00,456,425.13668061366803,51.98510460251046,3.228730822873082,0.0,24.040278940027896
2013-08-27 04:00:00,458,490.0375521557719,54.367880055788,3.822873082287308,0.0,23.013640167364017
2013-08-27 04:00:00,462,432.6981919332406,57.96423611111111,3.3361111111111112,0.0,22.385569444444442
2013-08-27 04:00:00,510,322.1166666666667,50.50152990264256,2.9833101529902644,0.0,24.119040333796942
2013-08-27 04:00:00,513,328.0083333333333,54.01798882681564,3.5237430167597767,0.0,23.224008379888268
2013-08-27 04:00:00,552,363.87916666666666,55.71279166666667,3.4125,0.0,22.68813888888889
2013-08-27 04:00:00,554,437.4555555555556,53.81448324022346,5.217877094972067,0.0,23.52367318435754
2013-08-27 04:00:00,556,441.0557880055788,52.58899860917941,3.4367176634214185,0.0,23.609179415855355
2013-08-27 04:00:00,558,397.3682008368201,56.32002793296089,3.446927374301676,0.0,23.044776536312852
2013-08-27 04:00:00,562,247.62865090403338,55.326564673157165,2.5910987482614742,0.0,23.028428372739913
2013-08-27 04:00:00,564,269.1502086230876,53.88966480446928,3.7960893854748603,0.0,23.139888268156426
2013-08-27 04:00:00,621,434.11682892906816,51.06396383866481,6.17663421418637,0.0,25.207583333333332
2013-08-27 04:00:00,621A,356.697350069735,57.30806675938804,4.119610570236439,0.0,22.01545201668985
2013-08-27 04:00:00,621C,417.46666666666664,55.39275,3.591666666666667,0.0,22.734750000000002
2013-08-27 04:00:00,621D,469.15555555555557,53.273407510431156,3.164116828929068,0.0,23.34888734353268
2013-08-27 04:00:00,621E,471.5138888888889,55.78243055555556,6.643055555555556,-1.0,22.854972222222223
2013-08-27 04:00:00,640,407.72083333333336,54.63189151599444,4.161335187760779,-1.0,22.693977746870654
2013-08-27 04:00:00,644,439.0334728033473,55.758250000000004,4.008333333333334,0.0,22.41111111111111
2013-08-27 04:00:00,648,112.07093184979138,53.724444444444444,3.7472222222222222,0.0,22.698138888888888
2013-08-27 04:00:00,656A,439.2944444444444,-1.0,-1.0,0.0,-1.0
2013-08-27 04:00:00,656B,458.78442280945757,49.187041666666666,16.648611111111112,3.0247252747252746,24.651791666666668
2013-08-27 04:00:00,664,327.1255230125523,51.76431944444444,3.136111111111111,0.0,23.819166666666664
2013-08-27 04:00:00,666,406.93194444444447,54.68658333333333,3.3180555555555555,0.0,22.970125000000003
2013-08-27 04:00:00,668,355.4923291492329,53.01361111111112,2165.8333333333335,28.16955684007707,23.499152777777777
2013-08-27 04:00:00,717,373.96805555555557,53.09704323570433,3.9693165969316597,0.0,23.21094839609484
2013-08-27 04:00:00,719,404.2817294281729,53.71765277777778,3.5027777777777778,0.0,23.202166666666667
2013-08-27 04:00:00,721,318.1098748261474,52.69414225941422,3.591352859135286,0.0,22.49276150627615
2013-08-27 04:00:00,722,332.63458856345886,52.22922114047287,3.7510431154381085,0.0,22.80509040333797
2013-08-27 04:00:00,723,381.65924895688454,57.528678720445065,2.8734353268428374,0.0,21.973727399165508
2013-08-27 04:00:00,724,187.6429567642957,53.586119610570236,4.859527121001391,0.0,23.447941585535464
2013-08-27 04:00:00,726,379.0361111111111,51.07181311018131,3.2189679218967924,0.0,24.13239888423989
2013-08-27 04:00:00,734,315.9442896935933,48.814750000000004,4.563888888888889,2.467391304347826,24.41875
2013-08-27 04:00:00,746,509.2865090403338,56.16557262569833,4.807262569832402,0.0,22.156424581005588
2013-08-27 04:00:00,748,474.27777777777777,53.05426183844011,3.1406685236768803,0.0,23.20135097493036
2013-08-27 04:00:00,752,394.8086592178771,45.91983333333333,4.061111111111111,0.0,25.672777777777778
2013-08-27 04:00:00,754,388.88702928870293,52.15190542420028,3.489568845618915,0.0,23.362906815020864
2013-08-27 04:00:00,776,504.23333333333335,52.33557880055788,6.933054393305439,0.0,23.46426778242678
2013-08-27 05:00:00,413,474.15416666666664,43.984319444444445,3.859722222222222,0.0,24.63354166666667
2013-08-27 05:00:00,415,484.8117154811716,52.714323570432356,17.24407252440725,0.0,23.394281729428172
2013-08-27 05:00:00,417,359.2625,52.780972222222225,3.404166666666667,0.0,23.430430555555557
2013-08-27 05:00:00,419,459.9513888888889,53.529888888888884,3.5902777777777777,0.0,61.58269444444444
2013-08-27 05:00:00,421,344.6041666666667,53.18106944444445,18.156944444444445,0.0,23.142458333333334
2013-08-27 05:00:00,422,422.1736111111111,52.53354166666667,27.508333333333333,0.0,23.591097222222224
2013-08-27 05:00:00,423,355.0861111111111,50.69831710709318,3.458970792767733,0.0,24.1798331015299
2013-08-27 05:00:00,424,402.78194444444443,50.43931944444444,2.8569444444444443,0.0,24.546291666666665
2013-08-27 05:00:00,442,458.55694444444447,49.80072322670376,3.478442280945758,0.0,24.290528511821975
2013-08-27 05:00:00,446,491.73919107391913,53.38685674547983,3.258692628650904,0.0,23.067663421418633
2013-08-27 05:00:00,448,384.50069735006974,53.54055788005579,4.157601115760111,0.0,23.470139470013947
2013-08-27 05:00:00,452,363.8958333333333,48.119235048678725,2.710709318497914,0.0,23.32958275382476
2013-08-27 05:00:00,454,339.91805555555555,54.42693055555556,3.334722222222222,0.0,23.305402777777775
2013-08-27 05:00:00,456,429.5152777777778,51.250919220055714,3.043175487465181,0.0,24.003621169916432
2013-08-27 05:00:00,458,484.9205020920502,54.642486111111104,3.7430555555555554,0.0,22.46988888888889
2013-08-27 05:00:00,462,437.26359832635984,57.038916666666665,3.361111111111111,0.0,22.376347222222222
2013-08-27 05:00:00,510,319.9638888888889,51.272708333333334,2.9694444444444446,0.0,23.600819444444443
2013-08-27 05:00:00,513,327.3305555555556,53.76730180806676,3.545201668984701,0.0,22.96104311543811
2013-08-27 05:00:00,552,371.07391910739193,55.054125,3.4180555555555556,0.0,22.639652777777776
2013-08-27 05:00:00,554,439.1430555555556,53.3291933240612,5.169680111265647,0.0,23.439972183588317
2013-08-27 05:00:00,556,445.0875,52.08732217573222,3.4435146443514646,0.0,23.48670850767085
2013-08-27 05:00:00,558,404.2083333333333,55.639749652294846,3.489568845618915,0.0,22.941321279554938
2013-08-27 05:00:00,562,248.8038942976356,54.64852161785216,2.497907949790795,0.0,22.94012552301255
2013-08-27 05:00:00,564,274.5257301808067,53.623583333333336,3.7333333333333334,0.0,22.90959722222222
2013-08-27 05:00:00,621,441.3588317107093,50.89563458856345,6.0781032078103205,0.0,25.029083333333332
2013-08-27 05:00:00,621A,361.5722222222222,57.4250495049505,4.169731258840169,0.0,21.711117397454032
2013-08-27 05:00:00,621C,422.15,55.296749999999996,3.5277777777777777,0.0,22.412305555555555
2013-08-27 05:00:00,621D,471.61944444444447,53.49521557719054,3.129346314325452,0.0,22.95934631432545
2013-08-27 05:00:00,621E,472.6763888888889,55.54823611111111,6.606944444444444,-1.0,22.578902777777778
2013-08-27 05:00:00,640,415.26638772663875,54.10484005563282,4.133518776077886,-1.0,22.57066759388039
2013-08-27 05:00:00,644,442.30833333333334,55.15398611111112,3.9833333333333334,0.0,22.37177777777778
2013-08-27 05:00:00,648,118.74269819193324,53.56168758716876,3.7503486750348674,0.0,22.541087866108786
2013-08-27 05:00:00,656A,435.925,-1.0,-1.0,0.0,-1.0
2013-08-27 05:00:00,656B,433.31388888888887,49.05511111111111,3.2583333333333333,0.0,24.28827777777778
2013-08-27 05:00:00,664,320.32267037552157,51.36965277777778,3.098611111111111,0.0,23.619875
2013-08-27 05:00:00,666,413.43194444444447,54.17740277777778,3.3180555555555555,0.0,22.820611111111113
2013-08-27 05:00:00,668,356.0667593880389,51.44553695955369,2148.6931659693164,23.21344537815126,23.817559274755926
2013-08-27 05:00:00,717,378.87361111111113,53.18087500000001,4.002777777777778,0.0,22.861458333333335
2013-08-27 05:00:00,719,411.0777777777778,53.89719444444445,3.4277777777777776,0.0,22.819208333333336
2013-08-27 05:00:00,721,318.567454798331,53.44716666666667,3.5944444444444446,0.0,21.867902777777775
2013-08-27 05:00:00,722,338.82916666666665,51.72037656903766,3.702928870292887,0.0,22.753723849372385
2013-08-27 05:00:00,723,391.07093184979135,57.6182892906815,2.9513212795549375,0.0,21.69200278164117
2013-08-27 05:00:00,724,191.38055555555556,52.982948539638386,4.812239221140473,0.0,23.401196105702365
2013-08-27 05:00:00,726,385.70416666666665,50.50264255910988,3.1710709318497914,0.0,24.074812239221142
2013-08-27 05:00:00,734,319.69401947148816,48.99603905160391,4.467224546722455,0.0,24.098926080892607
2013-08-27 05:00:00,746,536.723849372385,56.47343055555556,17.934722222222224,5.711956521739131,21.890819444444443
2013-08-27 05:00:00,748,479.0013947001395,52.49033333333333,2.995833333333333,0.0,23.219763888888888
2013-08-27 05:00:00,752,403.6694444444444,45.121319444444445,4.072222222222222,0.0,25.81797222222222
2013-08-27 05:00:00,754,393.11404728789984,51.985159944367176,3.6216968011126567,0.0,23.156550764951323
2013-08-27 05:00:00,776,506.6486111111111,52.63034722222222,7.025,0.0,23.070305555555553
2013-08-27 06:00:00,413,470.1222222222222,44.175375,3.85,0.0,24.394138888888886
2013-08-27 06:00:00,415,484.2684283727399,52.426703755215584,17.27260083449235,0.0,23.37751043115438
2013-08-27 06:00:00,417,358.6309192200557,52.54716666666666,3.3680555555555554,0.0,23.413875
2013-08-27 06:00:00,419,458.7799442896936,53.28268055555555,3.5861111111111112,0.0,60.78352777777778
2013-08-27 06:00:00,421,343.34027777777777,52.90091922005571,18.175487465181057,0.0,23.096030640668523
2013-08-27 06:00:00,422,418.6908077994429,52.721180555555556,27.531944444444445,0.0,23.373694444444446
2013-08-27 06:00:00,423,354.4375,50.33052777777778,3.4291666666666667,0.0,24.160555555555554
2013-08-27 06:00:00,424,399.63788300835654,50.103347222222226,2.8180555555555555,0.0,24.517069444444445
2013-08-27 06:00:00,442,456.16434540389974,49.66328233657858,3.801112656467316,0.0,24.189165507649513
2013-08-27 06:00:00,446,489.0681502086231,53.06112656467317,3.2503477051460363,0.0,23.032837273991657
2013-08-27 06:00:00,448,382.74373259052925,53.15006954102921,4.093184979137691,0.0,23.43979137691238
2013-08-27 06:00:00,452,360.1138888888889,47.781657381615595,2.7423398328690807,0.0,23.29391364902507
2013-08-27 06:00:00,454,340.16805555555555,54.05211111111111,3.2319444444444443,0.0,23.272513888888888
2013-08-27 06:00:00,456,427.33472222222224,50.88027777777777,3.225,0.0,23.89870833333333
2013-08-27 06:00:00,458,468.51114206128136,57.364402777777784,3.7125,0.0,21.464472222222224
2013-08-27 06:00:00,462,435.14186369958276,56.65448611111112,3.3194444444444446,0.0,22.341
2013-08-27 06:00:00,510,314.1152777777778,52.073819444444446,2.970833333333333,0.0,23.223222222222223
2013-08-27 06:00:00,513,326.3454038997215,54.06426388888888,3.5555555555555554,0.0,22.69540277777778
2013-08-27 06:00:00,552,367.9388038942976,54.761486111111104,3.3652777777777776,0.0,22.608180555555556
2013-08-27 06:00:00,554,439.4373259052925,53.03838888888889,5.190277777777778,0.0,23.370430555555554
2013-08-27 06:00:00,556,441.8388888888889,52.15791376912379,3.388038942976356,0.0,23.29143254520167
2013-08-27 06:00:00,558,397.77777777777777,55.707541666666664,3.4791666666666665,0.0,22.742125
2013-08-27 06:00:00,562,247.48122392211405,54.673138888888886,2.5625,0.0,22.759833333333336
2013-08-27 06:00:00,564,276.4144645340751,53.974236111111104,3.6694444444444443,0.0,22.6205
2013-08-27 06:00:00,621,439.0806675938804,51.02257301808067,6.180806675938804,0.0,24.87157381615599
2013-08-27 06:00:00,621A,360.575,57.80919332406119,4.095966620305981,0.0,21.477719054242
2013-08-27 06:00:00,621C,419.8902777777778,55.46894150417827,3.554317548746518,0.0,22.167311977715876
2013-08-27 06:00:00,621D,470.65555555555557,53.94550764951321,3.141863699582754,0.0,22.64364394993046
2013-08-27 06:00:00,621E,472.90820584144643,55.82696378830084,6.616991643454039,-1.0,22.304470752089138
2013-08-27 06:00:00,640,412.2058414464534,54.07993045897079,4.115438108484006,-1.0,22.436411682892906
2013-08-27 06:00:00,644,437.23333333333335,55.01461002785515,4.032033426183844,0.0,22.319958217270194
2013-08-27 06:00:00,648,113.59666203059805,53.508344923504865,3.7705146036161334,0.0,22.49019471488178
2013-08-27 06:00:00,656A,433.4763888888889,-1.0,-1.0,0.0,-1.0
2013-08-27 06:00:00,656B,428.4555555555556,49.285083565459615,3.2604456824512535,0.0,24.00066852367688
2013-08-27 06:00:00,664,316.5527777777778,51.23295264623956,3.086350974930362,0.0,23.47467966573816
2013-08-27 06:00:00,666,409.1891515994437,54.16324512534819,3.288300835654596,0.0,22.66633704735376
2013-08-27 06:00:00,668,327.54583333333335,53.12794158553546,2152.4826147426984,0.0,22.975326842837273
2013-08-27 06:00:00,717,374.53621169916437,53.590999999999994,3.9569444444444444,0.0,22.55447222222222
2013-08-27 06:00:00,719,408.5416666666667,54.34811111111111,3.522222222222222,0.0,22.50402777777778
2013-08-27 06:00:00,721,314.095966620306,54.54127777777778,3.5319444444444446,0.0,21.36059722222222
2013-08-27 06:00:00,722,335.5472222222222,51.493435326842835,3.691237830319889,0.0,22.7004033379694
2013-08-27 06:00:00,723,394.62638888888887,58.04324061196106,2.9360222531293463,0.0,21.475257301808064
2013-08-27 06:00:00,724,191.85972222222222,52.68744089012517,4.80528511821975,0.0,23.347941585535462
2013-08-27 06:00:00,726,383.43036211699166,50.268331015299026,3.2058414464534075,0.0,24.004367176634215
2013-08-27 06:00:00,734,318.23783031988876,49.47977746870654,4.394993045897079,0.0,23.80201668984701
2013-08-27 06:00:00,746,568.9568845618916,56.380652777777776,27.625,0.0,22.032805555555555
2013-08-27 06:00:00,748,484.45340751043113,52.136027777777784,2.9097222222222223,0.0,23.21736111111111
2013-08-27 06:00:00,752,405.45,44.56892757660167,4.144846796657381,0.0,25.909860724233983
2013-08-27 06:00:00,754,392.5396383866481,52.05888734353268,3.653685674547983,0.0,23.01746870653686
2013-08-27 06:00:00,776,500.5306406685237,53.15976388888889,4.513888888888889,0.0,22.779749999999996
2013-08-27 07:00:00,413,465.9291666666667,44.751682892906814,3.7858136300417247,0.0,24.193741307371347
2013-08-27 07:00:00,415,480.7162726008345,52.48438108484005,17.31432545201669,0.0,23.304214186369958
2013-08-27 07:00:00,417,356.6740947075209,52.65575,3.4430555555555555,0.0,23.350722222222224
2013-08-27 07:00:00,419,457.4317548746518,53.42048611111111,3.5861111111111112,0.0,59.16204166666667
2013-08-27 07:00:00,421,342.2472222222222,53.031768802228406,18.143454038997213,0.0,23.013955431754876
2013-08-27 07:00:00,422,416.6824512534819,53.283518776077884,27.63421418636996,0.0,23.21297635605007
2013-08-27 07:00:00,423,355.4347222222222,50.24027777777778,3.4569444444444444,0.0,24.154402777777776
2013-08-27 07:00:00,424,398.93036211699166,50.02880389429763,2.9318497913769126,0.0,24.496592489568844
2013-08-27 07:00:00,442,454.0306406685237,49.87001388888889,4.0125,0.0,24.12911111111111
2013-08-27 07:00:00,446,487.883008356546,53.187027777777786,3.248611111111111,0.0,23.010513888888887
2013-08-27 07:00:00,448,382.2531293463143,53.12477051460362,4.05980528511822,0.0,23.418595271210016
2013-08-27 07:00:00,452,360.855354659249,47.73567454798331,2.7273991655076495,0.0,23.274520166898473
2013-08-27 07:00:00,454,336.90277777777777,53.969125000000005,3.308333333333333,0.0,23.245444444444445
2013-08-27 07:00:00,456,424.0417246175243,50.985438108484004,3.1613351877607787,0.0,23.813796940194713
2013-08-27 07:00:00,458,463.7454798331015,59.49354659248957,3.7079276773296246,0.0,20.997927677329624
2013-08-27 07:00:00,462,434.07093184979135,56.90951388888889,3.3513888888888888,0.0,22.290277777777778
2013-08-27 07:00:00,510,313.7013888888889,53.13272222222222,3.676388888888889,0.0,22.924569444444444
2013-08-27 07:00:00,513,324.991643454039,54.807426981919335,3.541029207232267,0.0,22.474756606397776
2013-08-27 07:00:00,552,365.44444444444446,54.89866666666667,3.3375,0.0,22.591791666666666
2013-08-27 07:00:00,554,437.6281337047354,53.002795549374135,5.061196105702364,0.0,23.31624478442281
2013-08-27 07:00:00,556,439.67176634214184,52.44515994436718,3.389429763560501,0.0,23.19019471488178
2013-08-27 07:00:00,558,396.1210013908206,56.07208623087622,3.399165507649513,0.0,22.630139082058413
2013-08-27 07:00:00,562,247.59027777777777,55.09135097493036,2.584958217270195,0.0,22.637869080779943
2013-08-27 07:00:00,564,276.0875,54.46949930458971,3.64673157162726,0.0,22.460445062586924
2013-08-27 07:00:00,621,435.39444444444445,51.14253129346315,6.21557719054242,0.0,24.81227019498607
2013-08-27 07:00:00,621A,360.66203059805287,58.575340751043115,4.13769123783032,0.0,21.307885952712102
2013-08-27 07:00:00,621C,418.3777777777778,56.05455431754874,3.5612813370473537,0.0,21.959373259052924
2013-08-27 07:00:00,621D,469.40972222222223,54.690333333333335,3.1305555555555555,0.0,22.386472222222224
2013-08-27 07:00:00,621E,472.07649513212795,56.47841225626741,6.552924791086351,-1.0,22.07782729805014
2013-08-27 07:00:00,640,412.51321279554935,54.54986111111111,4.113888888888889,-1.0,22.309569444444442
2013-08-27 07:00:00,644,435.68706536856746,55.20491643454039,3.997214484679666,0.0,22.261142061281337
2013-08-27 07:00:00,648,104.87777777777778,53.78737134909597,3.7719054242002783,0.0,22.40567454798331
2013-08-27 07:00:00,656A,432.8958333333333,-1.0,-1.0,0.0,-1.0
2013-08-27 07:00:00,656B,426.0625,49.767451253481894,3.2395543175487465,0.0,23.785445682451254
2013-08-27 07:00:00,664,316.5855354659249,51.45676880222841,3.116991643454039,0.0,23.35008356545961
2013-08-27 07:00:00,666,407.45543175487467,54.68284122562674,3.267409470752089,0.0,22.495905292479108
2013-08-27 07:00:00,668,328.35465924895686,54.910737134909596,2174.089012517385,0.0,22.42692628650904
2013-08-27 07:00:00,717,372.1654978962132,54.29736111111111,3.970833333333333,0.0,22.325875
2013-08-27 07:00:00,719,405.94297635605005,55.170752089136485,3.5417827298050137,0.0,22.229164345403902
2013-08-27 07:00:00,721,309.40694444444443,55.61703755215577,3.5785813630041723,0.0,21.048970792767733
2013-08-27 07:00:00,722,333.64951321279557,51.594367176634215,3.68567454798331,0.0,22.651696801112656
2013-08-27 07:00:00,723,397.6063977746871,58.68856944444444,2.9652777777777777,0.0,21.36702777777778
2013-08-27 07:00:00,724,189.5910987482615,52.741458333333334,4.808333333333334,0.0,23.307430555555552
2013-08-27 07:00:00,726,379.84958217270196,50.34273611111111,3.1847222222222222,0.0,23.94563888888889
2013-08-27 07:00:00,734,318.1847222222222,50.35107093184979,4.45201668984701,0.0,23.542934631432544
2013-08-27 07:00:00,746,547.009735744089,56.386161335187765,25.958275382475662,2.967032967032967,22.051015299026425
2013-08-27 07:00:00,748,484.31015299026427,51.993138888888886,2.9694444444444446,0.0,23.237083333333334
2013-08-27 07:00:00,752,406.0973574408901,44.36256624825663,4.139470013947001,0.0,25.938172942817296
2013-08-27 07:00:00,754,391.1138888888889,52.47148611111111,3.640277777777778,0.0,22.918694444444444
2013-08-27 07:00:00,776,498.15738161559887,54.06855354659249,3.6995827538247568,0.0,22.532878998609178
2013-08-27 08:00:00,413,456.76666666666665,45.87059888579387,3.8342618384401113,0.0,24.025027855153205
2013-08-27 08:00:00,415,472.59305555555557,53.05330555555555,17.341666666666665,0.0,23.215055555555555
2013-08-27 08:00:00,417,350.67037552155773,53.28190277777778,3.484722222222222,0.0,23.27570833333333
2013-08-27 08:00:00,419,450.3018080667594,54.10415277777778,3.640277777777778,0.0,55.978680555555556
2013-08-27 08:00:00,421,334.06388888888887,53.71456944444444,18.166666666666668,0.0,22.931875
2013-08-27 08:00:00,422,408.40333796940195,54.38642061281337,27.625348189415043,0.0,23.11142061281337
2013-08-27 08:00:00,423,347.6097222222222,50.54373611111111,3.4583333333333335,0.0,24.167347222222226
2013-08-27 08:00:00,424,393.01390820584146,50.345355648535566,2.8953974895397487,0.0,24.48927475592748
2013-08-27 08:00:00,442,447.20723226703757,50.567986111111104,3.9208333333333334,0.0,24.099916666666665
2013-08-27 08:00:00,446,479.3633841886269,53.93390277777778,3.2694444444444444,0.0,23.001847222222224
2013-08-27 08:00:00,448,375.45089285714283,53.605736111111106,4.081944444444445,0.0,23.41365277777778
2013-08-27 08:00:00,452,352.00974930362116,48.11705555555555,2.7583333333333333,0.0,23.262555555555558
2013-08-27 08:00:00,454,331.49861111111113,54.29774999999999,3.2569444444444446,0.0,23.235569444444444
2013-08-27 08:00:00,456,417.9373259052925,51.570125348189414,3.1253481894150417,0.0,23.75954038997214
2013-08-27 08:00:00,458,452.4105409153953,61.7783008356546,3.754874651810585,0.0,20.77651810584958
2013-08-27 08:00:00,462,424.65,57.92486111111111,3.2805555555555554,0.0,22.255930555555555
2013-08-27 08:00:00,510,305.175,54.829541666666664,3.8680555555555554,0.0,22.689
2013-08-27 08:00:00,513,317.43393602225314,56.19030640668524,3.513927576601671,0.0,22.294805013927576
2013-08-27 08:00:00,552,358.2896935933148,55.66204166666667,3.3375,0.0,22.583277777777777
2013-08-27 08:00:00,554,431.5444444444444,53.36136490250696,4.835654596100278,0.0,23.277367688022284
2013-08-27 08:00:00,556,431.4122562674095,53.14072222222222,3.4458333333333333,0.0,23.172388888888886
2013-08-27 08:00:00,558,389.6248256624826,57.05101671309192,3.4610027855153205,0.0,22.540557103064064
2013-08-27 08:00:00,562,241.55988857938718,56.003593314763236,2.573816155988858,0.0,22.57984679665738
2013-08-27 08:00:00,564,268.3222222222222,55.41927576601672,3.746518105849582,0.0,22.35973537604457
2013-08-27 08:00:00,621,428.7785515320334,51.62098474341193,6.110957004160888,0.0,24.76567454798331
2013-08-27 08:00:00,621A,355.70055710306406,60.00159722222222,4.108333333333333,0.0,21.17822222222222
2013-08-27 08:00:00,621C,413.8776077885953,57.161196105702366,3.4450625869262863,0.0,21.809443671766342
2013-08-27 08:00:00,621D,459.9638888888889,55.9558217270195,3.129526462395543,0.0,22.190389972144846
2013-08-27 08:00:00,621E,462.3490959666203,57.73002840909091,6.5852272727272725,-1.0,21.871150568181818
2013-08-27 08:00:00,640,402.8361111111111,55.65266016713092,4.154596100278551,-1.0,22.216309192200555
2013-08-27 08:00:00,644,430.7465181058496,56.07687065368567,3.977746870653686,0.0,22.158094575799723
2013-08-27 08:00:00,648,91.47214484679665,54.49934722222222,3.776388888888889,0.0,22.345791666666667
2013-08-27 08:00:00,656A,424.2055555555556,55.574285714285715,4.571428571428571,0.0,22.53142857142857
2013-08-27 08:00:00,656B,417.3722222222222,50.794923504867874,3.2100139082058416,0.0,23.588706536856744
2013-08-27 08:00:00,664,310.7423398328691,52.21757997218359,3.0834492350486786,0.0,23.244756606397775
2013-08-27 08:00:00,666,397.894297635605,55.93574408901252,3.2837273991655076,0.0,22.339860917941586
2013-08-27 08:00:00,668,321.24791086350973,56.857513888888896,2169.9930555555557,0.0,22.08736111111111
2013-08-27 08:00:00,717,362.80806675938805,55.47516713091922,3.981894150417827,0.0,22.15235376044568
2013-08-27 08:00:00,719,397.4526462395543,56.488595271210016,3.4923504867872044,0.0,22.022837273991655
2013-08-27 08:00:00,721,299.56666666666666,57.076796657381614,3.573816155988858,0.0,20.83924791086351
2013-08-27 08:00:00,722,324.01114206128136,52.15645833333333,3.7597222222222224,0.0,22.613652777777776
2013-08-27 08:00:00,723,387.44289693593316,59.83227019498607,2.9303621169916436,0.0,21.30515320334262
2013-08-27 08:00:00,724,184.22144846796658,53.297152777777775,4.761111111111111,0.0,23.28447222222222
2013-08-27 08:00:00,726,373.7872044506259,50.85817548746518,3.097493036211699,0.0,23.90306406685237
2013-08-27 08:00:00,734,308.5598885793872,51.75783333333333,4.543055555555555,0.0,23.316791666666667
2013-08-27 08:00:00,746,528.5933147632312,57.42266016713092,20.055710306406684,2.1580381471389645,21.98856545961003
2013-08-27 08:00:00,748,477.0180555555556,52.301155988857936,2.8565459610027855,0.0,23.253105849582173
2013-08-27 08:00:00,752,398.55509065550905,44.548203342618386,4.0654596100278555,0.0,25.95376044568245
2013-08-27 08:00:00,754,382.96518105849583,53.48027855153204,3.639275766016713,0.0,22.824749303621168
2013-08-27 08:00:00,776,487.99860917941584,55.62462395543175,3.7284122562674096,0.0,22.321977715877438
2013-08-27 09:00:00,413,451.9122562674095,46.61465181058496,3.788300835654596,0.0,23.842465181058493
2013-08-27 09:00:00,415,467.8816155988858,53.57483286908079,17.42757660167131,0.0,23.114192200557106
2013-08-27 09:00:00,417,346.62169680111265,53.75469359331477,3.3983286908077996,0.0,23.1999860724234
2013-08-27 09:00:00,419,441.89406779661016,54.666030640668524,3.594707520891365,0.0,54.436545961002786
2013-08-27 09:00:00,421,326.49721448467966,54.27346796657381,18.16016713091922,0.0,22.8424791086351
2013-08-27 09:00:00,422,404.29485396383865,55.04237830319889,27.6230876216968,0.0,23.01671766342142
2013-08-27 09:00:00,423,342.6050069541029,50.76839832869081,3.456824512534819,0.0,24.192855153203343
2013-08-27 09:00:00,424,387.1307371349096,50.582729805013926,2.885793871866295,0.0,24.502172701949863
2013-08-27 09:00:00,442,442.105702364395,51.01657381615599,3.9526462395543174,0.0,24.066225626740945
2013-08-27 09:00:00,446,474.365329512894,54.359721448467965,3.222841225626741,0.0,22.993454038997214
2013-08-27 09:00:00,448,369.5,53.987204450625875,4.062586926286509,0.0,23.406550764951323
2013-08-27 09:00:00,452,349.21199442119945,48.45536211699164,2.745125348189415,0.0,23.25608635097493
2013-08-27 09:00:00,454,324.41143654114364,54.600250696378836,3.2186629526462394,0.0,23.22774373259053
2013-08-27 09:00:00,456,413.3305439330544,52.05403899721449,3.1086350974930363,0.0,23.720376044568244
2013-08-27 09:00:00,458,451.9359331476323,62.46410292072323,3.732962447844228,0.0,20.668511821974963
2013-08-27 09:00:00,462,421.1350974930362,58.36598885793872,3.332869080779944,0.0,22.23926183844011
2013-08-27 09:00:00,510,301.0807799442897,55.67965181058496,3.6727019498607243,0.0,22.508022284122564
2013-08-27 09:00:00,513,311.6258692628651,57.02757660167131,3.511142061281337,0.0,22.1491643454039
2013-08-27 09:00:00,552,353.46518105849583,56.10561281337048,3.328690807799443,0.0,22.556030640668524
2013-08-27 09:00:00,554,425.03621169916437,53.70913649025069,4.866295264623956,0.0,23.250194986072422
2013-08-27 09:00:00,556,428.3649025069638,53.54321279554937,3.50904033379694,0.0,23.15328233657858
2013-08-27 09:00:00,558,383.45340751043113,57.57805013927577,3.449860724233983,0.0,22.48505571030641
2013-08-27 09:00:00,562,236.6142061281337,56.47034818941504,2.618384401114206,0.0,22.527715877437327
2013-08-27 09:00:00,564,265.97353760445685,55.98557103064067,3.768802228412256,0.0,22.285612813370474
2013-08-27 09:00:00,621,422.874826147427,52.02233983286908,6.144846796657381,0.0,24.725173852573022
2013-08-27 09:00:00,621A,353.98609179415854,60.61283727399165,4.180806675938804,0.0,21.071919332406118
2013-08-27 09:00:00,621C,409.28789986091795,57.916036161335185,3.522948539638387,0.0,21.684561891515994
2013-08-27 09:00:00,621D,456.2451253481894,56.6770792767733,3.1738525730180807,0.0,22.03682892906815
2013-08-27 09:00:00,621E,457.12133891213387,58.55803894297636,6.556328233657858,-1.0,21.703671766342143
2013-08-27 09:00:00,640,398.7799442896936,56.318513888888894,4.173611111111111,-1.0,22.11252777777778
2013-08-27 09:00:00,644,427.7674094707521,56.62012517385258,4.052851182197497,0.0,22.093713490959665
2013-08-27 09:00:00,648,90.35236768802228,55.06025069637883,3.6573816155988856,0.0,22.256462395543174
2013-08-27 09:00:00,656A,420.9011142061281,-1.0,-1.0,0.0,-1.0
2013-08-27 09:00:00,656B,409.84261838440113,51.51738525730181,3.2642559109874827,0.0,23.43778859527121
2013-08-27 09:00:00,664,305.33565459610026,52.817399165507645,3.070931849791377,0.0,23.149360222531293
2013-08-27 09:00:00,666,393.49374130737135,56.726175243393605,3.2878998609179417,0.0,22.20806675938804
2013-08-27 09:00:00,668,318.933147632312,57.93388038942976,2197.287899860918,0.0,21.817844228094575
2013-08-27 09:00:00,717,358.92765957446807,56.25599443671766,3.9860917941585536,0.0,22.01029207232267
2013-08-27 09:00:00,719,391.0807799442897,57.386815020862315,3.5034770514603615,0.0,21.863949930458972
2013-08-27 09:00:00,721,293.80640668523677,58.00895543175488,3.481894150417827,0.0,20.665961002785515
2013-08-27 09:00:00,722,318.6309192200557,52.485368567454806,3.7232267037552154,0.0,22.5830876216968
2013-08-27 09:00:00,723,383.5376044568245,60.404944289693596,2.9220055710306405,0.0,21.228607242339834
2013-08-27 09:00:00,724,180.23398328690809,53.62940111420613,4.838440111420613,0.0,23.27357938718663
2013-08-27 09:00:00,726,368.557719054242,51.22949860724234,3.233983286908078,0.0,23.87310584958217
2013-08-27 09:00:00,734,302.43036211699166,52.71246175243394,5.015299026425591,0.0,23.10528511821975
2013-08-27 09:00:00,746,487.0194986072423,58.32137883008357,3.501392757660167,0.0,21.613161559888578
2013-08-27 09:00:00,748,464.96796657381617,52.509805013927576,3.018105849582173,0.0,23.251155988857942
2013-08-27 09:00:00,752,389.0388888888889,44.679387186629526,4.0654596100278555,0.0,25.981337047353758
2013-08-27 09:00:00,754,380.5632823365786,54.18229485396384,3.5952712100139084,0.0,22.700041724617524
2013-08-27 09:00:00,776,481.89986091794157,56.600167364016734,3.7252440725244074,0.0,22.123718662952648
2013-08-27 10:00:00,413,449.09052924791087,45.30242339832869,3.8259052924791086,0.0,23.628649025069638
2013-08-27 10:00:00,415,463.32267037552157,52.86164116828929,17.31432545201669,0.0,22.992058414464534
2013-08-27 10:00:00,417,344.2828282828283,52.85986072423398,3.445682451253482,0.0,23.09692200557103
2013-08-27 10:00:00,419,437.45340751043113,53.812885154061625,3.607843137254902,0.0,54.519789915966385
2013-08-27 10:00:00,421,324.82311977715875,53.232433936022254,18.17107093184979,0.0,22.739401947148817
2013-08-27 10:00:00,422,401.3958333333333,53.45505571030641,27.537604456824514,0.0,22.902813370473538
2013-08-27 10:00:00,423,340.31015299026427,49.859497907949795,3.422594142259414,0.0,24.20959553695955
2013-08-27 10:00:00,424,384.2559109874826,49.782186629526464,2.9094707520891365,0.0,24.4966713091922
2013-08-27 10:00:00,442,438.9930458970793,49.701462395543174,4.016713091922005,0.0,24.01490250696379
2013-08-27 10:00:00,446,472.5028818443804,52.792353760445685,3.296657381615599,0.0,22.965
2013-08-27 10:00:00,448,367.60724233983285,52.97215277777777,4.075,0.0,23.383333333333333
2013-08-27 10:00:00,452,345.5069637883008,47.63431754874652,2.817548746518106,0.0,23.23488857938719
2013-08-27 10:00:00,454,322.0877437325905,53.789052924791086,3.288300835654596,0.0,23.203119777158776
2013-08-27 10:00:00,456,409.67548746518105,51.170793871866294,3.065459610027855,0.0,23.667130919220057
2013-08-27 10:00:00,458,448.0306406685237,59.229582172701946,3.7075208913649025,0.0,20.61967966573816
2013-08-27 10:00:00,462,418.6008344923505,56.300445682451254,3.298050139275766,0.0,22.18225626740947
2013-08-27 10:00:00,510,299.46378830083563,53.92107242339833,3.7381615598885793,0.0,22.269707520891366
2013-08-27 10:00:00,513,308.31293463143254,55.46516713091922,3.5362116991643453,0.0,21.99342618384401
2013-08-27 10:00:00,552,351.95549374130735,54.51336578581363,3.333796940194715,0.0,22.488803894297636
2013-08-27 10:00:00,554,421.8289290681502,53.025250696378826,4.894150417827298,0.0,23.194303621169915
2013-08-27 10:00:00,556,424.7896935933148,52.26181058495822,3.4080779944289694,0.0,23.08025069637883
2013-08-27 10:00:00,558,379.1155988857939,56.083328690807804,3.5055710306406684,0.0,22.412869080779945
2013-08-27 10:00:00,562,237.12813370473538,54.92437325905292,2.614206128133705,0.0,22.44958217270195
2013-08-27 10:00:00,564,264.7367688022284,54.69048746518106,3.6643454038997216,0.0,22.194777158774375
2013-08-27 10:00:00,621,419.3635097493036,51.345055710306404,6.153203342618385,0.0,24.659944367176635
2013-08-27 10:00:00,621A,353.9150417827298,58.463077994428964,4.1364902506963785,0.0,20.94435933147632
2013-08-27 10:00:00,621C,405.77190542420027,56.789137691237826,3.4408901251738526,0.0,21.51912378303199
2013-08-27 10:00:00,621D,455.96100278551535,55.261671309192195,3.103064066852368,0.0,21.877548746518105
2013-08-27 10:00:00,621E,454.0125173852573,57.25723226703755,6.570236439499305,-1.0,21.526495132127955
2013-08-27 10:00:00,640,398.009735744089,54.72401673640168,4.136680613668061,-1.0,21.977866108786614
2013-08-27 10:00:00,644,423.90529247910865,55.414693593314766,3.9735376044568245,0.0,22.00449860724234
2013-08-27 10:00:00,648,91.64206128133705,54.03331015299026,3.7663421418636998,0.0,22.139499304589705
2013-08-27 10:00:00,656A,418.11821974965227,-1.0,-1.0,0.0,-1.0
2013-08-27 10:00:00,656B,406.55153203342616,50.57118055555556,3.2055555555555557,0.0,23.313805555555554
2013-08-27 10:00:00,664,302.81058495821725,51.89968011126565,3.0945757997218357,0.0,23.038678720445063
2013-08-27 10:00:00,666,389.0125173852573,55.13322670375522,3.4130737134909594,0.0,22.14393602225313
2013-08-27 10:00:00,668,316.44150417827296,56.174791666666664,2163.840277777778,0.0,21.585958333333334
2013-08-27 10:00:00,717,356.99721835883173,55.12736768802228,4.061281337047354,0.0,21.85327298050139
2013-08-27 10:00:00,719,390.3454038997215,56.25297635605007,3.465924895688456,0.0,21.697246175243393
2013-08-27 10:00:00,721,291.3147632311978,56.75263231197771,3.4902506963788302,0.0,20.489415041782728
2013-08-27 10:00:00,722,316.20055710306406,51.38616991643453,3.714484679665738,0.0,22.535473537604457
2013-08-27 10:00:00,723,382.87465181058496,58.46036211699165,2.8593314763231197,0.0,21.10506963788301
2013-08-27 10:00:00,724,179.0640668523677,52.508760445682455,4.7994428969359335,0.0,23.22867688022284
2013-08-27 10:00:00,726,365.14186369958276,50.31129526462396,3.1448467966573816,0.0,23.825877437325904
2013-08-27 10:00:00,734,304.24373259052925,51.65495833333333,5.170833333333333,0.0,22.90176388888889
2013-08-27 10:00:00,746,485.47771587743733,56.74442896935933,3.413649025069638,0.0,21.244025069637882
2013-08-27 10:00:00,748,463.3685674547983,51.817503486750354,2.9609483960948397,0.0,23.159986052998605
2013-08-27 10:00:00,752,384.11420612813373,44.06764951321279,4.068150208623088,0.0,25.905132127955493
2013-08-27 10:00:00,754,378.6601671309192,52.921685236768795,3.5403899721448466,0.0,22.543983286908077
2013-08-27 10:00:00,776,479.06666666666666,55.09417827298051,3.7270194986072425,0.0,21.901601671309194
2013-08-27 11:00:00,413,447.15738161559887,43.55073816155989,3.7367688022284122,0.0,23.400278551532036
2013-08-27 11:00:00,415,463.48607242339835,51.399652294853965,17.335187760778858,0.0,22.840973574408903
2013-08-27 11:00:00,417,342.8022284122563,51.35071030640668,3.4122562674094707,0.0,22.96442896935933
2013-08-27 11:00:00,419,435.45618915159946,52.2032212885154,3.641456582633053,0.0,41.92326330532213
2013-08-27 11:00:00,421,323.97771587743733,51.44675487465181,18.233983286908078,0.0,22.621782729805016
2013-08-27 11:00:00,422,402.1727019498607,51.28208516886931,27.62848751835536,0.0,22.776901615271658
2013-08-27 11:00:00,423,340.45340751043113,48.28909344490934,3.499302649930265,0.0,24.185648535564855
2013-08-27 11:00:00,424,383.78442280945757,48.31344923504868,2.866481223922114,0.0,24.466509040333793
2013-08-27 11:00:00,442,440.0931849791377,47.78359331476324,3.917827298050139,0.0,23.93956824512535
2013-08-27 11:00:00,446,470.3593314763231,50.55594707520891,3.285515320334262,0.0,22.913036211699165
2013-08-27 11:00:00,448,367.9623955431755,51.09688022284122,4.103064066852368,0.0,23.342158774373257
2013-08-27 11:00:00,452,345.66481223922113,46.0666155988858,2.777158774373259,0.0,23.1900278551532
2013-08-27 11:00:00,454,321.24373259052925,52.309554937413075,3.2684283727399164,0.0,23.146411682892907
2013-08-27 11:00:00,456,409.67454798331016,49.44718662952646,3.1573816155988856,0.0,23.590320334261836
2013-08-27 11:00:00,458,449.37883008356545,56.3013249651325,3.7057182705718272,0.0,20.629777158774374
2013-08-27 11:00:00,462,419.0487465181059,53.750667593880394,3.3393602225312935,0.0,22.099944367176636
2013-08-27 11:00:00,510,297.8760445682451,51.847719054242006,3.776077885952712,0.0,22.081599443671767
2013-08-27 11:00:00,513,307.38386648122395,53.30837047353761,3.5362116991643453,0.0,21.80883008356546
2013-08-27 11:00:00,552,353.11281337047353,52.29254520166898,3.2948539638386647,0.0,22.397858136300417
2013-08-27 11:00:00,554,421.9388038942976,51.49466573816156,4.873259052924791,0.0,23.124442896935932
2013-08-27 11:00:00,556,424.3449235048679,50.426086350974934,3.4428969359331476,0.0,22.96591922005571
2013-08-27 11:00:00,558,381.37830319888735,53.99902506963789,3.4442896935933147,0.0,22.31008356545961
2013-08-27 11:00:00,562,240.1225626740947,52.9750557103064,2.5919220055710306,0.0,22.34573816155989
2013-08-27 11:00:00,564,265.88718662952647,52.82343532684284,3.769123783031989,0.0,22.08176634214186
2013-08-27 11:00:00,621,419.02364394993043,49.98043175487465,6.17966573816156,0.0,24.55962447844228
2013-08-27 11:00:00,621A,354.54659248956887,56.2516852367688,4.149025069637883,0.0,20.78825905292479
2013-08-27 11:00:00,621C,401.461752433936,54.982855153203346,3.5167130919220058,0.0,21.3249860724234
2013-08-27 11:00:00,621D,456.3588317107093,53.525785813630044,3.129346314325452,0.0,21.691571627260082
2013-08-27 11:00:00,621E,454.9568245125348,55.35827298050139,6.611420612813371,-1.0,21.34043175487465
2013-08-27 11:00:00,640,400.8593314763231,52.5175208913649,4.111420612813371,-1.0,21.837186629526464
2013-08-27 11:00:00,644,424.10013908205843,53.476810584958216,4.064066852367688,0.0,21.89672701949861
2013-08-27 11:00:00,648,93.48467966573816,52.29300984528833,3.742616033755274,0.0,22.02651195499297
2013-08-27 11:00:00,656A,417.2906815020862,-1.0,-1.0,0.0,-1.0
2013-08-27 11:00:00,656B,407.94707520891365,49.009513212795554,3.2809457579972183,0.0,23.15808066759388
2013-08-27 11:00:00,664,304.28233657858135,50.218983286908085,3.1072423398328692,0.0,22.910557103064065
2013-08-27 11:00:00,666,389.89568845618913,52.98810320781032,3.2566248256624823,0.0,22.02774373259053
2013-08-27 11:00:00,668,315.86211699164346,54.22730180806676,2172.7065368567455,0.0,21.365632823365786
2013-08-27 11:00:00,717,358.16713091922,53.31262865090403,4.15855354659249,0.0,21.68393602225313
2013-08-27 11:00:00,719,389.5354659248957,54.3682197496523,3.6147426981919333,0.0,21.513310152990265
2013-08-27 11:00:00,721,291.31197771587745,54.896842837273994,3.532684283727399,0.0,20.313518776077885
2013-08-27 11:00:00,722,318.89290681502086,49.82467966573817,3.8259052924791086,0.0,22.450139275766016
2013-08-27 11:00:00,723,385.2158774373259,56.237715877437324,3.0487465181058497,0.0,20.989373259052925
2013-08-27 11:00:00,724,178.9192200557103,50.783314763231196,4.901114206128134,0.0,23.150529247910868
2013-08-27 11:00:00,726,366.31849791376914,48.75152990264256,3.2573018080667593,0.0,23.752100139082057
2013-08-27 11:00:00,734,307.8314763231198,49.9838942976356,6.258692628650904,0.0,22.707440890125174
2013-08-27 11:00:00,746,483.94707520891365,54.84032033426184,3.6532033426183843,0.0,20.98
2013-08-27 11:00:00,748,460.586926286509,50.40862116991644,4.318941504178273,0.0,23.026532033426182
2013-08-27 11:00:00,752,384.17802503477054,42.87729805013928,4.235376044568246,0.0,25.748119777158777
2013-08-27 11:00:00,754,381.0361613351878,50.974192200557106,3.7047353760445683,0.0,22.389805013927575
2013-08-27 11:00:00,776,479.697350069735,53.05012517385257,6.464534075104312,0.0,21.69838664812239
2013-08-27 12:00:00,413,447.17941585535465,43.6833844011142,3.8342618384401113,0.0,23.225974930362117
2013-08-27 12:00:00,415,463.73324022346367,50.92569637883008,17.275766016713092,0.0,22.69864902506964
2013-08-27 12:00:00,417,341.5271966527197,50.9733518776078,3.4089012517385258,0.0,22.84742698191933
2013-08-27 12:00:00,419,436.63916083916087,51.74408647140865,3.6345885634588564,0.0,38.62004184100418
2013-08-27 12:00:00,421,325.8623087621697,50.96301675977653,18.23324022346369,0.0,22.54062849162011
2013-08-27 12:00:00,422,403.37150837988827,51.07915159944367,27.639777468706537,0.0,22.691502086230877
2013-08-27 12:00:00,423,342.2468619246862,47.54173852573018,3.497913769123783,0.0,24.156662030598053
2013-08-27 12:00:00,424,385.2914923291492,47.642652777777776,2.901388888888889,0.0,24.426944444444448
2013-08-27 12:00:00,442,442.21927374301674,47.38315716272601,3.9193324061196106,0.0,23.871961057023643
2013-08-27 12:00:00,446,470.14484679665736,50.057593880389426,3.262865090403338,0.0,22.872141863699582
2013-08-27 12:00:00,448,368.62534818941504,50.3450069735007,4.142259414225942,0.0,23.309484679665736
2013-08-27 12:00:00,452,345.39166666666665,45.40935754189944,2.7416201117318435,0.0,23.14987430167598
2013-08-27 12:00:00,454,320.4206128133705,51.7128870292887,3.2705718270571826,0.0,23.082398884239886
2013-08-27 12:00:00,456,410.93055555555554,48.86577994428969,3.200557103064067,0.0,23.561740947075208
2013-08-27 12:00:00,458,461.066852367688,54.918595271210016,3.579972183588317,0.0,21.72209722222222
2013-08-27 12:00:00,462,420.8421787709497,53.530557880055795,3.2468619246861925,0.0,22.06344490934449
2013-08-27 12:00:00,510,295.69958275382476,52.249902370990235,3.8758716875871686,0.0,21.911115760111578
2013-08-27 12:00:00,513,310.090782122905,53.17396935933147,3.479108635097493,0.0,21.854693593314764
2013-08-27 12:00:00,552,355.4458333333333,51.90931659693165,3.311018131101813,0.0,22.34029288702929
2013-08-27 12:00:00,554,423.12150837988827,50.79023611111111,4.909722222222222,0.0,23.07518055555556
2013-08-27 12:00:00,556,429.6625,49.75949860724234,3.870473537604457,0.3988919667590028,23.193983286908075
2013-08-27 12:00:00,558,382.13194444444446,53.22802228412257,3.486072423398329,0.0,22.5291643454039
2013-08-27 12:00:00,562,242.03755215577192,52.98694986072423,2.6532033426183843,0.0,22.426337047353762
2013-08-27 12:00:00,564,267.29346314325454,52.33188888888889,3.7958333333333334,0.0,22.279041666666668
2013-08-27 12:00:00,621,422.8569444444444,48.78731197771588,6.132311977715878,0.0,24.650796089385477
2013-08-27 12:00:00,621A,354.3666666666667,56.50065459610028,4.103064066852368,0.0,20.690473537604458
2013-08-27 12:00:00,621C,402.6039051603905,54.50366379310345,3.528735632183908,0.0,21.484626436781607
2013-08-27 12:00:00,621D,457.6136680613668,53.33698191933241,3.164116828929068,0.0,21.84086230876217
2013-08-27 12:00:00,621E,452.43115438108487,55.06555865921788,6.523743016759776,-1.0,21.440656424581007
2013-08-27 12:00:00,640,395.78212290502796,52.19115438108484,4.164116828929068,-1.0,22.045507649513212
2013-08-27 12:00:00,644,423.50416666666666,53.0304748603352,4.06145251396648,0.0,21.825726256983238
2013-08-27 12:00:00,648,95.69262865090403,51.92997206703911,3.7793296089385473,0.0,21.934120111731843
2013-08-27 12:00:00,656A,415.98047419804743,-1.0,-1.0,0.0,-1.0
2013-08-27 12:00:00,656B,408.0278164116829,48.80530726256983,3.2262569832402233,0.0,23.006662011173184
2013-08-27 12:00:00,664,307.23762376237624,49.77062849162011,3.03072625698324,0.0,22.809203910614524
2013-08-27 12:00:00,666,390.10893854748605,52.76974860335196,3.32122905027933,0.0,21.926899441340783
2013-08-27 12:00:00,668,316.21309192200556,54.729441340782124,2178.117318435754,0.0,21.200209497206703
2013-08-27 12:00:00,717,358.8086592178771,53.07020833333334,4.1625,0.0,21.576
2013-08-27 12:00:00,719,390.8398328690808,54.201101813110185,3.620641562064156,0.0,21.383333333333333
2013-08-27 12:00:00,721,288.61613351877605,54.786861111111115,3.626388888888889,0.0,20.221194444444446
2013-08-27 12:00:00,722,320.7472222222222,49.459930362117,3.7827298050139277,0.0,22.3991782729805
2013-08-27 12:00:00,723,387.3272980501393,56.147997218358825,3.008344923504868,0.0,20.939095966620307
2013-08-27 12:00:00,724,179.30779944289694,50.27386648122392,4.845618915159944,0.0,23.104311543810848
2013-08-27 12:00:00,726,368.26359832635984,48.240916666666664,3.251388888888889,0.0,23.70488888888889
2013-08-27 12:00:00,734,308.3769123783032,49.67775453277545,6.2175732217573225,0.0,22.899846582984658
2013-08-27 12:00:00,746,485.7085076708508,55.25380222841226,3.753481894150418,0.0,20.868969359331476
2013-08-27 12:00:00,748,465.2924791086351,49.87757322175732,8.474198047419804,1.371191135734072,22.992329149232916
2013-08-27 12:00:00,752,387.0125,42.2838687150838,12.12709497206704,1.5289256198347108,25.732527932960895
2013-08-27 12:00:00,754,382.025,50.73467315716273,3.713490959666203,0.0,22.290458970792766
2013-08-27 12:00:00,776,486.268156424581,52.74301388888889,7.027777777777778,0.0,21.951777777777778
2013-08-27 13:00:00,413,450.5,45.13086471408647,6.933054393305439,0.0,23.104839609483957
2013-08-27 13:00:00,415,466.59274755927476,51.4950557103064,19.175487465181057,0.0,22.596323119777157
2013-08-27 13:00:00,417,344.61977715877435,51.654150417827296,6.420612813370473,0.0,22.76133704735376
2013-08-27 13:00:00,419,437.6080892608089,52.40012534818942,8.348189415041782,0.0,48.596782729805014
2013-08-27 13:00:00,421,328.5988857938719,51.659400278940026,23.83542538354254,0.0,22.492301255230124
2013-08-27 13:00:00,422,405.39888423988845,52.40673611111111,33.2375,0.0,22.62148611111111
2013-08-27 13:00:00,423,343.58217270194984,47.78869080779944,3.522284122562674,0.0,24.138676880222842
2013-08-27 13:00:00,424,386.96518105849583,47.90383866481224,2.835883171070932,0.0,24.4001668984701
2013-08-27 13:00:00,442,444.9902370990237,48.225194986072424,3.981894150417827,0.0,23.841490250696378
2013-08-27 13:00:00,446,473.23816155988857,51.023412256267406,3.2242339832869082,0.0,23.632604456824513
2013-08-27 13:00:00,448,369.8718662952646,50.808842398884245,4.114365411436541,0.0,23.29910863509749
2013-08-27 13:00:00,452,347.62083333333334,45.766629526462395,2.8119777158774375,0.0,23.132172701949862
2013-08-27 13:00:00,454,323.6908077994429,51.98402506963788,3.2701949860724233,0.0,23.06889972144847
2013-08-27 13:00:00,456,414.44166666666666,49.200417827298054,3.1253481894150417,0.0,23.668272980501392
2013-08-27 13:00:00,458,479.49860724233986,53.133300835654595,3.5891364902506964,0.0,22.910668523676883
2013-08-27 13:00:00,462,424.65271966527195,53.82849582172702,3.32033426183844,0.0,22.505278551532033
2013-08-27 13:00:00,510,300.46378830083563,53.90629526462396,6.759052924791086,0.0,21.9091782729805
2013-08-27 13:00:00,513,312.62988826815644,52.9649721448468,3.754874651810585,0.0,22.499860724233983
2013-08-27 13:00:00,552,357.7162726008345,53.04798050139275,3.4303621169916436,0.0,22.3058217270195
2013-08-27 13:00:00,554,430.2189679218968,50.88466666666667,3.15,0.0,23.135041666666666
2013-08-27 13:00:00,556,437.6133518776078,49.27646239554318,16.516713091922007,0.975,23.85724233983287
2013-08-27 13:00:00,558,384.69958275382476,52.47130919220056,3.5724233983286906,0.0,23.169526462395545
2013-08-27 13:00:00,562,249.37047353760445,52.60930362116992,18.678272980501394,-1.0,23.065863509749306
2013-08-27 13:00:00,564,285.52646239554315,51.970111265646736,16.492350486787206,1.839779005524862,22.91258692628651
2013-08-27 13:00:00,621,426.60917941585535,48.52005571030641,11.940111420612814,0.0,24.90245467224547
2013-08-27 13:00:00,621A,357.0973574408901,58.248997214484675,8.015320334261839,0.0,20.64682451253482
2013-08-27 13:00:00,621C,407.8342618384401,53.89274755927475,15.387726638772664,0.0,22.09592747559275
2013-08-27 13:00:00,621D,457.600278551532,52.83469359331476,16.558495821727018,0.0,22.435515320334265
2013-08-27 13:00:00,621E,460.36768802228414,54.692887029288705,9.695955369595538,-1.0,21.9639470013947
2013-08-27 13:00:00,640,391.13249651324963,51.57228412256268,4.196378830083566,-1.0,22.908189415041786
2013-08-27 13:00:00,644,426.9332406119611,53.79291492329149,5.156206415620642,0.0,21.861952580195258
2013-08-27 13:00:00,648,97.74651810584959,52.68700139470014,4.834030683403069,0.0,21.92566248256625
2013-08-27 13:00:00,656A,417.346314325452,-1.0,-1.0,0.0,-1.0
2013-08-27 13:00:00,656B,410.34770514603616,49.59122562674095,3.667130919220056,0.0,22.974052924791085
2013-08-27 13:00:00,664,309.52222222222224,50.498256624825665,3.0585774058577404,0.0,22.785327754532776
2013-08-27 13:00:00,666,392.94289693593316,53.95146443514644,4.535564853556485,0.0,21.888661087866108
2013-08-27 13:00:00,668,318.17852161785214,56.78491643454039,2179.7701949860725,0.0,21.07483286908078
2013-08-27 13:00:00,717,362.84379358437934,53.38140668523677,11.318941504178273,0.0,21.87456824512535
2013-08-27 13:00:00,719,394.34122562674094,54.64384401114206,24.075208913649025,0.0,21.658147632311977
2013-08-27 13:00:00,721,291.34122562674094,54.95109874826147,18.133518776077885,0.0,20.59738525730181
2013-08-27 13:00:00,722,321.68011126564676,50.06569637883008,3.7757660167130918,0.0,22.402632311977715
2013-08-27 13:00:00,723,390.7966573816156,57.38972144846797,10.676880222841225,0.0,20.96018105849582
2013-08-27 13:00:00,724,181.0794979079498,50.85811977715877,4.860724233983287,0.0,23.113997214484677
2013-08-27 13:00:00,726,369.8983286908078,48.70909470752089,3.1420612813370474,0.0,23.71374651810585
2013-08-27 13:00:00,734,295.3565459610028,48.794755927475585,5.408647140864714,0.0,23.806094839609486
2013-08-27 13:00:00,746,489.7367688022284,56.889373259052924,3.6754874651810585,0.0,20.93817548746518
2013-08-27 13:00:00,748,469.1601671309192,49.991643454039,2.965181058495822,0.0,23.251142061281335
2013-08-27 13:00:00,752,389.2228412256267,42.14670850767085,4.066945606694561,0.0,26.054825662482568
2013-08-27 13:00:00,754,384.5048678720445,51.81357938718663,3.818941504178273,0.0,22.284442896935932
2013-08-27 13:00:00,776,494.36959553695954,51.80706536856745,5.698191933240612,0.0,22.902183588317104
2013-08-27 14:00:00,413,452.3835425383543,46.63733983286908,29.554317548746518,0.0,23.139874651810587
2013-08-27 14:00:00,415,471.08089260808924,52.60739191073919,35.42259414225941,0.0,22.542440725244074
2013-08-27 14:00:00,417,346.7510431154381,52.75824756606398,27.5452016689847,0.0,22.730987482614744
2013-08-27 14:00:00,419,438.4309623430962,53.57326842837274,45.93045897079277,0.0,41.55500695410292
2013-08-27 14:00:00,421,332.80195258019523,52.93458856345885,66.61645746164575,0.0,22.450041841004186
2013-08-27 14:00:00,422,411.2287308228731,54.076981919332404,75.48539638386649,0.0,22.603796940194712
2013-08-27 14:00:00,423,346.21557719054243,48.58671309192201,3.4749303621169916,0.0,24.135111420612812
2013-08-27 14:00:00,424,390.9165507649513,48.65457579972183,2.8484005563282335,0.0,24.39655076495132
2013-08-27 14:00:00,442,449.0697350069735,49.48403899721448,4.032033426183844,0.0,23.85121169916434
2013-08-27 14:00:00,446,477.557880055788,52.450292072322675,3.2503477051460363,0.0,22.86998609179416
2013-08-27 14:00:00,448,373.4602510460251,51.86984658298466,4.099023709902371,0.0,23.313877266387724
2013-08-27 14:00:00,452,350.57771260997066,46.634142259414226,2.7573221757322175,0.0,23.15092050209205
2013-08-27 14:00:00,454,326.9401947148818,52.69744089012517,3.3115438108484008,0.0,23.107176634214188
2013-08-27 14:00:00,456,418.11404728789984,49.98092178770949,3.180167597765363,0.0,23.789650837988827
2013-08-27 14:00:00,458,484.05292479108635,54.249499304589705,3.760778859527121,0.0,22.95141863699583
2013-08-27 14:00:00,462,425.41562064156204,54.8025173852573,3.4575799721835883,0.0,22.75826147426982
2013-08-27 14:00:00,510,303.32033426183847,55.59717663421419,25.600834492350486,0.0,21.97210013908206
2013-08-27 14:00:00,513,315.4797768479777,53.625824022346364,5.696927374301676,0.0,22.622122905027933
2013-08-27 14:00:00,552,383.18941504178275,54.40727399165508,27.926286509040334,11.547738693467336,22.480917941585535
2013-08-27 14:00:00,554,429.7513966480447,51.58257301808067,3.1515994436717665,0.0,23.24721835883171
2013-08-27 14:00:00,556,436.9527121001391,49.76564853556486,3.5509065550906556,0.0,23.898398328690806
2013-08-27 14:00:00,558,394.3991655076495,53.12425591098748,3.5813630041724616,0.0,23.308984700973575
2013-08-27 14:00:00,562,276.3444909344491,52.85077994428969,27.857938718662954,-1.0,23.27458217270195
2013-08-27 14:00:00,564,276.24791086350973,52.23276773296245,16.749652294853963,1.451523545706371,23.054297635605007
2013-08-27 14:00:00,621,430.8038942976356,48.87476987447699,166.27475592747558,0.0,25.34900976290098
2013-08-27 14:00:00,621A,360.9694019471488,60.12270571827057,39.5536959553696,0.0,20.687043235704323
2013-08-27 14:00:00,621C,414.0460251046025,54.67963737796374,106.45746164574616,0.0,22.123933054393305
2013-08-27 14:00:00,621D,461.1863699582754,53.93681058495822,114.05849582172702,0.0,22.41743732590529
2013-08-27 14:00:00,621E,463.10460251046027,55.34386331938634,35.793584379358435,-1.0,22.10429567642957
2013-08-27 14:00:00,640,392.06564245810057,51.420278551532036,5.128133704735376,-1.0,23.345571030640667
2013-08-27 14:00:00,644,431.3991655076495,54.959450704225354,42.111267605633806,0.0,21.952788732394367
2013-08-27 14:00:00,648,97.983286908078,53.77836820083682,40.90934449093445,0.0,21.998507670850767
2013-08-27 14:00:00,656A,424.2920723226704,-1.0,-1.0,0.0,-1.0
2013-08-27 14:00:00,656B,413.1863699582754,50.68592747559274,14.287308228730822,0.0,22.99444909344491
2013-08-27 14:00:00,664,313.08762169680114,51.73403068340307,3.205020920502092,0.0,22.8084239888424
2013-08-27 14:00:00,666,397.0990237099024,55.423988842398884,34.95258019525802,0.0,21.9336820083682
2013-08-27 14:00:00,668,320.4025069637883,58.94458856345885,2179.8410041841003,0.0,21.01728033472803
2013-08-27 14:00:00,717,364.0335195530726,54.13704735376045,62.948467966573816,0.0,22.021699164345403
2013-08-27 14:00:00,719,397.95949720670393,55.466875871687584,177.33333333333334,0.0,21.856834030683405
2013-08-27 14:00:00,721,296.4728789986092,56.07371349095967,145.04172461752435,0.0,20.685229485396384
2013-08-27 14:00:00,722,324.8358831710709,51.087350069735,3.909344490934449,0.0,22.42497907949791
2013-08-27 14:00:00,723,391.06415620641565,58.85547353760446,75.11838440111421,0.0,21.062896935933146
2013-08-27 14:00:00,724,183.47771587743733,51.926796657381615,5.032033426183844,0.0,23.150654596100278
2013-08-27 14:00:00,726,374.0375521557719,49.65743732590529,3.1991643454039,0.0,23.745473537604457
2013-08-27 14:00:00,734,296.5980528511822,48.259665271966526,9.468619246861925,0.0,24.363472803347282
2013-08-27 14:00:00,746,496.1578212290503,58.5863688760807,5.475504322766571,0.0,21.078951149425286
2013-08-27 14:00:00,748,470.7489539748954,50.34022315202232,3.3291492329149235,0.0,23.459902370990235
2013-08-27 14:00:00,752,392.31894150417827,42.21680613668062,4.355648535564853,0.0,26.358981868898187
2013-08-27 14:00:00,754,387.4930362116992,53.323314763231195,6.345403899721449,0.0,22.339136490250695
2013-08-27 14:00:00,776,499.4560669456067,50.78827538247565,18.507649513212794,0.0,23.664853963838663
2013-08-27 15:00:00,413,458.721059972106,47.33640277777778,46.37222222222222,0.0,23.275694444444444
2013-08-27 15:00:00,415,476.19193324061195,53.49247566063977,46.44089012517385,0.0,22.581307371349094
2013-08-27 15:00:00,417,349.1689944134078,53.535216178521615,37.768479776847975,0.0,22.790041841004186
2013-08-27 15:00:00,419,442.6564245810056,54.42863319386332,74.19804741980474,0.0,57.98518828451883
2013-08-27 15:00:00,421,339.4707520891365,53.859054242002784,92.37273991655077,0.0,22.490139082058413
2013-08-27 15:00:00,422,413.5846153846154,55.00866666666666,103.55694444444444,0.0,22.69234722222222
2013-08-27 15:00:00,423,348.16457461645746,49.31058577405858,3.585774058577406,0.0,24.141589958158995
2013-08-27 15:00:00,424,393.0516039051604,49.34769444444444,2.8833333333333333,0.0,24.402625
2013-08-27 15:00:00,442,451.9818181818182,50.34146036161336,4.599443671766342,0.0,23.905438108484002
2013-08-27 15:00:00,446,481.6175243393602,53.48274373259053,3.605849582172702,0.0,22.89859331476323
2013-08-27 15:00:00,448,376.3991655076495,52.75941585535465,4.166898470097357,0.0,23.33933240611961
2013-08-27 15:00:00,452,354.74583333333334,47.33643949930459,2.910987482614743,0.0,23.2042280945758
2013-08-27 15:00:00,454,329.77824267782427,53.297416201117315,3.2541899441340782,0.0,23.173114525139667
2013-08-27 15:00:00,456,419.2527777777778,50.681444444444445,3.1597222222222223,0.0,23.882375000000003
2013-08-27 15:00:00,458,488.29583333333335,55.08855555555556,4.301388888888889,0.0,22.962708333333335
2013-08-27 15:00:00,462,428.80027932960894,55.84960948396095,3.598326359832636,0.0,22.780613668061367
2013-08-27 15:00:00,510,306.75626740947075,56.4768619246862,45.36401673640167,0.0,22.109581589958157
2013-08-27 15:00:00,513,352.3840782122905,54.976166666666664,7.055555555555555,10.758620689655173,22.548888888888886
2013-08-27 15:00:00,552,366.4874651810585,55.08690376569037,3.4574616457461644,0.0,22.608493723849374
2013-08-27 15:00:00,554,430.8844011142061,52.15547222222222,3.2180555555555554,0.0,23.31923611111111
2013-08-27 15:00:00,556,456.2236111111111,51.327774687065364,21.27816411682893,8.749367088607595,23.62535465924896
2013-08-27 15:00:00,558,396.1138888888889,54.630986111111106,3.5541666666666667,0.0,23.096180555555556
2013-08-27 15:00:00,562,267.35843793584377,53.75901388888889,10.802777777777777,-1.0,23.21501388888889
2013-08-27 15:00:00,564,269.69874476987445,53.285833333333336,5.088888888888889,0.0,22.94477777777778
2013-08-27 15:00:00,621,442.65694444444443,49.01784422809458,166.26564673157162,7.219178082191781,25.79560055865922
2013-08-27 15:00:00,621A,370.65646731571627,60.884993045897076,59.02781641168289,2.628099173553719,20.914826147426982
2013-08-27 15:00:00,621C,416.31564245810057,55.95340782122905,161.4245810055866,0.0,22.0831843575419
2013-08-27 15:00:00,621D,576.097629009763,55.42201668984701,182.2461752433936,0.0,22.487760778859528
2013-08-27 15:00:00,621E,468.10474860335194,56.72741620111732,53.150837988826815,-1.0,22.028701117318434
2013-08-27 15:00:00,640,403.24581005586595,53.00546592489569,5.872044506258693,-1.0,22.939137691237832
2013-08-27 15:00:00,644,432.663421418637,55.50526536312849,64.87290502793296,0.0,22.25094972067039
2013-08-27 15:00:00,648,101.96643356643357,54.26891515994436,153.01947148817803,0.0,22.364603616133518
2013-08-27 15:00:00,656A,428.4427374301676,-1.0,-1.0,0.0,-1.0
2013-08-27 15:00:00,656B,416.41143654114364,51.36942737430168,40.384078212290504,0.0,23.267765363128493
2013-08-27 15:00:00,664,315.7652777777778,52.66337988826816,3.3421787709497206,0.0,22.88409217877095
2013-08-27 15:00:00,666,398.5977653631285,56.11293296089386,149.70810055865923,0.0,22.253798882681565
2013-08-27 15:00:00,668,324.7680555555556,60.08240611961057,2186.229485396384,0.0,21.09934631432545
2013-08-27 15:00:00,717,368.855354659249,55.45742698191933,92.38664812239222,0.0,22.00200278164117
2013-08-27 15:00:00,719,447.6333333333333,56.45012569832402,290.6005586592179,14.356410256410257,22.140963687150837
2013-08-27 15:00:00,721,299.83960948396094,57.41019444444444,140.3486111111111,0.0,20.64661111111111
2013-08-27 15:00:00,722,327.83472222222224,51.80959666203059,3.877607788595271,0.0,22.502086230876216
2013-08-27 15:00:00,723,393.2646239554318,59.52740947075209,154.0376044568245,0.0,21.2825069637883
2013-08-27 15:00:00,724,186.63611111111112,52.71637883008356,5.103064066852368,0.0,23.238286908077995
2013-08-27 15:00:00,726,377.54532775453276,50.420612813370475,3.3245125348189415,0.0,23.805515320334262
2013-08-27 15:00:00,734,305.3723849372385,47.91440890125174,13.753824756606397,0.0,24.809680111265646
2013-08-27 15:00:00,746,499.4555555555556,59.17223611111111,9.641666666666667,0.0,21.385986111111112
2013-08-27 15:00:00,748,480.86787204450627,50.695007012622725,3.4137447405329593,0.0,23.70089761570828
2013-08-27 15:00:00,752,396.4401114206128,42.428980446927376,4.5,0.0,26.618016759776538
2013-08-27 15:00:00,754,389.2632311977716,53.87904033379694,11.11682892906815,0.0,22.720125173852573
2013-08-27 15:00:00,776,505.7723463687151,50.00516666666667,28.71527777777778,0.0,24.238916666666668
2013-08-27 16:00:00,413,467.4203910614525,48.043863319386325,77.83124128312413,0.0,23.22725244072524
2013-08-27 16:00:00,415,485.75034867503484,54.09069735006973,52.30404463040446,0.0,22.661617852161783
2013-08-27 16:00:00,417,356.6368715083799,54.077608391608386,55.365034965034965,0.0,22.86758041958042
2013-08-27 16:00:00,419,452.6159217877095,55.03794405594405,98.53286713286714,0.0,35.56695104895105
2013-08-27 16:00:00,421,350.1813110181311,54.26436541143654,148.99442119944212,0.0,22.61291492329149
2013-08-27 16:00:00,422,420.70949720670393,55.62960948396095,140.82287308228732,0.0,22.755969316596932
2013-08-27 16:00:00,423,356.85614525139664,49.867524475524476,3.6237762237762237,0.0,24.158685314685314
2013-08-27 16:00:00,424,401.5991620111732,49.886094839609484,2.907949790794979,0.0,24.41739191073919
2013-08-27 16:00:00,442,462.9804469273743,50.94362237762238,4.991608391608391,0.0,23.961636363636362
2013-08-27 16:00:00,446,501.88563458856345,54.13047486033519,31.518156424581004,4.511873350923483,22.97143854748603
2013-08-27 16:00:00,448,393.3793584379358,53.399023709902366,34.16178521617852,3.1022099447513813,23.40086471408647
2013-08-27 16:00:00,452,370.044630404463,47.877405857740584,18.788005578800558,3.4146341463414633,23.270725244072526
2013-08-27 16:00:00,454,338.03916083916084,53.79229050279329,3.3966480446927374,0.0,23.218365921787708
2013-08-27 16:00:00,456,428.89539748953973,51.3023709902371,3.6317991631799162,0.0,23.911422594142262
2013-08-27 16:00:00,458,499.1534170153417,55.72778242677824,4.308228730822873,0.0,22.941311018131106
2013-08-27 16:00:00,462,436.4860335195531,56.63938461538461,3.5244755244755246,0.0,22.738573426573428
2013-08-27 16:00:00,510,319.98465829846583,56.86391608391608,52.514685314685316,0.0,22.251244755244755
2013-08-27 16:00:00,513,388.95949720670393,55.797405857740586,8.825662482566248,15.392572944297083,22.547308228730824
2013-08-27 16:00:00,552,371.9664804469274,55.81142458100559,3.467877094972067,0.0,22.58141061452514
2013-08-27 16:00:00,554,440.581589958159,52.67470013947002,3.181311018131102,0.0,23.339930264993026
2013-08-27 16:00:00,556,475.64853556485355,52.094239888423985,17.315202231520225,1.6859504132231404,23.694616457461645
2013-08-27 16:00:00,558,405.2036262203626,55.555927475592746,3.5536959553695957,0.0,23.055955369595537
2013-08-27 16:00:00,562,255.4101838755304,54.78899581589958,2.730822873082287,-1.0,23.02686192468619
2013-08-27 16:00:00,564,278.8980446927374,53.997740585774054,4.457461645746164,0.0,22.935662482566247
2013-08-27 16:00:00,621,461.8688981868898,49.481227336122735,166.51743375174337,8.765193370165745,25.83400837988827
2013-08-27 16:00:00,621A,398.9428172942817,60.689386331938636,72.64993026499303,8.588859416445624,21.329483960948394
2013-08-27 16:00:00,621C,467.51675977653633,56.60078212290503,215.33240223463687,7.0390625,22.39018156424581
2013-08-27 16:00:00,621D,613.4860335195531,55.45845188284519,220.72524407252442,0.0,22.889344490934448
2013-08-27 16:00:00,621E,480.2055944055944,57.81013966480447,63.58100558659218,-1.0,21.95850558659218
2013-08-27 16:00:00,640,418.54748603351953,54.555578800557875,6.506276150627615,-1.0,22.633305439330545
2013-08-27 16:00:00,644,441.53695955369597,55.94824267782427,105.4560669456067,0.0,22.38083682008368
2013-08-27 16:00:00,648,112.16223776223777,54.05326359832636,105.47698744769875,0.0,22.834686192468617
2013-08-27 16:00:00,656A,439.7039106145251,54.51,133.0,0.0,23.34
2013-08-27 16:00:00,656B,430.1536312849162,51.087416201117314,55.513966480446925,0.0,23.870111731843576
2013-08-27 16:00:00,664,331.98884239888423,53.32755586592179,10.04050279329609,8.248175182481752,22.958882681564248
2013-08-27 16:00:00,666,408.96927374301674,55.34562849162011,204.31703910614524,0.0,23.014120111731845
2013-08-27 16:00:00,668,335.3186968838527,60.38513249651325,2189.779637377964,0.0,21.27822873082287
2013-08-27 16:00:00,717,377.1352859135286,56.143863319386334,112.26220362622037,0.0,22.076931659693166
2013-08-27 16:00:00,719,475.11994421199444,56.149762569832404,334.97346368715085,17.536817102137768,22.631159217877094
2013-08-27 16:00:00,721,308.2053072625698,57.99223152022315,155.89958158995816,0.0,20.765690376569037
2013-08-27 16:00:00,722,337.1910739191074,52.22958158995816,3.9525801952580197,0.0,22.566220362622037
2013-08-27 16:00:00,723,401.8805120910384,59.774630404463046,193.32635983263597,0.0,21.43797768479777
2013-08-27 16:00:00,724,194.51882845188285,53.20427374301676,5.177374301675978,0.0,23.3056843575419
2013-08-27 16:00:00,726,387.16223776223774,50.875913528591354,3.302649930264993,0.0,23.864560669456065
2013-08-27 16:00:00,734,325.58798882681566,47.66885634588564,15.203626220362622,0.0,25.17504881450488
2013-08-27 16:00:00,746,517.3570432357043,58.30458856345886,12.034867503486751,0.0,22.0231520223152
2013-08-27 16:00:00,748,502.01673640167365,50.87192737430168,3.4371508379888267,0.0,23.857835195530726
2013-08-27 16:00:00,752,407.9135285913529,42.75921787709497,4.537709497206704,0.0,26.704525139664803
2013-08-27 16:00:00,754,398.07810320781033,53.075692307692314,13.50909090909091,0.0,23.453314685314684
2013-08-27 16:00:00,776,522.054469273743,50.05670850767085,127.49511854951186,0.0,24.43231520223152
2013-08-27 17:00:00,413,472.36768802228414,48.769261838440116,93.0724233983287,0.0,23.211532033426185
2013-08-27 17:00:00,415,494.4125,54.61108333333334,55.62777777777778,0.0,22.766861111111112
2013-08-27 17:00:00,417,362.336578581363,54.56522598870057,65.77824858757062,0.0,22.96620056497175
2013-08-27 17:00:00,419,458.9874826147427,55.5376495132128,111.7816411682893,0.0,44.11703755215577
2013-08-27 17:00:00,421,350.4811715481172,55.42491666666667,180.2125,0.0,22.613555555555557
2013-08-27 17:00:00,422,426.9388038942976,56.11706128133705,164.08356545961,0.0,22.853384401114205
2013-08-27 17:00:00,423,362.66481223922113,50.37562674094707,3.66016713091922,0.0,24.182186629526463
2013-08-27 17:00:00,424,409.29485396383865,50.350390516039056,2.873082287308229,0.0,24.443737796373778
2013-08-27 17:00:00,442,466.0250347705146,51.364442896935934,5.094707520891365,0.0,24.065766016713095
2013-08-27 17:00:00,446,505.6694444444444,54.519735376044565,3.8802228412256268,0.0,23.097019498607242
2013-08-27 17:00:00,448,398.31666666666666,53.78491666666667,4.601388888888889,0.0,23.518986111111108
2013-08-27 17:00:00,452,376.6239554317549,48.23931944444444,3.3569444444444443,0.0,23.36151388888889
2013-08-27 17:00:00,454,345.03905160390514,54.22087621696801,3.474269819193324,0.0,23.276203059805287
2013-08-27 17:00:00,456,503.8645066273932,52.442047353760444,25.9958217270195,5.218181818181818,23.955194986072424
2013-08-27 17:00:00,458,500.97615708274895,56.43818941504178,4.495821727019498,0.0,22.939986072423398
2013-08-27 17:00:00,462,444.23226703755216,57.78644846796657,3.616991643454039,0.0,22.59799442896936
2013-08-27 17:00:00,510,322.37377963737794,57.314735376044574,54.8941504178273,0.0,22.36208913649025
2013-08-27 17:00:00,513,378.2489568845619,56.46254874651811,10.192200557103064,6.806539509536785,22.588871866295264
2013-08-27 17:00:00,552,377.0974930362117,56.43196105702365,15.746870653685674,0.0,22.625938803894297
2013-08-27 17:00:00,554,458.8861111111111,53.24438718662953,3.182451253481894,0.0,23.368481894150417
2013-08-27 17:00:00,556,520.5348189415042,52.499763231197775,43.85933147632312,22.133333333333333,23.803607242339837
2013-08-27 17:00:00,558,409.31615598885793,56.289456824512534,3.5612813370473537,0.0,23.057799442896936
2013-08-27 17:00:00,562,256.5473537604457,55.570097493036215,2.7938718662952646,-1.0,22.988175487465178
2013-08-27 17:00:00,564,282.23119777158774,54.68637883008356,4.4164345403899725,0.0,22.93465181058496
2013-08-27 17:00:00,621,469.7757660167131,50.32537604456825,166.52924791086352,6.460055096418733,25.76388038942976
2013-08-27 17:00:00,621A,388.87726638772665,59.93364394993046,81.80806675938804,3.798898071625344,21.788080667593878
2013-08-27 17:00:00,621C,485.884561891516,55.06415855354659,245.27677329624478,2.621917808219178,23.405980528511822
2013-08-27 17:00:00,621D,494.43810848400557,55.625550906555084,221.28591352859135,0.0,22.874755927475594
2013-08-27 17:00:00,621E,482.66295264623955,58.56609722222222,69.91111111111111,-1.0,22.006027777777778
2013-08-27 17:00:00,640,417.65972222222223,55.541643454039,10.803621169916434,-1.0,22.680013927576603
2013-08-27 17:00:00,644,446.30543933054395,56.465,174.50972222222222,0.0,22.52038888888889
2013-08-27 17:00:00,648,118.25905292479109,54.366236111111114,181.0888888888889,0.0,22.878763888888887
2013-08-27 17:00:00,656A,620.8567454798331,-1.0,-1.0,27.56354515050167,-1.0
2013-08-27 17:00:00,656B,440.383008356546,50.03283727399165,73.48678720445062,0.0,24.754951321279556
2013-08-27 17:00:00,664,487.4853556485356,54.14051460361613,33.35883171070932,19.83855421686747,23.456314325452016
2013-08-27 17:00:00,666,411.2086230876217,53.761780250347705,237.24339360222532,0.0,24.006675938803895
2013-08-27 17:00:00,668,336.3314763231198,59.458444444444446,2175.3805555555555,0.0,21.959680555555554
2013-08-27 17:00:00,717,382.50555555555553,56.508744769874475,125.13668061366806,0.0,22.245411436541144
2013-08-27 17:00:00,719,579.974930362117,56.17858136300418,357.8372739916551,24.803212851405622,23.09075104311544
2013-08-27 17:00:00,721,311.28690807799444,58.21484679665738,161.26601671309191,0.0,21.00993036211699
2013-08-27 17:00:00,722,340.96513249651326,52.60230876216968,4.0305980528511824,0.0,22.653073713490958
2013-08-27 17:00:00,723,402.7409470752089,60.19076708507671,218.63040446304043,0.0,21.589804741980473
2013-08-27 17:00:00,724,197.46582984658298,53.56108635097493,9.997214484679665,0.0,23.439805013927575
2013-08-27 17:00:00,726,390.15041782729804,51.268326359832635,3.327754532775453,0.0,23.952719665271964
2013-08-27 17:00:00,734,339.2325905292479,48.475458333333336,15.508333333333333,0.0,25.047111111111107
2013-08-27 17:00:00,746,523.1782729805014,57.18389972144847,12.630919220055711,0.0,22.6808495821727
2013-08-27 17:00:00,748,500.9332406119611,52.10802777777778,3.4875,0.0,23.580833333333334
2013-08-27 17:00:00,752,407.1408647140865,44.20699582753825,4.482614742698192,0.0,26.27735744089012
2013-08-27 17:00:00,754,396.8061366806137,51.779164345403906,14.926183844011142,0.0,24.301211699164345
2013-08-27 17:00:00,776,530.0041724617524,50.20298050139275,109.42339832869081,0.0,24.85591922005571
2013-08-27 18:00:00,413,475.0,48.95197183098591,100.01408450704226,0.0,23.229577464788733
2013-08-27 18:00:00,415,496.3521126760563,54.80680555555555,57.166666666666664,0.0,22.833333333333332
2013-08-27 18:00:00,417,364.71232876712327,54.69833333333334,70.52777777777777,0.0,23.03875
2013-08-27 18:00:00,419,461.97222222222223,55.695,118.02777777777777,0.0,30.23597222222222
2013-08-27 18:00:00,421,352.56164383561645,55.64126760563381,189.73239436619718,0.0,22.665352112676057
2013-08-27 18:00:00,422,430.8082191780822,56.20253521126761,173.73239436619718,0.0,22.911971830985916
2013-08-27 18:00:00,423,366.09722222222223,50.59625,4.027777777777778,2.772357723577236,24.196250000000003
2013-08-27 18:00:00,424,413.9178082191781,50.55957746478873,2.6901408450704225,0.0,24.461830985915494
2013-08-27 18:00:00,442,467.32876712328766,51.4708,5.066666666666666,0.0,24.118000000000002
2013-08-27 18:00:00,446,504.7671232876712,54.69915492957747,3.816901408450704,0.0,23.101267605633804
2013-08-27 18:00:00,448,395.19444444444446,53.98821917808219,4.958904109589041,0.0,23.525342465753422
2013-08-27 18:00:00,452,372.84507042253523,48.44450704225353,3.436619718309859,0.0,23.372816901408452
2013-08-27 18:00:00,454,346.041095890411,54.39549295774648,3.380281690140845,0.0,23.308591549295777
2013-08-27 18:00:00,456,591.6,53.015211267605636,35.71830985915493,17.26201923076923,24.029295774647885
2013-08-27 18:00:00,458,500.1014492753623,56.48416666666666,6.486111111111111,0.0,22.943333333333335
2013-08-27 18:00:00,462,445.6849315068493,58.123943661971836,4.309859154929577,0.0,22.546901408450704
2013-08-27 18:00:00,510,325.81944444444446,57.363802816901405,56.267605633802816,0.0,22.40112676056338
2013-08-27 18:00:00,513,374.9594594594595,56.613285714285716,10.714285714285714,2.3961218836565097,22.621
2013-08-27 18:00:00,552,374.29411764705884,56.57169014084507,3.492957746478873,0.0,22.66
2013-08-27 18:00:00,554,543.7083333333334,53.788,56.02857142857143,16.661800486618006,23.390285714285714
2013-08-27 18:00:00,556,588.3661971830986,52.78857142857143,44.27142857142857,16.20689655172414,23.944285714285712
2013-08-27 18:00:00,558,407.15492957746477,56.523714285714284,3.357142857142857,0.0,23.055285714285713
2013-08-27 18:00:00,562,279.08472222222224,55.80228571428571,2.8142857142857145,-1.0,22.976857142857142
2013-08-27 18:00:00,564,288.7464788732394,54.93671428571429,4.457142857142857,0.0,22.932
2013-08-27 18:00:00,621,471.14084507042253,50.608260869565214,166.17391304347825,6.78021978021978,25.784878048780488
2013-08-27 18:00:00,621A,376.1142857142857,60.30070422535212,79.1830985915493,0.0,21.58619718309859
2013-08-27 18:00:00,621C,496.80281690140845,54.22125,254.61111111111111,3.9835616438356163,23.76486111111111
2013-08-27 18:00:00,621D,485.3333333333333,55.82542857142857,229.95714285714286,0.0,22.845428571428574
2013-08-27 18:00:00,621E,487.08045977011494,58.70887323943662,71.98591549295774,-1.0,22.068450704225352
2013-08-27 18:00:00,640,449.79583333333335,54.90066666666667,15.902777777777779,-1.0,23.198583333333332
2013-08-27 18:00:00,644,447.4347826086956,56.76347826086956,203.2173913043478,0.0,22.467246376811595
2013-08-27 18:00:00,648,120.11267605633803,55.017042253521126,215.85915492957747,13.911421911421911,22.669436619718308
2013-08-27 18:00:00,656A,622.5285714285715,-1.0,-1.0,25.591796875,-1.0
2013-08-27 18:00:00,656B,444.56944444444446,49.10875,80.43055555555556,0.0,25.26
2013-08-27 18:00:00,664,530.1285714285714,53.83583333333334,33.68055555555556,15.277372262773723,23.785555555555554
2013-08-27 18:00:00,666,412.92957746478874,52.40191780821918,254.9041095890411,0.0,24.567808219178083
2013-08-27 18:00:00,668,341.6142857142857,58.25943661971831,2173.1830985915494,0.0,22.470704225352115
2013-08-27 18:00:00,717,383.37142857142857,56.47,130.18840579710144,0.0,22.371594202898553
2013-08-27 18:00:00,719,488.4861111111111,55.717083333333335,379.5833333333333,1.9214092140921408,23.180972222222223
2013-08-27 18:00:00,721,316.93055555555554,58.01014285714286,163.67142857142858,0.0,21.192857142857143
2013-08-27 18:00:00,722,345.5,52.68042857142857,3.9571428571428573,0.0,22.711714285714283
2013-08-27 18:00:00,723,402.1,60.38985915492958,228.16901408450704,0.0,21.618591549295775
2013-08-27 18:00:00,724,200.0142857142857,53.61625000000001,4.875,0.0,23.525277777777777
2013-08-27 18:00:00,726,394.32876712328766,51.39842857142857,3.3285714285714287,2.223719676549865,24.00642857142857
2013-08-27 18:00:00,734,324.35714285714283,49.327887323943656,15.43661971830986,19.842182890855458,24.632535211267605
2013-08-27 18:00:00,746,531.2608695652174,56.36861111111111,13.583333333333334,8.696569920844327,22.999583333333334
2013-08-27 18:00:00,748,496.8695652173913,52.515076923076926,3.4,0.0,23.504153846153844
2013-08-27 18:00:00,752,408.7647058823529,44.845555555555556,4.597222222222222,0.0,26.103194444444444
2013-08-27 18:00:00,754,399.5857142857143,50.78985915492957,15.47887323943662,0.0,24.759154929577466
2013-08-27 18:00:00,776,532.3698630136986,49.825857142857146,81.92857142857143,2.6324324324324326,25.106142857142856
2013-08-27 19:00:00,413,-1.0,-1.0,-1.0,0.0,-1.0
2013-08-27 19:00:00,415,-1.0,-1.0,-1.0,0.0,-1.0
2013-08-27 19:00:00,417,-1.0,-1.0,-1.0,0.0,-1.0
2013-08-27 19:00:00,419,-1.0,-1.0,-1.0,0.0,-1.0
2013-08-27 19:00:00,421,-1.0,-1.0,-1.0,0.0,-1.0
2013-08-27 19:00:00,422,-1.0,-1.0,-1.0,0.0,-1.0
2013-08-27 19:00:00,423,-1.0,-1.0,-1.0,18.256704980842912,-1.0
2013-08-27 19:00:00,424,465.0,-1.0,-1.0,0.0,-1.0
2013-08-27 19:00:00,442,-1.0,-1.0,-1.0,0.0,-1.0
2013-08-27 19:00:00,446,-1.0,-1.0,-1.0,1.771978021978022,-1.0
2013-08-27 19:00:00,448,-1.0,-1.0,-1.0,0.0,-1.0
2013-08-27 19:00:00,452,-1.0,-1.0,-1.0,0.0,-1.0
2013-08-27 19:00:00,454,-1.0,54.64000000000001,3.3333333333333335,0.0,23.403333333333336
2013-08-27 19:00:00,456,-1.0,-1.0,-1.0,18.487745098039216,-1.0
2013-08-27 19:00:00,458,-1.0,-1.0,-1.0,0.0,-1.0
2013-08-27 19:00:00,462,-1.0,-1.0,-1.0,0.0,-1.0
2013-08-27 19:00:00,510,-1.0,-1.0,-1.0,0.0,-1.0
2013-08-27 19:00:00,513,-1.0,-1.0,-1.0,13.487935656836461,-1.0
2013-08-27 19:00:00,552,-1.0,-1.0,-1.0,0.0,-1.0
2013-08-27 19:00:00,554,-1.0,-1.0,-1.0,1.4502762430939227,-1.0
2013-08-27 19:00:00,556,-1.0,-1.0,-1.0,11.180851063829786,-1.0
2013-08-27 19:00:00,558,-1.0,-1.0,-1.0,0.0,-1.0
2013-08-27 19:00:00,562,308.58970792767735,-1.0,-1.0,-1.0,-1.0
2013-08-27 19:00:00,564,-1.0,-1.0,-1.0,0.0,-1.0
2013-08-27 19:00:00,621,-1.0,-1.0,-1.0,6.49041095890411,-1.0
2013-08-27 19:00:00,621A,-1.0,-1.0,-1.0,2.8846153846153846,-1.0
2013-08-27 19:00:00,621C,-1.0,-1.0,-1.0,2.958904109589041,-1.0
2013-08-27 19:00:00,621D,-1.0,-1.0,-1.0,0.0,-1.0
2013-08-27 19:00:00,640,476.79276773296243,54.32481223922114,15.78720445062587,-1.0,23.33847009735744
2013-08-27 19:00:00,644,-1.0,-1.0,-1.0,0.0,-1.0
2013-08-27 19:00:00,648,-1.0,-1.0,-1.0,29.028360049321826,-1.0
2013-08-27 19:00:00,656A,-1.0,-1.0,-1.0,26.609060402684563,-1.0
2013-08-27 19:00:00,656B,-1.0,-1.0,-1.0,0.0,-1.0
2013-08-27 19:00:00,664,-1.0,-1.0,-1.0,6.888020833333333,-1.0
2013-08-27 19:00:00,666,-1.0,-1.0,-1.0,0.0,-1.0
2013-08-27 19:00:00,668,-1.0,-1.0,-1.0,10.646596858638743,-1.0
2013-08-27 19:00:00,717,-1.0,-1.0,-1.0,0.0,-1.0
2013-08-27 19:00:00,719,-1.0,-1.0,-1.0,17.732227488151658,-1.0
2013-08-27 19:00:00,721,-1.0,-1.0,-1.0,0.0,-1.0
2013-08-27 19:00:00,722,-1.0,-1.0,-1.0,0.0,-1.0
2013-08-27 19:00:00,723,-1.0,-1.0,-1.0,0.0,-1.0
2013-08-27 19:00:00,724,-1.0,-1.0,-1.0,8.422043010752688,-1.0
2013-08-27 19:00:00,726,-1.0,-1.0,-1.0,0.0,-1.0
2013-08-27 19:00:00,734,-1.0,-1.0,-1.0,4.350404312668464,-1.0
2013-08-27 19:00:00,746,-1.0,-1.0,-1.0,28.037459283387623,-1.0
2013-08-27 19:00:00,748,-1.0,-1.0,-1.0,0.0,-1.0
2013-08-27 19:00:00,752,-1.0,-1.0,-1.0,0.0,-1.0
2013-08-27 19:00:00,754,-1.0,-1.0,-1.0,0.0,-1.0
2013-08-27 19:00:00,776,-1.0,-1.0,-1.0,0.0,-1.0
2013-08-27 20:00:00,413,-1.0,-1.0,-1.0,0.0,-1.0
2013-08-27 20:00:00,415,-1.0,-1.0,-1.0,27.81517747858017,-1.0
2013-08-27 20:00:00,417,-1.0,-1.0,-1.0,0.0,-1.0
2013-08-27 20:00:00,419,538.5,-1.0,-1.0,0.0,-1.0
2013-08-27 20:00:00,421,-1.0,-1.0,-1.0,0.0,-1.0
2013-08-27 20:00:00,422,-1.0,-1.0,-1.0,0.0,-1.0
2013-08-27 20:00:00,423,-1.0,-1.0,-1.0,7.254545454545455,-1.0
2013-08-27 20:00:00,424,-1.0,-1.0,-1.0,0.0,-1.0
2013-08-27 20:00:00,442,-1.0,51.387142857142855,4.142857142857143,0.0,24.28
2013-08-27 20:00:00,446,-1.0,-1.0,-1.0,0.0,-1.0
2013-08-27 20:00:00,448,-1.0,-1.0,-1.0,0.0,-1.0
2013-08-27 20:00:00,452,-1.0,-1.0,-1.0,0.0,-1.0
2013-08-27 20:00:00,454,-1.0,-1.0,-1.0,0.0,-1.0
2013-08-27 20:00:00,456,-1.0,-1.0,-1.0,25.357019064124785,-1.0
2013-08-27 20:00:00,458,-1.0,-1.0,-1.0,0.0,-1.0
2013-08-27 20:00:00,462,-1.0,-1.0,-1.0,0.0,-1.0
2013-08-27 20:00:00,510,-1.0,-1.0,-1.0,0.0,-1.0
2013-08-27 20:00:00,513,-1.0,-1.0,-1.0,1.2880886426592797,-1.0
2013-08-27 20:00:00,552,-1.0,-1.0,-1.0,0.0,-1.0
2013-08-27 20:00:00,554,-1.0,-1.0,-1.0,2.7016129032258065,-1.0
2013-08-27 20:00:00,556,-1.0,-1.0,-1.0,8.246648793565683,-1.0
2013-08-27 20:00:00,558,-1.0,-1.0,-1.0,0.0,-1.0
2013-08-27 20:00:00,562,339.1835883171071,-1.0,-1.0,-1.0,-1.0
2013-08-27 20:00:00,564,-1.0,-1.0,-1.0,0.0,-1.0
2013-08-27 20:00:00,621,-1.0,-1.0,-1.0,9.629427792915532,-1.0
2013-08-27 20:00:00,621A,-1.0,-1.0,-1.0,4.681318681318682,-1.0
2013-08-27 20:00:00,621C,-1.0,-1.0,-1.0,3.989100817438692,-1.0
2013-08-27 20:00:00,621D,-1.0,-1.0,-1.0,0.0,-1.0
2013-08-27 20:00:00,640,495.0806675938804,54.59929068150208,13.467315716272601,-1.0,23.24709318497914
2013-08-27 20:00:00,644,545.5555555555555,-1.0,-1.0,0.0,-1.0
2013-08-27 20:00:00,648,-1.0,-1.0,-1.0,28.20735294117647,-1.0
2013-08-27 20:00:00,656A,-1.0,-1.0,-1.0,18.414918414918414,-1.0
2013-08-27 20:00:00,656B,-1.0,-1.0,-1.0,0.0,-1.0
2013-08-27 20:00:00,664,-1.0,-1.0,-1.0,20.937639198218264,-1.0
2013-08-27 20:00:00,666,-1.0,-1.0,-1.0,0.0,-1.0
2013-08-27 20:00:00,668,-1.0,-1.0,-1.0,15.225641025641025,-1.0
2013-08-27 20:00:00,717,-1.0,-1.0,-1.0,0.0,-1.0
2013-08-27 20:00:00,719,-1.0,-1.0,-1.0,20.915717539863326,-1.0
2013-08-27 20:00:00,721,-1.0,-1.0,-1.0,0.0,-1.0
2013-08-27 20:00:00,722,-1.0,-1.0,-1.0,0.0,-1.0
2013-08-27 20:00:00,723,-1.0,-1.0,-1.0,0.0,-1.0
2013-08-27 20:00:00,724,-1.0,53.68666666666667,4.666666666666667,8.936339522546419,23.75
2013-08-27 20:00:00,726,-1.0,-1.0,-1.0,0.0,-1.0
2013-08-27 20:00:00,734,-1.0,-1.0,-1.0,3.848648648648649,-1.0
2013-08-27 20:00:00,746,-1.0,-1.0,-1.0,22.95114006514658,-1.0
2013-08-27 20:00:00,748,-1.0,-1.0,-1.0,20.987113402061855,-1.0
2013-08-27 20:00:00,752,-1.0,-1.0,-1.0,0.0,-1.0
2013-08-27 20:00:00,754,-1.0,-1.0,-1.0,0.0,-1.0
2013-08-27 20:00:00,776,-1.0,-1.0,-1.0,0.0,-1.0
2013-08-27 21:00:00,413,-1.0,-1.0,-1.0,0.0,-1.0
2013-08-27 21:00:00,415,-1.0,-1.0,-1.0,29.639344262295083,-1.0
2013-08-27 21:00:00,417,-1.0,-1.0,-1.0,0.0,-1.0
2013-08-27 21:00:00,419,-1.0,-1.0,-1.0,5.095115681233933,-1.0
2013-08-27 21:00:00,421,-1.0,-1.0,-1.0,0.0,-1.0
2013-08-27 21:00:00,422,-1.0,-1.0,-1.0,0.0,-1.0
2013-08-27 21:00:00,423,-1.0,-1.0,-1.0,0.0,-1.0
2013-08-27 21:00:00,424,-1.0,-1.0,-1.0,0.0,-1.0
2013-08-27 21:00:00,442,-1.0,-1.0,-1.0,0.0,-1.0
2013-08-27 21:00:00,446,-1.0,-1.0,-1.0,0.0,-1.0
2013-08-27 21:00:00,448,-1.0,-1.0,-1.0,0.0,-1.0
2013-08-27 21:00:00,452,-1.0,-1.0,-1.0,0.0,-1.0
2013-08-27 21:00:00,454,-1.0,-1.0,-1.0,0.0,-1.0
2013-08-27 21:00:00,456,-1.0,-1.0,-1.0,0.475,-1.0
2013-08-27 21:00:00,458,-1.0,-1.0,-1.0,2.6263736263736264,-1.0
2013-08-27 21:00:00,462,-1.0,-1.0,-1.0,0.0,-1.0
2013-08-27 21:00:00,510,-1.0,-1.0,-1.0,1.371191135734072,-1.0
2013-08-27 21:00:00,513,-1.0,-1.0,-1.0,9.002717391304348,-1.0
2013-08-27 21:00:00,552,444.0,-1.0,-1.0,0.0,-1.0
2013-08-27 21:00:00,554,-1.0,-1.0,-1.0,2.1557377049180326,-1.0
2013-08-27 21:00:00,556,-1.0,-1.0,-1.0,18.752475247524753,-1.0
2013-08-27 21:00:00,558,-1.0,-1.0,-1.0,0.0,-1.0
2013-08-27 21:00:00,562,354.4478442280946,-1.0,-1.0,-1.0,-1.0
2013-08-27 21:00:00,564,-1.0,-1.0,-1.0,0.0,-1.0
2013-08-27 21:00:00,621,-1.0,-1.0,-1.0,12.1524064171123,-1.0
2013-08-27 21:00:00,621A,-1.0,-1.0,-1.0,3.616621983914209,-1.0
2013-08-27 21:00:00,621C,-1.0,-1.0,-1.0,7.051813471502591,-1.0
2013-08-27 21:00:00,621D,-1.0,-1.0,-1.0,0.0,-1.0
2013-08-27 21:00:00,640,537.7204450625869,52.16296244784422,10.937413073713492,-1.0,24.783073713490957
2013-08-27 21:00:00,644,-1.0,-1.0,-1.0,0.0,-1.0
2013-08-27 21:00:00,648,-1.0,-1.0,-1.0,29.55119214586255,-1.0
2013-08-27 21:00:00,656A,629.7142857142857,-1.0,-1.0,1.2083333333333333,-1.0
2013-08-27 21:00:00,656B,-1.0,-1.0,-1.0,0.0,-1.0
2013-08-27 21:00:00,664,-1.0,-1.0,-1.0,19.1018711018711,-1.0
2013-08-27 21:00:00,666,-1.0,-1.0,-1.0,0.0,-1.0
2013-08-27 21:00:00,668,-1.0,-1.0,-1.0,27.338954468802697,-1.0
2013-08-27 21:00:00,717,-1.0,-1.0,-1.0,0.0,-1.0
2013-08-27 21:00:00,719,-1.0,-1.0,-1.0,29.291727140783745,-1.0
2013-08-27 21:00:00,721,-1.0,-1.0,-1.0,0.0,-1.0
2013-08-27 21:00:00,722,-1.0,52.02,4.0,0.0,23.31
2013-08-27 21:00:00,723,-1.0,-1.0,-1.0,0.0,-1.0
2013-08-27 21:00:00,724,246.5,-1.0,-1.0,2.7857142857142856,-1.0
2013-08-27 21:00:00,726,-1.0,-1.0,-1.0,0.0,-1.0
2013-08-27 21:00:00,734,-1.0,-1.0,-1.0,13.986083499005964,-1.0
2013-08-27 21:00:00,746,-1.0,-1.0,-1.0,27.963687150837988,-1.0
2013-08-27 21:00:00,748,-1.0,-1.0,-1.0,26.75187969924812,-1.0
2013-08-27 21:00:00,752,-1.0,-1.0,-1.0,0.0,-1.0
2013-08-27 21:00:00,754,-1.0,-1.0,-1.0,0.0,-1.0
2013-08-27 21:00:00,776,-1.0,-1.0,-1.0,15.590128755364807,-1.0
2013-08-27 22:00:00,413,-1.0,-1.0,-1.0,0.0,-1.0
2013-08-27 22:00:00,415,-1.0,-1.0,-1.0,29.46716417910448,-1.0
2013-08-27 22:00:00,417,-1.0,-1.0,-1.0,0.0,-1.0
2013-08-27 22:00:00,419,-1.0,-1.0,-1.0,0.0,-1.0
2013-08-27 22:00:00,421,408.15384615384613,-1.0,-1.0,0.0,-1.0
2013-08-27 22:00:00,422,-1.0,-1.0,-1.0,0.0,-1.0
2013-08-27 22:00:00,423,-1.0,-1.0,-1.0,0.0,-1.0
2013-08-27 22:00:00,424,-1.0,-1.0,-1.0,0.0,-1.0
2013-08-27 22:00:00,442,-1.0,-1.0,-1.0,0.0,-1.0
2013-08-27 22:00:00,446,-1.0,-1.0,-1.0,0.0,-1.0
2013-08-27 22:00:00,448,-1.0,54.89,4.0,0.0,23.71
2013-08-27 22:00:00,452,-1.0,-1.0,-1.0,0.0,-1.0
2013-08-27 22:00:00,454,-1.0,-1.0,-1.0,0.0,-1.0
2013-08-27 22:00:00,456,-1.0,-1.0,-1.0,1.8516483516483517,-1.0
2013-08-27 22:00:00,458,-1.0,-1.0,-1.0,0.008333333333333333,-1.0
2013-08-27 22:00:00,462,-1.0,-1.0,-1.0,0.0,-1.0
2013-08-27 22:00:00,510,-1.0,-1.0,-1.0,0.0,-1.0
2013-08-27 22:00:00,513,-1.0,-1.0,-1.0,13.53315649867374,-1.0
2013-08-27 22:00:00,552,-1.0,-1.0,-1.0,0.0,-1.0
2013-08-27 22:00:00,554,-1.0,-1.0,-1.0,0.0,-1.0
2013-08-27 22:00:00,556,-1.0,-1.0,-1.0,21.61611374407583,-1.0
2013-08-27 22:00:00,558,-1.0,-1.0,-1.0,0.0,-1.0
2013-08-27 22:00:00,562,354.5034770514604,-1.0,-1.0,-1.0,-1.0
2013-08-27 22:00:00,564,-1.0,-1.0,-1.0,0.7506925207756233,-1.0
2013-08-27 22:00:00,621,-1.0,-1.0,-1.0,9.161643835616438,-1.0
2013-08-27 22:00:00,621A,-1.0,-1.0,-1.0,27.314453125,-1.0
2013-08-27 22:00:00,621C,-1.0,-1.0,-1.0,0.0,-1.0
2013-08-27 22:00:00,621D,-1.0,-1.0,-1.0,0.0,-1.0
2013-08-27 22:00:00,621E,605.6666666666666,-1.0,-1.0,-1.0,-1.0
2013-08-27 22:00:00,640,519.7395543175487,52.24505555555556,9.705555555555556,-1.0,24.410027777777778
2013-08-27 22:00:00,644,-1.0,-1.0,-1.0,0.0,-1.0
2013-08-27 22:00:00,648,-1.0,-1.0,-1.0,13.71830985915493,-1.0
2013-08-27 22:00:00,656A,-1.0,-1.0,-1.0,12.84796573875803,-1.0
2013-08-27 22:00:00,656B,-1.0,-1.0,-1.0,14.856396866840731,-1.0
2013-08-27 22:00:00,664,-1.0,-1.0,-1.0,21.259336099585063,-1.0
2013-08-27 22:00:00,666,-1.0,-1.0,-1.0,0.0,-1.0
2013-08-27 22:00:00,668,-1.0,55.14,2023.0,13.391509433962264,23.9
2013-08-27 22:00:00,717,-1.0,-1.0,-1.0,0.0,-1.0
2013-08-27 22:00:00,719,-1.0,-1.0,-1.0,17.119433198380566,-1.0
2013-08-27 22:00:00,721,-1.0,-1.0,-1.0,0.0,-1.0
2013-08-27 22:00:00,722,-1.0,-1.0,-1.0,0.0,-1.0
2013-08-27 22:00:00,723,-1.0,-1.0,-1.0,0.0,-1.0
2013-08-27 22:00:00,724,-1.0,-1.0,-1.0,0.0,-1.0
2013-08-27 22:00:00,726,-1.0,-1.0,-1.0,0.0,-1.0
2013-08-27 22:00:00,734,-1.0,-1.0,-1.0,3.0327868852459017,-1.0
2013-08-27 22:00:00,746,-1.0,-1.0,-1.0,2.6222826086956523,-1.0
2013-08-27 22:00:00,748,-1.0,-1.0,-1.0,0.37777777777777777,-1.0
2013-08-27 22:00:00,752,-1.0,-1.0,-1.0,0.0,-1.0
2013-08-27 22:00:00,754,-1.0,-1.0,-1.0,0.0,-1.0
2013-08-27 22:00:00,776,-1.0,-1.0,-1.0,0.1,-1.0
2013-08-27 23:00:00,413,570.1816143497758,48.03955357142858,92.75669642857143,0.0,24.42602678571429
2013-08-27 23:00:00,415,717.9888143176734,54.50294642857143,61.43080357142857,19.698947368421052,24.25497767857143
2013-08-27 23:00:00,417,446.30717488789236,55.41961968680089,59.67337807606264,0.0,23.632013422818794
2013-08-27 23:00:00,419,555.7069351230425,56.43089686098655,149.57847533632287,0.0,49.24903803131991
2013-08-27 23:00:00,421,419.62780269058294,57.32814317673378,187.47874720357942,0.0,22.996979865771813
2013-08-27 23:00:00,422,514.7583892617449,55.75950782997763,226.9082774049217,0.0,23.750067114093962
2013-08-27 23:00:00,423,453.4610244988864,52.14116591928251,3.6502242152466366,0.0,24.373340807174888
2013-08-27 23:00:00,424,504.03139013452915,51.9137668161435,2.9641255605381165,0.0,24.648251121076232
2013-08-27 23:00:00,442,559.4222222222222,52.17993288590604,5.015659955257271,0.0,24.48373601789709
2013-08-27 23:00:00,446,595.6703786191537,56.26801339285714,4.029017857142857,0.0,23.17703125
2013-08-27 23:00:00,448,478.28348214285717,55.55201342281879,4.6644295302013425,0.0,23.610648769574947
2013-08-27 23:00:00,452,454.4865470852018,49.62921875,3.46875,0.0,23.528549107142858
2013-08-27 23:00:00,454,432.3581081081081,55.62841517857142,3.5379464285714284,0.0,23.51910714285714
2013-08-27 23:00:00,456,521.5391498881431,53.79839285714286,3.845982142857143,0.0,24.027410714285715
2013-08-27 23:00:00,458,595.8993288590603,58.298923766816145,6.394618834080718,0.0,22.988856502242154
2013-08-27 23:00:00,462,523.7004504504505,62.02216517857143,4.412946428571429,0.0,21.91091517857143
2013-08-27 23:00:00,510,410.30269058295966,53.91323595505618,257.1820224719101,0.0,24.57892134831461
2013-08-27 23:00:00,513,489.2757847533632,57.85165919282511,10.757847533632287,5.917355371900826,22.819955156950673
2013-08-27 23:00:00,552,459.3236607142857,56.89682326621924,3.472035794183445,0.0,23.08366890380313
2013-08-27 23:00:00,554,556.6957494407159,55.46002237136466,3.5950782997762865,0.0,23.57087248322148
2013-08-27 23:00:00,556,603.2388392857143,52.85375,16.5,6.903141361256544,24.32279017857143
2013-08-27 23:00:00,558,497.71140939597313,57.9348769574944,3.5123042505592843,0.0,23.15404921700224
2013-08-27 23:00:00,562,332.314447592068,57.36724215246637,2.7152466367713006,0.0,22.988295964125562
2013-08-27 23:00:00,564,377.71875,56.279575892857146,16.676339285714285,2.0168539325842696,23.03779017857143
2013-08-27 23:00:00,621,541.3565022421525,52.950382022471906,166.05168539325842,5.575,25.903878923766815
2013-08-27 23:00:00,621A,448.7427293064877,59.44702460850112,136.51454138702462,1.143661971830986,22.474049217002236
2013-08-27 23:00:00,621C,590.0134228187919,54.269999999999996,235.70246085011186,1.713091922005571,24.074742729306486
2013-08-27 23:00:00,621D,574.2729306487696,54.861143497757844,214.3251121076233,0.0,23.750515695067264
2013-08-27 23:00:00,621E,573.0919282511211,58.1676062639821,64.9910514541387,-1.0,22.882170022371366
2013-08-27 23:00:00,640,501.6878531073446,55.53093352192362,9.343705799151344,0.0,23.235601131541724
2013-08-27 23:00:00,644,548.7002237136466,52.58348214285714,141.85267857142858,0.0,24.466897321428572
2013-08-27 23:00:00,648,245.69351230425056,48.81631696428571,116.109375,24.38961038961039,25.765223214285715
2013-08-27 23:00:00,656A,603.3102678571429,56.13747203579418,154.8612975391499,29.38048090523338,23.491073825503356
2013-08-27 23:00:00,656B,593.5637583892617,49.90480984340045,91.91275167785236,22.87153652392947,25.158456375838927
2013-08-27 23:00:00,664,507.38789237668163,51.965234899328856,33.24832214765101,12.348837209302326,24.862237136465325
2013-08-27 23:00:00,666,486.7924107142857,57.90606263982102,129.36241610738256,0.0,22.70281879194631
2013-08-27 23:00:00,668,469.73766816143495,56.04848214285715,2162.526785714286,28.305555555555557,23.69408482142857
2013-08-27 23:00:00,717,457.70601336302894,55.09114093959731,104.74049217002238,0.0,23.41467561521253
2013-08-27 23:00:00,719,498.1498881431767,54.22959910913141,332.05345211581295,0.0,23.971714922048996
2013-08-27 23:00:00,721,401.93064876957493,55.17275784753363,188.61434977578475,0.0,22.622914798206278
2013-08-27 23:00:00,722,427.49775784753365,52.80466517857143,3.8995535714285716,0.0,23.200267857142855
2013-08-27 23:00:00,723,459.579418344519,60.360986547085204,182.0896860986547,0.0,22.200156950672646
2013-08-27 23:00:00,724,305.82774049217,54.44214765100671,15.40268456375839,3.6277777777777778,23.765838926174496
2013-08-27 23:00:00,726,485.5269058295964,51.66186098654708,3.318385650224215,0.0,24.463789237668163
2013-08-27 23:00:00,734,405.05829596412553,49.75237136465325,56.04026845637584,0.0,25.44364653243848
2013-08-27 23:00:00,746,635.48322147651,54.96228187919463,6.805369127516778,0.0,23.501946308724833
2013-08-27 23:00:00,748,570.1230425055928,53.96874720357942,4.8125,0.0,23.56626398210291
2013-08-27 23:00:00,752,480.6681614349776,47.75096196868009,4.322147651006712,0.0,25.487695749440714
2013-08-27 23:00:00,754,478.0648769574944,48.97156950672645,7.742152466367713,0.0,25.392174887892377
2013-08-27 23:00:00,776,606.9484304932736,52.43336322869955,104.60089686098655,0.0,24.480515695067265
2013-08-28 00:00:00,413,552.2347222222222,47.70863888888889,132.48333333333332,0.0,24.69638888888889
2013-08-28 00:00:00,415,638.6208333333333,54.63706944444445,61.265277777777776,15.992628992628992,24.125500000000002
2013-08-28 00:00:00,417,429.06805555555553,55.61376388888888,52.268055555555556,0.0,23.655611111111114
2013-08-28 00:00:00,419,537.1375,56.73531206657421,152.28848821081831,0.0,49.37233333333334
2013-08-28 00:00:00,421,419.0472222222222,57.047375,174.51944444444445,0.0,23.121875
2013-08-28 00:00:00,422,495.1013888888889,55.78141666666666,212.75,0.0,23.844930555555553
2013-08-28 00:00:00,423,436.4513888888889,52.40781944444444,3.575,0.0,24.346263888888892
2013-08-28 00:00:00,424,485.86944444444447,52.16251388888889,2.948611111111111,0.0,24.637333333333334
2013-08-28 00:00:00,442,539.9416666666667,52.471375,4.406944444444444,0.0,24.47094444444444
2013-08-28 00:00:00,446,573.9972222222223,56.73511789181692,3.6546463245492373,0.0,23.110568654646325
2013-08-28 00:00:00,448,460.6902777777778,56.02804166666667,4.1,0.0,23.541569444444445
2013-08-28 00:00:00,452,439.6777777777778,49.95551388888889,2.8222222222222224,0.0,23.486013888888888
2013-08-28 00:00:00,454,415.86944444444447,56.00175,3.213888888888889,0.0,23.474402777777776
2013-08-28 00:00:00,456,500.8666666666667,54.22233657858136,3.21557719054242,0.0,23.951571627260083
2013-08-28 00:00:00,458,571.5055555555556,58.46156944444445,4.551388888888889,0.0,22.957972222222224
2013-08-28 00:00:00,462,505.6666666666667,62.97691666666666,3.776388888888889,0.0,21.702583333333333
2013-08-28 00:00:00,510,407.625,51.426643550624135,443.45353675450764,0.0,25.590887656033285
2013-08-28 00:00:00,513,433.8541666666667,58.188541666666666,10.391666666666667,0.0,22.795708333333334
2013-08-28 00:00:00,552,444.43333333333334,57.28006944444444,3.484722222222222,0.0,23.032694444444445
2013-08-28 00:00:00,554,533.0319444444444,56.17272222222222,3.563888888888889,0.0,23.39897222222222
2013-08-28 00:00:00,556,529.6222222222223,53.51584722222222,3.547222222222222,0.0,24.028819444444444
2013-08-28 00:00:00,558,479.7013888888889,58.277680555555555,3.6,0.0,23.123597222222223
2013-08-28 00:00:00,562,315.88055555555553,57.70644444444444,2.797222222222222,0.0,22.955916666666663
2013-08-28 00:00:00,564,350.0375,56.52791666666666,4.445833333333334,0.0,22.99538888888889
2013-08-28 00:00:00,621,516.7305555555556,53.42281944444444,165.6611111111111,1.2916666666666667,25.828055555555558
2013-08-28 00:00:00,621A,431.5625,59.93375,151.22222222222223,0.0,22.332805555555556
2013-08-28 00:00:00,621C,567.1569444444444,53.72593055555555,232.1888888888889,3.927807486631016,24.339027777777776
2013-08-28 00:00:00,621D,555.2222222222222,55.085249999999995,209.43055555555554,0.0,23.73263888888889
2013-08-28 00:00:00,621E,554.4541666666667,58.345166666666664,64.54583333333333,-1.0,22.890333333333334
2013-08-28 00:00:00,640,487.99305555555554,57.174680555555554,10.116666666666667,0.0,22.77658333333333
2013-08-28 00:00:00,644,526.2222222222222,53.10147222222222,173.95138888888889,0.0,24.28751388888889
2013-08-28 00:00:00,648,275.65833333333336,49.421902777777774,116.62222222222222,24.620689655172413,25.59848611111111
2013-08-28 00:00:00,656A,555.1513888888888,56.99111111111111,137.54722222222222,20.153039832285117,23.233027777777775
2013-08-28 00:00:00,656B,559.9763888888889,51.00661111111111,88.83888888888889,23.105651105651106,24.805652777777777
2013-08-28 00:00:00,664,468.5208333333333,52.397305555555555,28.8,12.640963855421687,24.609194444444444
2013-08-28 00:00:00,666,476.18194444444447,59.15870833333333,108.36944444444444,0.0,22.40234722222222
2013-08-28 00:00:00,668,451.46944444444443,56.971916666666665,2171.9708333333333,28.056027164685908,23.42923611111111
2013-08-28 00:00:00,717,447.1902777777778,55.22959722222222,95.00555555555556,0.0,23.407902777777775
2013-08-28 00:00:00,719,482.0597222222222,54.892722222222226,320.68888888888887,0.0,23.750930555555552
2013-08-28 00:00:00,721,389.3152777777778,55.2435,222.79722222222222,0.0,22.637208333333334
2013-08-28 00:00:00,722,412.5097222222222,52.93066666666667,3.9166666666666665,0.0,23.202458333333333
2013-08-28 00:00:00,723,447.7638888888889,60.52629943502825,176.50423728813558,0.0,22.191850282485877
2013-08-28 00:00:00,724,263.38055555555553,54.672999999999995,4.833333333333333,0.0,23.70894444444444
2013-08-28 00:00:00,726,470.71805555555557,51.826597222222226,3.341666666666667,0.0,24.468777777777778
2013-08-28 00:00:00,734,418.68099861303745,49.32573611111111,105.89444444444445,4.777777777777778,25.70086111111111
2013-08-28 00:00:00,746,613.3819444444445,56.38356944444444,8.776388888888889,0.0,23.0705
2013-08-28 00:00:00,748,551.8333333333334,54.97544444444444,4.798611111111111,0.0,23.255902777777777
2013-08-28 00:00:00,752,466.68611111111113,48.542625,4.497222222222222,0.0,25.290972222222223
2013-08-28 00:00:00,754,464.6,50.24633333333333,8.904166666666667,0.0,24.919541666666667
2013-08-28 00:00:00,776,598.0,52.90258333333333,77.36944444444444,0.0,24.393861111111107
2013-08-28 01:00:00,413,517.4222222222222,46.74308333333333,217.79722222222222,0.0,25.11070833333333
2013-08-28 01:00:00,415,529.3055555555555,54.94622222222222,73.97638888888889,0.0,23.858958333333334
2013-08-28 01:00:00,417,393.0861111111111,55.53638888888889,53.69583333333333,0.0,23.731055555555557
2013-08-28 01:00:00,419,496.05,56.737291666666664,179.9,0.0,58.70072222222222
2013-08-28 01:00:00,421,382.8875,56.732569444444444,177.78472222222223,0.0,23.24130555555556
2013-08-28 01:00:00,422,454.8847222222222,55.367125,215.05138888888888,0.0,24.066791666666667
2013-08-28 01:00:00,423,404.8208333333333,52.58920833333334,3.5097222222222224,0.0,24.32861111111111
2013-08-28 01:00:00,424,454.41886269070733,52.336930555555554,2.925,0.0,24.62413888888889
2013-08-28 01:00:00,442,499.79583333333335,52.66963888888889,4.7375,0.0,24.43027777777778
2013-08-28 01:00:00,446,532.8486111111112,57.05066666666667,3.4944444444444445,0.0,23.046208333333333
2013-08-28 01:00:00,448,430.1388888888889,56.33540277777777,4.1819444444444445,0.0,23.492222222222225
2013-08-28 01:00:00,452,409.2402777777778,50.203324061196106,2.755215577190542,0.0,23.444172461752434
2013-08-28 01:00:00,454,386.40277777777777,56.30633333333333,3.1666666666666665,0.0,23.429805555555554
2013-08-28 01:00:00,456,466.3888888888889,54.55923611111111,3.1069444444444443,0.0,23.87323611111111
2013-08-28 01:00:00,458,526.025,58.484902777777776,4.483333333333333,0.0,22.924805555555558
2013-08-28 01:00:00,462,470.675,63.65041666666667,3.7041666666666666,0.0,21.533916666666666
2013-08-28 01:00:00,510,380.3,49.2145,550.4236111111111,0.0,26.30625
2013-08-28 01:00:00,513,388.55,57.785472222222225,12.655555555555555,0.0,23.032972222222224
2013-08-28 01:00:00,552,407.80555555555554,57.589000000000006,3.4472222222222224,0.0,22.97041666666667
2013-08-28 01:00:00,554,496.4111111111111,56.769638888888885,8.26388888888889,4.976127320954907,23.240680555555556
2013-08-28 01:00:00,556,485.85,54.00855555555556,3.629166666666667,0.0,23.86908333333333
2013-08-28 01:00:00,558,445.96805555555557,58.4455,3.5097222222222224,0.0,23.12338888888889
2013-08-28 01:00:00,562,288.3027777777778,57.89479166666667,2.7305555555555556,0.0,22.94898611111111
2013-08-28 01:00:00,564,317.1513888888889,56.80141666666666,4.406944444444444,0.0,22.936986111111114
2013-08-28 01:00:00,621,479.4555555555556,53.594277777777776,165.27083333333334,1.5290858725761773,25.81073611111111
2013-08-28 01:00:00,621A,394.9,59.92586111111112,210.14444444444445,0.0,22.406888888888886
2013-08-28 01:00:00,621C,483.9736111111111,54.21638888888889,216.36805555555554,0.0,24.007305555555558
2013-08-28 01:00:00,621D,519.3991477272727,55.0424861111111,224.0263888888889,0.0,23.83840277777778
2013-08-28 01:00:00,621E,517.7319444444445,58.32516666666667,70.72916666666667,-1.0,22.976458333333333
2013-08-28 01:00:00,640,450.7375,57.75904166666667,9.602777777777778,0.0,22.637527777777777
2013-08-28 01:00:00,644,492.3125,53.65279166666667,109.6986111111111,0.0,24.062055555555556
2013-08-28 01:00:00,648,252.07222222222222,49.95619444444444,55.59722222222222,23.62686567164179,25.368791666666667
2013-08-28 01:00:00,656A,575.2072322670375,57.317055555555555,53.793055555555554,27.67262969588551,23.219444444444445
2013-08-28 01:00:00,656B,539.8444444444444,51.690125,43.74305555555556,27.327543424317618,24.619500000000002
2013-08-28 01:00:00,664,367.3861111111111,52.934250000000006,3.198611111111111,0.0,24.211972222222222
2013-08-28 01:00:00,666,444.11944444444447,59.05833333333333,21.431944444444444,0.0,22.49661111111111
2013-08-28 01:00:00,668,410.72777777777776,58.048652777777775,2171.163888888889,28.322241681260945,23.024888888888885
2013-08-28 01:00:00,717,419.375,55.20202777777778,108.5111111111111,0.0,23.523736111111113
2013-08-28 01:00:00,719,450.35277777777776,55.199111111111115,399.4875,0.0,23.756666666666664
2013-08-28 01:00:00,721,359.50416666666666,54.995444444444445,483.74444444444447,0.0,22.84669444444444
2013-08-28 01:00:00,722,383.0736111111111,53.04670833333334,3.923611111111111,0.0,23.200750000000003
2013-08-28 01:00:00,723,415.9902777777778,60.388930555555554,205.3111111111111,0.0,22.292125
2013-08-28 01:00:00,724,230.48472222222222,54.9435,4.9625,0.0,23.640625
2013-08-28 01:00:00,726,438.9291666666667,51.96605555555555,3.415277777777778,0.0,24.462569444444444
2013-08-28 01:00:00,734,381.2597222222222,48.622902777777774,131.6652777777778,2.967032967032967,25.90263888888889
2013-08-28 01:00:00,746,565.0458333333333,57.5705,7.743055555555555,0.0,22.708680555555556
2013-08-28 01:00:00,748,512.1861111111111,55.64975,4.758333333333334,0.0,23.065611111111114
2013-08-28 01:00:00,752,431.7375,48.88436111111111,4.247222222222222,0.0,25.233249999999998
2013-08-28 01:00:00,754,434.81666666666666,51.471333333333334,7.458333333333333,0.0,24.48752777777778
2013-08-28 01:00:00,776,562.4833333333333,52.99854166666666,51.15277777777778,0.0,24.40116666666667
2013-08-28 02:00:00,413,467.8513888888889,46.52280555555555,34.672222222222224,0.0,25.215569444444444
2013-08-28 02:00:00,415,471.98055555555555,55.585625,29.843055555555555,0.0,23.695277777777775
2013-08-28 02:00:00,417,349.20694444444445,55.719347222222225,21.309722222222224,0.0,23.7715
2013-08-28 02:00:00,419,444.9236111111111,57.05244444444445,89.40555555555555,0.0,81.10563888888889
2013-08-28 02:00:00,421,332.8930555555556,56.909000000000006,81.68194444444444,0.0,23.293055555555554
2013-08-28 02:00:00,422,405.7972222222222,55.12468055555555,105.71388888888889,0.0,24.225
2013-08-28 02:00:00,423,361.06388888888887,52.87491666666667,3.672222222222222,0.0,24.29093055555556
2013-08-28 02:00:00,424,407.8097222222222,52.61029166666667,2.825,0.0,24.593916666666665
2013-08-28 02:00:00,442,451.0777777777778,53.13663888888888,4.530555555555556,0.0,24.336972222222222
2013-08-28 02:00:00,446,480.9347222222222,57.509625,4.616666666666666,0.0,22.99491666666667
2013-08-28 02:00:00,448,384.6013888888889,56.71751388888889,4.252777777777778,0.0,23.45491666666667
2013-08-28 02:00:00,452,365.9236111111111,50.494527777777776,2.7694444444444444,0.0,23.40773611111111
2013-08-28 02:00:00,454,342.175,56.70316666666667,3.3541666666666665,0.0,23.372291666666666
2013-08-28 02:00:00,456,418.4375,55.027972222222225,3.051388888888889,0.0,23.80036111111111
2013-08-28 02:00:00,458,476.45972222222224,58.89926388888889,3.8958333333333335,0.0,22.943819444444443
2013-08-28 02:00:00,462,422.14722222222224,64.30670833333333,3.4027777777777777,0.0,21.520305555555556
2013-08-28 02:00:00,510,328.73055555555555,49.421013888888886,129.85555555555555,0.0,26.05915277777778
2013-08-28 02:00:00,513,366.37916666666666,56.79580555555556,8.165277777777778,2.5833333333333335,23.509625
2013-08-28 02:00:00,552,363.2861111111111,58.03830555555556,3.3569444444444443,0.0,22.933333333333334
2013-08-28 02:00:00,554,469.1694444444444,57.384875,34.986111111111114,1.771978021978022,23.16593055555556
2013-08-28 02:00:00,556,440.3666666666667,54.50365277777777,3.473611111111111,0.0,23.787152777777777
2013-08-28 02:00:00,558,400.4875,58.78972222222222,3.3569444444444443,0.0,23.11873611111111
2013-08-28 02:00:00,562,248.79444444444445,58.24845833333333,2.602777777777778,0.0,22.939180555555556
2013-08-28 02:00:00,564,269.6638888888889,57.21395833333334,3.970833333333333,0.0,22.893625
2013-08-28 02:00:00,621,430.59166666666664,54.363347222222224,11.656944444444445,0.0,25.576194444444447
2013-08-28 02:00:00,621A,347.2611111111111,59.86423611111111,138.9763888888889,0.0,22.580833333333334
2013-08-28 02:00:00,621C,417.69305555555553,54.95368055555556,101.76388888888889,0.0,23.841125
2013-08-28 02:00:00,621D,470.37083333333334,54.895652777777784,117.87222222222222,0.0,24.04408333333333
2013-08-28 02:00:00,621E,466.575,58.34047287899861,73.28929068150208,-1.0,23.114214186369956
2013-08-28 02:00:00,640,399.45972222222224,58.273888888888884,4.976388888888889,0.0,22.64901388888889
2013-08-28 02:00:00,644,446.3375,54.345819444444444,9.997222222222222,0.0,23.87245833333333
2013-08-28 02:00:00,648,135.6861111111111,50.671520223152015,5.376569037656904,0.0,24.975955369595535
2013-08-28 02:00:00,656A,516.125,56.94661111111111,36.263888888888886,17.91616766467066,23.545722222222224
2013-08-28 02:00:00,656B,523.0777777777778,52.007777777777775,38.97083333333333,22.146907216494846,24.7265
2013-08-28 02:00:00,664,366.5138888888889,53.75445833333333,17.654166666666665,7.449748743718593,24.00740277777778
2013-08-28 02:00:00,666,391.2375,58.73609722222222,7.5625,0.0,22.790833333333335
2013-08-28 02:00:00,668,365.9277777777778,59.52105555555555,2200.3416666666667,19.26559356136821,22.726208333333336
2013-08-28 02:00:00,717,378.08472222222224,54.856861111111115,54.1625,0.0,23.80315277777778
2013-08-28 02:00:00,719,405.02916666666664,55.13798611111111,190.67361111111111,0.0,23.951666666666668
2013-08-28 02:00:00,721,317.8638888888889,54.519777777777776,191.05972222222223,0.0,23.156194444444445
2013-08-28 02:00:00,722,340.2638888888889,53.43688888888889,3.876388888888889,0.0,23.12648611111111
2013-08-28 02:00:00,723,366.28055555555557,60.329875,94.23055555555555,0.0,22.477222222222224
2013-08-28 02:00:00,724,193.74305555555554,55.400972222222215,4.698611111111111,0.0,23.551777777777776
2013-08-28 02:00:00,726,389.82916666666665,52.25215602836879,3.2865248226950357,0.0,24.42007092198582
2013-08-28 02:00:00,734,323.0180555555556,49.506791666666665,57.13055555555555,1.5289256198347108,25.596055555555555
2013-08-28 02:00:00,746,504.4819444444444,58.93244444444444,5.104166666666667,0.0,22.430625
2013-08-28 02:00:00,748,463.0361111111111,56.31101388888889,3.0541666666666667,0.0,22.98863888888889
2013-08-28 02:00:00,752,385.0805555555556,49.322763888888886,4.019444444444445,0.0,25.204874999999998
2013-08-28 02:00:00,754,388.05555555555554,52.59145833333333,4.440277777777778,0.0,24.17545833333333
2013-08-28 02:00:00,776,505.56388888888887,53.63826388888889,20.427777777777777,0.0,24.248291666666667
2013-08-28 03:00:00,413,460.7680555555556,47.340513888888886,3.8569444444444443,0.0,24.923472222222223
2013-08-28 03:00:00,415,467.62638888888887,56.45015277777778,3.8430555555555554,0.0,23.47888888888889
2013-08-28 03:00:00,417,344.5644937586685,56.64416666666667,3.441666666666667,0.0,23.559041666666666
2013-08-28 03:00:00,419,443.75138888888887,57.36480555555555,25.663888888888888,0.0,57.15384722222222
2013-08-28 03:00:00,421,326.46666666666664,57.743208333333335,18.3375,0.0,23.10188888888889
2013-08-28 03:00:00,422,399.425,56.09501388888889,27.67222222222222,0.0,23.95573611111111
2013-08-28 03:00:00,423,342.9347222222222,53.335819444444446,3.4680555555555554,0.0,24.249805555555557
2013-08-28 03:00:00,424,388.1513888888889,53.025111111111116,2.8375,0.0,24.57016666666667
2013-08-28 03:00:00,442,441.09457579972184,53.836055555555554,3.9972222222222222,0.0,24.217402777777775
2013-08-28 03:00:00,446,471.12083333333334,58.091875,3.433333333333333,0.0,22.957694444444446
2013-08-28 03:00:00,448,371.54305555555555,57.20769444444444,4.084722222222222,0.0,23.430861111111113
2013-08-28 03:00:00,452,350.2763888888889,50.91461111111111,2.790277777777778,0.0,23.383319444444446
2013-08-28 03:00:00,454,325.7597222222222,57.210499999999996,3.2958333333333334,0.0,23.329777777777775
2013-08-28 03:00:00,456,406.8333333333333,55.546347222222224,3.2847222222222223,0.0,23.774944444444444
2013-08-28 03:00:00,458,477.06388888888887,59.32661111111111,4.791666666666667,0.0,22.983027777777775
2013-08-28 03:00:00,462,423.5736111111111,64.54279166666667,3.7597222222222224,0.0,21.63773611111111
2013-08-28 03:00:00,510,317.9625,52.160875000000004,3.1083333333333334,0.0,24.926847222222225
2013-08-28 03:00:00,513,370.6152777777778,57.04047222222222,3.4902777777777776,3.477900552486188,23.462708333333335
2013-08-28 03:00:00,552,353.21527777777777,58.43483333333334,3.438888888888889,0.0,22.95538888888889
2013-08-28 03:00:00,554,425.31111111111113,58.32772222222222,36.24583333333333,0.0,22.99405555555556
2013-08-28 03:00:00,556,430.2125,55.06018055555556,3.4583333333333335,0.0,23.729694444444444
2013-08-28 03:00:00,558,390.37083333333334,59.25994444444445,3.459722222222222,0.0,23.110805555555554
2013-08-28 03:00:00,562,243.13888888888889,58.726527777777775,2.5930555555555554,0.0,22.909541666666666
2013-08-28 03:00:00,564,259.3541666666667,57.65666666666667,3.9194444444444443,0.0,22.87966666666667
2013-08-28 03:00:00,621,423.94305555555553,54.78404166666667,6.104166666666667,0.0,25.402333333333335
2013-08-28 03:00:00,621A,345.9902777777778,60.492583333333336,4.2,0.0,22.4105
2013-08-28 03:00:00,621C,407.4458333333333,56.203402777777775,3.7819444444444446,0.0,23.47890277777778
2013-08-28 03:00:00,621D,460.64166666666665,55.53040277777778,3.3930555555555557,0.0,23.857916666666668
2013-08-28 03:00:00,621E,456.4513888888889,58.75358333333334,6.673611111111111,-1.0,23.047125
2013-08-28 03:00:00,640,394.3888888888889,58.45902777777778,4.131944444444445,0.0,22.763777777777776
2013-08-28 03:00:00,644,433.03055555555557,55.202013888888885,4.088888888888889,0.0,23.683708333333335
2013-08-28 03:00:00,648,92.4625,51.938874999999996,3.7,0.0,24.450888888888887
2013-08-28 03:00:00,656A,433.2583333333333,56.83909722222222,4.723611111111111,0.0,23.52426388888889
2013-08-28 03:00:00,656B,550.475,52.20494444444444,36.36666666666667,17.689473684210526,24.841097222222224
2013-08-28 03:00:00,664,347.15555555555557,54.273805555555555,7.598611111111111,0.0,23.980694444444442
2013-08-28 03:00:00,666,388.8902777777778,59.03641666666667,3.4027777777777777,0.0,22.82673611111111
2013-08-28 03:00:00,668,352.4347222222222,60.88273611111111,2170.0694444444443,5.644808743169399,22.39859722222222
2013-08-28 03:00:00,717,362.18194444444447,55.61804166666666,4.208333333333333,0.0,23.52248611111111
2013-08-28 03:00:00,719,394.6666666666667,56.082791666666665,3.9625,0.0,23.59941666666667
2013-08-28 03:00:00,721,308.09722222222223,55.05623595505618,3.6502808988764044,0.0,22.93512640449438
2013-08-28 03:00:00,722,324.2944444444444,53.882666666666665,3.702777777777778,0.0,23.08351388888889
2013-08-28 03:00:00,723,364.3888888888889,61.082138888888885,3.2194444444444446,0.0,22.286444444444445
2013-08-28 03:00:00,724,180.21666666666667,56.02961111111111,4.680555555555555,0.0,23.455458333333333
2013-08-28 03:00:00,726,370.3388888888889,52.707750000000004,3.2125,0.0,24.370597222222223
2013-08-28 03:00:00,734,302.8263888888889,51.488625,4.541666666666667,0.0,24.866152777777778
2013-08-28 03:00:00,746,496.8888888888889,60.12468055555555,4.695833333333334,0.0,22.243444444444446
2013-08-28 03:00:00,748,460.6347222222222,56.655791666666666,2.948611111111111,0.0,23.03634722222222
2013-08-28 03:00:00,752,380.8904299583911,49.533125,4.281944444444444,0.0,25.334555555555557
2013-08-28 03:00:00,754,377.4583333333333,53.778736111111115,3.6777777777777776,0.0,23.91927777777778
2013-08-28 03:00:00,776,495.7138888888889,54.73927777777778,7.148611111111111,0.0,23.99211111111111
2013-08-28 04:00:00,413,454.2402777777778,48.34261111111111,3.876388888888889,0.0,24.600472222222223
2013-08-28 04:00:00,415,466.5236111111111,57.23727777777777,3.8680555555555554,0.0,23.32038888888889
2013-08-28 04:00:00,417,345.44166666666666,57.321416666666664,3.348611111111111,0.0,23.435000000000002
2013-08-28 04:00:00,419,443.7388888888889,58.09751388888889,25.20277777777778,0.0,79.43648611111111
2013-08-28 04:00:00,421,328.5027777777778,58.226625,18.22222222222222,0.0,23.054222222222222
2013-08-28 04:00:00,422,400.89444444444445,57.309666666666665,27.5875,0.0,23.63381944444444
2013-08-28 04:00:00,423,339.6111111111111,53.80822222222222,3.4611111111111112,0.0,24.218194444444443
2013-08-28 04:00:00,424,384.59166666666664,53.44638888888889,2.8152777777777778,0.0,24.543888888888887
2013-08-28 04:00:00,442,441.90416666666664,54.49443055555555,3.9180555555555556,0.0,24.113166666666665
2013-08-28 04:00:00,446,469.3930555555556,58.66081944444444,3.251388888888889,0.0,22.915277777777778
2013-08-28 04:00:00,448,368.50416666666666,57.70040277777778,4.063888888888889,0.0,23.403875000000003
2013-08-28 04:00:00,452,346.8847222222222,51.36173611111111,2.7916666666666665,0.0,23.35622222222222
2013-08-28 04:00:00,454,323.09027777777777,57.726819444444445,3.341666666666667,0.0,23.290694444444444
2013-08-28 04:00:00,456,403.5375,56.07562410329986,3.3443328550932567,0.0,23.739038737446197
2013-08-28 04:00:00,458,477.925,59.602833333333336,5.851388888888889,0.0,22.998499999999996
2013-08-28 04:00:00,462,426.3666666666667,64.039,4.355555555555555,0.0,22.06266666666667
2013-08-28 04:00:00,510,308.68611111111113,54.98775,3.0430555555555556,0.0,24.04093055555556
2013-08-28 04:00:00,513,324.2402777777778,57.81940277777778,3.515277777777778,0.0,23.263305555555558
2013-08-28 04:00:00,552,354.63055555555553,58.795500000000004,3.4444444444444446,0.0,22.979055555555554
2013-08-28 04:00:00,554,448.3625,58.967305555555555,36.234722222222224,1.6115702479338843,22.980194444444447
2013-08-28 04:00:00,556,429.725,55.56829166666667,3.376388888888889,0.0,23.698305555555553
2013-08-28 04:00:00,558,388.2916666666667,59.708861111111105,3.3402777777777777,0.0,23.10690277777778
2013-08-28 04:00:00,562,241.21666666666667,59.23059722222222,2.6,0.0,22.888930555555554
2013-08-28 04:00:00,564,259.54027777777776,58.15755555555556,3.841666666666667,0.0,22.848527777777775
2013-08-28 04:00:00,621,422.40694444444443,54.988388888888885,6.191666666666666,0.0,25.412458333333333
2013-08-28 04:00:00,621A,344.3958333333333,61.615500000000004,4.151388888888889,0.0,22.11625
2013-08-28 04:00:00,621C,406.09444444444443,57.62886111111111,3.5541666666666667,0.0,23.077930555555557
2013-08-28 04:00:00,621D,459.62361111111113,56.66629166666667,3.075,0.0,23.51447222222222
2013-08-28 04:00:00,621E,456.9166666666667,59.439597222222226,6.625,-1.0,22.875500000000002
2013-08-28 04:00:00,640,392.84722222222223,58.63702777777778,4.152777777777778,0.0,22.817347222222224
2013-08-28 04:00:00,644,431.0125,55.979416666666665,4.055555555555555,0.0,23.533291666666667
2013-08-28 04:00:00,648,91.55694444444444,53.15861111111111,3.609722222222222,0.0,24.080180555555554
2013-08-28 04:00:00,656A,420.48055555555555,57.231208333333335,4.595833333333333,0.0,23.458125
2013-08-28 04:00:00,656B,426.3092926490985,52.40204166666667,3.316666666666667,0.0,24.674888888888887
2013-08-28 04:00:00,664,307.2125,54.86838888888889,3.111111111111111,0.0,23.823652777777777
2013-08-28 04:00:00,666,391.5597222222222,59.41495833333333,3.348611111111111,0.0,22.840902777777778
2013-08-28 04:00:00,668,357.6,61.66016666666667,2167.2347222222224,3.8733153638814017,22.296722222222222
2013-08-28 04:00:00,717,361.85555555555555,56.87323611111112,4.002777777777778,0.0,23.157097222222223
2013-08-28 04:00:00,719,394.2319444444444,57.608847222222224,3.4680555555555554,0.0,23.132375000000003
2013-08-28 04:00:00,721,305.1722222222222,56.539458333333336,3.551388888888889,0.0,22.433736111111113
2013-08-28 04:00:00,722,321.2402777777778,54.32123611111111,3.7319444444444443,0.0,23.043166666666664
2013-08-28 04:00:00,723,367.18333333333334,62.292125000000006,2.9097222222222223,0.0,21.99515277777778
2013-08-28 04:00:00,724,179.925,56.60197222222222,4.706944444444445,0.0,23.394875000000003
2013-08-28 04:00:00,726,370.0,53.18173611111111,3.1777777777777776,0.0,24.313791666666667
2013-08-28 04:00:00,734,299.4736111111111,53.084916666666665,4.501388888888889,0.0,24.393541666666664
2013-08-28 04:00:00,746,589.4236111111111,60.958625,21.136111111111113,22.29157667386609,22.292361111111113
2013-08-28 04:00:00,748,463.59444444444443,56.68658807212205,2.9195561719833565,0.0,23.171178918169208
2013-08-28 04:00:00,752,387.4791666666667,49.154375,4.248611111111111,0.0,25.663291666666666
2013-08-28 04:00:00,754,374.9291666666667,54.99137309292649,3.6879334257975036,0.0,23.687239944521497
2013-08-28 04:00:00,776,491.8041666666667,56.13363888888889,4.3277777777777775,0.0,23.636555555555557
2013-08-28 05:00:00,413,457.40416666666664,49.04529166666667,3.875,0.0,24.309708333333337
2013-08-28 05:00:00,415,469.8486111111111,57.49304166666666,3.8222222222222224,0.0,23.24659722222222
2013-08-28 05:00:00,417,347.4347222222222,57.519264909847436,3.4160887656033285,0.0,23.377378640776698
2013-08-28 05:00:00,419,445.31111111111113,58.273916666666665,25.03472222222222,0.0,60.85772222222222
2013-08-28 05:00:00,421,330.4402777777778,58.164791666666666,18.13888888888889,0.0,23.07725
2013-08-28 05:00:00,422,404.79583333333335,58.07030555555556,27.580555555555556,0.0,23.39238888888889
2013-08-28 05:00:00,423,339.8833333333333,54.07041666666666,3.55,0.0,24.188125
2013-08-28 05:00:00,424,385.51666666666665,53.673652777777775,2.823611111111111,0.0,24.510375000000003
2013-08-28 05:00:00,442,445.4861111111111,54.83244444444445,3.9819444444444443,0.0,24.029402777777776
2013-08-28 05:00:00,446,474.06388888888887,58.895361111111114,3.2194444444444446,0.0,22.869722222222222
2013-08-28 05:00:00,448,369.6791666666667,57.96116666666667,4.101388888888889,0.0,23.369944444444446
2013-08-28 05:00:00,452,348.20972222222224,51.589166666666664,2.761111111111111,0.0,23.326208333333334
2013-08-28 05:00:00,454,324.2416666666667,58.01211565585331,3.1988716502115655,0.0,23.261833568406207
2013-08-28 05:00:00,456,406.40972222222223,56.29677918424754,3.282700421940928,0.0,23.70353023909986
2013-08-28 05:00:00,458,471.02222222222224,60.614527777777774,5.023611111111111,0.0,22.472166666666666
2013-08-28 05:00:00,462,422.1402777777778,62.43966666666666,4.030555555555556,0.0,22.522652777777775
2013-08-28 05:00:00,510,306.09722222222223,56.583402777777785,3.1930555555555555,0.0,23.522069444444444
2013-08-28 05:00:00,513,317.7125,58.53430555555555,3.658333333333333,0.0,23.021583333333336
2013-08-28 05:00:00,552,358.93194444444447,58.853875,3.4402777777777778,0.0,23.005555555555556
2013-08-28 05:00:00,554,452.28055555555557,58.822125,12.693055555555556,3.5068119891008176,23.045972222222222
2013-08-28 05:00:00,556,432.07916666666665,55.833152777777784,3.477777777777778,0.0,23.645333333333333
2013-08-28 05:00:00,558,392.33472222222224,59.884166666666665,3.5625,0.0,23.07540277777778
2013-08-28 05:00:00,562,242.4618585298197,59.39966149506347,2.7517630465444287,0.0,22.86777150916784
2013-08-28 05:00:00,564,262.4972222222222,58.439638888888894,4.188888888888889,0.0,22.78490277777778
2013-08-28 05:00:00,621,424.5597222222222,54.8395,6.152777777777778,0.0,25.252027777777776
2013-08-28 05:00:00,621A,347.06805555555553,62.42795833333333,4.063888888888889,0.0,21.853166666666667
2013-08-28 05:00:00,621C,408.62361111111113,58.581875,3.5180555555555557,0.0,22.781
2013-08-28 05:00:00,621D,462.99444444444447,57.445013888888894,3.1527777777777777,0.0,23.220694444444447
2013-08-28 05:00:00,621E,457.1673640167364,60.09745833333333,6.594444444444444,-1.0,22.629069444444443
2013-08-28 05:00:00,640,397.3097222222222,58.70670833333334,4.1375,0.0,22.78920833333333
2013-08-28 05:00:00,644,433.2916666666667,56.624375,3.9680555555555554,0.0,23.340819444444442
2013-08-28 05:00:00,648,94.9888888888889,54.09643055555556,3.5902777777777777,0.0,23.773930555555555
2013-08-28 05:00:00,656A,419.8930555555556,57.404472222222225,4.579166666666667,0.0,23.385180555555557
2013-08-28 05:00:00,656B,414.2944444444444,52.652763888888884,3.3305555555555557,0.0,24.535819444444446
2013-08-28 05:00:00,664,304.0486111111111,55.24711111111111,3.1222222222222222,0.0,23.722680555555552
2013-08-28 05:00:00,666,395.27777777777777,59.352333333333334,3.3694444444444445,0.0,22.869138888888887
2013-08-28 05:00:00,668,352.3375,61.225624999999994,2166.6194444444445,3.3850267379679146,22.453930555555555
2013-08-28 05:00:00,717,362.70972222222224,57.77612499999999,3.9833333333333334,0.0,22.859347222222222
2013-08-28 05:00:00,719,395.4555555555556,58.62393055555556,3.477777777777778,0.0,22.80602777777778
2013-08-28 05:00:00,721,306.44444444444446,58.172541666666675,3.5555555555555554,0.0,21.86548611111111
2013-08-28 05:00:00,722,324.5986111111111,54.5695,3.7125,0.0,23.00420833333333
2013-08-28 05:00:00,723,374.5208333333333,63.050625,2.9319444444444445,0.0,21.773680555555554
2013-08-28 05:00:00,724,180.82777777777778,56.91285714285714,4.699029126213592,0.0,23.350540915395285
2013-08-28 05:00:00,726,371.42083333333335,53.48025,3.220833333333333,0.0,24.249638888888892
2013-08-28 05:00:00,734,302.875,53.849375,4.523611111111111,0.0,24.136944444444442
2013-08-28 05:00:00,746,553.1319444444445,60.75972222222222,20.181944444444444,10.95631067961165,22.354694444444444
2013-08-28 05:00:00,748,467.1777777777778,56.38472144846797,2.9289693593314765,0.0,23.336225626740948
2013-08-28 05:00:00,752,395.70972222222224,48.45870833333333,4.2347222222222225,0.0,25.996180555555554
2013-08-28 05:00:00,754,377.09027777777777,55.598333333333336,3.7402777777777776,0.0,23.54513888888889
2013-08-28 05:00:00,776,493.6361111111111,57.257374999999996,3.886111111111111,0.0,23.277736111111114
2013-08-28 06:00:00,413,455.85555555555555,49.328125,3.8,0.0,24.08233333333333
2013-08-28 06:00:00,415,470.25416666666666,57.53075,3.8430555555555554,0.0,23.149152777777775
2013-08-28 06:00:00,417,349.59305555555557,57.45045833333334,3.4305555555555554,0.0,23.31147222222222
2013-08-28 06:00:00,419,448.51666666666665,58.157760778859526,25.07232267037552,0.0,69.37401947148818
2013-08-28 06:00:00,421,334.3888888888889,58.034507845934385,18.196861626248218,0.0,23.02533523537803
2013-08-28 06:00:00,422,407.14444444444445,58.33829166666666,27.575,0.0,23.213013888888888
2013-08-28 06:00:00,423,343.6548797736917,54.05780555555556,3.495833333333333,0.0,24.166208333333337
2013-08-28 06:00:00,424,389.26944444444445,53.66429166666667,2.875,0.0,24.479000000000003
2013-08-28 06:00:00,442,448.6013888888889,54.84086111111111,4.0152777777777775,0.0,23.95825
2013-08-28 06:00:00,446,474.2652777777778,58.75395833333333,3.2555555555555555,0.0,22.83447222222222
2013-08-28 06:00:00,448,374.16805555555555,57.94479166666667,3.9694444444444446,0.0,23.329902777777775
2013-08-28 06:00:00,452,350.4458333333333,51.56576388888889,2.7625,0.0,23.295319444444445
2013-08-28 06:00:00,454,325.84444444444443,58.05566666666667,3.238888888888889,0.0,23.221652777777777
2013-08-28 06:00:00,456,408.2625,56.34276388888889,3.0902777777777777,0.0,23.586555555555556
2013-08-28 06:00:00,458,460.66805555555555,63.13158333333333,3.7,0.0,21.52038888888889
2013-08-28 06:00:00,462,424.11805555555554,61.849041666666665,3.334722222222222,0.0,22.512722222222223
2013-08-28 06:00:00,510,308.18333333333334,57.605291666666666,3.6152777777777776,0.0,23.07927777777778
2013-08-28 06:00:00,513,318.39444444444445,58.99726388888889,3.5652777777777778,0.0,22.776194444444446
2013-08-28 06:00:00,552,362.24444444444447,58.66673611111111,3.3875,0.0,23.022013888888885
2013-08-28 06:00:00,554,428.23055555555555,58.67095833333333,3.647222222222222,0.0,22.954444444444444
2013-08-28 06:00:00,556,433.36944444444447,55.98170833333334,3.526388888888889,0.0,23.542194444444444
2013-08-28 06:00:00,558,393.4847222222222,59.92487500000001,3.5944444444444446,0.0,22.993305555555555
2013-08-28 06:00:00,562,245.50833333333333,59.45529166666666,2.7430555555555554,0.0,22.789597222222223
2013-08-28 06:00:00,564,265.2857142857143,58.518055555555556,4.329166666666667,0.0,22.703194444444442
2013-08-28 06:00:00,621,427.02777777777777,54.73151388888889,6.1930555555555555,0.0,25.13354166666667
2013-08-28 06:00:00,621A,347.6902777777778,62.774541666666664,4.113888888888889,0.0,21.642958333333333
2013-08-28 06:00:00,621C,412.84444444444443,59.053625000000004,3.4875,0.0,22.54498611111111
2013-08-28 06:00:00,621D,462.71805555555557,57.838944444444444,3.1166666666666667,0.0,22.967458333333333
2013-08-28 06:00:00,621E,460.3638888888889,60.533833333333334,6.658333333333333,-1.0,22.367708333333333
2013-08-28 06:00:00,640,400.2416666666667,58.622458333333334,4.122222222222222,0.0,22.71611111111111
2013-08-28 06:00:00,644,434.6361111111111,57.06202777777777,4.029166666666667,0.0,23.13536111111111
2013-08-28 06:00:00,648,100.22191400832178,54.707874999999994,3.5819444444444444,0.0,23.51383333333333
2013-08-28 06:00:00,656A,423.4075630252101,57.517291666666665,4.731944444444444,0.0,23.25513888888889
2013-08-28 06:00:00,656B,422.89166666666665,52.827930555555554,10.379166666666666,5.852861035422343,24.394347222222223
2013-08-28 06:00:00,664,306.075,55.330041666666666,3.0722222222222224,0.0,23.646916666666666
2013-08-28 06:00:00,666,396.945301542777,59.190041666666666,3.3833333333333333,0.0,22.81386111111111
2013-08-28 06:00:00,668,339.4291666666667,60.16341666666667,2164.3194444444443,7.531578947368421,22.637486111111112
2013-08-28 06:00:00,717,364.46666666666664,58.321708333333326,4.084722222222222,0.0,22.610388888888888
2013-08-28 06:00:00,719,396.52777777777777,59.213750000000005,3.3833333333333333,0.0,22.544777777777778
2013-08-28 06:00:00,721,304.98196948682386,59.300374999999995,3.563888888888889,0.0,21.448527777777777
2013-08-28 06:00:00,722,326.01944444444445,54.58326388888889,3.6694444444444443,0.0,22.96801388888889
2013-08-28 06:00:00,723,381.44444444444446,63.32091666666666,2.936111111111111,0.0,21.60401388888889
2013-08-28 06:00:00,724,181.6125,56.970083333333335,4.695833333333334,0.0,23.306666666666665
2013-08-28 06:00:00,726,371.27222222222224,53.56570833333333,3.147222222222222,0.0,24.193472222222223
2013-08-28 06:00:00,734,309.3722222222222,54.27791666666666,4.4847222222222225,3.7694300518134716,23.90284722222222
2013-08-28 06:00:00,746,579.7361111111111,61.06033333333334,27.7,13.139484978540773,22.19348611111111
2013-08-28 06:00:00,748,474.28333333333336,56.07179166666667,2.9930555555555554,0.0,23.40738888888889
2013-08-28 06:00:00,752,399.2916666666667,47.877583333333334,4.248611111111111,0.0,26.183819444444442
2013-08-28 06:00:00,754,380.20416666666665,55.75556944444445,3.629166666666667,0.0,23.452888888888893
2013-08-28 06:00:00,776,492.5541666666667,57.77513888888889,3.897222222222222,0.0,23.018930555555556
2013-08-28 07:00:00,413,450.6694444444444,49.61156944444445,3.761111111111111,0.0,23.886402777777775
2013-08-28 07:00:00,415,466.5875,57.599125,3.863888888888889,0.0,23.046361111111114
2013-08-28 07:00:00,417,344.94305555555553,57.44583333333333,3.4555555555555557,0.0,23.23076388888889
2013-08-28 07:00:00,419,444.43333333333334,58.11390277777778,25.108333333333334,0.0,62.29340277777778
2013-08-28 07:00:00,421,329.31388888888887,57.952520891364905,18.285515320334262,0.0,22.95607242339833
2013-08-28 07:00:00,422,402.44166666666666,58.56305555555556,27.533333333333335,0.0,23.07245833333333
2013-08-28 07:00:00,423,340.4736111111111,53.992625000000004,3.463888888888889,0.0,24.13941666666667
2013-08-28 07:00:00,424,385.9486111111111,53.61295833333334,2.870833333333333,0.0,24.44511111111111
2013-08-28 07:00:00,442,441.7236111111111,54.887,4.009722222222222,0.0,23.87286111111111
2013-08-28 07:00:00,446,469.92083333333335,58.68483333333334,3.3027777777777776,0.0,22.78551388888889
2013-08-28 07:00:00,448,369.9972222222222,57.85612499999999,4.075,0.0,23.301347222222223
2013-08-28 07:00:00,452,347.75694444444446,51.48755555555556,2.7708333333333335,0.0,23.259875
2013-08-28 07:00:00,454,321.74444444444447,58.04344444444444,3.2805555555555554,0.0,23.186041666666668
2013-08-28 07:00:00,456,401.40555555555557,56.46640277777777,3.176388888888889,0.0,23.464833333333335
2013-08-28 07:00:00,458,453.49444444444447,64.76784722222222,3.6333333333333333,0.0,21.043666666666667
2013-08-28 07:00:00,462,418.0472222222222,61.61625000000001,3.3208333333333333,0.0,22.470166666666668
2013-08-28 07:00:00,510,304.0861111111111,58.39513888888889,3.9,0.0,22.791902777777775
2013-08-28 07:00:00,513,308.92233009708735,59.390625,3.5055555555555555,0.0,22.58273611111111
2013-08-28 07:00:00,552,358.40416666666664,58.469458333333336,3.3569444444444443,0.0,23.02701388888889
2013-08-28 07:00:00,554,422.78333333333336,58.64033333333334,3.436111111111111,0.0,22.891847222222225
2013-08-28 07:00:00,556,430.1791666666667,56.020833333333336,3.463888888888889,0.0,23.481861111111108
2013-08-28 07:00:00,558,388.5625,59.92241666666666,3.4458333333333333,0.0,22.94202777777778
2013-08-28 07:00:00,562,241.8986111111111,59.46425,2.6416666666666666,0.0,22.738
2013-08-28 07:00:00,564,261.8333333333333,58.55283333333333,3.9763888888888888,0.0,22.653847222222222
2013-08-28 07:00:00,621,423.29305555555555,54.65020833333334,6.194444444444445,0.0,25.072805555555554
2013-08-28 07:00:00,621A,343.5541666666667,63.13458333333334,4.180555555555555,0.0,21.47726388888889
2013-08-28 07:00:00,621C,409.62361111111113,59.511875,3.4430555555555555,0.0,22.335208333333334
2013-08-28 07:00:00,621D,458.20972222222224,58.23522222222222,3.1416666666666666,0.0,22.760972222222225
2013-08-28 07:00:00,621E,455.8611111111111,60.986875000000005,6.6125,-1.0,22.136555555555557
2013-08-28 07:00:00,640,395.0805555555556,58.67154166666667,4.133333333333334,0.0,22.60902777777778
2013-08-28 07:00:00,644,430.125,57.38677777777778,4.006944444444445,0.0,22.968902777777778
2013-08-28 07:00:00,648,99.46944444444445,55.133513888888885,3.623611111111111,0.0,23.316680555555553
2013-08-28 07:00:00,656A,432.90416666666664,57.72955555555556,4.722222222222222,0.0,23.100513888888887
2013-08-28 07:00:00,656B,480.0986111111111,53.06875,28.62361111111111,12.705093833780161,24.35229166666667
2013-08-28 07:00:00,664,302.0138888888889,55.37520833333333,3.1180555555555554,0.0,23.566680555555553
2013-08-28 07:00:00,666,390.8513888888889,59.182750000000006,3.2888888888888888,0.0,22.72491666666667
2013-08-28 07:00:00,668,316.0263888888889,60.07140825035562,2148.869132290185,0.0,22.50578947368421
2013-08-28 07:00:00,717,359.56944444444446,58.730361111111115,3.970833333333333,0.0,22.424041666666668
2013-08-28 07:00:00,719,393.0375,59.68756944444445,3.4875,0.0,22.338583333333336
2013-08-28 07:00:00,721,297.93194444444447,59.987208333333335,3.5319444444444446,0.0,21.212972222222223
2013-08-28 07:00:00,722,320.2,54.56286111111111,3.6791666666666667,0.0,22.925333333333334
2013-08-28 07:00:00,723,382.6277777777778,63.512,2.8694444444444445,0.0,21.50786111111111
2013-08-28 07:00:00,724,180.18194444444444,56.975513888888884,4.663888888888889,0.0,23.25375
2013-08-28 07:00:00,726,367.6736111111111,53.587291666666665,3.202777777777778,0.0,24.131847222222223
2013-08-28 07:00:00,734,304.2708333333333,54.70647222222222,4.466666666666667,0.0,23.680722222222222
2013-08-28 07:00:00,746,570.5236111111111,60.85075,27.81388888888889,4.2,22.226805555555554
2013-08-28 07:00:00,748,475.25,55.77976388888889,3.048611111111111,0.0,23.45201388888889
2013-08-28 07:00:00,752,397.55,47.411902777777776,4.165277777777778,0.0,26.301388888888887
2013-08-28 07:00:00,754,376.1222222222222,55.87818055555556,3.6625,0.0,23.36927777777778
2013-08-28 07:00:00,776,486.78194444444443,58.29448611111111,3.7888888888888888,0.0,22.782819444444446
2013-08-28 08:00:00,413,448.8861111111111,49.867125,3.811111111111111,0.0,23.684722222222224
2013-08-28 08:00:00,415,464.72222222222223,57.633541666666666,3.890277777777778,0.0,22.945152777777775
2013-08-28 08:00:00,417,342.98055555555555,57.422958333333334,3.4458333333333333,0.0,23.149208333333334
2013-08-28 08:00:00,419,439.7013888888889,58.04883333333333,25.075,0.0,50.63330555555555
2013-08-28 08:00:00,421,326.18055555555554,57.890249999999995,18.229166666666668,0.0,22.875555555555557
2013-08-28 08:00:00,422,398.1961057023644,58.64633333333333,27.490277777777777,0.0,22.95752777777778
2013-08-28 08:00:00,423,338.525,53.86761111111111,3.5125,0.0,24.098000000000003
2013-08-28 08:00:00,424,383.44166666666666,53.530138888888885,2.9055555555555554,0.0,24.39891666666667
2013-08-28 08:00:00,442,438.7597222222222,54.85154166666667,3.879166666666667,0.0,23.80352777777778
2013-08-28 08:00:00,446,466.75,58.56921568627451,3.2563025210084033,0.0,22.73347338935574
2013-08-28 08:00:00,448,366.6972222222222,57.73822222222222,4.072222222222222,0.0,23.26172222222222
2013-08-28 08:00:00,452,344.24861111111113,51.39431944444444,2.797222222222222,0.0,23.211972222222222
2013-08-28 08:00:00,454,319.9527777777778,57.990750000000006,3.2777777777777777,0.0,23.140124999999998
2013-08-28 08:00:00,456,398.83194444444445,56.52845833333333,3.3152777777777778,0.0,23.358666666666664
2013-08-28 08:00:00,458,450.7638888888889,65.56861111111111,4.847222222222222,0.0,20.77175
2013-08-28 08:00:00,462,417.81666666666666,61.421625,3.879166666666667,0.0,22.415583333333334
2013-08-28 08:00:00,510,300.21666666666664,58.99970833333334,3.8541666666666665,0.0,22.516208333333335
2013-08-28 08:00:00,513,306.54583333333335,59.648916666666665,3.488888888888889,0.0,22.417986111111112
2013-08-28 08:00:00,552,356.7736111111111,58.303291666666674,3.2777777777777777,0.0,23.006291666666666
2013-08-28 08:00:00,554,419.0388888888889,58.60823611111111,3.261111111111111,0.0,22.811097222222223
2013-08-28 08:00:00,556,426.7236111111111,55.90416666666667,3.438888888888889,0.0,23.466013888888888
2013-08-28 08:00:00,558,385.6902777777778,59.86975,3.452777777777778,0.0,22.884333333333334
2013-08-28 08:00:00,562,239.38194444444446,59.37504166666667,2.598611111111111,0.0,22.704305555555557
2013-08-28 08:00:00,564,261.68055555555554,58.527027777777775,3.7055555555555557,0.0,22.59686111111111
2013-08-28 08:00:00,621,419.70416666666665,54.63079166666667,6.118055555555555,0.0,25.019569444444446
2013-08-28 08:00:00,621A,346.7347222222222,63.27741666666667,4.152777777777778,0.0,21.366041666666664
2013-08-28 08:00:00,621C,406.72083333333336,59.84220833333333,3.5597222222222222,0.0,22.164597222222223
2013-08-28 08:00:00,621D,455.3208333333333,58.531513888888895,3.1180555555555554,0.0,22.58275
2013-08-28 08:00:00,621E,455.74583333333334,61.290625,6.622222222222222,-1.0,21.955916666666667
2013-08-28 08:00:00,640,395.5652777777778,58.7173092926491,4.12621359223301,0.0,22.50509015256588
2013-08-28 08:00:00,644,427.03472222222223,57.59406944444445,4.05,0.0,22.835875
2013-08-28 08:00:00,648,95.05416666666666,55.484347222222226,3.548611111111111,0.0,23.13486111111111
2013-08-28 08:00:00,656A,421.3125,57.92279166666666,4.595833333333333,0.0,22.973902777777777
2013-08-28 08:00:00,656B,424.0833333333333,53.19011111111111,3.248611111111111,0.0,24.091430555555558
2013-08-28 08:00:00,664,301.175,55.416999999999994,3.084722222222222,0.0,23.48388888888889
2013-08-28 08:00:00,666,387.93194444444447,59.209833333333336,3.3041666666666667,0.0,22.634555555555554
2013-08-28 08:00:00,668,314.1347222222222,60.304972222222226,2165.373611111111,0.0,22.316555555555556
2013-08-28 08:00:00,717,356.9972222222222,59.02995839112344,3.9944521497919556,0.0,22.269542302357838
2013-08-28 08:00:00,719,388.46527777777777,60.029375,3.473611111111111,0.0,22.171902777777778
2013-08-28 08:00:00,721,294.3263888888889,60.34220833333333,3.5319444444444446,0.0,21.061083333333332
2013-08-28 08:00:00,722,318.81241184767276,54.52031944444444,3.6944444444444446,0.0,22.884444444444444
2013-08-28 08:00:00,723,381.1763888888889,63.451125,2.9680555555555554,0.0,21.456194444444446
2013-08-28 08:00:00,724,178.01944444444445,56.95781944444444,4.615277777777778,0.0,23.207666666666668
2013-08-28 08:00:00,726,365.7611111111111,53.61600000000001,3.198611111111111,0.0,24.06484722222222
2013-08-28 08:00:00,734,300.88194444444446,55.06408333333333,4.493055555555555,0.0,23.478069444444444
2013-08-28 08:00:00,746,524.9041666666667,60.51379166666667,19.130555555555556,5.326315789473684,22.183041666666668
2013-08-28 08:00:00,748,468.55694444444447,55.49019444444445,3.0305555555555554,0.0,23.48916666666667
2013-08-28 08:00:00,752,391.99583333333334,47.077861111111105,4.186111111111111,0.0,26.32673611111111
2013-08-28 08:00:00,754,373.06944444444446,55.938166666666675,3.6486111111111112,0.0,23.28527777777778
2013-08-28 08:00:00,776,484.29126213592235,58.724375,3.761111111111111,0.0,22.575875
2013-08-28 09:00:00,413,445.60277777777776,50.23380555555555,3.7444444444444445,0.0,23.499916666666664
2013-08-28 09:00:00,415,460.3222222222222,57.760555555555555,3.8152777777777778,0.0,22.842861111111112
2013-08-28 09:00:00,417,341.81666666666666,57.496583333333334,3.426388888888889,0.0,23.066041666666667
2013-08-28 09:00:00,419,437.28194444444443,58.094361111111105,25.155555555555555,0.0,57.51727777777778
2013-08-28 09:00:00,421,322.95,57.920625,18.259722222222223,0.0,22.797625
2013-08-28 09:00:00,422,395.90555555555557,58.811458333333334,27.502777777777776,0.0,22.85665277777778
2013-08-28 09:00:00,423,337.62083333333334,53.80606102635229,3.409153952843273,0.0,24.059667128987517
2013-08-28 09:00:00,424,382.1902777777778,53.51812499999999,2.811111111111111,0.0,24.34629166666667
2013-08-28 09:00:00,442,437.40555555555557,54.93166666666667,3.952777777777778,0.0,23.729055555555554
2013-08-28 09:00:00,446,465.5888888888889,58.55766666666666,3.2263888888888888,0.0,22.687319444444444
2013-08-28 09:00:00,448,366.12083333333334,57.70027777777777,4.0472222222222225,0.0,23.221249999999998
2013-08-28 09:00:00,452,343.0388888888889,51.35025,2.8375,0.0,23.174041666666668
2013-08-28 09:00:00,454,318.6338639652677,57.99487500000001,3.283333333333333,0.0,23.092333333333332
2013-08-28 09:00:00,456,396.71805555555557,56.64398611111111,3.3666666666666667,0.0,23.273569444444448
2013-08-28 09:00:00,458,447.6694444444444,66.06886111111112,5.791666666666667,0.0,20.657694444444445
2013-08-28 09:00:00,462,416.21666666666664,61.34395833333333,4.365277777777778,0.0,22.378597222222222
2013-08-28 09:00:00,510,293.64722222222224,59.582347222222225,3.7736111111111112,0.0,22.298277777777777
2013-08-28 09:00:00,513,305.65972222222223,59.93129166666667,3.5277777777777777,0.0,22.264569444444444
2013-08-28 09:00:00,552,354.46527777777777,58.200583333333334,3.3555555555555556,0.0,22.96586111111111
2013-08-28 09:00:00,554,417.25416666666666,58.638083333333334,3.3125,0.0,22.731805555555557
2013-08-28 09:00:00,556,426.21527777777777,55.82694444444444,3.4458333333333333,0.0,23.429430555555555
2013-08-28 09:00:00,558,381.8958333333333,59.86391666666666,3.388888888888889,0.0,22.81963888888889
2013-08-28 09:00:00,562,236.9638888888889,59.31370833333334,2.5625,0.0,22.661055555555556
2013-08-28 09:00:00,564,259.85277777777776,58.53993055555556,3.6847222222222222,0.0,22.532819444444442
2013-08-28 09:00:00,621,418.2319444444444,54.549375000000005,6.139204545454546,0.0,24.969722222222224
2013-08-28 09:00:00,621A,344.4,63.431625,4.1125,0.0,21.256555555555554
2013-08-28 09:00:00,621C,404.7652777777778,60.132374999999996,3.533333333333333,0.0,22.017180555555555
2013-08-28 09:00:00,621D,451.84583333333336,58.79441666666666,3.1222222222222222,0.0,22.43426388888889
2013-08-28 09:00:00,621E,455.3833333333333,61.57991666666667,6.595833333333333,-1.0,21.797416666666667
2013-08-28 09:00:00,640,394.9819444444444,58.78399999999999,4.143055555555556,0.0,22.40286111111111
2013-08-28 09:00:00,644,422.9916666666667,57.78483333333334,4.001388888888889,0.0,22.711666666666666
2013-08-28 09:00:00,648,95.47598870056497,55.77041666666666,3.5194444444444444,0.0,22.981083333333334
2013-08-28 09:00:00,656A,416.71944444444443,58.09170833333333,4.633333333333334,0.0,22.845069444444444
2013-08-28 09:00:00,656B,403.8388888888889,53.598166666666664,3.2597222222222224,0.0,23.83025
2013-08-28 09:00:00,664,300.81969486823857,55.436125000000004,3.063888888888889,0.0,23.40458333333333
2013-08-28 09:00:00,666,386.4375,59.25358333333334,3.3958333333333335,0.0,22.53863888888889
2013-08-28 09:00:00,668,313.8930555555556,60.56784722222222,2176.6555555555556,0.0,22.15672222222222
2013-08-28 09:00:00,717,355.4111111111111,59.23491666666666,4.081944444444445,0.0,22.139791666666667
2013-08-28 09:00:00,719,388.3305555555556,60.286986111111105,3.486111111111111,0.0,22.03276388888889
2013-08-28 09:00:00,721,291.45694444444445,60.573541666666664,3.5319444444444446,0.0,20.941875
2013-08-28 09:00:00,722,316.1041666666667,54.45845833333334,3.7569444444444446,0.0,22.841805555555553
2013-08-28 09:00:00,723,378.72222222222223,63.44691666666667,2.8625,0.0,21.379430555555555
2013-08-28 09:00:00,724,177.7263888888889,56.896763888888884,4.704166666666667,0.0,23.167305555555554
2013-08-28 09:00:00,726,365.3861111111111,53.579458333333335,3.158333333333333,0.0,24.016069444444444
2013-08-28 09:00:00,734,298.5375,55.440375,4.673611111111111,0.0,23.282444444444444
2013-08-28 09:00:00,746,486.4472222222222,60.782041666666665,3.5194444444444444,0.0,21.886208333333332
2013-08-28 09:00:00,748,464.1041666666667,55.23316666666666,3.0125,0.0,23.47476388888889
2013-08-28 09:00:00,752,386.1430555555556,46.857625,4.354166666666667,0.0,26.297013888888888
2013-08-28 09:00:00,754,371.8625,55.99930555555556,3.6972222222222224,0.0,23.17890277777778
2013-08-28 09:00:00,776,480.3375,59.06372222222222,3.8444444444444446,0.0,22.405347222222222
2013-08-28 10:00:00,413,442.90277777777777,50.622819444444445,3.672222222222222,0.0,23.364097222222224
2013-08-28 10:00:00,415,458.75208913649027,57.97286111111111,3.6305555555555555,0.0,22.75466666666667
2013-08-28 10:00:00,417,340.3847222222222,57.63843055555555,3.4347222222222222,0.0,23.006166666666665
2013-08-28 10:00:00,419,433.575,58.220124999999996,25.1125,0.0,57.462361111111115
2013-08-28 10:00:00,421,319.41805555555555,57.99466666666666,18.302777777777777,0.0,22.747416666666666
2013-08-28 10:00:00,422,398.02916666666664,59.01318055555555,27.575,0.0,22.796277777777778
2013-08-28 10:00:00,423,334.7652777777778,53.835486111111116,3.3930555555555557,0.0,24.023527777777776
2013-08-28 10:00:00,424,381.9111111111111,53.575583333333334,2.838888888888889,0.0,24.309319444444444
2013-08-28 10:00:00,442,435.3097222222222,55.07336111111111,3.948611111111111,0.0,23.682680555555553
2013-08-28 10:00:00,446,462.1655076495132,58.58631944444445,3.298611111111111,0.0,22.67723611111111
2013-08-28 10:00:00,448,364.6611111111111,57.729791666666664,4.05,0.0,23.199416666666668
2013-08-28 10:00:00,452,340.7125,51.368583333333326,2.7958333333333334,0.0,23.152541666666668
2013-08-28 10:00:00,454,318.49444444444447,58.04544444444445,3.3,0.0,23.064625
2013-08-28 10:00:00,456,395.0777777777778,56.823499999999996,3.3055555555555554,0.0,23.21781944444444
2013-08-28 10:00:00,458,446.85833333333335,66.31590277777778,4.6875,0.0,20.642819444444445
2013-08-28 10:00:00,462,416.15555555555557,61.37141666666666,3.9194444444444443,0.0,22.363916666666668
2013-08-28 10:00:00,510,292.4555555555556,60.18534722222222,3.8541666666666665,0.0,22.139722222222222
2013-08-28 10:00:00,513,306.05833333333334,60.31569444444444,3.547222222222222,0.0,22.148694444444445
2013-08-28 10:00:00,552,352.56944444444446,58.27145833333333,3.3569444444444443,0.0,22.91973611111111
2013-08-28 10:00:00,554,416.2597222222222,58.77829166666667,3.3375,0.0,22.677555555555557
2013-08-28 10:00:00,556,424.9861111111111,55.90945833333333,3.4277777777777776,0.0,23.375902777777778
2013-08-28 10:00:00,558,379.4847222222222,59.99245833333333,3.3916666666666666,0.0,22.768916666666666
2013-08-28 10:00:00,562,236.17777777777778,59.410916666666665,2.551388888888889,0.0,22.620958333333334
2013-08-28 10:00:00,564,260.6722222222222,58.692499999999995,3.675,0.0,22.475291666666667
2013-08-28 10:00:00,621,416.9583333333333,54.57977777777778,6.058333333333334,0.0,24.913763888888887
2013-08-28 10:00:00,621A,341.05322128851543,63.75738888888889,4.033333333333333,0.0,21.17601388888889
2013-08-28 10:00:00,621C,401.98055555555555,60.530569444444446,3.5652777777777778,0.0,21.899083333333333
2013-08-28 10:00:00,621D,450.6166666666667,59.202444444444446,3.1666666666666665,0.0,22.310305555555555
2013-08-28 10:00:00,621E,451.6986111111111,61.97658333333333,6.673611111111111,-1.0,21.67359722222222
2013-08-28 10:00:00,640,392.7986111111111,58.997194444444446,4.1125,0.0,22.330930555555558
2013-08-28 10:00:00,644,421.675,58.09359722222222,4.0472222222222225,0.0,22.601875
2013-08-28 10:00:00,648,91.45555555555555,56.13302777777778,3.5236111111111112,0.0,22.85504166666667
2013-08-28 10:00:00,656A,414.3013888888889,58.47829166666667,4.576388888888889,0.0,22.70427777777778
2013-08-28 10:00:00,656B,399.12083333333334,54.10424999999999,3.198611111111111,0.0,23.633680555555557
2013-08-28 10:00:00,664,299.09166666666664,55.589152777777784,3.0347222222222223,0.0,23.330666666666666
2013-08-28 10:00:00,666,385.71944444444443,59.53820833333334,3.3041666666666667,0.0,22.434694444444442
2013-08-28 10:00:00,668,313.06944444444446,60.97541666666667,2186.608333333333,0.0,22.03440277777778
2013-08-28 10:00:00,717,353.3958333333333,59.57313888888889,3.8916666666666666,0.0,22.028125
2013-08-28 10:00:00,719,387.20694444444445,60.66783333333334,3.4819444444444443,0.0,21.92348611111111
2013-08-28 10:00:00,721,289.53194444444443,60.93091666666667,3.370833333333333,0.0,20.839666666666666
2013-08-28 10:00:00,722,314.05694444444447,54.52608333333333,3.588888888888889,0.0,22.80584722222222
2013-08-28 10:00:00,723,377.6138888888889,63.65781944444445,2.8361111111111112,0.0,21.320486111111112
2013-08-28 10:00:00,724,175.20416666666668,56.97569444444444,4.7444444444444445,0.0,23.12940277777778
2013-08-28 10:00:00,726,360.65555555555557,53.62829403606103,3.1067961165048543,0.0,23.983619972260747
2013-08-28 10:00:00,734,297.4902777777778,55.93816666666666,5.120833333333334,0.0,23.115333333333336
2013-08-28 10:00:00,746,482.59444444444443,61.68358333333333,3.4972222222222222,0.0,21.603805555555557
2013-08-28 10:00:00,748,459.3263888888889,55.22880555555555,2.995833333333333,0.0,23.405555555555555
2013-08-28 10:00:00,752,382.0861111111111,46.65241666666667,4.298611111111111,0.0,26.317055555555555
2013-08-28 10:00:00,754,371.0388888888889,56.28483333333334,3.727777777777778,0.0,23.0705
2013-08-28 10:00:00,776,478.65694444444443,59.524902777777775,3.813888888888889,0.0,22.27175
2013-08-28 11:00:00,413,440.7986111111111,50.94381944444445,3.825,0.0,23.230249999999998
2013-08-28 11:00:00,415,457.90416666666664,58.18716666666667,3.6819444444444445,0.0,22.67504166666667
2013-08-28 11:00:00,417,338.34027777777777,57.769444444444446,3.4611111111111112,0.0,22.951722222222223
2013-08-28 11:00:00,419,429.84797768479774,58.342416666666665,25.268055555555556,0.0,58.18219444444445
2013-08-28 11:00:00,421,319.6694444444444,58.072916666666664,18.21388888888889,0.0,22.70145833333333
2013-08-28 11:00:00,422,395.2861111111111,59.174958333333336,27.476388888888888,0.0,22.737166666666667
2013-08-28 11:00:00,423,334.77777777777777,53.90495833333333,3.3305555555555557,0.0,23.979930555555555
2013-08-28 11:00:00,424,379.9111111111111,53.64993055555555,2.8583333333333334,0.0,24.27011111111111
2013-08-28 11:00:00,442,434.2125,55.18052704576977,3.997226074895978,0.0,23.63685159500693
2013-08-28 11:00:00,446,463.5507649513213,58.635749999999994,3.3625,0.0,22.648805555555555
2013-08-28 11:00:00,448,363.6902777777778,57.74977777777777,4.0,0.0,23.186666666666667
2013-08-28 11:00:00,452,340.9513888888889,51.43081460674157,2.723314606741573,0.0,23.125435393258428
2013-08-28 11:00:00,454,315.46805555555557,58.108263888888885,3.2805555555555554,0.0,23.03523611111111
2013-08-28 11:00:00,456,394.31388888888887,56.89854166666666,3.2041666666666666,0.0,23.187333333333335
2013-08-28 11:00:00,458,445.6361111111111,66.40159722222222,3.6638888888888888,0.0,20.622652777777777
2013-08-28 11:00:00,462,414.40416666666664,61.39308333333334,3.3041666666666667,0.0,22.331722222222222
2013-08-28 11:00:00,510,290.2986111111111,60.725,3.8291666666666666,0.0,21.96602777777778
2013-08-28 11:00:00,513,302.87083333333334,60.59195833333333,3.529166666666667,0.0,22.061597222222222
2013-08-28 11:00:00,552,350.4263888888889,58.322916666666664,3.220833333333333,0.0,22.88613888888889
2013-08-28 11:00:00,554,417.44166666666666,58.88904166666667,3.3375,0.0,22.62313888888889
2013-08-28 11:00:00,556,422.9583333333333,56.04847222222222,3.3805555555555555,0.0,23.304805555555554
2013-08-28 11:00:00,558,377.7638888888889,60.10320833333333,3.4138888888888888,0.0,22.724166666666665
2013-08-28 11:00:00,562,235.92083333333332,59.491416666666666,2.5861111111111112,0.0,22.58440277777778
2013-08-28 11:00:00,564,259.51666666666665,58.815000000000005,3.7444444444444445,0.0,22.430625000000003
2013-08-28 11:00:00,621,415.0652777777778,54.64329166666666,6.063888888888889,0.0,24.870361111111112
2013-08-28 11:00:00,621A,344.5444444444444,63.95825000000001,4.156944444444444,0.0,21.109916666666667
2013-08-28 11:00:00,621C,403.20416666666665,60.88916666666666,3.4833333333333334,0.0,21.796388888888888
2013-08-28 11:00:00,621D,448.8333333333333,59.51391666666666,3.1791666666666667,0.0,22.20277777777778
2013-08-28 11:00:00,621E,449.9555555555556,62.31520833333333,6.584722222222222,-1.0,21.56426388888889
2013-08-28 11:00:00,640,392.24583333333334,59.18733333333333,4.141666666666667,0.0,22.264277777777778
2013-08-28 11:00:00,644,424.6768377253814,58.46116666666667,3.9375,0.0,22.47701388888889
2013-08-28 11:00:00,648,89.9486111111111,56.46669444444444,3.6083333333333334,0.0,22.74136111111111
2013-08-28 11:00:00,656A,412.18333333333334,58.821708333333326,4.697222222222222,0.0,22.587569444444444
2013-08-28 11:00:00,656B,397.9736111111111,54.54334722222222,3.2430555555555554,0.0,23.467805555555554
2013-08-28 11:00:00,664,298.4972222222222,55.755736111111105,3.209722222222222,0.0,23.258055555555554
2013-08-28 11:00:00,666,383.37638888888887,59.88691666666667,3.3722222222222222,0.0,22.314305555555556
2013-08-28 11:00:00,668,311.9791666666667,61.327083333333334,2163.5777777777776,0.0,21.915375
2013-08-28 11:00:00,717,352.02222222222224,59.85191666666666,4.165277777777778,0.0,21.941944444444445
2013-08-28 11:00:00,719,385.0083333333333,60.97879166666667,3.5527777777777776,0.0,21.827569444444446
2013-08-28 11:00:00,721,287.7986111111111,61.20104166666667,3.5805555555555557,0.0,20.75945833333333
2013-08-28 11:00:00,722,313.8902777777778,54.60301388888889,3.7111111111111112,0.0,22.76983333333333
2013-08-28 11:00:00,723,377.3847222222222,63.7681223922114,3.022253129346314,0.0,21.274269819193325
2013-08-28 11:00:00,724,174.93472222222223,57.05840277777778,4.836111111111111,0.0,23.093555555555557
2013-08-28 11:00:00,726,361.63055555555553,53.70195833333334,3.3069444444444445,0.0,23.950125
2013-08-28 11:00:00,734,299.94166666666666,56.35970833333333,11.165277777777778,1.5331491712707181,22.97590277777778
2013-08-28 11:00:00,746,478.8388888888889,62.267041666666664,3.658333333333333,0.0,21.437958333333334
2013-08-28 11:00:00,748,458.16527777777776,55.312236111111105,4.283333333333333,0.0,23.344458333333332
2013-08-28 11:00:00,752,378.1736111111111,46.599888888888884,4.280555555555556,0.0,26.28811111111111
2013-08-28 11:00:00,754,369.16805555555555,56.542375,3.6152777777777776,0.0,22.976375
2013-08-28 11:00:00,776,476.5125,59.92154166666667,6.620833333333334,0.0,22.145791666666664
2013-08-28 12:00:00,413,441.02777777777777,51.187694444444446,3.7444444444444445,0.0,23.10151388888889
2013-08-28 12:00:00,415,457.4555555555556,58.31470833333333,3.8916666666666666,0.0,22.595208333333332
2013-08-28 12:00:00,417,337.22222222222223,57.83445833333333,3.477777777777778,0.0,22.892861111111113
2013-08-28 12:00:00,419,431.6277777777778,58.39754166666667,25.163888888888888,0.0,62.76720833333333
2013-08-28 12:00:00,421,320.3847222222222,58.06084722222222,18.176388888888887,0.0,22.654680555555558
2013-08-28 12:00:00,422,394.9513888888889,59.201791666666665,27.643055555555556,0.0,22.708319444444445
2013-08-28 12:00:00,423,334.84444444444443,53.91883333333334,3.4166666666666665,0.0,23.93836111111111
2013-08-28 12:00:00,424,380.99444444444447,53.68281944444444,2.7777777777777777,0.0,24.222055555555556
2013-08-28 12:00:00,442,436.7611111111111,55.22254166666667,3.923611111111111,0.0,23.58752777777778
2013-08-28 12:00:00,446,463.7,58.60420833333333,3.316666666666667,0.0,22.618791666666667
2013-08-28 12:00:00,448,363.39166666666665,57.70626388888889,4.036111111111111,0.0,23.165847222222222
2013-08-28 12:00:00,452,339.60833333333335,51.391,2.7375,0.0,23.10677777777778
2013-08-28 12:00:00,454,317.05,58.112,3.251388888888889,0.0,23.006055555555555
2013-08-28 12:00:00,456,393.2986111111111,56.986069444444446,3.147222222222222,0.0,23.158791666666666
2013-08-28 12:00:00,458,459.00693481276005,64.28844444444445,3.7888888888888888,0.0,21.7
2013-08-28 12:00:00,462,415.64722222222224,61.330654338549074,3.2489331436699858,0.0,22.322773826458036
2013-08-28 12:00:00,510,290.8125,60.98737500000001,3.9472222222222224,0.0,21.88427777777778
2013-08-28 12:00:00,513,304.81666666666666,60.65040277777778,3.576388888888889,0.0,22.086166666666667
2013-08-28 12:00:00,552,349.93715083798884,58.33558333333334,3.3333333333333335,0.0,22.842249999999996
2013-08-28 12:00:00,554,419.5777777777778,58.932472222222216,3.4069444444444446,1.4502762430939227,22.581819444444445
2013-08-28 12:00:00,556,424.1486111111111,55.82,3.4555555555555557,0.0,23.487805555555557
2013-08-28 12:00:00,558,376.8777777777778,59.77075000000001,3.4791666666666665,0.0,22.88361111111111
2013-08-28 12:00:00,562,237.9111111111111,59.327847222222225,2.5944444444444446,0.0,22.703958333333333
2013-08-28 12:00:00,564,258.4527777777778,58.52415492957747,3.891549295774648,0.0,22.588380281690142
2013-08-28 12:00:00,621,416.26666666666665,54.38023611111111,6.180555555555555,0.0,24.99365277777778
2013-08-28 12:00:00,621A,348.86944444444447,64.03491666666666,4.176388888888889,0.0,21.060694444444444
2013-08-28 12:00:00,621C,399.76666666666665,61.04362499999999,3.6416666666666666,0.0,21.781208333333332
2013-08-28 12:00:00,621D,450.04305555555555,59.65426388888889,3.1277777777777778,0.0,22.200555555555557
2013-08-28 12:00:00,621E,449.41456582633054,62.408833333333334,6.563888888888889,-1.0,21.552944444444446
2013-08-28 12:00:00,640,389.14444444444445,59.10238888888889,4.126388888888889,0.0,22.456097222222223
2013-08-28 12:00:00,644,423.6722222222222,58.60905555555555,4.095833333333333,0.0,22.412180555555555
2013-08-28 12:00:00,648,87.90138888888889,56.69841666666667,3.6180555555555554,0.0,22.644583333333333
2013-08-28 12:00:00,656A,414.79305555555555,59.068041666666666,4.536111111111111,0.0,22.498597222222223
2013-08-28 12:00:00,656B,399.55,54.96169444444444,3.3361111111111112,0.0,23.301097222222225
2013-08-28 12:00:00,664,298.95,55.88458333333334,3.1194444444444445,0.0,23.18601388888889
2013-08-28 12:00:00,666,385.05,60.10845833333333,3.352777777777778,0.0,22.215611111111112
2013-08-28 12:00:00,668,314.1013888888889,61.81758333333334,2147.3527777777776,0.0,21.727555555555554
2013-08-28 12:00:00,717,351.9736111111111,59.95616666666667,4.169444444444444,0.0,21.8875
2013-08-28 12:00:00,719,395.3569444444444,61.164750000000005,9.247222222222222,3.2142857142857144,21.776847222222223
2013-08-28 12:00:00,721,287.78472222222223,61.30441666666667,8.790277777777778,0.0,20.720166666666668
2013-08-28 12:00:00,722,314.175,54.57623611111111,18.12361111111111,1.5289256198347108,22.77652777777778
2013-08-28 12:00:00,723,378.4798331015299,63.750277777777775,9.470833333333333,1.6071428571428572,21.25934722222222
2013-08-28 12:00:00,724,179.84722222222223,57.05619444444444,15.365277777777777,1.451523545706371,23.089569444444447
2013-08-28 12:00:00,726,363.91527777777776,53.6625,17.1875,1.4502762430939227,23.95751388888889
2013-08-28 12:00:00,734,301.2583333333333,56.0405,11.320833333333333,0.0,23.226736111111112
2013-08-28 12:00:00,746,481.18194444444447,62.559000000000005,3.638888888888889,0.0,21.348861111111113
2013-08-28 12:00:00,748,457.95,55.28688888888889,4.5055555555555555,0.0,23.40123611111111
2013-08-28 12:00:00,752,381.2986111111111,46.638597222222224,4.197222222222222,0.0,26.282222222222224
2013-08-28 12:00:00,754,373.00416666666666,56.77475,3.7555555555555555,0.0,22.874624999999998
2013-08-28 12:00:00,776,483.78472222222223,59.64923611111111,7.156944444444444,0.0,22.399875
2013-08-28 13:00:00,413,443.90972222222223,51.22943055555556,4.7027777777777775,0.0,23.074152777777776
2013-08-28 13:00:00,415,461.80833333333334,58.40397222222222,4.570833333333334,0.0,22.514458333333334
2013-08-28 13:00:00,417,340.4638888888889,57.85929166666667,4.316666666666666,0.0,22.83248611111111
2013-08-28 13:00:00,419,435.2638888888889,58.40625,26.866666666666667,0.0,45.70202777777778
2013-08-28 13:00:00,421,324.625,58.00018055555555,20.21388888888889,0.0,22.61613888888889
2013-08-28 13:00:00,422,400.96527777777777,59.07145833333333,29.525,0.0,22.701083333333333
2013-08-28 13:00:00,423,336.8208333333333,53.90606944444445,3.4555555555555557,0.0,23.886458333333334
2013-08-28 13:00:00,424,384.42083333333335,53.68518723994452,2.8640776699029127,0.0,24.168710124826628
2013-08-28 13:00:00,442,440.0946915351507,55.17686111111111,19.156944444444445,1.5289256198347108,23.576583333333332
2013-08-28 13:00:00,446,469.50694444444446,58.42918055555556,24.148611111111112,1.371191135734072,22.64538888888889
2013-08-28 13:00:00,448,368.78472222222223,57.54954166666666,26.602777777777778,0.0,23.182569444444447
2013-08-28 13:00:00,452,343.6347222222222,51.32886111111111,2.7583333333333333,0.0,23.079569444444445
2013-08-28 13:00:00,454,319.9625,58.07189151599444,3.2378303198887344,0.0,22.977273991655075
2013-08-28 13:00:00,456,399.54027777777776,56.722875,3.1319444444444446,0.0,23.260291666666667
2013-08-28 13:00:00,458,478.1111111111111,59.50677777777777,3.8361111111111112,0.0,22.964000000000002
2013-08-28 13:00:00,462,419.72777777777776,61.11270833333334,3.311111111111111,0.0,22.370069444444447
2013-08-28 13:00:00,510,295.8625,60.877625,4.7375,0.0,21.90273611111111
2013-08-28 13:00:00,513,307.6791666666667,59.550111111111114,3.5944444444444446,0.0,22.482875
2013-08-28 13:00:00,552,354.49237170596393,58.29320833333333,3.4277777777777776,0.0,22.817472222222218
2013-08-28 13:00:00,554,423.3569444444444,58.858916666666666,3.673611111111111,0.0,22.59813888888889
2013-08-28 13:00:00,556,429.6898016997167,54.99759722222222,3.575,0.0,23.727708333333336
2013-08-28 13:00:00,558,384.0027777777778,58.94423611111111,3.5722222222222224,0.0,23.141347222222223
2013-08-28 13:00:00,562,239.98194444444445,58.465111111111106,2.688888888888889,0.0,22.990819444444444
2013-08-28 13:00:00,564,258.3208333333333,57.74440277777778,4.343055555555556,0.0,22.840916666666665
2013-08-28 13:00:00,621,418.9847222222222,53.991055555555555,11.48611111111111,0.0,25.161277777777777
2013-08-28 13:00:00,621A,352.7875,64.08475,5.2347222222222225,0.0,21.02301388888889
2013-08-28 13:00:00,621C,406.4402777777778,60.73291666666666,7.086111111111111,0.0,21.912194444444445
2013-08-28 13:00:00,621D,454.3125,59.21895833333333,7.011111111111111,0.0,22.379375
2013-08-28 13:00:00,621E,454.9736111111111,61.80983333333334,7.659722222222222,-1.0,21.77352777777778
2013-08-28 13:00:00,640,385.3902777777778,57.619013888888894,4.0875,0.0,23.101930555555555
2013-08-28 13:00:00,644,427.1069444444444,58.67541666666667,4.605555555555555,0.0,22.392555555555553
2013-08-28 13:00:00,648,92.51527777777778,56.824,3.8805555555555555,0.0,22.58861111111111
2013-08-28 13:00:00,656A,419.1958333333333,59.13395833333333,4.916666666666667,0.0,22.50552777777778
2013-08-28 13:00:00,656B,402.8097222222222,55.18429166666667,3.4791666666666665,0.0,23.22843055555556
2013-08-28 13:00:00,664,301.81805555555553,55.98191666666667,3.1638888888888888,0.0,23.13848611111111
2013-08-28 13:00:00,666,388.475,60.29265785609398,3.9089574155653453,0.0,22.14588839941263
2013-08-28 13:00:00,668,316.06944444444446,62.07683333333333,2175.0625,0.0,21.65877777777778
2013-08-28 13:00:00,717,355.44444444444446,60.019375,6.001388888888889,0.0,21.847902777777776
2013-08-28 13:00:00,719,391.80555555555554,61.198249999999994,9.386111111111111,0.0,21.736208333333334
2013-08-28 13:00:00,721,290.5652777777778,61.376000000000005,7.936111111111111,0.0,20.67873611111111
2013-08-28 13:00:00,722,316.7253814147018,54.48524999999999,3.7222222222222223,0.0,22.778291666666664
2013-08-28 13:00:00,723,382.7402777777778,63.684660194174754,5.1178918169209435,0.0,21.245797503467404
2013-08-28 13:00:00,724,179.76666666666668,56.94123611111112,5.384722222222222,0.0,23.114083333333333
2013-08-28 13:00:00,726,365.2861111111111,53.52916666666667,3.2041666666666666,0.0,23.98359722222222
2013-08-28 13:00:00,734,290.6166666666667,53.97306944444445,4.9847222222222225,0.0,24.12461111111111
2013-08-28 13:00:00,746,484.2875,62.55870833333333,3.5416666666666665,0.0,21.367180555555553
2013-08-28 13:00:00,748,463.20694444444445,54.81353268428373,3.3783031988873433,0.0,23.717260083449233
2013-08-28 13:00:00,752,399.1638888888889,46.28648611111111,13.444444444444445,4.723118279569892,26.533486111111113
2013-08-28 13:00:00,754,375.66805555555555,56.87141666666666,3.6569444444444446,0.0,22.841875
2013-08-28 13:00:00,776,490.6847222222222,57.48340277777778,5.0055555555555555,0.0,23.33740277777778
2013-08-28 14:00:00,413,443.95839112343964,51.235041666666675,20.983333333333334,0.0,23.18688888888889
2013-08-28 14:00:00,415,461.12361111111113,58.74183333333334,14.863888888888889,0.0,22.475444444444445
2013-08-28 14:00:00,417,341.3930555555556,58.150972222222215,19.204166666666666,0.0,22.80483333333333
2013-08-28 14:00:00,419,435.84444444444443,58.689625,52.172222222222224,0.0,55.733875
2013-08-28 14:00:00,421,324.84027777777777,58.24275,52.03611111111111,0.0,22.596625
2013-08-28 14:00:00,422,399.27777777777777,59.260083333333334,60.4,0.0,22.717944444444445
2013-08-28 14:00:00,423,337.09583333333336,54.141291666666675,3.5458333333333334,0.0,23.853541666666665
2013-08-28 14:00:00,424,382.2027777777778,53.924625000000006,2.9347222222222222,0.0,24.13322222222222
2013-08-28 14:00:00,442,437.0682451253482,55.44020833333333,4.022222222222222,0.0,23.540888888888887
2013-08-28 14:00:00,446,467.2638888888889,58.670625,3.2319444444444443,0.0,22.628847222222223
2013-08-28 14:00:00,448,366.84027777777777,57.65338888888889,4.118055555555555,0.0,23.19909722222222
2013-08-28 14:00:00,452,344.2138888888889,51.51788888888888,2.765277777777778,0.0,23.06698611111111
2013-08-28 14:00:00,454,318.9527777777778,58.25008333333333,3.2819444444444446,0.0,22.964236111111113
2013-08-28 14:00:00,456,399.61944444444447,56.68483333333334,3.172222222222222,0.0,23.332527777777777
2013-08-28 14:00:00,458,478.0361111111111,59.028625,3.798611111111111,0.0,22.966694444444446
2013-08-28 14:00:00,462,418.47222222222223,60.75970833333333,3.3402777777777777,0.0,22.63125
2013-08-28 14:00:00,510,293.7263888888889,60.995124999999994,13.956944444444444,0.0,21.966319444444444
2013-08-28 14:00:00,513,308.61944444444447,59.31720833333333,5.002777777777778,1.5983379501385042,22.533319444444444
2013-08-28 14:00:00,552,353.2375,58.452652777777786,3.436111111111111,0.0,22.81798611111111
2013-08-28 14:00:00,554,422.76666666666665,58.93073550212164,3.633663366336634,0.0,22.636534653465347
2013-08-28 14:00:00,556,428.2652777777778,55.35933333333333,3.5597222222222222,0.0,23.56811111111111
2013-08-28 14:00:00,558,382.81944444444446,59.10424999999999,3.6194444444444445,0.0,23.076305555555553
2013-08-28 14:00:00,562,239.37222222222223,58.645583333333335,2.738888888888889,0.0,22.893791666666665
2013-08-28 14:00:00,564,258.4736111111111,57.906125,4.291666666666667,0.0,22.77029166666667
2013-08-28 14:00:00,621,419.45,53.71102777777778,166.45138888888889,0.0,25.480777777777778
2013-08-28 14:00:00,621A,350.93611111111113,64.40183333333333,23.29861111111111,0.0,21.012027777777778
2013-08-28 14:00:00,621C,406.34305555555557,60.81345833333334,64.59583333333333,0.0,21.937430555555558
2013-08-28 14:00:00,621D,454.3222222222222,59.284375,68.99305555555556,0.0,22.41038888888889
2013-08-28 14:00:00,621E,454.43055555555554,61.711958333333335,23.613888888888887,-1.0,21.844708333333333
2013-08-28 14:00:00,640,390.18055555555554,56.88373611111111,4.656944444444444,0.0,23.082930555555553
2013-08-28 14:00:00,644,428.00138888888887,58.80883333333333,14.1625,0.0,22.406986111111113
2013-08-28 14:00:00,648,91.86944444444444,57.016013888888885,8.202777777777778,0.0,22.58383333333333
2013-08-28 14:00:00,656A,417.99861111111113,59.202999999999996,12.005555555555556,0.0,22.533555555555555
2013-08-28 14:00:00,656B,403.56388888888887,55.472569444444446,7.225,0.0,23.192416666666666
2013-08-28 14:00:00,664,311.46527777777777,56.22580555555556,8.690277777777778,3.1482479784366575,23.11411111111111
2013-08-28 14:00:00,666,387.825,60.571708333333326,13.608333333333333,0.0,22.13313888888889
2013-08-28 14:00:00,668,315.24305555555554,62.292249999999996,2158.8069444444445,0.0,21.66540277777778
2013-08-28 14:00:00,717,355.46805555555557,60.23892957746479,38.17183098591549,0.0,21.837154929577462
2013-08-28 14:00:00,719,390.9888888888889,61.438916666666664,104.42361111111111,2.7220708446866486,21.72475
2013-08-28 14:00:00,721,290.04027777777776,61.600791666666666,82.86527777777778,0.0,20.67551388888889
2013-08-28 14:00:00,722,316.42083333333335,54.60633333333333,3.8444444444444446,0.0,22.76315277777778
2013-08-28 14:00:00,723,380.5763888888889,63.87641666666667,41.604166666666664,0.0,21.248875
2013-08-28 14:00:00,724,178.26944444444445,57.05313888888889,4.913888888888889,0.0,23.095375000000004
2013-08-28 14:00:00,726,364.6388888888889,53.65345833333333,3.3069444444444445,0.0,23.955694444444443
2013-08-28 14:00:00,734,291.12638888888887,52.550847222222224,7.575,0.0,24.6125
2013-08-28 14:00:00,746,485.79305555555555,62.65141666666666,4.226388888888889,0.0,21.428083333333333
2013-08-28 14:00:00,748,464.5861581920904,54.344430555555554,4.573611111111111,0.0,23.918166666666668
2013-08-28 14:00:00,752,542.8083333333333,46.519263888888894,26.863888888888887,11.237333333333334,26.659583333333334
2013-08-28 14:00:00,754,375.41109530583213,57.08395833333333,4.427777777777778,0.0,22.840361111111115
2013-08-28 14:00:00,776,493.2861111111111,55.69893055555556,12.5625,0.0,23.755194444444445
2013-08-28 15:00:00,413,445.65416666666664,51.20540277777778,58.391666666666666,0.0,23.181166666666666
2013-08-28 15:00:00,415,465.66805555555555,58.73766666666667,38.1,0.0,22.530291666666667
2013-08-28 15:00:00,417,343.5416666666667,58.08970833333333,53.36388888888889,0.0,22.868888888888886
2013-08-28 15:00:00,419,437.06388888888887,58.64541666666666,107.125,0.0,60.429430555555555
2013-08-28 15:00:00,421,329.40277777777777,58.22968055555556,119.5875,0.0,22.64876388888889
2013-08-28 15:00:00,422,402.45,59.124375,127.35694444444445,0.0,22.784222222222223
2013-08-28 15:00:00,423,339.1,54.25054166666666,3.5875,0.0,23.831125
2013-08-28 15:00:00,424,385.75138888888887,54.003249999999994,2.852777777777778,0.0,24.12104166666667
2013-08-28 15:00:00,442,440.67083333333335,55.478722222222224,4.6,0.0,23.53725
2013-08-28 15:00:00,446,470.225,58.71679166666666,3.584722222222222,0.0,22.61284722222222
2013-08-28 15:00:00,448,369.8027777777778,57.70272222222222,4.104166666666667,0.0,23.17552777777778
2013-08-28 15:00:00,452,346.7986111111111,51.5545,2.790277777777778,0.0,23.070194444444446
2013-08-28 15:00:00,454,322.47083333333336,58.270583333333335,3.2805555555555554,0.0,22.96995833333333
2013-08-28 15:00:00,456,402.11944444444447,56.62230555555555,3.1666666666666665,0.0,23.352805555555555
2013-08-28 15:00:00,458,479.14444444444445,58.84465277777778,3.8444444444444446,0.0,22.944569444444443
2013-08-28 15:00:00,462,421.00138888888887,60.34173611111112,3.3430555555555554,0.0,22.71336111111111
2013-08-28 15:00:00,510,300.06111111111113,60.80016666666667,36.09305555555556,0.0,22.04831944444444
2013-08-28 15:00:00,513,340.78055555555557,59.235,8.05,10.928191489361701,22.56927142857143
2013-08-28 15:00:00,552,430.825,58.27073611111111,37.24027777777778,3.941018766756032,23.098388888888888
2013-08-28 15:00:00,554,428.32916666666665,58.91070931849791,3.6634214186369958,0.0,22.654895688456186
2013-08-28 15:00:00,556,458.8513888888889,55.64997222222222,18.801388888888887,12.536057692307692,23.585569444444445
2013-08-28 15:00:00,558,387.35555555555555,59.113347222222224,3.5680555555555555,0.0,23.074611111111114
2013-08-28 15:00:00,562,242.22916666666666,58.69854368932039,2.7572815533980584,0.0,22.877656033287103
2013-08-28 15:00:00,564,260.5236111111111,57.90870833333333,4.3875,0.0,22.77276388888889
2013-08-28 15:00:00,621,426.29027777777776,52.97149791955617,166.4507628294036,0.0,25.741666666666667
2013-08-28 15:00:00,621A,354.7763888888889,64.318125,64.75277777777778,0.0,21.085805555555552
2013-08-28 15:00:00,621C,409.21527777777777,60.768375000000006,187.3625,0.0,21.98898611111111
2013-08-28 15:00:00,621D,457.66805555555555,59.18370833333333,203.76666666666668,0.0,22.460083333333333
2013-08-28 15:00:00,621E,457.28472222222223,61.6565,56.90833333333333,-1.0,21.894416666666665
2013-08-28 15:00:00,640,396.34305555555557,57.27352777777778,5.386111111111111,0.0,22.888708333333334
2013-08-28 15:00:00,644,431.2402777777778,58.75904166666667,36.92638888888889,0.0,22.456569444444444
2013-08-28 15:00:00,648,94.36805555555556,57.02166666666666,18.591666666666665,0.0,22.624111111111112
2013-08-28 15:00:00,656A,563.4819444444445,59.284083333333335,59.65694444444444,23.758551307847082,22.745583333333332
2013-08-28 15:00:00,656B,405.61944444444447,55.52145833333333,16.45138888888889,0.0,23.214527777777775
2013-08-28 15:00:00,664,389.6666666666667,56.451055555555556,25.704166666666666,3.131868131868132,23.256388888888885
2013-08-28 15:00:00,666,393.09027777777777,60.54987500000001,38.083333333333336,0.0,22.186833333333333
2013-08-28 15:00:00,668,319.4972222222222,62.21679166666667,2164.6180555555557,0.0,21.708541666666665
2013-08-28 15:00:00,717,359.8152777777778,60.10675,109.28472222222223,0.0,21.948569444444445
2013-08-28 15:00:00,719,435.0625,60.90138888888889,311.5875,3.452054794520548,22.132402777777777
2013-08-28 15:00:00,721,291.44444444444446,61.348333333333336,267.9513888888889,0.0,20.83440277777778
2013-08-28 15:00:00,722,319.7,54.65666666666667,3.984722222222222,0.0,22.75980555555556
2013-08-28 15:00:00,723,383.60277777777776,63.644194444444445,119.07638888888889,0.0,21.36413888888889
2013-08-28 15:00:00,724,180.48194444444445,57.115,4.9875,0.0,23.096069444444446
2013-08-28 15:00:00,726,368.5742024965326,53.729125,3.2180555555555554,0.0,23.946833333333334
2013-08-28 15:00:00,734,301.8305555555556,51.60527777777778,11.020833333333334,0.0,24.9005
2013-08-28 15:00:00,746,490.25555555555553,62.48950000000001,5.463888888888889,0.0,21.497805555555555
2013-08-28 15:00:00,748,469.95,53.902166666666666,4.6125,0.0,23.966319444444444
2013-08-28 15:00:00,752,450.0722222222222,46.04845833333333,26.581944444444446,16.090243902439024,26.65516666666667
2013-08-28 15:00:00,754,377.99305555555554,57.00122222222222,6.270833333333333,0.0,22.917777777777776
2013-08-28 15:00:00,776,495.24305555555554,55.816875,25.50138888888889,0.0,23.445402777777776
2013-08-28 16:00:00,413,454.77777777777777,51.251416666666664,97.75972222222222,0.0,23.191083333333335
2013-08-28 16:00:00,415,472.62638888888887,58.55994444444445,62.454166666666666,0.0,22.668097222222222
2013-08-28 16:00:00,417,347.8097222222222,57.83713888888889,78.73472222222222,0.0,23.01943055555556
2013-08-28 16:00:00,419,445.8861111111111,58.39365277777778,166.5361111111111,0.0,43.56901388888889
2013-08-28 16:00:00,421,361.0375,58.01040277777778,199.11944444444444,1.375,22.822166666666664
2013-08-28 16:00:00,422,409.59444444444443,58.84827777777778,192.67916666666667,0.0,22.92873611111111
2013-08-28 16:00:00,423,344.4263888888889,54.31622222222222,3.665277777777778,0.0,23.820527777777777
2013-08-28 16:00:00,424,390.68888888888887,54.06304166666666,2.9055555555555554,0.0,24.11998611111111
2013-08-28 16:00:00,442,446.30694444444447,55.60893055555555,4.902777777777778,0.0,23.51661111111111
2013-08-28 16:00:00,446,477.65,58.790000000000006,3.688888888888889,0.0,22.608972222222224
2013-08-28 16:00:00,448,375.2888888888889,57.800152777777775,4.133333333333334,0.0,23.157847222222223
2013-08-28 16:00:00,452,353.72777777777776,51.595666666666666,2.786111111111111,0.0,23.067069444444446
2013-08-28 16:00:00,454,328.6222222222222,58.333666666666666,3.2916666666666665,0.0,22.968666666666664
2013-08-28 16:00:00,456,408.97777777777776,56.65763888888889,3.175,0.0,23.353944444444444
2013-08-28 16:00:00,458,489.28055555555557,58.80983333333334,4.075,0.0,22.949569444444442
2013-08-28 16:00:00,462,428.8861111111111,60.30070833333333,3.436111111111111,0.0,22.69575
2013-08-28 16:00:00,510,307.52222222222224,60.732625,71.17777777777778,0.0,22.111763888888888
2013-08-28 16:00:00,513,390.7583333333333,59.08786111111112,11.123611111111112,16.033078880407125,22.63590277777778
2013-08-28 16:00:00,552,422.8861111111111,57.53,20.290277777777778,5.812182741116751,23.380069444444448
2013-08-28 16:00:00,554,439.6041666666667,58.94054166666666,3.676388888888889,0.0,22.66863888888889
2013-08-28 16:00:00,556,531.4319444444444,55.387680555555555,43.53194444444444,20.67412935323383,23.949361111111113
2013-08-28 16:00:00,558,394.4291666666667,59.14336111111111,3.5375,0.0,23.07497222222222
2013-08-28 16:00:00,562,247.81805555555556,58.73979166666667,2.816666666666667,0.0,22.87119444444444
2013-08-28 16:00:00,564,268.8097222222222,57.92746185852982,4.470180305131762,0.0,22.771705963938977
2013-08-28 16:00:00,621,435.775,52.671819444444445,166.5402777777778,4.107734806629834,25.835902777777775
2013-08-28 16:00:00,621A,369.53055555555557,63.957,109.8,4.265753424657534,21.297888888888888
2013-08-28 16:00:00,621C,415.81388888888887,60.551861111111116,303.73333333333335,0.0,22.12463888888889
2013-08-28 16:00:00,621D,464.74444444444447,58.952819444444444,309.9875,0.0,22.5985
2013-08-28 16:00:00,621E,466.5027777777778,61.48141666666667,87.6361111111111,-1.0,22.00711111111111
2013-08-28 16:00:00,640,403.82916666666665,57.457277777777776,7.125,0.0,22.874763888888893
2013-08-28 16:00:00,644,434.35744680851064,58.577777777777776,104.36944444444444,0.0,22.585097222222224
2013-08-28 16:00:00,648,162.0638888888889,56.99301388888889,119.52083333333333,21.449897750511248,22.871375
2013-08-28 16:00:00,656A,724.5486111111111,58.934416666666664,140.15555555555557,28.34641638225256,23.276097222222223
2013-08-28 16:00:00,656B,415.5986111111111,55.350458333333336,49.391666666666666,0.0,23.380708333333335
2013-08-28 16:00:00,664,472.1138888888889,56.370861111111104,24.227777777777778,2.947945205479452,23.495930555555557
2013-08-28 16:00:00,666,400.80694444444447,60.14684722222221,157.65694444444443,0.0,22.433527777777776
2013-08-28 16:00:00,668,324.22083333333336,62.028749999999995,2172.2972222222224,0.0,21.81613888888889
2013-08-28 16:00:00,717,369.40833333333336,59.64761111111111,158.25972222222222,0.0,22.186263888888888
2013-08-28 16:00:00,719,512.5680555555556,59.94818055555556,481.22222222222223,22.854117647058825,22.697166666666664
2013-08-28 16:00:00,721,298.85555555555555,60.519875,346.66805555555555,0.0,21.215569444444444
2013-08-28 16:00:00,722,326.1347222222222,54.69720833333333,4.090277777777778,0.0,22.761694444444448
2013-08-28 16:00:00,723,390.64166666666665,63.120250000000006,222.55833333333334,0.0,21.57813888888889
2013-08-28 16:00:00,724,186.32916666666668,57.16341666666666,5.055555555555555,0.0,23.098166666666668
2013-08-28 16:00:00,726,375.56666666666666,53.783,3.2555555555555555,0.0,23.942749999999997
2013-08-28 16:00:00,734,332.1333333333333,51.079125000000005,33.36527777777778,0.0,25.111305555555553
2013-08-28 16:00:00,746,500.64444444444445,62.20483333333334,11.631944444444445,0.0,21.670791666666666
2013-08-28 16:00:00,748,760.8458333333333,55.526809986130374,18.038834951456312,10.872282608695652,23.979320388349514
2013-08-28 16:00:00,752,458.7763888888889,46.45883333333333,28.106944444444444,8.92876712328767,26.442819444444442
2013-08-28 16:00:00,754,385.72222222222223,56.61879166666667,12.041666666666666,0.0,23.129097222222224
2013-08-28 16:00:00,776,503.95694444444445,56.06940277777778,104.16111111111111,0.0,23.477319444444447
2013-08-28 17:00:00,413,587.7208333333333,51.239986111111115,117.70277777777778,16.736040609137056,23.522013888888885
2013-08-28 17:00:00,415,486.72083333333336,58.424416666666666,47.456944444444446,0.0,22.79133333333333
2013-08-28 17:00:00,417,360.0111111111111,57.69558333333333,67.3875,0.0,23.13823611111111
2013-08-28 17:00:00,419,461.85,58.16208333333333,139.725,0.0,63.807874999999996
2013-08-28 17:00:00,421,616.7125,58.267291666666665,184.69305555555556,0.0,23.310597222222224
2013-08-28 17:00:00,422,426.09305555555557,58.68483333333334,171.53472222222223,0.0,23.046930555555555
2013-08-28 17:00:00,423,358.5736111111111,54.46659248956885,3.7468706536856744,0.0,23.821557719054244
2013-08-28 17:00:00,424,405.99583333333334,54.18472222222222,2.825,0.0,24.13227777777778
2013-08-28 17:00:00,442,463.8236111111111,55.788916666666665,4.961111111111111,0.0,23.533069444444447
2013-08-28 17:00:00,446,495.8305555555556,58.971375,3.6180555555555554,0.0,22.619875
2013-08-28 17:00:00,448,390.7625,57.97034722222222,4.259722222222222,0.0,23.153166666666664
2013-08-28 17:00:00,452,368.63194444444446,51.72966666666667,3.058333333333333,0.0,23.069930555555555
2013-08-28 17:00:00,454,342.87083333333334,58.46790277777778,3.279166666666667,0.0,22.974722222222223
2013-08-28 17:00:00,456,424.93333333333334,56.830638888888885,3.4,0.0,23.353625
2013-08-28 17:00:00,458,515.8694444444444,59.07395833333333,7.5375,4.657068062827225,22.94025
2013-08-28 17:00:00,462,446.7416666666667,60.879152777777776,3.6333333333333333,0.0,22.521805555555556
2013-08-28 17:00:00,510,328.90833333333336,60.63075,67.82916666666667,2.0,22.264888888888887
2013-08-28 17:00:00,513,435.0652777777778,59.05730555555556,15.006944444444445,14.363171355498721,22.719666666666665
2013-08-28 17:00:00,552,389.74305555555554,57.464083333333335,3.4444444444444446,0.0,23.29976388888889
2013-08-28 17:00:00,554,455.99305555555554,58.98376388888889,3.6458333333333335,0.0,22.72372222222222
2013-08-28 17:00:00,556,545.1680555555556,54.971999999999994,37.24722222222222,15.235714285714286,24.01148611111111
2013-08-28 17:00:00,558,412.49305555555554,59.300124999999994,3.661111111111111,0.0,23.078263888888888
2013-08-28 17:00:00,562,259.3236111111111,58.882333333333335,2.7888888888888888,0.0,22.868375
2013-08-28 17:00:00,564,282.5486111111111,58.05801388888889,4.416666666666667,0.0,22.778277777777777
2013-08-28 17:00:00,621,462.59583333333336,52.70469444444444,166.90833333333333,6.313186813186813,25.85688888888889
2013-08-28 17:00:00,621A,403.08194444444445,62.71704166666666,70.41527777777777,10.990407673860911,21.91097222222222
2013-08-28 17:00:00,621C,430.8722222222222,60.315041666666666,232.95,0.0,22.273819444444445
2013-08-28 17:00:00,621D,483.8222222222222,58.75304166666666,228.30833333333334,0.0,22.755791666666664
2013-08-28 17:00:00,621E,484.31805555555553,61.25020833333333,71.92916666666666,-1.0,22.164125
2013-08-28 17:00:00,640,420.31424581005587,57.66193055555555,10.855555555555556,0.0,22.960583333333332
2013-08-28 17:00:00,644,452.2138888888889,57.83011111111111,172.5402777777778,0.0,23.039458333333332
2013-08-28 17:00:00,648,375.5988857938719,56.41991666666667,219.69166666666666,29.405446293494705,23.753888888888888
2013-08-28 17:00:00,656A,596.9486111111111,57.100291666666664,195.35,15.9723991507431,24.050916666666666
2013-08-28 17:00:00,656B,435.6694444444444,54.40087447108604,74.2002820874471,0.0,24.059858956276443
2013-08-28 17:00:00,664,452.24305555555554,56.36258333333333,31.655555555555555,16.71627906976744,23.65030555555556
2013-08-28 17:00:00,666,415.5083333333333,58.28523611111112,241.0263888888889,0.0,23.383097222222226
2013-08-28 17:00:00,668,344.8222222222222,61.214375,2177.4236111111113,2.072,22.252680555555557
2013-08-28 17:00:00,717,382.6,59.185249999999996,127.5,0.0,22.42936111111111
2013-08-28 17:00:00,719,523.7847222222222,58.76888888888889,370.7388888888889,18.315555555555555,23.14563888888889
2013-08-28 17:00:00,721,318.8537271448664,59.698363384188625,165.94590846047157,0.0,21.538196948682387
2013-08-28 17:00:00,722,341.5702364394993,54.79790277777777,3.9583333333333335,0.0,22.78419444444444
2013-08-28 17:00:00,723,408.225,63.00320833333333,221.44027777777777,0.0,21.691499999999998
2013-08-28 17:00:00,724,250.15416666666667,57.51275,13.006944444444445,15.421052631578947,23.16058333333333
2013-08-28 17:00:00,726,391.7986111111111,53.84893055555556,3.386111111111111,0.0,23.976916666666668
2013-08-28 17:00:00,734,343.56111111111113,51.349472222222225,44.1625,0.0,24.841847222222224
2013-08-28 17:00:00,746,604.8640776699029,61.09202777777778,29.069444444444443,21.886654478976233,22.38409722222222
2013-08-28 17:00:00,748,910.6875,56.00263888888889,16.481944444444444,10.37912087912088,24.137708333333336
2013-08-28 17:00:00,752,531.6263888888889,46.90720833333334,27.430555555555557,6.901069518716578,26.45284722222222
2013-08-28 17:00:00,754,403.20665742024966,55.38826388888889,14.925,0.0,23.82825
2013-08-28 17:00:00,776,528.3208333333333,55.581402777777775,111.72361111111111,0.0,23.920125000000002
2013-08-28 18:00:00,413,618.225,50.75094444444444,122.80416666666666,11.437974683544304,23.744958333333333
2013-08-28 18:00:00,415,539.6652777777778,58.427416666666666,46.71666666666667,0.0,22.880041666666667
2013-08-28 18:00:00,417,404.4888888888889,57.703152777777774,75.7611111111111,0.0,23.217805555555554
2013-08-28 18:00:00,419,513.4638888888888,58.043597222222225,144.92777777777778,0.0,64.69500000000001
2013-08-28 18:00:00,421,453.04583333333335,57.89191666666667,200.9125,0.0,23.215847222222223
2013-08-28 18:00:00,422,474.53055555555557,58.71841666666667,186.59027777777777,0.0,23.12602777777778
2013-08-28 18:00:00,423,402.08194444444445,54.66448611111111,3.8375,0.0,23.83147222222222
2013-08-28 18:00:00,424,453.35833333333335,54.361875000000005,2.876388888888889,0.0,24.146694444444442
2013-08-28 18:00:00,442,519.0097222222222,55.860499999999995,5.405555555555556,0.0,23.622847222222223
2013-08-28 18:00:00,446,550.5291666666667,59.18604166666666,3.9125,0.0,22.645375
2013-08-28 18:00:00,448,436.09305555555557,58.19280555555555,4.570833333333334,0.0,23.167458333333332
2013-08-28 18:00:00,452,412.2920723226704,51.908497913769125,3.477051460361613,0.0,23.08579972183588
2013-08-28 18:00:00,454,385.27777777777777,58.64895833333333,3.390277777777778,0.0,22.990680555555556
2013-08-28 18:00:00,456,476.40972222222223,57.00298611111111,3.9458333333333333,0.0,23.380958333333336
2013-08-28 18:00:00,458,590.7277777777778,59.349443671766345,49.47844228094576,7.840425531914893,22.928317107093182
2013-08-28 18:00:00,462,505.45694444444445,63.25269444444445,4.434722222222222,0.0,21.80327777777778
2013-08-28 18:00:00,510,377.8013888888889,60.480805555555555,57.352777777777774,0.0,22.36825
2013-08-28 18:00:00,513,523.3569444444445,59.064277777777775,11.459722222222222,22.679611650485437,22.783430555555555
2013-08-28 18:00:00,552,419.9819444444444,57.58775,3.370833333333333,0.0,23.266583333333333
2013-08-28 18:00:00,554,508.7111111111111,59.06450762829404,3.6712898751733705,0.0,22.778404993065188
2013-08-28 18:00:00,556,639.4008321775312,54.80693055555555,44.32083333333333,11.162234042553191,24.209375
2013-08-28 18:00:00,558,457.34166666666664,59.4725,3.609722222222222,0.0,23.078680555555554
2013-08-28 18:00:00,562,299.90416666666664,59.067861111111114,2.7958333333333334,0.0,22.86191666666667
2013-08-28 18:00:00,564,331.1333333333333,58.184583333333336,4.2875,0.0,22.800541666666668
2013-08-28 18:00:00,621,518.4027777777778,53.01045833333333,166.86805555555554,5.760330578512397,25.787166666666664
2013-08-28 18:00:00,621A,449.81111111111113,61.045500000000004,68.72777777777777,8.260526315789473,22.452486111111114
2013-08-28 18:00:00,621C,537.9597222222222,59.72266666666667,255.61666666666667,16.643734643734643,22.764194444444446
2013-08-28 18:00:00,621D,534.2680555555555,58.62327323162274,237.6005547850208,0.0,22.87488210818308
2013-08-28 18:00:00,621E,540.2291666666666,61.152875,73.72222222222223,-1.0,22.262833333333333
2013-08-28 18:00:00,640,475.4555555555556,56.65351388888889,15.97638888888889,0.0,23.493152777777777
2013-08-28 18:00:00,644,506.7763888888889,56.52320388349515,224.3259361997226,0.0,23.719597780859917
2013-08-28 18:00:00,648,444.970792767733,54.54677329624478,281.33101529902643,25.200663349917082,24.890625869262866
2013-08-28 18:00:00,656A,525.6439499304589,54.61277227722773,172.23196605374824,0.0,24.761216407355022
2013-08-28 18:00:00,656B,486.9472222222222,52.23013888888889,90.13055555555556,4.868493150684931,25.10148611111111
2013-08-28 18:00:00,664,563.2625,55.704972222222224,33.604166666666664,20.066985645933013,24.126652777777775
2013-08-28 18:00:00,666,467.06388888888887,55.270125,267.2638888888889,0.0,24.56890277777778
2013-08-28 18:00:00,668,430.759388038943,60.312847222222224,2165.097222222222,5.2005347593582885,22.718416666666666
2013-08-28 18:00:00,717,426.125,58.797875000000005,134.15694444444443,0.0,22.62973611111111
2013-08-28 18:00:00,719,502.34444444444443,58.131708333333336,375.7472222222222,9.81074168797954,23.272805555555554
2013-08-28 18:00:00,721,366.2670375521558,59.22079276773296,169.93880389429765,0.0,21.753143254520168
2013-08-28 18:00:00,722,385.9194444444444,54.88445833333333,3.966666666666667,0.0,22.812833333333337
2013-08-28 18:00:00,723,453.63194444444446,62.82282729805014,230.13788300835654,0.0,21.808718662952646
2013-08-28 18:00:00,724,301.9568845618915,57.51936111111112,11.231944444444444,2.1163434903047094,23.31963888888889
2013-08-28 18:00:00,726,436.54659248956887,53.87606397774687,3.3713490959666204,0.0,24.032267037552156
2013-08-28 18:00:00,734,381.2055555555556,52.415277777777774,43.57222222222222,0.0,24.484041666666663
2013-08-28 18:00:00,746,667.6819444444444,58.8950138888889,34.06388888888889,16.051124744376278,23.312166666666663
2013-08-28 18:00:00,748,782.2861111111112,55.08773426573426,16.278321678321678,3.643646408839779,24.235482517482517
2013-08-28 18:00:00,752,583.9152777777778,46.85872222222222,27.636111111111113,5.791891891891892,26.56711111111111
2013-08-28 18:00:00,754,450.77468706536854,53.16201388888889,16.094444444444445,0.0,24.81977777777778
2013-08-28 18:00:00,776,592.5277777777778,54.16977808599168,70.32038834951456,0.0,24.571206657420248
2013-08-28 19:00:00,413,558.7791666666667,51.032763888888894,112.43333333333334,0.0,23.611652777777778
2013-08-28 19:00:00,415,565.6027777777778,58.504152777777776,45.26111111111111,0.0,22.974249999999998
2013-08-28 19:00:00,417,433.24444444444447,57.742638888888884,82.77222222222223,0.0,23.325027777777777
2013-08-28 19:00:00,419,541.1347222222222,58.05772222222222,145.57638888888889,0.0,64.01936111111111
2013-08-28 19:00:00,421,417.6138888888889,58.16234722222222,203.57222222222222,0.0,23.175694444444446
2013-08-28 19:00:00,422,495.3902777777778,58.73104166666666,200.49166666666667,0.0,23.246611111111115
2013-08-28 19:00:00,423,428.06805555555553,54.92066666666666,3.7597222222222224,0.0,23.849444444444444
2013-08-28 19:00:00,424,480.1986111111111,54.57501388888889,2.9444444444444446,0.0,24.176458333333333
2013-08-28 19:00:00,442,657.5819444444444,55.973,43.15972222222222,15.41388174807198,23.90445833333333
2013-08-28 19:00:00,446,576.4694444444444,59.458416666666665,3.886111111111111,0.0,22.67988888888889
2013-08-28 19:00:00,448,460.5652777777778,58.469944444444444,4.504166666666666,0.0,23.183124999999997
2013-08-28 19:00:00,452,437.0597222222222,52.13191666666667,3.4180555555555556,0.0,23.11011111111111
2013-08-28 19:00:00,454,409.77222222222224,58.86390277777778,3.4180555555555556,0.0,23.014958333333333
2013-08-28 19:00:00,456,499.225,57.25483333333334,3.890277777777778,0.0,23.409347222222223
2013-08-28 19:00:00,458,592.1291666666667,60.05977777777778,45.3875,4.190217391304348,22.803
2013-08-28 19:00:00,462,523.3652777777778,64.35175000000001,4.447222222222222,0.0,21.69598611111111
2013-08-28 19:00:00,510,391.48333333333335,60.569041666666664,57.18333333333333,0.0,22.449805555555557
2013-08-28 19:00:00,513,504.7416666666667,59.190000000000005,12.511111111111111,3.0631868131868134,22.83165277777778
2013-08-28 19:00:00,552,440.2916666666667,57.732680555555554,3.4097222222222223,0.0,23.268333333333334
2013-08-28 19:00:00,554,533.7277777777778,59.19341666666667,3.702777777777778,0.0,22.826305555555553
2013-08-28 19:00:00,556,605.2625,54.779041666666664,31.293055555555554,9.354497354497354,24.18477777777778
2013-08-28 19:00:00,558,479.0263888888889,59.66490277777778,3.591666666666667,0.0,23.09923611111111
2013-08-28 19:00:00,562,320.20972222222224,59.26475000000001,2.75,0.0,22.868861111111112
2013-08-28 19:00:00,564,352.99444444444447,58.291125,4.425,0.0,22.837777777777777
2013-08-28 19:00:00,621,539.3013888888889,53.45363888888889,166.57222222222222,5.0550964187327825,25.735541666666666
2013-08-28 19:00:00,621A,454.5138888888889,61.34279166666666,96.64444444444445,4.124309392265193,22.303430555555554
2013-08-28 19:00:00,621C,537.3222222222222,57.561749999999996,261.45972222222224,7.179144385026738,23.60829166666667
2013-08-28 19:00:00,621D,556.6513888888888,58.46630555555555,243.95,0.0,23.03413888888889
2013-08-28 19:00:00,621E,562.5910987482615,61.16441666666666,74.22916666666667,-1.0,22.361083333333333
2013-08-28 19:00:00,640,487.03198887343535,56.78001388888889,15.856944444444444,0.0,23.410777777777774
2013-08-28 19:00:00,644,540.2513888888889,54.40190277777778,239.09166666666667,0.0,24.614208333333334
2013-08-28 19:00:00,648,306.79583333333335,51.50663888888889,272.51944444444445,28.143333333333334,25.91272222222222
2013-08-28 19:00:00,656A,619.0861111111111,53.988958333333336,187.2513888888889,28.233870967741936,24.953125
2013-08-28 19:00:00,656B,569.1361111111111,50.90361111111111,115.41805555555555,10.17379679144385,25.599249999999998
2013-08-28 19:00:00,664,528.6472222222222,54.82,33.576388888888886,17.150462962962962,24.48838888888889
2013-08-28 19:00:00,666,482.9611111111111,53.826347222222225,274.83194444444445,0.0,24.787333333333336
2013-08-28 19:00:00,668,436.72083333333336,59.88140277777778,2154.733333333333,11.321052631578947,22.89725
2013-08-28 19:00:00,717,451.53472222222223,58.49959722222222,135.58333333333334,0.0,22.83473611111111
2013-08-28 19:00:00,719,552.3875,57.61977777777778,373.96527777777777,22.556338028169016,23.61786111111111
2013-08-28 19:00:00,721,387.47222222222223,58.76819444444444,175.45277777777778,0.0,21.986736111111114
2013-08-28 19:00:00,722,407.97777777777776,55.00977777777778,3.973611111111111,0.0,22.83822222222222
2013-08-28 19:00:00,723,461.52454417952316,62.50775,228.61111111111111,0.0,21.978569444444442
2013-08-28 19:00:00,724,260.59832635983264,57.38276536312849,9.743016759776536,0.18333333333333332,23.289036312849163
2013-08-28 19:00:00,726,463.15877437325906,53.925990491283684,3.3771790808240887,0.0,24.087464342313787
2013-08-28 19:00:00,734,396.75555555555553,53.179249999999996,41.076388888888886,0.0,24.330972222222222
2013-08-28 19:00:00,746,661.6611111111112,56.812555555555555,22.004166666666666,12.375280898876404,23.90977777777778
2013-08-28 19:00:00,748,752.0791666666667,54.78977777777778,16.393055555555556,10.684491978609625,24.224888888888888
2013-08-28 19:00:00,752,602.682892906815,47.33775,27.383333333333333,6.950819672131147,26.399208333333334
2013-08-28 19:00:00,754,468.1183844011142,51.158430555555555,16.288888888888888,0.0,25.60677777777778
2013-08-28 19:00:00,776,608.9375,53.383,59.643055555555556,0.0,24.824583333333333
2013-08-28 20:00:00,413,564.4819444444445,51.50080555555556,116.6,2.1735537190082646,23.58375
2013-08-28 20:00:00,415,774.1125,59.154513888888886,57.525,28.21436343852013,23.31804166666667
2013-08-28 20:00:00,417,438.06666666666666,57.81741666666667,82.68472222222222,0.0,23.437611111111114
2013-08-28 20:00:00,419,549.7027777777778,58.185375,142.71666666666667,0.0,84.18245833333333
2013-08-28 20:00:00,421,401.12916666666666,58.949554937413076,204.5326842837274,0.0,23.20452016689847
2013-08-28 20:00:00,422,501.33472222222224,58.752916666666664,220.29722222222222,0.0,23.38222222222222
2013-08-28 20:00:00,423,434.1986111111111,55.205305555555555,3.8194444444444446,0.0,23.878722222222223
2013-08-28 20:00:00,424,488.5375,54.84459722222222,2.9555555555555557,0.0,24.204250000000002
2013-08-28 20:00:00,442,729.4666666666667,55.49652777777778,49.99166666666667,15.173333333333334,24.39663888888889
2013-08-28 20:00:00,446,579.4444444444445,59.79954166666666,3.8041666666666667,0.0,22.711041666666667
2013-08-28 20:00:00,448,466.5513888888889,58.79329166666666,4.623611111111111,0.0,23.207291666666666
2013-08-28 20:00:00,452,441.41527777777776,52.38947222222222,3.5083333333333333,0.0,23.13808333333333
2013-08-28 20:00:00,454,416.9527777777778,59.1365,3.525,0.0,23.04415277777778
2013-08-28 20:00:00,456,503.27916666666664,57.494,3.941666666666667,0.0,23.45501388888889
2013-08-28 20:00:00,458,575.7555555555556,60.91095833333333,3.6847222222222222,0.0,22.65427777777778
2013-08-28 20:00:00,462,529.3652777777778,64.42716666666668,4.479166666666667,0.0,21.845972222222223
2013-08-28 20:00:00,510,397.59166666666664,60.60165277777778,59.87361111111111,0.0,22.57125
2013-08-28 20:00:00,513,527.0986111111112,59.61266666666667,13.152777777777779,26.366265060240963,22.811055555555555
2013-08-28 20:00:00,552,447.45972222222224,57.941375,3.4694444444444446,0.0,23.278083333333335
2013-08-28 20:00:00,554,540.5819444444444,59.415416666666665,3.738888888888889,0.0,22.86156944444445
2013-08-28 20:00:00,556,655.525,55.021669064748195,44.024460431654674,18.72182254196643,24.240460431654675
2013-08-28 20:00:00,558,487.13055555555553,59.9295966620306,3.5785813630041723,0.0,23.113880389429767
2013-08-28 20:00:00,562,324.03472222222223,59.54058333333334,2.7472222222222222,0.0,22.872819444444445
2013-08-28 20:00:00,564,357.5125,58.545027777777776,4.530555555555556,0.0,22.84541666666667
2013-08-28 20:00:00,621,554.4027777777778,53.70108333333333,166.64305555555555,14.71081081081081,25.808736111111113
2013-08-28 20:00:00,621A,483.75555555555553,62.17541666666667,94.30694444444444,11.863849765258216,22.22515277777778
2013-08-28 20:00:00,621C,561.2791666666667,57.82866666666666,265.1791666666667,5.623306233062331,23.52456944444444
2013-08-28 20:00:00,621D,563.1486111111111,58.296930555555555,243.1027777777778,0.0,23.214694444444447
2013-08-28 20:00:00,621E,569.4958333333333,61.15229166666667,73.18611111111112,-1.0,22.495680555555555
2013-08-28 20:00:00,640,499.9486111111111,58.10820621468927,13.620056497175142,0.0,23.052895480225988
2013-08-28 20:00:00,644,554.4736111111112,53.15969444444445,243.59722222222223,0.0,24.932930555555554
2013-08-28 20:00:00,648,296.25416666666666,49.904513888888886,236.13194444444446,29.347626339969374,26.468694444444445
2013-08-28 20:00:00,656A,621.9166666666666,54.94548611111111,150.77777777777777,28.81569965870307,24.60151388888889
2013-08-28 20:00:00,656B,549.4851904090268,50.92359722222222,101.74722222222222,13.327319587628866,25.504583333333333
2013-08-28 20:00:00,664,453.15694444444443,54.375638888888886,13.793055555555556,0.425,24.570541666666667
2013-08-28 20:00:00,666,487.46944444444443,55.516555555555556,254.7097222222222,0.0,24.098319444444446
2013-08-28 20:00:00,668,431.2708333333333,59.764513888888885,2175.5138888888887,6.363387978142076,22.986583333333332
2013-08-28 20:00:00,717,455.8861111111111,58.23585535465925,132.5605006954103,0.0,23.055535465924898
2013-08-28 20:00:00,719,646.9722222222222,57.04259722222222,365.15555555555557,28.86061588330632,24.056583333333336
2013-08-28 20:00:00,721,392.25173852573016,58.28455555555555,181.53194444444443,0.0,22.250708333333332
2013-08-28 20:00:00,722,411.1736111111111,55.090833333333336,3.873611111111111,0.0,22.901736111111113
2013-08-28 20:00:00,723,464.88055555555553,62.57759388038943,221.63143254520168,0.0,22.05481223922114
2013-08-28 20:00:00,724,254.53194444444443,57.52975,4.933333333333334,0.0,23.278
2013-08-28 20:00:00,726,467.9486111111111,54.05522222222223,3.3222222222222224,0.0,24.128916666666665
2013-08-28 20:00:00,734,409.30694444444447,53.979097222222215,29.634722222222223,0.0,24.25334722222222
2013-08-28 20:00:00,746,662.0430555555556,56.00033333333333,24.893055555555556,4.435483870967742,24.142555555555553
2013-08-28 20:00:00,748,690.7253814147018,54.83584722222222,13.35,5.603305785123967,24.21126388888889
2013-08-28 20:00:00,752,618.8833333333333,47.92958333333334,27.458333333333332,8.180371352785146,26.284569444444443
2013-08-28 20:00:00,754,473.2944444444444,50.03470833333333,12.680555555555555,0.0,26.015958333333337
2013-08-28 20:00:00,776,611.0013888888889,53.334500000000006,74.86666666666666,0.0,24.832194444444443
2013-08-28 21:00:00,413,677.4513888888889,51.59813888888888,125.4625,1.4502762430939227,23.933902777777778
2013-08-28 21:00:00,415,1029.9097222222222,58.997791666666664,59.31666666666667,29.874434389140273,23.939277777777775
2013-08-28 21:00:00,417,456.15,57.737690140845075,76.15352112676057,0.0,23.529225352112675
2013-08-28 21:00:00,419,572.2236111111112,58.21479166666667,137.25972222222222,0.0,70.32445833333334
2013-08-28 21:00:00,421,393.19054242002784,59.95731944444444,198.9138888888889,0.0,23.183527777777776
2013-08-28 21:00:00,422,518.7013888888889,58.569374999999994,224.23472222222222,0.0,23.503333333333334
2013-08-28 21:00:00,423,450.7027777777778,55.354625000000006,3.772222222222222,0.0,23.900069444444444
2013-08-28 21:00:00,424,503.3388888888889,54.96179166666666,2.923611111111111,0.0,24.233625
2013-08-28 21:00:00,442,628.3625,55.04719444444445,16.27777777777778,7.4961832061068705,24.37386111111111
2013-08-28 21:00:00,446,601.1805555555555,59.858000000000004,4.0152777777777775,0.0,22.744833333333332
2013-08-28 21:00:00,448,480.7013888888889,58.90695833333333,4.593055555555556,0.0,23.23631944444444
2013-08-28 21:00:00,452,455.3022284122563,52.51466666666667,3.5625,0.0,23.153916666666667
2013-08-28 21:00:00,454,430.7597222222222,59.268541666666664,3.5347222222222223,0.0,23.05848611111111
2013-08-28 21:00:00,456,521.7638888888889,57.50770833333334,3.970833333333333,0.0,23.49377777777778
2013-08-28 21:00:00,458,592.7555555555556,61.10454166666666,3.7472222222222222,0.0,22.610722222222225
2013-08-28 21:00:00,462,547.0917941585535,64.23908333333333,4.570833333333334,0.0,21.946569444444446
2013-08-28 21:00:00,510,414.8611111111111,60.1578611111111,71.31805555555556,0.0,22.744708333333335
2013-08-28 21:00:00,513,560.5361111111112,60.02395833333333,13.147222222222222,25.05896805896806,22.708194444444445
2013-08-28 21:00:00,552,464.64722222222224,58.08923611111111,3.4194444444444443,0.0,23.264555555555553
2013-08-28 21:00:00,554,557.0763888888889,59.47220833333333,3.6222222222222222,0.0,22.886777777777777
2013-08-28 21:00:00,556,660.0763888888889,54.78361111111111,44.11388888888889,14.246031746031745,24.355958333333334
2013-08-28 21:00:00,558,502.08194444444445,60.00991440798858,3.556348074179743,0.0,23.11830242510699
2013-08-28 21:00:00,562,336.5027777777778,59.632875,2.790277777777778,0.0,22.88115277777778
2013-08-28 21:00:00,564,372.35833333333335,58.65204166666667,4.620833333333334,0.0,22.840847222222223
2013-08-28 21:00:00,621,581.0194444444444,54.02869444444445,167.17638888888888,10.731707317073171,25.829430555555554
2013-08-28 21:00:00,621A,490.9375,61.788333333333334,114.83472222222223,6.868279569892473,22.355291666666666
2013-08-28 21:00:00,621C,693.6277777777777,57.36011111111111,267.52777777777777,15.899553571428571,23.960500000000003
2013-08-28 21:00:00,621D,581.9208333333333,57.89666666666666,235.30694444444444,0.0,23.372694444444445
2013-08-28 21:00:00,621E,583.9930555555555,60.92991666666667,70.85,-1.0,22.603819444444444
2013-08-28 21:00:00,640,520.8430555555556,58.63730555555556,10.993055555555555,0.0,22.877833333333335
2013-08-28 21:00:00,644,571.0680555555556,52.90508333333334,220.2111111111111,0.0,24.919944444444447
2013-08-28 21:00:00,648,260.8611111111111,48.15302777777778,223.6013888888889,25.704663212435232,26.952291666666667
2013-08-28 21:00:00,656A,654.1138888888889,56.14341666666667,148.92777777777778,27.556103575832307,24.186277777777775
2013-08-28 21:00:00,656B,579.1166666666667,51.18061111111111,96.5875,21.030927835051546,25.310458333333333
2013-08-28 21:00:00,664,412.34583333333336,54.31995833333334,5.4375,0.0,24.33461111111111
2013-08-28 21:00:00,666,507.90833333333336,57.248583333333336,207.94861111111112,0.0,23.478916666666667
2013-08-28 21:00:00,668,442.25138888888887,59.28706944444445,2150.45,8.682539682539682,23.10851388888889
2013-08-28 21:00:00,717,478.45694444444445,57.826347222222225,126.33888888888889,0.0,23.25048611111111
2013-08-28 21:00:00,719,613.7541666666667,56.16405555555556,358.2,16.953436807095343,24.27261111111111
2013-08-28 21:00:00,721,411.7913769123783,57.69684283727399,185.44089012517387,0.0,22.478205841446453
2013-08-28 21:00:00,722,426.77777777777777,55.05940277777778,3.948611111111111,0.0,22.93858333333333
2013-08-28 21:00:00,723,479.325,62.422333333333334,212.18194444444444,0.0,22.106305555555558
2013-08-28 21:00:00,724,268.37361111111113,57.582416666666674,5.0125,0.0,23.273541666666667
2013-08-28 21:00:00,726,484.65694444444443,54.065736111111114,3.3319444444444444,0.0,24.157694444444445
2013-08-28 21:00:00,734,452.32916666666665,54.18268055555556,40.71527777777778,12.488721804511279,24.343611111111112
2013-08-28 21:00:00,746,664.5861111111111,55.76768055555556,15.818055555555556,1.6895604395604396,24.019666666666666
2013-08-28 21:00:00,748,663.3763888888889,55.01269444444444,10.140277777777778,11.036745406824148,23.912763888888886
2013-08-28 21:00:00,752,609.2291666666666,48.238958333333336,22.0875,17.14254859611231,26.19470833333333
2013-08-28 21:00:00,754,545.5986111111112,50.03626388888889,22.083333333333332,6.537662337662337,26.12901388888889
2013-08-28 21:00:00,776,627.3291666666667,53.374556962025316,103.04078762306611,0.0,24.768649789029535
2013-08-28 22:00:00,413,670.1166666666667,50.51691666666667,135.3527777777778,1.4502762430939227,24.432250000000003
2013-08-28 22:00:00,415,774.825,58.13392757660168,105.28272980501393,5.891959798994975,23.95866295264624
2013-08-28 22:00:00,417,468.03055555555557,57.66396094839609,98.56485355648536,0.0,23.596011157601115
2013-08-28 22:00:00,419,583.9402777777777,58.104791666666664,229.27777777777777,0.0,70.38891666666666
2013-08-28 22:00:00,421,396.4122562674095,60.40325000000001,263.65972222222223,0.0,23.192277777777775
2013-08-28 22:00:00,422,532.5055555555556,58.36891666666667,280.62638888888887,0.0,23.615763888888885
2013-08-28 22:00:00,423,462.90416666666664,55.426833333333335,3.8305555555555557,0.0,23.92134722222222
2013-08-28 22:00:00,424,517.0611111111111,55.02502777777777,2.8833333333333333,0.0,24.26738888888889
2013-08-28 22:00:00,442,993.0263888888888,56.07516666666667,44.125,29.681198910081743,24.82036111111111
2013-08-28 22:00:00,446,614.7125,59.84881780250348,3.9040333796940194,0.0,22.77344923504868
2013-08-28 22:00:00,448,492.1333333333333,58.96164992826398,4.631276901004304,0.0,23.251535150645623
2013-08-28 22:00:00,452,465.8777777777778,52.557125000000006,3.536111111111111,0.0,23.170694444444447
2013-08-28 22:00:00,454,440.06388888888887,59.324375,3.536111111111111,0.0,23.078027777777777
2013-08-28 22:00:00,456,534.1069444444445,57.55233333333334,3.951388888888889,0.0,23.503458333333334
2013-08-28 22:00:00,458,619.1888888888889,61.14025,28.7125,5.975342465753425,22.650319444444445
2013-08-28 22:00:00,462,558.9402777777777,63.97879166666667,4.570833333333334,0.0,22.072708333333335
2013-08-28 22:00:00,510,424.6333333333333,59.04094444444445,194.99722222222223,0.0,23.258208333333332
2013-08-28 22:00:00,513,576.2444444444444,60.30016666666667,14.96111111111111,21.943734015345267,22.669486111111112
2013-08-28 22:00:00,552,473.8902777777778,58.201392405063295,3.4430379746835444,0.0,23.252869198312236
2013-08-28 22:00:00,554,569.4138888888889,59.51020833333333,3.647222222222222,0.0,22.914986111111112
2013-08-28 22:00:00,556,661.4097222222222,54.76858529819695,44.158113730929266,11.002645502645503,24.349306518723992
2013-08-28 22:00:00,558,513.825,60.06575589459084,3.5561719833564496,0.0,23.121456310679612
2013-08-28 22:00:00,562,347.24444444444447,59.71769444444444,2.7888888888888888,0.0,22.874541666666666
2013-08-28 22:00:00,564,384.20416666666665,58.72304166666666,4.5777777777777775,0.0,22.842819444444448
2013-08-28 22:00:00,621,594.9611111111111,54.47788888888889,167.38055555555556,11.7574931880109,25.830125
2013-08-28 22:00:00,621A,493.7083333333333,61.696416666666664,147.2875,9.75263157894737,22.371569444444447
2013-08-28 22:00:00,621C,737.1041666666666,55.23269444444445,383.0736111111111,20.63457330415755,24.81736111111111
2013-08-28 22:00:00,621D,594.5611111111111,57.55316666666666,369.2319444444444,0.0,23.520152777777774
2013-08-28 22:00:00,621E,596.3097222222223,60.696583333333336,106.50694444444444,-1.0,22.71588888888889
2013-08-28 22:00:00,640,532.8652777777778,59.04519444444445,13.020833333333334,3.803664921465969,22.76986111111111
2013-08-28 22:00:00,644,584.0180555555555,52.78826388888889,172.57638888888889,0.0,24.895458333333334
2013-08-28 22:00:00,648,260.59166666666664,48.26383333333333,202.32222222222222,26.70808678500986,26.63461111111111
2013-08-28 22:00:00,656A,553.8402777777778,56.97647222222222,114.93333333333334,0.0,23.665513888888885
2013-08-28 22:00:00,656B,581.2347222222222,51.625388888888885,88.14027777777778,12.483957219251337,25.112819444444444
2013-08-28 22:00:00,664,468.88005578800556,54.54895833333333,22.716666666666665,17.697722567287784,24.378444444444444
2013-08-28 22:00:00,666,517.975,58.568125,149.26944444444445,0.0,23.097527777777778
2013-08-28 22:00:00,668,465.7753120665742,58.85930555555555,2147.1041666666665,25.73639455782313,23.354902777777777
2013-08-28 22:00:00,717,484.6388888888889,57.41061111111111,171.36805555555554,0.0,23.407291666666666
2013-08-28 22:00:00,719,527.8763888888889,56.01861111111111,542.7097222222222,0.0,24.09786111111111
2013-08-28 22:00:00,721,419.8625,57.16511111111111,342.5888888888889,0.0,22.679444444444446
2013-08-28 22:00:00,722,438.5888888888889,55.03881944444444,4.0875,0.0,22.971833333333336
2013-08-28 22:00:00,723,486.2652777777778,62.261124260355025,248.98224852071007,0.0,22.185976331360944
2013-08-28 22:00:00,724,277.8428372739917,57.61441666666666,4.961111111111111,0.0,23.28097222222222
2013-08-28 22:00:00,726,497.96805555555557,54.04271210013908,3.357440890125174,0.0,24.193018080667592
2013-08-28 22:00:00,734,478.43611111111113,53.84225,54.18194444444445,16.58628841607565,24.617472222222226
2013-08-28 22:00:00,746,682.9777777777778,56.38180555555556,15.983333333333333,1.6115702479338843,23.742013888888888
2013-08-28 22:00:00,748,768.2277777777778,55.45825000000001,16.538888888888888,3.8642659279778395,23.93423611111111
2013-08-28 22:00:00,752,509.22083333333336,48.422736111111114,4.290277777777778,0.0,25.91952777777778
2013-08-28 22:00:00,754,501.7013888888889,49.85556944444445,12.073611111111111,0.0,25.860833333333332
2013-08-28 22:00:00,776,691.8583333333333,53.969833333333334,123.22361111111111,9.116710875331565,24.697888888888887
2013-08-28 23:00:00,413,587.5013888888889,49.704388888888886,106.40138888888889,0.0,24.574375
2013-08-28 23:00:00,415,610.4930555555555,57.84395833333333,96.57222222222222,0.0,23.699555555555555
2013-08-28 23:00:00,417,462.12638888888887,57.514250000000004,69.08888888888889,0.0,23.73616666666667
2013-08-28 23:00:00,419,574.4555555555555,58.06927777777777,199.55694444444444,0.0,58.130486111111104
2013-08-28 23:00:00,421,441.3486111111111,59.15172222222222,210.5263888888889,0.0,23.322083333333335
2013-08-28 23:00:00,422,526.6125,58.11438888888889,240.1236111111111,0.0,23.784694444444444
2013-08-28 23:00:00,423,460.19166666666666,55.55556944444444,3.702777777777778,0.0,23.945749999999997
2013-08-28 23:00:00,424,511.13055555555553,55.138124999999995,2.876388888888889,0.0,24.289180555555554
2013-08-28 23:00:00,442,805.9722222222222,55.375625,35.30972222222222,17.959923664122137,25.004916666666666
2013-08-28 23:00:00,446,605.6763888888889,59.95670833333334,4.045833333333333,0.0,22.807944444444445
2013-08-28 23:00:00,448,488.2972222222222,59.08668994413408,4.659217877094972,0.0,23.2816061452514
2013-08-28 23:00:00,452,462.94305555555553,52.667791666666666,3.477777777777778,0.0,23.191291666666665
2013-08-28 23:00:00,454,436.52990264255914,59.43145833333334,3.423611111111111,0.0,23.107041666666667
2013-08-28 23:00:00,456,527.0069444444445,57.77606944444445,3.9944444444444445,0.0,23.49594444444444
2013-08-28 23:00:00,458,607.6972222222222,61.102787794729544,8.406380027739251,3.910994764397906,22.716324549237168
2013-08-28 23:00:00,462,545.7222222222222,63.98429166666667,4.429166666666666,0.0,22.110958333333336
2013-08-28 23:00:00,510,421.0152777777778,57.34604166666667,304.0138888888889,0.0,24.026347222222224
2013-08-28 23:00:00,513,513.475,60.203833333333336,12.097222222222221,14.732984293193716,22.80209722222222
2013-08-28 23:00:00,552,470.65,58.52647222222222,3.4444444444444446,0.0,23.198305555555553
2013-08-28 23:00:00,554,582.1347222222222,59.753569444444445,3.6930555555555555,0.0,22.94304166666667
2013-08-28 23:00:00,556,622.8833333333333,54.900958333333335,26.518055555555556,5.815013404825737,24.299555555555557
2013-08-28 23:00:00,558,508.87638888888887,60.23020833333333,3.595833333333333,0.0,23.129375000000003
2013-08-28 23:00:00,562,343.64166666666665,59.907583333333335,2.7291666666666665,0.0,22.872875
2013-08-28 23:00:00,564,414.02916666666664,58.95725,17.794444444444444,4.739726027397261,22.963097222222224
2013-08-28 23:00:00,621,570.8736111111111,54.869388888888885,166.57361111111112,12.207084468664851,25.822152777777777
2013-08-28 23:00:00,621A,480.75555555555553,61.586666666666666,134.05416666666667,9.410994764397905,22.474486111111112
2013-08-28 23:00:00,621C,622.2194444444444,54.268874999999994,275.87083333333334,10.24547803617571,24.877180555555555
2013-08-28 23:00:00,621D,590.1680555555556,57.19766666666666,255.79861111111111,0.0,23.720569444444447
2013-08-28 23:00:00,621E,588.7875,60.43320833333334,80.95138888888889,-1.0,22.884708333333336
2013-08-28 23:00:00,640,522.4902777777778,59.36141666666667,13.2125,0.0,22.72361111111111
2013-08-28 23:00:00,644,561.1388888888889,54.566583333333334,138.62777777777777,0.0,24.123430555555554
2013-08-28 23:00:00,648,218.83055555555555,49.64165277777777,160.12777777777777,13.496240601503759,25.649472222222222
2013-08-28 23:00:00,656A,589.8125,58.39077777777778,130.1513888888889,19.64562118126273,23.452152777777776
2013-08-28 23:00:00,656B,538.5472222222222,52.39447222222222,64.73611111111111,3.6022099447513813,24.808208333333333
2013-08-28 23:00:00,664,592.9680555555556,54.919624999999996,31.083333333333332,18.765625,24.61747222222222
2013-08-28 23:00:00,666,510.62638888888887,59.14651388888888,118.69722222222222,0.0,23.00640277777778
2013-08-28 23:00:00,668,460.3125,55.893708333333336,2191.0680555555555,25.284936479128856,24.388388888888887
2013-08-28 23:00:00,717,473.6625,57.011472222222224,117.16666666666667,0.0,23.57336111111111
2013-08-28 23:00:00,719,510.1347222222222,56.303222222222225,387.89444444444445,0.0,23.986736111111114
2013-08-28 23:00:00,721,415.7972222222222,56.707430555555554,238.60555555555555,0.0,22.88238888888889
2013-08-28 23:00:00,722,434.43333333333334,55.139958333333325,3.995833333333333,0.0,22.986305555555553
2013-08-28 23:00:00,723,477.1402777777778,62.08958333333333,195.10416666666666,0.0,22.30013888888889
2013-08-28 23:00:00,724,276.56805555555553,57.75966666666667,4.919444444444444,0.0,23.282569444444444
2013-08-28 23:00:00,726,497.52777777777777,54.1237552155772,3.3240611961057023,0.0,24.216926286509043
2013-08-28 23:00:00,734,426.95,52.84533333333333,77.12638888888888,6.015748031496063,24.947416666666665
2013-08-28 23:00:00,746,714.4375,57.28333333333333,27.305555555555557,8.752,23.555069444444445
2013-08-28 23:00:00,748,884.9513888888889,55.84913888888889,17.052777777777777,19.019900497512438,24.05188888888889
2013-08-28 23:00:00,752,499.1277777777778,48.97501388888889,4.401388888888889,0.0,25.720069444444444
2013-08-28 23:00:00,754,493.59305555555557,50.71571627260083,11.456189151599444,0.0,25.436022253129348
2013-08-28 23:00:00,776,638.0027777777777,54.296875,91.6,5.135678391959799,24.520583333333335
2013-08-29 00:00:00,413,564.2444444444444,49.06808333333333,136.21666666666667,0.0,24.831680555555558
2013-08-29 00:00:00,415,572.5736111111111,57.946250000000006,76.84722222222223,0.0,23.580986111111113
2013-08-29 00:00:00,417,436.2,57.422333333333334,54.74583333333333,0.0,23.768819444444443
2013-08-29 00:00:00,419,544.1597222222222,58.004291666666674,169.275,0.0,77.4515
2013-08-29 00:00:00,421,427.37083333333334,58.57673611111111,181.15833333333333,0.0,23.342402777777775
2013-08-29 00:00:00,422,501.15972222222223,57.83890429958391,215.92233009708738,0.0,23.886809986130373
2013-08-29 00:00:00,423,442.4611111111111,55.57079276773297,3.6522948539638387,0.0,23.976328233657856
2013-08-29 00:00:00,424,489.95972222222224,55.14804166666667,2.9805555555555556,0.0,24.312916666666666
2013-08-29 00:00:00,442,558.2472222222223,54.73652777777778,5.133333333333334,0.0,24.614888888888892
2013-08-29 00:00:00,446,577.9055555555556,59.9625,4.006944444444445,0.0,22.82486111111111
2013-08-29 00:00:00,448,468.1388888888889,59.11452016689847,4.6481223922114046,0.0,23.30175243393602
2013-08-29 00:00:00,452,444.43134535367545,52.69445833333334,3.4458333333333333,0.0,23.208583333333333
2013-08-29 00:00:00,454,418.8125,59.41,3.515277777777778,0.0,23.143666666666665
2013-08-29 00:00:00,456,503.2944444444444,57.82716666666666,3.888888888888889,0.0,23.502166666666668
2013-08-29 00:00:00,458,573.3680555555555,61.038624999999996,6.527777777777778,0.0,22.753944444444446
2013-08-29 00:00:00,462,519.2611111111111,63.94529166666667,4.408333333333333,0.0,22.156291666666668
2013-08-29 00:00:00,510,407.92083333333335,54.59248611111111,445.2416666666667,0.0,25.071458333333336
2013-08-29 00:00:00,513,483.3638888888889,60.019,10.6875,3.3633879781420766,22.87134722222222
2013-08-29 00:00:00,552,498.5,58.85541666666667,28.505555555555556,18.4197247706422,23.305249999999997
2013-08-29 00:00:00,554,558.8777777777777,59.807,3.6805555555555554,0.0,22.968638888888886
2013-08-29 00:00:00,556,536.8291666666667,55.3655,3.613888888888889,0.0,24.005111111111113
2013-08-29 00:00:00,558,488.11944444444447,60.28341666666666,3.563888888888889,0.0,23.13152777777778
2013-08-29 00:00:00,562,323.30555555555554,59.957625,2.713888888888889,0.0,22.878722222222223
2013-08-29 00:00:00,564,366.8986111111111,58.66716666666667,16.27777777777778,1.2916666666666667,22.993055555555557
2013-08-29 00:00:00,621,530.4208333333333,55.11501388888889,165.775,1.5,25.804430555555555
2013-08-29 00:00:00,621A,442.84027777777777,61.3685,157.5361111111111,1.4542936288088644,22.500097222222223
2013-08-29 00:00:00,621C,539.0152777777778,55.09530555555556,225.19583333333333,0.0,24.292222222222225
2013-08-29 00:00:00,621D,564.225,57.00226388888888,217.07638888888889,0.0,23.766666666666666
2013-08-29 00:00:00,621E,562.9555555555555,60.16504166666667,68.47083333333333,-1.0,22.968680555555558
2013-08-29 00:00:00,640,495.5527777777778,59.70976388888889,9.884722222222223,0.0,22.609083333333334
2013-08-29 00:00:00,644,531.5097222222222,55.43966666666666,165.88194444444446,0.0,23.958930555555558
2013-08-29 00:00:00,648,263.8861111111111,51.550513888888894,157.11388888888888,16.595454545454544,25.234930555555557
2013-08-29 00:00:00,656A,533.1,57.552486111111115,109.21388888888889,3.962962962962963,23.685652777777776
2013-08-29 00:00:00,656B,509.0138888888889,53.03498611111112,58.668055555555554,0.0,24.585
2013-08-29 00:00:00,664,477.3333333333333,54.4685,12.084722222222222,0.0,24.578805555555558
2013-08-29 00:00:00,666,483.98055555555555,58.54055555555555,104.15,0.0,23.286569444444442
2013-08-29 00:00:00,668,491.37083333333334,56.084625,2156.384722222222,29.099050203527817,24.360013888888886
2013-08-29 00:00:00,717,454.44305555555553,56.81825,97.46388888888889,0.0,23.588180555555557
2013-08-29 00:00:00,719,488.49444444444447,56.61669444444444,333.9819444444444,0.0,23.835472222222222
2013-08-29 00:00:00,721,398.5597222222222,56.457055555555556,238.98888888888888,0.0,22.924930555555555
2013-08-29 00:00:00,722,418.64722222222224,55.168625000000006,3.936111111111111,0.0,22.990541666666665
2013-08-29 00:00:00,723,454.6411682892907,62.01025,178.31805555555556,0.0,22.306055555555556
2013-08-29 00:00:00,724,257.90833333333336,57.828625,4.936111111111111,0.0,23.278347222222223
2013-08-29 00:00:00,726,476.63055555555553,54.12941080196399,3.2454991816693943,0.0,24.230916530278233
2013-08-29 00:00:00,734,400.45631067961165,51.96959722222222,93.89305555555555,3.3333333333333335,25.25808333333333
2013-08-29 00:00:00,746,659.5932678821879,57.39431944444445,21.791666666666668,1.8442622950819672,23.50847222222222
2013-08-29 00:00:00,748,1074.9402777777777,55.664875,18.506944444444443,28.037209302325582,24.566902777777777
2013-08-29 00:00:00,752,477.5,49.36109874826147,4.420027816411683,0.0,25.594394993045896
2013-08-29 00:00:00,754,473.43888888888887,51.75775,9.48611111111111,0.0,24.985388888888888
2013-08-29 00:00:00,776,619.675,54.57533333333333,79.90555555555555,0.027777777777777776,24.423833333333334
2013-08-29 01:00:00,413,518.6291666666667,48.29834722222222,123.8638888888889,0.0,25.151749999999996
2013-08-29 01:00:00,415,545.9152777777778,58.072111111111106,99.7625,5.4755784061696655,23.63115277777778
2013-08-29 01:00:00,417,394.0097222222222,57.35769444444445,57.71666666666667,0.0,23.839972222222222
2013-08-29 01:00:00,419,500.4527777777778,57.91755555555555,204.65972222222223,0.0,57.43893055555555
2013-08-29 01:00:00,421,384.8777777777778,58.28929166666667,170.96527777777777,0.0,23.446805555555557
2013-08-29 01:00:00,422,453.21666666666664,57.52654166666667,183.22083333333333,0.0,24.038847222222223
2013-08-29 01:00:00,423,408.17385257301805,55.620250000000006,3.7055555555555557,0.0,24.001305555555554
2013-08-29 01:00:00,424,455.47777777777776,55.20411111111111,2.8625,0.0,24.334791666666664
2013-08-29 01:00:00,442,500.8930555555556,54.985888888888894,4.684722222222222,0.0,24.439874999999997
2013-08-29 01:00:00,446,533.0833333333334,60.04966666666667,4.038888888888889,0.0,22.840305555555556
2013-08-29 01:00:00,448,433.10277777777776,59.188583333333334,4.5875,0.0,23.317569444444448
2013-08-29 01:00:00,452,409.9972222222222,52.76477115117892,3.4632454923717058,0.0,23.221789181692095
2013-08-29 01:00:00,454,385.5444444444444,59.466282940360614,3.424410540915395,0.0,23.165769764216368
2013-08-29 01:00:00,456,465.5104022191401,57.93493055555556,3.8819444444444446,0.0,23.512777777777778
2013-08-29 01:00:00,458,521.7402777777778,61.04470833333334,6.436111111111111,0.0,22.80888888888889
2013-08-29 01:00:00,462,477.71527777777777,63.62240277777777,4.459722222222222,0.0,22.325402777777775
2013-08-29 01:00:00,510,373.43888888888887,52.44515277777778,255.5236111111111,0.0,25.656236111111113
2013-08-29 01:00:00,513,398.43055555555554,59.639125,10.720833333333333,0.0,23.084236111111114
2013-08-29 01:00:00,552,473.9583333333333,58.34448611111111,34.35,15.462068965517242,23.685999999999996
2013-08-29 01:00:00,554,507.875,59.975208333333335,6.9944444444444445,5.623376623376624,22.957069444444446
2013-08-29 01:00:00,556,492.0986111111111,55.79911111111111,3.5319444444444446,0.0,23.86951388888889
2013-08-29 01:00:00,558,451.08194444444445,60.42680555555556,3.5444444444444443,0.0,23.12886111111111
2013-08-29 01:00:00,562,293.49861111111113,60.10429166666666,2.629166666666667,0.0,22.87525
2013-08-29 01:00:00,564,324.0708333333333,58.71879166666667,4.406944444444444,0.0,22.96395833333333
2013-08-29 01:00:00,621,486.53055555555557,55.27777777777778,165.42222222222222,3.7154696132596685,25.81511111111111
2013-08-29 01:00:00,621A,393.9527777777778,61.696416666666664,124.48333333333333,0.0,22.396541666666668
2013-08-29 01:00:00,621C,474.3277777777778,56.24531944444444,255.01527777777778,0.0,23.88727777777778
2013-08-29 01:00:00,621D,520.1333333333333,56.89505555555556,280.75,0.0,23.880513888888892
2013-08-29 01:00:00,621E,523.0208623087622,60.06970833333334,88.37638888888888,-1.0,23.06175
2013-08-29 01:00:00,640,451.6972222222222,59.89054166666667,6.8875,0.0,22.619208333333333
2013-08-29 01:00:00,644,493.62083333333334,55.505805555555554,72.90972222222223,0.0,23.988041666666668
2013-08-29 01:00:00,648,183.84444444444443,51.730777777777774,51.59583333333333,9.976133651551313,25.08298611111111
2013-08-29 01:00:00,656A,479.5145631067961,57.0415,24.179166666666667,0.0,23.881055555555555
2013-08-29 01:00:00,656B,477.16805555555555,53.24395833333334,13.458333333333334,0.0,24.59409722222222
2013-08-29 01:00:00,664,447.8486111111111,54.811833333333325,21.761111111111113,14.024719101123596,24.412208333333336
2013-08-29 01:00:00,666,450.79583333333335,57.993861111111116,31.77777777777778,0.0,23.532958333333333
2013-08-29 01:00:00,668,433.50138888888887,60.03252777777777,2167.438888888889,26.076208178438662,23.062805555555556
2013-08-29 01:00:00,717,422.59027777777777,56.753625,114.16111111111111,0.0,23.656847222222222
2013-08-29 01:00:00,719,454.19166666666666,56.764624999999995,430.04027777777776,0.0,23.856916666666667
2013-08-29 01:00:00,721,365.12638888888887,56.17375,314.9486111111111,0.0,23.068055555555556
2013-08-29 01:00:00,722,385.21527777777777,55.261678224687934,3.9764216366158114,0.0,22.996837725381415
2013-08-29 01:00:00,723,413.7944444444444,62.00204166666667,179.47222222222223,0.0,22.373430555555554
2013-08-29 01:00:00,724,230.1472222222222,57.952666666666666,4.915277777777778,0.0,23.275750000000002
2013-08-29 01:00:00,726,445.025,54.22304166666666,3.3194444444444446,0.0,24.23651388888889
2013-08-29 01:00:00,734,394.9888888888889,51.54936111111111,68.47638888888889,0.0,25.436458333333334
2013-08-29 01:00:00,746,570.3,58.04204166666666,9.181944444444444,2.4277929155313354,23.212083333333336
2013-08-29 01:00:00,748,664.7375,55.04525,14.770833333333334,9.730978260869565,24.285777777777774
2013-08-29 01:00:00,752,441.09722222222223,49.613129346314324,4.310152990264256,0.0,25.574492350486786
2013-08-29 01:00:00,754,435.34166666666664,52.78952777777778,7.3875,0.0,24.61998611111111
2013-08-29 01:00:00,776,591.475,54.81952777777777,36.09166666666667,0.0,24.384569444444445
2013-08-29 02:00:00,413,470.7236111111111,48.703388888888895,9.840277777777779,0.0,25.027666666666665
2013-08-29 02:00:00,415,479.5597222222222,58.387819444444446,25.197222222222223,0.0,23.58354166666667
2013-08-29 02:00:00,417,351.1791666666667,58.03136111111111,8.248611111111112,0.0,23.71005555555556
2013-08-29 02:00:00,419,452.55,58.607552742616036,38.61040787623066,0.0,60.09119549929676
2013-08-29 02:00:00,421,335.95694444444445,59.097722222222224,28.754166666666666,0.0,23.26522222222222
2013-08-29 02:00:00,422,404.6958333333333,58.08086111111111,37.770833333333336,0.0,23.913319444444443
2013-08-29 02:00:00,423,361.1347222222222,55.903416666666665,3.3944444444444444,0.0,24.011083333333332
2013-08-29 02:00:00,424,405.7416666666667,55.49115277777777,2.873611111111111,0.0,24.33648611111111
2013-08-29 02:00:00,442,450.25138888888887,55.595888888888894,3.845833333333333,0.0,24.29272222222222
2013-08-29 02:00:00,446,479.46527777777777,60.50980555555555,3.463888888888889,0.0,22.833180555555554
2013-08-29 02:00:00,448,384.65972222222223,59.57983333333334,4.205555555555556,0.0,23.3105
2013-08-29 02:00:00,452,363.29305555555555,53.05713490959666,2.8970792767732965,0.0,23.227538247566063
2013-08-29 02:00:00,454,339.0111111111111,59.77573611111111,3.283333333333333,0.0,23.17134722222222
2013-08-29 02:00:00,456,416.29027777777776,58.323166666666665,3.2527777777777778,0.0,23.520083333333332
2013-08-29 02:00:00,458,476.8305555555556,61.47145833333333,4.415277777777778,0.0,22.846958333333337
2013-08-29 02:00:00,462,427.2,63.58170833333334,3.595833333333333,0.0,22.474430555555557
2013-08-29 02:00:00,510,321.85277777777776,54.56144444444444,9.2875,0.0,24.662541666666666
2013-08-29 02:00:00,513,338.59166666666664,59.63915277777778,4.004166666666666,0.0,23.156277777777778
2013-08-29 02:00:00,552,374.9263888888889,58.68044444444444,3.227777777777778,0.0,23.422625
2013-08-29 02:00:00,554,486.94166666666666,60.45990277777777,26.491666666666667,4.956639566395664,22.927736111111113
2013-08-29 02:00:00,556,444.8305555555556,56.337694444444445,3.426388888888889,0.0,23.783805555555556
2013-08-29 02:00:00,558,405.0361111111111,60.789125,3.466666666666667,0.0,23.11627777777778
2013-08-29 02:00:00,562,252.8111111111111,60.43268055555556,2.5027777777777778,0.0,22.871624999999998
2013-08-29 02:00:00,564,273.9138888888889,59.071666666666665,3.7569444444444446,0.0,22.922236111111115
2013-08-29 02:00:00,621,435.5652777777778,56.021680555555555,11.301388888888889,0.25277777777777777,25.594791666666666
2013-08-29 02:00:00,621A,352.35277777777776,62.41966666666667,12.115277777777777,0.0,22.21926388888889
2013-08-29 02:00:00,621C,416.81388888888887,57.40141666666666,23.258333333333333,0.0,23.537625
2013-08-29 02:00:00,621D,471.7263888888889,57.20104166666667,26.068055555555556,0.0,23.80556944444444
2013-08-29 02:00:00,621E,470.0736111111111,60.254222222222225,14.1,-1.0,23.044041666666665
2013-08-29 02:00:00,640,403.1972222222222,60.167791666666666,4.913888888888889,0.9113573407202216,22.673819444444444
2013-08-29 02:00:00,644,447.3236111111111,55.99515277777778,7.118055555555555,0.0,23.877055555555554
2013-08-29 02:00:00,648,102.40416666666667,52.62788888888889,6.708333333333333,0.0,24.659319444444442
2013-08-29 02:00:00,656A,557.3138888888889,56.927597222222225,34.275,15.650684931506849,24.16872222222222
2013-08-29 02:00:00,656B,434.2375,53.162972222222216,4.469444444444444,0.0,24.700680555555557
2013-08-29 02:00:00,664,340.59583333333336,54.91530555555555,3.138888888888889,0.0,24.301583333333333
2013-08-29 02:00:00,666,407.27916666666664,57.78450000000001,6.35,0.0,23.676916666666667
2013-08-29 02:00:00,668,331.8638888888889,61.95804166666667,2171.0416666666665,2.2479338842975207,22.463402777777777
2013-08-29 02:00:00,717,376.94166666666666,57.07902777777778,14.002777777777778,0.0,23.521472222222222
2013-08-29 02:00:00,719,408.4902777777778,57.35084722222222,38.97083333333333,0.0,23.631430555555557
2013-08-29 02:00:00,721,319.8597222222222,56.383916666666664,29.456944444444446,0.0,22.962902777777778
2013-08-29 02:00:00,722,340.37638888888887,55.462736111111106,3.745833333333333,0.0,22.99513888888889
2013-08-29 02:00:00,723,372.15972222222223,62.47145833333333,18.579166666666666,0.0,22.264875
2013-08-29 02:00:00,724,196.34583333333333,58.19219444444444,4.722222222222222,0.0,23.265708333333336
2013-08-29 02:00:00,726,393.2083333333333,54.39208333333334,3.2111111111111112,0.0,24.241138888888887
2013-08-29 02:00:00,734,330.5083333333333,52.73558333333334,6.218055555555556,1.4542936288088644,24.921333333333333
2013-08-29 02:00:00,746,642.2791666666667,59.437513888888894,27.541666666666668,19.743341404358354,23.100083333333334
2013-08-29 02:00:00,748,483.1986111111111,55.55125,3.0319444444444446,0.0,23.865916666666667
2013-08-29 02:00:00,752,395.0722222222222,49.822625,4.320833333333334,0.0,25.622291666666666
2013-08-29 02:00:00,754,390.58194444444445,53.798902777777776,3.95,0.0,24.341708333333333
2013-08-29 02:00:00,776,529.6125,55.45688888888889,6.076388888888889,0.0,24.203041666666664
2013-08-29 03:00:00,413,459.4402777777778,49.703138888888894,3.763888888888889,0.0,24.7735
2013-08-29 03:00:00,415,468.74305555555554,59.18073611111111,17.645833333333332,0.0,23.456847222222223
2013-08-29 03:00:00,417,345.775,59.08508333333334,3.426388888888889,0.0,23.53852777777778
2013-08-29 03:00:00,419,445.87638888888887,59.65045833333333,25.363888888888887,0.0,49.41751388888889
2013-08-29 03:00:00,421,328.8888888888889,60.202625,18.31388888888889,0.0,23.081833333333332
2013-08-29 03:00:00,422,402.2375,59.35554166666667,27.67361111111111,0.0,23.642777777777777
2013-08-29 03:00:00,423,343.06805555555553,56.41758333333334,3.475,0.0,23.986361111111112
2013-08-29 03:00:00,424,387.52777777777777,55.98675,2.8958333333333335,0.0,24.307722222222225
2013-08-29 03:00:00,442,445.5541666666667,56.44108333333334,3.8875,0.0,24.153625
2013-08-29 03:00:00,446,469.25416666666666,61.14312499999999,3.3027777777777776,0.0,22.8255
2013-08-29 03:00:00,448,372.5652777777778,60.11633333333334,4.129166666666666,0.0,23.314430555555553
2013-08-29 03:00:00,452,348.65972222222223,53.50754166666667,2.8041666666666667,0.0,23.23402777777778
2013-08-29 03:00:00,454,324.9916666666667,60.24633333333333,3.236111111111111,0.0,23.171736111111112
2013-08-29 03:00:00,456,404.1777777777778,58.879305555555554,3.1486111111111112,0.0,23.523791666666668
2013-08-29 03:00:00,458,475.3152777777778,62.04004166666667,3.975,0.0,22.878180555555556
2013-08-29 03:00:00,462,420.3833333333333,63.871513888888884,3.35,0.0,22.555680555555554
2013-08-29 03:00:00,510,307.4736111111111,57.40134722222222,3.0722222222222224,0.0,23.850694444444443
2013-08-29 03:00:00,513,317.2375,60.09375,3.5055555555555555,0.0,23.151597222222225
2013-08-29 03:00:00,552,360.1902777777778,59.56279166666666,3.338888888888889,0.0,23.252958333333336
2013-08-29 03:00:00,554,498.15,60.98283333333333,23.708333333333332,15.677272727272728,22.986666666666668
2013-08-29 03:00:00,556,432.5513888888889,56.893277777777776,3.473611111111111,0.0,23.755569444444443
2013-08-29 03:00:00,558,392.94166666666666,61.324958333333335,3.513888888888889,0.0,23.11011111111111
2013-08-29 03:00:00,562,242.24444444444444,60.9445,2.6486111111111112,0.0,22.871
2013-08-29 03:00:00,564,260.7361111111111,59.59465277777778,3.9055555555555554,0.0,22.895805555555555
2013-08-29 03:00:00,621,425.46944444444443,56.660875000000004,6.186111111111111,0.0,25.378027777777778
2013-08-29 03:00:00,621A,343.21666666666664,63.72318055555556,3.9166666666666665,0.0,21.949388888888887
2013-08-29 03:00:00,621C,407.2416666666667,58.9331111111111,3.5652777777777778,0.0,23.161375
2013-08-29 03:00:00,621D,461.7291666666667,58.26533333333334,3.1694444444444443,0.0,23.535347222222224
2013-08-29 03:00:00,621E,458.86509040333794,61.04083333333334,6.623611111111111,-1.0,22.88561111111111
2013-08-29 03:00:00,640,395.4472222222222,60.38784722222222,10.518055555555556,0.37777777777777777,22.795986111111112
2013-08-29 03:00:00,644,434.8277777777778,56.75048611111111,4.030555555555556,0.0,23.74470833333333
2013-08-29 03:00:00,648,91.55833333333334,53.72211111111111,3.7625,0.0,24.345694444444447
2013-08-29 03:00:00,656A,436.39722222222224,56.90515277777778,4.694444444444445,0.0,24.08334722222222
2013-08-29 03:00:00,656B,417.6625,53.53004166666666,3.2930555555555556,0.0,24.665166666666668
2013-08-29 03:00:00,664,304.13194444444446,55.47961111111111,3.102777777777778,0.0,24.145430555555553
2013-08-29 03:00:00,666,395.77916666666664,58.31633333333333,3.3694444444444445,0.0,23.598402777777775
2013-08-29 03:00:00,668,315.74305555555554,62.47075,2172.490277777778,0.0,22.479416666666665
2013-08-29 03:00:00,717,363.92233009708735,58.18230555555556,4.061111111111111,0.0,23.236833333333333
2013-08-29 03:00:00,719,397.3638888888889,58.787791666666664,3.504166666666667,0.0,23.222875000000002
2013-08-29 03:00:00,721,307.03333333333336,57.442875,3.575,0.0,22.6485
2013-08-29 03:00:00,722,324.89166666666665,55.84729166666667,3.765277777777778,0.0,22.993444444444442
2013-08-29 03:00:00,723,366.9263888888889,63.72595833333334,2.9680555555555554,0.0,22.024625
2013-08-29 03:00:00,724,182.88472222222222,58.62125,4.655555555555556,0.0,23.25548611111111
2013-08-29 03:00:00,726,375.31111111111113,54.76616666666666,3.176388888888889,0.0,24.23143055555556
2013-08-29 03:00:00,734,301.87083333333334,54.55721220527046,4.356449375866852,0.0,24.377586685159503
2013-08-29 03:00:00,746,526.0694444444445,59.985875,15.383333333333333,3.465940054495913,22.982736111111112
2013-08-29 03:00:00,748,470.1138888888889,56.16266296809986,2.969486823855756,0.0,23.804729542302358
2013-08-29 03:00:00,752,387.07916666666665,49.92241666666666,4.2625,0.0,25.805722222222222
2013-08-29 03:00:00,754,377.1375,55.12556944444445,3.6666666666666665,0.0,24.07651388888889
2013-08-29 03:00:00,776,516.3194444444445,56.31308333333333,4.268055555555556,0.0,24.03451388888889
2013-08-29 04:00:00,413,457.4638888888889,50.320277777777775,3.827777777777778,0.0,24.498763888888888
2013-08-29 04:00:00,415,469.1722222222222,59.334541666666674,17.583333333333332,0.0,23.40098611111111
2013-08-29 04:00:00,417,346.84722222222223,59.30158333333333,3.426388888888889,0.0,23.465888888888887
2013-08-29 04:00:00,419,445.55833333333334,60.15555555555556,25.1625,0.0,66.28419444444444
2013-08-29 04:00:00,421,329.04583333333335,60.27895977808599,18.16088765603329,0.0,23.05393897364771
2013-08-29 04:00:00,422,403.9375,60.061833333333325,27.616666666666667,0.0,23.406055555555557
2013-08-29 04:00:00,423,341.2597222222222,56.715944444444446,3.533333333333333,0.0,23.914416666666668
2013-08-29 04:00:00,424,386.775,56.26261474269819,2.8442280945758,0.0,24.236175243393603
2013-08-29 04:00:00,442,444.9166666666667,56.845277777777774,3.9972222222222222,0.0,24.034583333333334
2013-08-29 04:00:00,446,470.0777777777778,61.34733333333334,3.2375,0.0,22.780708333333333
2013-08-29 04:00:00,448,370.0444444444444,60.306555555555555,4.038888888888889,0.0,23.29579166666667
2013-08-29 04:00:00,452,349.12916666666666,53.70215277777778,2.8069444444444445,0.0,23.210500000000003
2013-08-29 04:00:00,454,323.1125,60.54418055555555,3.2333333333333334,0.0,23.131791666666665
2013-08-29 04:00:00,456,403.60555555555555,59.03798890429958,3.013869625520111,0.0,23.509320388349515
2013-08-29 04:00:00,458,477.5125,62.00095833333334,3.952777777777778,0.0,22.87361111111111
2013-08-29 04:00:00,462,420.15694444444443,64.17569444444445,3.286111111111111,0.0,22.441361111111114
2013-08-29 04:00:00,510,302.4875,59.022305555555555,3.363888888888889,0.0,23.32463888888889
2013-08-29 04:00:00,513,313.0513888888889,60.32225,3.588888888888889,0.0,23.043902777777777
2013-08-29 04:00:00,552,356.6657420249653,59.75570833333333,3.4402777777777778,0.0,23.21559722222222
2013-08-29 04:00:00,554,478.6069444444444,61.150875,27.64027777777778,0.5714285714285714,22.91677777777778
2013-08-29 04:00:00,556,431.9222222222222,57.13258333333333,3.5944444444444446,0.0,23.729569444444447
2013-08-29 04:00:00,558,389.6152777777778,61.46295833333333,3.5555555555555554,0.0,23.11809722222222
2013-08-29 04:00:00,562,242.58194444444445,61.12983333333334,2.775,0.0,22.866958333333333
2013-08-29 04:00:00,564,260.625,59.78275,4.352777777777778,0.0,22.878013888888887
2013-08-29 04:00:00,621,428.3041666666667,56.55483333333333,6.165277777777778,1.5290858725761773,25.42348611111111
2013-08-29 04:00:00,621A,344.34027777777777,64.51101388888888,3.9,0.0,21.685444444444446
2013-08-29 04:00:00,621C,406.9916666666667,59.911402777777774,3.4625,0.0,22.855430555555554
2013-08-29 04:00:00,621D,461.68611111111113,58.92640277777778,3.1125,0.0,23.287944444444445
2013-08-29 04:00:00,621E,462.27222222222224,61.404375,6.4430555555555555,-1.0,22.74672222222222
2013-08-29 04:00:00,640,395.79583333333335,60.26808333333333,4.113888888888889,0.0,22.798277777777777
2013-08-29 04:00:00,644,433.21527777777777,57.19133333333333,4.041666666666667,0.0,23.609375
2013-08-29 04:00:00,648,93.5111111111111,54.54651388888889,3.7805555555555554,0.0,24.051166666666667
2013-08-29 04:00:00,656A,424.4138888888889,57.395777777777774,4.590277777777778,0.0,23.855277777777776
2013-08-29 04:00:00,656B,413.0375,53.917791666666666,3.325,0.0,24.515930555555556
2013-08-29 04:00:00,664,299.64166666666665,55.826708333333336,3.1625,0.0,24.011041666666667
2013-08-29 04:00:00,666,395.374479889043,58.869,3.411111111111111,0.0,23.39523611111111
2013-08-29 04:00:00,668,315.37361111111113,61.89025,2166.2180555555556,0.0,22.626069444444447
2013-08-29 04:00:00,717,362.7013888888889,58.91634722222222,4.009722222222222,0.0,22.986222222222224
2013-08-29 04:00:00,719,394.9138888888889,59.834875000000004,3.504166666666667,0.0,22.88047222222222
2013-08-29 04:00:00,721,303.20416666666665,58.40213888888889,3.576388888888889,0.0,22.30770833333333
2013-08-29 04:00:00,722,322.8847222222222,55.95197222222222,3.7291666666666665,0.0,22.973458333333333
2013-08-29 04:00:00,723,372.06388888888887,64.38211111111112,2.941666666666667,0.0,21.817847222222223
2013-08-29 04:00:00,724,180.18472222222223,58.756,4.6722222222222225,0.0,23.24163888888889
2013-08-29 04:00:00,726,369.7708333333333,54.94555555555556,3.2194444444444446,0.0,24.193861111111115
2013-08-29 04:00:00,734,302.72083333333336,55.282444444444444,4.331944444444445,0.0,24.11633333333333
2013-08-29 04:00:00,746,502.2597222222222,60.62270833333333,4.836111111111111,0.0,22.660083333333333
2013-08-29 04:00:00,748,469.5513888888889,56.03180555555556,2.963888888888889,0.0,23.86884722222222
2013-08-29 04:00:00,752,392.24826629680996,49.56297222222223,4.269444444444445,0.0,25.989569444444445
2013-08-29 04:00:00,754,375.2361111111111,55.77126388888889,3.6930555555555555,0.0,23.893638888888887
2013-08-29 04:00:00,776,506.4263888888889,56.77226388888889,4.1930555555555555,0.0,23.859083333333334
2013-08-29 05:00:00,413,455.20694444444445,51.06645207439198,3.8698140200286124,0.0,24.280314735336194
2013-08-29 05:00:00,415,470.59305555555557,59.50300000000001,17.54722222222222,0.0,23.390111111111114
2013-08-29 05:00:00,417,347.5083333333333,59.60711111111112,3.441666666666667,0.0,23.422583333333336
2013-08-29 05:00:00,419,447.1123439667129,60.44541666666666,25.075,0.0,61.62405555555556
2013-08-29 05:00:00,421,330.90833333333336,60.38370833333333,18.21388888888889,0.0,23.052861111111113
2013-08-29 05:00:00,422,403.9625,60.82566666666667,27.593055555555555,0.0,23.233180555555556
2013-08-29 05:00:00,423,341.75416666666666,57.10497222222222,3.436111111111111,0.0,23.83875
2013-08-29 05:00:00,424,389.7527777777778,56.659957325746795,2.844950213371266,0.0,24.151337126600282
2013-08-29 05:00:00,442,444.37083333333334,57.30381944444444,3.9819444444444443,0.0,23.949083333333334
2013-08-29 05:00:00,446,472.5180555555556,61.667291666666664,3.2625,0.0,22.751083333333334
2013-08-29 05:00:00,448,371.5472222222222,60.59970833333333,4.0625,0.0,23.274652777777778
2013-08-29 05:00:00,452,350.39166666666665,53.948569444444445,2.890277777777778,0.0,23.191944444444445
2013-08-29 05:00:00,454,324.67083333333335,60.853125,3.263888888888889,0.0,23.107750000000003
2013-08-29 05:00:00,456,405.8930555555556,59.363458333333334,3.1152777777777776,0.0,23.46933333333333
2013-08-29 05:00:00,458,469.25138888888887,63.27254166666667,3.890277777777778,0.0,22.370472222222222
2013-08-29 05:00:00,462,424.5097222222222,64.60072222222223,3.388888888888889,0.0,22.41851388888889
2013-08-29 05:00:00,510,305.3388888888889,60.38656944444445,3.9055555555555554,0.0,23.00148611111111
2013-08-29 05:00:00,513,308.7236111111111,60.863625,3.588888888888889,0.0,22.931194444444444
2013-08-29 05:00:00,552,359.22083333333336,59.91208333333334,3.4402777777777778,0.0,23.239555555555555
2013-08-29 05:00:00,554,468.21944444444443,61.58725,27.393055555555556,2.5761772853185594,22.849069444444446
2013-08-29 05:00:00,556,433.56388888888887,57.46347222222223,3.5819444444444444,0.0,23.679375
2013-08-29 05:00:00,558,393.51944444444445,61.70254166666667,3.6013888888888888,0.0,23.095125000000003
2013-08-29 05:00:00,562,243.78472222222223,61.34070833333333,2.754166666666667,0.0,22.858277777777776
2013-08-29 05:00:00,564,262.04583333333335,60.05704166666666,4.258333333333334,0.0,22.841430555555554
2013-08-29 05:00:00,621,443.425,56.57072931276297,6.144460028050491,0.0,25.488375
2013-08-29 05:00:00,621A,346.65833333333336,65.358125,3.9,0.0,21.505375
2013-08-29 05:00:00,621C,410.2236111111111,60.819,3.548611111111111,0.0,22.64334722222222
2013-08-29 05:00:00,621D,461.01666666666665,59.58672222222223,3.077777777777778,0.0,23.109680555555556
2013-08-29 05:00:00,621E,464.9125,61.922541666666675,6.459722222222222,-1.0,22.61265277777778
2013-08-29 05:00:00,640,397.29027777777776,60.48273611111111,4.075,0.0,22.780708333333333
2013-08-29 05:00:00,644,434.64444444444445,57.830125874125876,4.0181818181818185,0.0,23.45078321678322
2013-08-29 05:00:00,648,96.89444444444445,55.36595833333333,3.7527777777777778,0.0,23.82451388888889
2013-08-29 05:00:00,656A,421.89722222222224,58.02995833333333,4.686111111111111,0.0,23.67008333333333
2013-08-29 05:00:00,656B,410.3152777777778,54.38254166666667,3.313888888888889,0.0,24.392055555555554
2013-08-29 05:00:00,664,299.96944444444443,56.285333333333334,3.1152777777777776,0.0,23.89548611111111
2013-08-29 05:00:00,666,398.2527777777778,59.570194444444446,3.3875,0.0,23.233666666666668
2013-08-29 05:00:00,668,315.59583333333336,62.37720833333333,2168.570833333333,0.0,22.516430555555555
2013-08-29 05:00:00,717,364.02777777777777,59.66065277777778,4.048611111111111,0.0,22.795374999999996
2013-08-29 05:00:00,719,395.90833333333336,60.64915277777778,3.4569444444444444,0.0,22.69448611111111
2013-08-29 05:00:00,721,302.90555555555557,59.652277777777776,3.5902777777777777,0.0,21.93875
2013-08-29 05:00:00,722,322.4194444444444,56.20541666666667,3.6902777777777778,0.0,22.939999999999998
2013-08-29 05:00:00,723,374.4916666666667,65.05104166666666,2.9,0.0,21.696055555555557
2013-08-29 05:00:00,724,182.81944444444446,58.99576388888889,4.622222222222222,0.0,23.21927777777778
2013-08-29 05:00:00,726,369.12361111111113,55.21298611111111,3.1805555555555554,0.0,24.157874999999997
2013-08-29 05:00:00,734,303.4236111111111,55.90997222222222,4.302777777777778,0.0,23.968374999999998
2013-08-29 05:00:00,746,505.9486111111111,61.867,9.186111111111112,1.9285714285714286,22.325666666666667
2013-08-29 05:00:00,748,473.77222222222224,56.122888888888895,2.9930555555555554,0.0,23.849986111111114
2013-08-29 05:00:00,752,394.3541666666667,49.223125,4.3125,0.0,26.163097222222223
2013-08-29 05:00:00,754,376.84583333333336,56.456027777777784,3.738888888888889,0.0,23.746763888888886
2013-08-29 05:00:00,776,509.93888888888887,57.286569444444446,4.263888888888889,0.0,23.74511111111111
2013-08-29 06:00:00,413,451.6666666666667,51.57302777777778,3.8833333333333333,0.0,24.10859722222222
2013-08-29 06:00:00,415,503.8027777777778,59.69690277777777,17.456944444444446,5.708229426433915,23.379097222222224
2013-08-29 06:00:00,417,348.8041666666667,59.794,8.8,1.9262295081967213,23.381333333333334
2013-08-29 06:00:00,419,444.9458333333333,60.638083333333334,25.122222222222224,0.0,56.17144444444445
2013-08-29 06:00:00,421,328.2652777777778,60.533,18.21388888888889,0.0,23.004402777777777
2013-08-29 06:00:00,422,399.3013888888889,61.372499999999995,27.552777777777777,0.0,23.091250000000002
2013-08-29 06:00:00,423,339.26944444444445,57.42701388888889,3.4555555555555557,0.0,23.766916666666667
2013-08-29 06:00:00,424,385.6138888888889,56.996189151599445,2.847009735744089,0.0,24.069040333796938
2013-08-29 06:00:00,442,502.25694444444446,57.63923611111111,21.759722222222223,6.584951456310679,23.963597222222223
2013-08-29 06:00:00,446,468.3888888888889,61.842468793342576,3.1803051317614424,0.0,22.72852981969487
2013-08-29 06:00:00,448,414.9736111111111,60.75716666666667,32.111111111111114,4.423913043478261,23.353805555555557
2013-08-29 06:00:00,452,347.7638888888889,54.094750000000005,2.8513888888888888,0.0,23.18041666666667
2013-08-29 06:00:00,454,337.64444444444445,61.058901251738526,23.692628650904034,0.0,23.123671766342138
2013-08-29 06:00:00,456,398.93055555555554,59.63109722222222,3.1416666666666666,0.0,23.388250000000003
2013-08-29 06:00:00,458,457.06944444444446,66.1925,4.276388888888889,3.223404255319149,21.50840277777778
2013-08-29 06:00:00,462,418.18333333333334,64.38975,3.3652777777777776,0.0,22.5105
2013-08-29 06:00:00,510,301.91805555555555,61.24520833333334,4.105555555555555,0.0,22.7695
2013-08-29 06:00:00,513,307.2875,61.33229166666667,3.6555555555555554,0.0,22.798291666666668
2013-08-29 06:00:00,552,356.2527777777778,59.886375,3.4277777777777776,0.0,23.28873611111111
2013-08-29 06:00:00,554,442.2125,61.36416666666666,7.845833333333333,3.5427807486631018,22.92661111111111
2013-08-29 06:00:00,556,429.0388888888889,57.75695833333334,3.5791666666666666,0.0,23.61486111111111
2013-08-29 06:00:00,558,388.50694444444446,61.933,3.5347222222222223,0.0,23.051069444444444
2013-08-29 06:00:00,562,241.07083333333333,61.573499999999996,2.7416666666666667,0.0,22.81083333333333
2013-08-29 06:00:00,564,259.2361111111111,60.29183333333334,4.240277777777778,0.0,22.795861111111112
2013-08-29 06:00:00,621,445.88194444444446,56.50333333333334,6.161111111111111,2.4738292011019283,25.431875
2013-08-29 06:00:00,621A,340.85,65.98844660194175,3.9375866851595007,0.0,21.352274618585298
2013-08-29 06:00:00,621C,407.9875173370319,61.47391666666667,3.5902777777777777,0.0,22.47276388888889
2013-08-29 06:00:00,621D,463.94174757281553,60.10612499999999,7.604166666666667,0.0,22.955833333333334
2013-08-29 06:00:00,621E,459.9194444444444,62.539334257975035,6.603328710124827,-1.0,22.413897364771152
2013-08-29 06:00:00,640,401.37361111111113,60.64104166666667,10.083333333333334,2.1634877384196187,22.746458333333333
2013-08-29 06:00:00,644,435.30833333333334,58.38875,4.0152777777777775,1.2916666666666667,23.302805555555555
2013-08-29 06:00:00,648,99.11111111111111,56.07201388888889,9.391666666666667,2.767379679144385,23.627666666666663
2013-08-29 06:00:00,656A,417.1875,58.53904166666667,4.636111111111111,0.0,23.520333333333333
2013-08-29 06:00:00,656B,407.73055555555555,54.83906944444444,3.3569444444444443,0.0,24.252569444444443
2013-08-29 06:00:00,664,298.9763888888889,56.65679166666666,3.120833333333333,0.0,23.796847222222222
2013-08-29 06:00:00,666,393.99305555555554,60.077458333333325,3.2944444444444443,0.0,23.099625
2013-08-29 06:00:00,668,314.74861111111113,62.80316666666666,2182.820833333333,0.0,22.39798611111111
2013-08-29 06:00:00,717,359.86805555555554,60.249361111111114,4.0,0.0,22.629375
2013-08-29 06:00:00,719,391.10833333333335,61.309250000000006,3.5208333333333335,0.0,22.51902777777778
2013-08-29 06:00:00,721,298.43055555555554,60.757847222222225,3.5430555555555556,0.0,21.633875
2013-08-29 06:00:00,722,319.0652777777778,56.39144444444445,3.7597222222222224,0.0,22.91438888888889
2013-08-29 06:00:00,723,374.5236111111111,65.54488888888889,2.8680555555555554,0.0,21.589541666666666
2013-08-29 06:00:00,724,179.64305555555555,59.170375,4.6722222222222225,0.0,23.202277777777777
2013-08-29 06:00:00,726,368.6277777777778,55.43233333333333,3.223611111111111,0.0,24.115
2013-08-29 06:00:00,734,301.34583333333336,56.53602777777778,4.336111111111111,1.8484848484848484,23.782069444444446
2013-08-29 06:00:00,746,568.1430555555555,62.54658333333334,27.819444444444443,2.5761772853185594,22.353777777777776
2013-08-29 06:00:00,748,480.9638888888889,56.32136111111111,3.004166666666667,0.0,23.808833333333332
2013-08-29 06:00:00,752,394.97222222222223,48.89030555555555,4.226388888888889,0.0,26.33213888888889
2013-08-29 06:00:00,754,374.7472222222222,56.93548611111112,3.576388888888889,0.0,23.653083333333335
2013-08-29 06:00:00,776,510.38055555555553,57.57015277777778,4.272222222222222,2.160326086956522,23.699152777777776
2013-08-29 07:00:00,413,451.09722222222223,51.87973611111111,3.813888888888889,0.0,23.968527777777776
2013-08-29 07:00:00,415,492.9875,59.77596590909091,17.602272727272727,0.0,23.32802556818182
2013-08-29 07:00:00,417,346.50138888888887,59.869708333333335,3.4194444444444443,0.0,23.337458333333334
2013-08-29 07:00:00,419,443.50555555555553,60.80891666666666,25.119444444444444,0.0,61.508111111111106
2013-08-29 07:00:00,421,328.425,60.72658333333333,18.083333333333332,0.0,22.914472222222226
2013-08-29 07:00:00,422,397.5138888888889,61.77641666666666,27.575,0.0,22.954013888888888
2013-08-29 07:00:00,423,337.54027777777776,57.64788888888889,3.386111111111111,0.0,23.692958333333333
2013-08-29 07:00:00,424,383.91805555555555,57.22319444444444,2.8569444444444443,0.0,23.99273611111111
2013-08-29 07:00:00,442,448.08472222222224,57.65423611111112,3.9444444444444446,0.0,23.89120833333333
2013-08-29 07:00:00,446,467.6125,61.875708333333336,3.1805555555555554,0.0,22.71270833333333
2013-08-29 07:00:00,448,387.1863699582754,60.59583333333333,4.093055555555556,0.0,23.38348611111111
2013-08-29 07:00:00,452,346.13194444444446,54.14725000000001,2.7708333333333335,0.0,23.166944444444447
2013-08-29 07:00:00,454,328.5027777777778,60.999541666666666,3.251388888888889,0.0,23.157625000000003
2013-08-29 07:00:00,456,398.31805555555553,59.83133333333333,3.183333333333333,0.0,23.299861111111113
2013-08-29 07:00:00,458,452.346314325452,67.88441666666667,3.75,0.0,21.049444444444443
2013-08-29 07:00:00,462,418.1958333333333,64.26920833333332,3.338888888888889,0.0,22.511208333333332
2013-08-29 07:00:00,510,299.8041666666667,62.02158333333333,4.081944444444445,0.0,22.520555555555553
2013-08-29 07:00:00,513,307.2611111111111,61.729958333333336,3.5861111111111112,0.0,22.654597222222222
2013-08-29 07:00:00,552,355.4555555555556,59.84145833333333,3.4763888888888888,0.0,23.302444444444443
2013-08-29 07:00:00,554,428.8222222222222,60.90154166666667,3.8513888888888888,0.0,23.00748611111111
2013-08-29 07:00:00,556,426.3013888888889,57.90208333333333,3.6055555555555556,0.0,23.57447222222222
2013-08-29 07:00:00,558,387.60277777777776,62.053375,3.5875,0.0,23.00998611111111
2013-08-29 07:00:00,562,241.20833333333334,61.67729166666667,2.786111111111111,0.0,22.78447222222222
2013-08-29 07:00:00,564,258.6694444444444,60.416986111111115,4.316666666666666,0.0,22.76355555555556
2013-08-29 07:00:00,621,439.5777777777778,56.55191666666666,6.133333333333334,3.1322314049586777,25.37722222222222
2013-08-29 07:00:00,621A,341.0861111111111,66.4185138888889,3.8375,0.0,21.22161111111111
2013-08-29 07:00:00,621C,407.12762973352034,61.9745,3.495833333333333,0.0,22.31511111111111
2013-08-29 07:00:00,621D,462.23055555555555,60.24695833333333,5.863888888888889,0.0,22.903875000000003
2013-08-29 07:00:00,621E,458.4625,63.07241666666667,6.584722222222222,-1.0,22.224666666666668
2013-08-29 07:00:00,640,400.6638888888889,60.72425,5.326388888888889,0.0,22.69551388888889
2013-08-29 07:00:00,644,432.7638888888889,58.83219444444445,3.9930555555555554,0.0,23.157708333333332
2013-08-29 07:00:00,648,99.35277777777777,56.553986111111115,5.6930555555555555,0.0,23.480694444444442
2013-08-29 07:00:00,656A,416.8277777777778,58.95904166666667,4.645833333333333,0.0,23.36991666666667
2013-08-29 07:00:00,656B,407.43194444444447,55.294694444444445,3.201388888888889,0.0,24.085180555555556
2013-08-29 07:00:00,664,298.43194444444447,56.91155555555555,3.075,0.0,23.707305555555553
2013-08-29 07:00:00,666,393.3638888888889,60.50911111111111,3.363888888888889,0.0,22.95238888888889
2013-08-29 07:00:00,668,314.90833333333336,63.06195833333334,2165.7291666666665,0.0,22.300416666666667
2013-08-29 07:00:00,717,357.60277777777776,60.6815,4.0472222222222225,0.0,22.48801388888889
2013-08-29 07:00:00,719,390.4125,61.79270833333333,3.4944444444444445,0.0,22.362430555555555
2013-08-29 07:00:00,721,296.3902777777778,61.47566666666667,3.5430555555555556,0.0,21.420680555555556
2013-08-29 07:00:00,722,317.1347222222222,56.46545833333333,3.7569444444444446,0.0,22.889041666666667
2013-08-29 07:00:00,723,377.90555555555557,65.73965277777778,2.95,0.0,21.54172222222222
2013-08-29 07:00:00,724,179.325,59.23704166666666,4.575,0.0,23.183791666666668
2013-08-29 07:00:00,726,366.6277777777778,55.53745833333333,3.209722222222222,0.0,24.08579166666667
2013-08-29 07:00:00,734,302.27208976157084,57.084319444444446,4.461111111111111,0.0,23.586638888888892
2013-08-29 07:00:00,746,565.4,62.26408333333333,27.62361111111111,2.078804347826087,22.44751388888889
2013-08-29 07:00:00,748,478.2291666666667,56.36475,3.033333333333333,0.0,23.803694444444446
2013-08-29 07:00:00,752,391.47083333333336,48.62994444444444,4.1930555555555555,0.0,26.413902777777782
2013-08-29 07:00:00,754,374.15416666666664,57.21095833333333,3.6069444444444443,0.0,23.578194444444442
2013-08-29 07:00:00,776,501.05,57.825874999999996,4.331944444444445,0.0,23.598250000000004
2013-08-29 08:00:00,413,449.725,52.10420833333333,3.933333333333333,0.0,23.836958333333335
2013-08-29 08:00:00,415,467.7138888888889,59.86836338418862,17.466019417475728,0.0,23.22145631067961
2013-08-29 08:00:00,417,343.2583333333333,60.003083333333336,3.448611111111111,0.0,23.24247222222222
2013-08-29 08:00:00,419,442.75694444444446,60.966875,25.073611111111113,0.0,54.468694444444445
2013-08-29 08:00:00,421,325.47222222222223,60.91204166666667,18.205555555555556,0.0,22.819597222222225
2013-08-29 08:00:00,422,397.8847222222222,62.05020833333334,27.648611111111112,0.0,22.837541666666667
2013-08-29 08:00:00,423,337.4687933425798,57.8145,3.3333333333333335,0.0,23.620708333333333
2013-08-29 08:00:00,424,384.2916666666667,57.40934722222222,2.8625,0.0,23.91605555555556
2013-08-29 08:00:00,442,439.98333333333335,57.81433333333333,4.0055555555555555,0.0,23.788027777777778
2013-08-29 08:00:00,446,466.92083333333335,61.846833333333336,3.2222222222222223,0.0,22.688944444444445
2013-08-29 08:00:00,448,370.39166666666665,60.704249999999995,4.066666666666666,0.0,23.282
2013-08-29 08:00:00,452,344.84722222222223,54.12838888888889,2.7291666666666665,0.0,23.151847222222223
2013-08-29 08:00:00,454,321.69444444444446,61.07975,3.2666666666666666,0.0,23.089527777777775
2013-08-29 08:00:00,456,397.29027777777776,59.99487499999999,3.0597222222222222,0.0,23.218333333333334
2013-08-29 08:00:00,458,450.56388888888887,68.83663888888888,3.7194444444444446,0.0,20.80313888888889
2013-08-29 08:00:00,462,417.5125,64.18958333333333,3.323611111111111,0.0,22.490347222222223
2013-08-29 08:00:00,510,299.5444444444444,62.599041666666665,3.923611111111111,0.0,22.366347222222224
2013-08-29 08:00:00,513,306.52222222222224,62.16905686546463,3.6116504854368934,0.0,22.514244105409155
2013-08-29 08:00:00,552,355.26359832635984,59.84319001386963,3.4022191400832176,0.0,23.303536754507626
2013-08-29 08:00:00,554,427.73231622746187,60.804541666666665,3.6277777777777778,0.0,23.015611111111113
2013-08-29 08:00:00,556,429.1875,57.92679166666667,3.504166666666667,0.0,23.597972222222225
2013-08-29 08:00:00,558,386.9763888888889,62.169124999999994,3.5208333333333335,0.0,22.984180555555557
2013-08-29 08:00:00,562,241.15277777777777,61.76804166666666,2.625,0.0,22.77134722222222
2013-08-29 08:00:00,564,258.25416666666666,60.539541666666665,3.827777777777778,0.0,22.74361111111111
2013-08-29 08:00:00,621,443.125,56.71036111111111,6.2125,0.0,25.295097222222225
2013-08-29 08:00:00,621A,341.5180555555556,66.84211111111111,3.9319444444444445,0.0,21.122972222222224
2013-08-29 08:00:00,621C,407.0152777777778,62.45708333333333,3.6069444444444443,0.0,22.192875
2013-08-29 08:00:00,621D,455.75555555555553,60.646097222222224,3.0819444444444444,0.0,22.756444444444444
2013-08-29 08:00:00,621E,453.06805555555553,63.59965277777778,6.572222222222222,-1.0,22.06438888888889
2013-08-29 08:00:00,640,396.10277777777776,61.009166666666665,4.118055555555555,0.0,22.59311111111111
2013-08-29 08:00:00,644,429.2625,59.24516666666666,4.0875,0.0,23.040791666666664
2013-08-29 08:00:00,648,96.66805555555555,57.02656944444444,3.6791666666666667,0.0,23.327875
2013-08-29 08:00:00,656A,417.6375,59.436082036775105,4.663366336633663,0.0,23.22876944837341
2013-08-29 08:00:00,656B,406.7111111111111,55.75509722222222,3.191666666666667,0.0,23.94702777777778
2013-08-29 08:00:00,664,299.37638888888887,57.20395833333333,3.1,0.0,23.62825
2013-08-29 08:00:00,666,392.72083333333336,60.933166666666665,3.4277777777777776,0.0,22.844666666666665
2013-08-29 08:00:00,668,314.52777777777777,63.343291666666666,2155.523611111111,0.0,22.234194444444444
2013-08-29 08:00:00,717,357.3722222222222,61.13908333333333,3.984722222222222,0.0,22.36991666666667
2013-08-29 08:00:00,719,390.0875,62.32033333333333,3.4944444444444445,0.0,22.230847222222224
2013-08-29 08:00:00,721,296.0180555555556,62.16320833333334,3.5833333333333335,0.0,21.250875
2013-08-29 08:00:00,722,316.14166666666665,56.593222222222224,3.7472222222222222,0.0,22.865055555555557
2013-08-29 08:00:00,723,380.51182197496524,65.84233333333333,2.9694444444444446,0.0,21.531097222222222
2013-08-29 08:00:00,724,179.79166666666666,59.363125,4.644444444444445,0.0,23.166180555555556
2013-08-29 08:00:00,726,365.84305555555557,55.666125,3.1805555555555554,0.0,24.06175
2013-08-29 08:00:00,734,296.4527777777778,57.69220833333333,4.470833333333333,0.0,23.40229166666667
2013-08-29 08:00:00,746,555.1541666666667,62.25245833333333,27.7,3.132596685082873,23.228180555555557
2013-08-29 08:00:00,748,476.9263888888889,56.4157660167131,2.981894150417827,0.0,23.807520891364902
2013-08-29 08:00:00,752,388.21944444444443,48.59791666666667,4.093055555555556,0.0,26.40798611111111
2013-08-29 08:00:00,754,374.2736111111111,57.589777777777776,3.5805555555555557,0.0,23.48926388888889
2013-08-29 08:00:00,776,494.26666666666665,58.187555555555555,4.261111111111111,0.0,23.487625
2013-08-29 09:00:00,413,446.7125,52.109237170596394,3.7905686546463246,0.0,23.682981969486825
2013-08-29 09:00:00,415,464.31666666666666,59.810583333333334,17.580555555555556,0.0,23.116958333333333
2013-08-29 09:00:00,417,340.8125,59.94329166666667,3.4097222222222223,0.0,23.14502777777778
2013-08-29 09:00:00,419,440.5111111111111,60.91116666666667,25.12638888888889,0.0,51.28715277777778
2013-08-29 09:00:00,421,323.3888888888889,60.838458333333335,18.158333333333335,0.0,22.73136111111111
2013-08-29 09:00:00,422,396.22222222222223,62.01070833333333,27.530555555555555,0.0,22.72233333333333
2013-08-29 09:00:00,423,337.3722222222222,57.775916666666674,3.4277777777777776,0.0,23.54288888888889
2013-08-29 09:00:00,424,384.93194444444447,57.376194444444444,2.8319444444444444,0.0,23.837875
2013-08-29 09:00:00,442,437.3,57.67118055555556,3.9722222222222223,0.0,23.718444444444444
2013-08-29 09:00:00,446,466.14166666666665,61.56479166666667,3.248611111111111,0.0,22.64966666666667
2013-08-29 09:00:00,448,366.64444444444445,60.56312500000001,4.094444444444444,0.0,23.216291666666667
2013-08-29 09:00:00,452,344.2680555555556,53.99668055555556,2.772222222222222,0.0,23.095458333333333
2013-08-29 09:00:00,454,319.81388888888887,60.97504166666666,3.2180555555555554,0.0,23.03159722222222
2013-08-29 09:00:00,456,395.59444444444443,59.94179166666666,3.1680555555555556,0.0,23.126944444444447
2013-08-29 09:00:00,458,449.80555555555554,69.07429166666667,3.7180555555555554,0.0,20.633930555555555
2013-08-29 09:00:00,462,416.7125,63.871511789181696,3.307905686546463,0.0,22.44880721220527
2013-08-29 09:00:00,510,294.22777777777776,62.78904166666667,3.8097222222222222,0.0,22.178847222222224
2013-08-29 09:00:00,513,304.96527777777777,62.311,3.511111111111111,0.0,22.365569444444443
2013-08-29 09:00:00,552,354.31388888888887,59.62595833333334,3.423611111111111,0.0,23.30473611111111
2013-08-29 09:00:00,554,424.93055555555554,60.56854166666666,3.5444444444444443,0.0,22.979944444444445
2013-08-29 09:00:00,556,425.0708333333333,57.75741666666667,3.415277777777778,0.0,23.580916666666663
2013-08-29 09:00:00,558,385.9125,62.04145833333333,3.313888888888889,0.0,22.938958333333332
2013-08-29 09:00:00,562,239.6375,61.63579166666666,2.5875,0.0,22.737680555555553
2013-08-29 09:00:00,564,257.40277777777777,60.42277777777778,3.751388888888889,0.0,22.713874999999998
2013-08-29 09:00:00,621,439.2597222222222,56.68931944444445,6.188888888888889,0.0,25.212236111111114
2013-08-29 09:00:00,621A,341.29583333333335,66.85780555555554,3.9347222222222222,0.0,21.020305555555556
2013-08-29 09:00:00,621C,405.9819444444444,62.659499999999994,3.547222222222222,0.0,22.06275
2013-08-29 09:00:00,621D,453.3305555555556,60.78275,3.1569444444444446,0.0,22.620180555555557
2013-08-29 09:00:00,621E,450.9625,63.77265277777777,6.608333333333333,-1.0,21.92436111111111
2013-08-29 09:00:00,640,396.6902777777778,61.038291666666666,4.143055555555556,0.0,22.496291666666668
2013-08-29 09:00:00,644,427.06805555555553,59.41670833333333,3.9791666666666665,0.0,22.92447222222222
2013-08-29 09:00:00,648,96.09027777777777,57.28066666666667,3.7555555555555555,0.0,23.18301388888889
2013-08-29 09:00:00,656A,415.79583333333335,59.64833333333334,4.626388888888889,0.0,23.09854166666667
2013-08-29 09:00:00,656B,402.9791666666667,55.94163888888888,3.2055555555555557,0.0,23.826416666666667
2013-08-29 09:00:00,664,300.4236111111111,57.27558333333333,3.1958333333333333,0.0,23.548986111111113
2013-08-29 09:00:00,666,389.5652777777778,61.04508333333333,3.3305555555555557,0.0,22.732555555555557
2013-08-29 09:00:00,668,312.53472222222223,63.17979166666666,2174.0597222222223,0.0,22.177819444444445
2013-08-29 09:00:00,717,356.32916666666665,61.32683333333333,3.9819444444444443,0.0,22.252444444444446
2013-08-29 09:00:00,719,389.0472222222222,62.54162274618586,3.495145631067961,0.0,22.106879334257975
2013-08-29 09:00:00,721,292.29027777777776,62.41054166666666,3.5541666666666667,0.0,21.123527777777777
2013-08-29 09:00:00,722,315.63194444444446,56.53420833333333,3.7,0.0,22.836236111111113
2013-08-29 09:00:00,723,378.09153952843275,65.73904166666667,2.948611111111111,0.0,21.46763888888889
2013-08-29 09:00:00,724,177.88349514563106,59.30266666666667,4.695833333333334,0.0,23.139611111111112
2013-08-29 09:00:00,726,365.1152777777778,55.62470833333334,3.2083333333333335,0.0,24.033583333333333
2013-08-29 09:00:00,734,299.2125,58.02223611111111,4.761111111111111,0.0,23.221666666666664
2013-08-29 09:00:00,746,501.89444444444445,61.982708333333335,11.745833333333334,2.2357723577235773,22.341388888888886
2013-08-29 09:00:00,748,467.845390070922,56.30830555555556,2.963888888888889,0.0,23.783097222222224
2013-08-29 09:00:00,752,384.2125,48.505541666666666,4.002777777777778,0.0,26.364680555555555
2013-08-29 09:00:00,754,374.39722222222224,57.682180555555554,3.6319444444444446,0.0,23.388875000000002
2013-08-29 09:00:00,776,492.6111111111111,58.319541666666666,4.1819444444444445,0.0,23.374833333333335
2013-08-29 10:00:00,413,443.1666666666667,52.20115277777778,3.748611111111111,0.0,23.543819444444445
2013-08-29 10:00:00,415,461.6958333333333,59.791125,17.65138888888889,0.0,23.015194444444443
2013-08-29 10:00:00,417,339.18888888888887,59.92725,3.4097222222222223,0.0,23.05113888888889
2013-08-29 10:00:00,419,437.28472222222223,60.88495833333333,25.156944444444445,0.0,53.522222222222226
2013-08-29 10:00:00,421,322.42083333333335,60.83125,18.3,0.0,22.634055555555555
2013-08-29 10:00:00,422,396.0027777777778,62.006375,27.509722222222223,0.0,22.629680555555556
2013-08-29 10:00:00,423,337.49583333333334,57.743722222222225,3.3819444444444446,0.0,23.46763888888889
2013-08-29 10:00:00,424,384.04583333333335,57.35413888888889,2.9972222222222222,0.0,23.75922222222222
2013-08-29 10:00:00,442,434.19166666666666,57.57918055555556,3.9291666666666667,0.0,23.65738888888889
2013-08-29 10:00:00,446,464.8375,61.34695833333333,3.2444444444444445,0.0,22.614833333333333
2013-08-29 10:00:00,448,365.8363384188627,60.41822222222223,4.091666666666667,0.0,23.161583333333333
2013-08-29 10:00:00,452,344.7138888888889,53.851625,2.779166666666667,0.0,23.05247222222222
2013-08-29 10:00:00,454,318.325,60.86716666666667,3.2444444444444445,0.0,22.98251388888889
2013-08-29 10:00:00,456,394.8333333333333,59.86133333333333,3.088888888888889,0.0,23.067652777777777
2013-08-29 10:00:00,458,446.2025316455696,69.15345833333333,3.797222222222222,0.0,20.561444444444444
2013-08-29 10:00:00,462,415.9111111111111,63.67041666666666,3.3,0.0,22.406819444444444
2013-08-29 10:00:00,510,293.83194444444445,63.152375,3.826388888888889,0.0,22.011625
2013-08-29 10:00:00,513,305.56111111111113,62.49133333333334,3.4583333333333335,0.0,22.229263888888887
2013-08-29 10:00:00,552,352.62638888888887,59.45895833333333,3.466666666666667,0.0,23.288194444444443
2013-08-29 10:00:00,554,421.2,60.439625,3.4791666666666665,0.0,22.927875
2013-08-29 10:00:00,556,426.2375,57.69676388888889,3.386111111111111,0.0,23.51575
2013-08-29 10:00:00,558,383.4277777777778,62.00333333333334,3.4055555555555554,0.0,22.88394444444444
2013-08-29 10:00:00,562,238.48194444444445,61.542791666666666,2.6347222222222224,0.0,22.701083333333333
2013-08-29 10:00:00,564,258.5777777777778,60.39552777777778,3.640277777777778,0.0,22.656333333333333
2013-08-29 10:00:00,621,434.3361111111111,56.64223611111112,6.209722222222222,2.3240997229916895,25.132111111111108
2013-08-29 10:00:00,621A,341.7027777777778,66.967125,3.9805555555555556,0.0,20.942722222222223
2013-08-29 10:00:00,621C,403.8027777777778,62.86270833333334,3.6,0.0,21.945430555555557
2013-08-29 10:00:00,621D,450.225,60.96633333333334,3.2472222222222222,0.0,22.500541666666667
2013-08-29 10:00:00,621E,445.5090403337969,63.96666666666667,6.581944444444445,-1.0,21.796541666666666
2013-08-29 10:00:00,640,394.56111111111113,61.105625,4.1194444444444445,0.0,22.40438888888889
2013-08-29 10:00:00,644,425.65,59.58501388888889,4.043055555555555,0.0,22.816541666666666
2013-08-29 10:00:00,648,97.34166666666667,57.50779166666667,3.683333333333333,0.0,23.06147222222222
2013-08-29 10:00:00,656A,415.7944444444444,59.82245833333333,4.584722222222222,0.0,22.992624999999997
2013-08-29 10:00:00,656B,400.24861111111113,56.082375,3.276388888888889,0.0,23.733486111111112
2013-08-29 10:00:00,664,299.28472222222223,57.32833333333333,3.109722222222222,0.0,23.474375
2013-08-29 10:00:00,666,388.0263888888889,61.16670833333333,3.220833333333333,0.0,22.642791666666668
2013-08-29 10:00:00,668,312.6388888888889,63.19316666666667,2190.7291666666665,0.0,22.11325
2013-08-29 10:00:00,717,354.1694444444444,61.49670833333333,3.9541666666666666,0.0,22.14238888888889
2013-08-29 10:00:00,719,388.3722222222222,62.73741666666667,3.5097222222222224,0.0,21.997416666666666
2013-08-29 10:00:00,721,291.43611111111113,62.669875,3.484722222222222,0.0,21.004180555555557
2013-08-29 10:00:00,722,313.4847222222222,56.490500000000004,3.6819444444444445,0.0,22.807194444444445
2013-08-29 10:00:00,723,378.3666666666667,65.73906944444445,2.9444444444444446,0.0,21.409097222222222
2013-08-29 10:00:00,724,178.05,59.24487499999999,4.626388888888889,0.0,23.109583333333337
2013-08-29 10:00:00,726,365.23055555555555,55.552736111111116,3.2055555555555557,0.0,24.009069444444442
2013-08-29 10:00:00,734,299.8305555555556,58.353722222222224,5.195833333333334,0.0,23.057625
2013-08-29 10:00:00,746,486.54027777777776,62.69891666666667,3.5930555555555554,0.0,21.959097222222223
2013-08-29 10:00:00,748,462.66527777777776,56.28581944444444,2.9458333333333333,0.0,23.703430555555556
2013-08-29 10:00:00,752,381.1736111111111,48.48422222222222,4.081944444444445,0.0,26.269291666666668
2013-08-29 10:00:00,754,370.2638888888889,57.860638888888886,3.623611111111111,0.0,23.256291666666666
2013-08-29 10:00:00,776,488.1625,58.48766666666667,4.206944444444445,0.0,23.25726388888889
2013-08-29 11:00:00,413,443.6333333333333,52.25208333333333,3.8,0.0,23.416833333333333
2013-08-29 11:00:00,415,462.19444444444446,59.77558333333333,17.613888888888887,0.0,22.915416666666665
2013-08-29 11:00:00,417,338.8486111111111,59.887125000000005,3.401388888888889,0.0,22.966347222222222
2013-08-29 11:00:00,419,434.04027777777776,60.84416666666667,25.205555555555556,0.0,43.386694444444444
2013-08-29 11:00:00,421,323.97777777777776,60.76620833333333,18.2125,0.0,22.552791666666668
2013-08-29 11:00:00,422,394.40416666666664,61.95008333333333,27.565277777777776,0.0,22.54790277777778
2013-08-29 11:00:00,423,338.24152542372883,57.688694444444444,3.4833333333333334,0.0,23.393583333333336
2013-08-29 11:00:00,424,382.6222222222222,57.31455555555556,3.265277777777778,0.0,23.685458333333333
2013-08-29 11:00:00,442,435.02222222222224,57.471250000000005,4.0,0.0,23.592152777777777
2013-08-29 11:00:00,446,464.70972222222224,61.11958333333333,3.2680555555555557,0.0,22.577
2013-08-29 11:00:00,448,366.76944444444445,60.23283333333333,4.0472222222222225,0.0,23.121236111111113
2013-08-29 11:00:00,452,343.7625,53.708625,2.7222222222222223,0.0,23.007944444444448
2013-08-29 11:00:00,454,318.2388888888889,60.723708333333335,3.2472222222222222,0.0,22.943430555555555
2013-08-29 11:00:00,456,394.36805555555554,59.70115277777778,3.138888888888889,0.0,23.02477777777778
2013-08-29 11:00:00,458,447.2263888888889,69.00025,3.7152777777777777,0.0,20.53890277777778
2013-08-29 11:00:00,462,416.3638888888889,63.473125,3.359722222222222,0.0,22.35770833333333
2013-08-29 11:00:00,510,292.15277777777777,63.24710124826629,3.8502080443828017,0.0,21.902163661581138
2013-08-29 11:00:00,513,306.5208333333333,62.62054166666667,3.4694444444444446,0.0,22.111611111111113
2013-08-29 11:00:00,552,351.8833333333333,59.331875,3.2597222222222224,0.0,23.244625000000003
2013-08-29 11:00:00,554,418.125,60.341972222222225,3.5069444444444446,0.0,22.863194444444446
2013-08-29 11:00:00,556,425.7361111111111,57.668680555555554,3.4027777777777777,0.0,23.440319444444444
2013-08-29 11:00:00,558,383.0263888888889,61.917375,3.388888888888889,0.0,22.833902777777777
2013-08-29 11:00:00,562,236.9125,61.431124999999994,2.5833333333333335,0.0,22.66290277777778
2013-08-29 11:00:00,564,259.43888888888887,60.36438888888889,3.683333333333333,0.0,22.596944444444443
2013-08-29 11:00:00,621,420.3930555555556,56.56966666666667,6.205555555555556,0.0,25.058527777777776
2013-08-29 11:00:00,621A,344.91805555555555,66.97555555555556,3.933333333333333,0.0,20.87172222222222
2013-08-29 11:00:00,621C,405.10277777777776,63.00791666666666,3.5680555555555555,0.0,21.848097222222222
2013-08-29 11:00:00,621D,451.68888888888887,61.08808333333333,3.1597222222222223,0.0,22.390930555555556
2013-08-29 11:00:00,621E,444.8597222222222,64.05079166666667,6.6402777777777775,-1.0,21.702236111111112
2013-08-29 11:00:00,640,395.7347222222222,61.141999999999996,4.122222222222222,0.0,22.326291666666666
2013-08-29 11:00:00,644,425.1041666666667,59.73773611111111,4.023611111111111,0.0,22.713277777777776
2013-08-29 11:00:00,648,99.60277777777777,57.659083333333335,3.6930555555555555,0.0,22.95998611111111
2013-08-29 11:00:00,656A,416.2027777777778,59.934958333333334,4.654166666666667,0.0,22.898430555555553
2013-08-29 11:00:00,656B,400.38194444444446,56.19566666666666,3.2527777777777778,0.0,23.63366666666667
2013-08-29 11:00:00,664,297.05,57.35197222222222,3.0652777777777778,0.0,23.40822222222222
2013-08-29 11:00:00,666,387.5513888888889,61.23983333333334,3.379166666666667,0.0,22.555097222222223
2013-08-29 11:00:00,668,313.5763888888889,63.15408333333334,2174.8430555555556,0.0,22.033319444444444
2013-08-29 11:00:00,717,354.90416666666664,61.66529166666667,3.9819444444444443,0.0,22.035249999999998
2013-08-29 11:00:00,719,387.9194444444444,62.871625,3.4972222222222222,0.0,21.907249999999998
2013-08-29 11:00:00,721,290.95694444444445,62.81275,3.591666666666667,0.0,20.911875
2013-08-29 11:00:00,722,314.25694444444446,56.453430555555556,3.797222222222222,0.0,22.772402777777778
2013-08-29 11:00:00,723,377.3263888888889,65.706125,2.9763888888888888,0.0,21.354152777777777
2013-08-29 11:00:00,724,175.86805555555554,59.186125000000004,4.701388888888889,0.0,23.07877777777778
2013-08-29 11:00:00,726,363.0875,55.46997222222222,3.251388888888889,0.0,23.98979166666667
2013-08-29 11:00:00,734,300.22083333333336,58.62763888888889,15.109722222222222,0.0,22.926402777777774
2013-08-29 11:00:00,746,482.65694444444443,63.426375,3.5930555555555554,0.0,21.666833333333333
2013-08-29 11:00:00,748,461.725,56.35695833333334,3.5861111111111112,0.0,23.603930555555554
2013-08-29 11:00:00,752,380.96638655462186,48.475125,4.131944444444445,0.0,26.19161111111111
2013-08-29 11:00:00,754,371.48333333333335,58.05470180305132,3.6823855755894592,0.0,23.12490984743412
2013-08-29 11:00:00,776,485.54305555555555,58.613875,5.427777777777778,0.0,23.163541666666667
2013-08-29 12:00:00,413,444.1277777777778,52.56381944444444,3.859722222222222,0.0,23.289805555555557
2013-08-29 12:00:00,415,463.0416666666667,59.88733333333333,17.60972222222222,0.0,22.833041666666666
2013-08-29 12:00:00,417,339.3305555555556,60.01520833333333,3.3333333333333335,0.0,22.88786111111111
2013-08-29 12:00:00,419,434.3875,60.9824133148405,25.173370319001386,0.0,49.458668515950066
2013-08-29 12:00:00,421,323.29305555555555,60.88041666666667,18.218055555555555,0.0,22.47723611111111
2013-08-29 12:00:00,422,395.8361111111111,62.02945833333333,27.66111111111111,0.0,22.51725
2013-08-29 12:00:00,423,337.8569444444444,57.776222222222216,3.4916666666666667,0.0,23.322875000000003
2013-08-29 12:00:00,424,382.97777777777776,57.41693055555556,3.4972222222222222,0.0,23.613666666666667
2013-08-29 12:00:00,442,435.7013888888889,57.581875,3.988888888888889,0.0,23.526930555555555
2013-08-29 12:00:00,446,465.725,61.14820833333333,3.2680555555555557,0.0,22.544999999999998
2013-08-29 12:00:00,448,366.4166666666667,60.18333333333333,4.072222222222222,0.0,23.093
2013-08-29 12:00:00,452,344.4583333333333,53.67831944444444,2.7708333333333335,0.0,22.97240277777778
2013-08-29 12:00:00,454,319.2013888888889,60.706,3.2444444444444445,0.0,22.90965277777778
2013-08-29 12:00:00,456,393.825,59.786277777777784,3.113888888888889,0.0,23.004527777777774
2013-08-29 12:00:00,458,458.2361111111111,66.91541666666666,3.7194444444444446,0.0,21.68998611111111
2013-08-29 12:00:00,462,417.18055555555554,63.545500000000004,3.313888888888889,0.0,22.320666666666664
2013-08-29 12:00:00,510,289.31666666666666,63.75931944444444,3.8944444444444444,0.0,21.767166666666668
2013-08-29 12:00:00,513,305.3222222222222,62.771125,3.5194444444444444,0.0,22.103694444444443
2013-08-29 12:00:00,552,352.84166666666664,59.332874999999994,3.313888888888889,0.0,23.192208333333333
2013-08-29 12:00:00,554,419.87464788732393,60.470111111111116,3.6527777777777777,2.1639344262295084,22.795694444444447
2013-08-29 12:00:00,556,428.1,57.43830555555556,11.801388888888889,0.0,23.603041666666666
2013-08-29 12:00:00,558,381.06944444444446,61.559333333333335,3.5680555555555555,0.0,22.974944444444443
2013-08-29 12:00:00,562,240.0388888888889,61.19275,11.943055555555556,1.2916666666666667,22.784430555555556
2013-08-29 12:00:00,564,261.125,60.10662500000001,10.725,1.2880886426592797,22.720777777777776
2013-08-29 12:00:00,621,416.28055555555557,56.382333333333335,6.198611111111111,0.0,25.216236111111108
2013-08-29 12:00:00,621A,345.2652777777778,67.20690277777778,3.911111111111111,0.0,20.80813888888889
2013-08-29 12:00:00,621C,404.6763888888889,63.22383333333334,3.5722222222222224,0.0,21.78713888888889
2013-08-29 12:00:00,621D,452.6138888888889,61.36029166666667,3.136111111111111,0.0,22.333194444444445
2013-08-29 12:00:00,621E,446.4625,64.24633333333334,6.631944444444445,-1.0,21.64075
2013-08-29 12:00:00,640,390.86805555555554,61.07020833333334,4.105555555555555,0.0,22.461930555555554
2013-08-29 12:00:00,644,423.6125,59.870736111111114,3.9722222222222223,0.0,22.648777777777777
2013-08-29 12:00:00,648,99.86805555555556,57.88429166666667,3.7958333333333334,0.0,22.866972222222223
2013-08-29 12:00:00,656A,415.5986111111111,60.139541666666666,4.613888888888889,0.0,22.825541666666666
2013-08-29 12:00:00,656B,399.03055555555557,56.43266666666667,3.2263888888888888,0.0,23.525694444444444
2013-08-29 12:00:00,664,298.2625,57.45492371705964,3.08876560332871,0.0,23.3400693481276
2013-08-29 12:00:00,666,388.68611111111113,61.43720833333334,3.422222222222222,0.0,22.477180555555556
2013-08-29 12:00:00,668,313.6611111111111,63.53602777777778,2171.858333333333,0.0,21.924027777777777
2013-08-29 12:00:00,717,353.85,61.837291666666665,4.123611111111111,0.0,21.967958333333335
2013-08-29 12:00:00,719,388.0388888888889,63.07441666666667,3.629166666666667,0.0,21.831611111111112
2013-08-29 12:00:00,721,291.3027777777778,63.063518776077885,3.6258692628650904,0.0,20.825660639777468
2013-08-29 12:00:00,722,314.63055555555553,56.43248611111111,3.7847222222222223,0.0,22.756666666666664
2013-08-29 12:00:00,723,377.9611111111111,65.80701388888889,3.076388888888889,0.0,21.309597222222223
2013-08-29 12:00:00,724,177.89444444444445,59.17804166666667,4.7347222222222225,0.0,23.05095833333333
2013-08-29 12:00:00,726,365.09305555555557,55.45104166666667,3.261111111111111,0.0,23.96015277777778
2013-08-29 12:00:00,734,301.0541666666667,58.20415277777777,15.7625,0.0,23.18938888888889
2013-08-29 12:00:00,746,481.4111111111111,64.10554166666667,3.6847222222222222,0.0,21.50748611111111
2013-08-29 12:00:00,748,464.4347222222222,56.365833333333335,4.722222222222222,0.0,23.637375
2013-08-29 12:00:00,752,382.5361111111111,48.475944444444444,4.35,0.0,26.20786111111111
2013-08-29 12:00:00,754,373.2236111111111,58.346555555555554,3.6694444444444443,0.0,23.01523611111111
2013-08-29 12:00:00,776,488.1333333333333,58.57418055555555,7.604166666666667,0.0,23.23322222222222
2013-08-29 13:00:00,413,442.70694444444445,53.104569444444444,4.779166666666667,0.0,23.186444444444447
2013-08-29 13:00:00,415,462.7347222222222,60.230291666666666,18.368055555555557,0.0,22.762416666666663
2013-08-29 13:00:00,417,338.8027777777778,60.36586111111111,4.354166666666667,0.0,22.824402777777777
2013-08-29 13:00:00,419,433.4763888888889,61.35970833333333,26.955555555555556,0.0,42.468222222222224
2013-08-29 13:00:00,421,325.09722222222223,61.15858136300417,20.276773296244784,0.0,22.43248956884562
2013-08-29 13:00:00,422,397.08472222222224,62.232375,29.70277777777778,0.0,22.525194444444445
2013-08-29 13:00:00,423,338.06666666666666,58.140944444444436,3.441666666666667,0.0,23.23759722222222
2013-08-29 13:00:00,424,381.46527777777777,57.71111111111111,3.5791666666666666,0.0,23.559930555555553
2013-08-29 13:00:00,442,432.175,57.87602777777777,3.975,0.0,23.496361111111113
2013-08-29 13:00:00,446,464.3777777777778,61.43933333333333,3.286111111111111,0.0,22.524763888888888
2013-08-29 13:00:00,448,365.10555555555555,60.39468055555555,4.095833333333333,0.0,23.073652777777777
2013-08-29 13:00:00,452,343.93194444444447,53.88477777777778,2.765277777777778,0.0,22.947888888888887
2013-08-29 13:00:00,454,317.25555555555553,60.89183333333334,3.25,0.0,22.889180555555555
2013-08-29 13:00:00,456,395.4138888888889,59.79255555555555,3.1333333333333333,0.0,23.12151388888889
2013-08-29 13:00:00,458,474.5263888888889,62.336999999999996,3.8069444444444445,0.0,22.956583333333334
2013-08-29 13:00:00,462,417.23333333333335,63.775555555555556,3.261111111111111,0.0,22.363694444444445
2013-08-29 13:00:00,510,290.825,63.92552777777777,4.7555555555555555,0.0,21.854930555555555
2013-08-29 13:00:00,513,305.17083333333335,62.12458333333333,3.6486111111111112,0.0,22.452152777777776
2013-08-29 13:00:00,552,352.81666666666666,59.557430555555555,3.4944444444444445,0.0,23.160666666666668
2013-08-29 13:00:00,554,418.9847222222222,60.65108333333333,3.7291666666666665,0.0,22.82273611111111
2013-08-29 13:00:00,556,427.4166666666667,57.07501388888889,8.66388888888889,0.0,23.745069444444447
2013-08-29 13:00:00,558,383.1763888888889,61.287375000000004,3.558333333333333,0.0,23.10725
2013-08-29 13:00:00,562,238.1625,60.74679166666667,9.0375,0.0,23.76411111111111
2013-08-29 13:00:00,564,258.5736111111111,59.773888888888884,9.590277777777779,0.0,22.89170833333333
2013-08-29 13:00:00,621,414.5375,56.347027777777775,11.57638888888889,0.0,25.410958333333333
2013-08-29 13:00:00,621A,346.9125,67.61476388888889,5.148611111111111,0.0,20.77075
2013-08-29 13:00:00,621C,404.15833333333336,63.303875,7.115277777777778,0.0,21.886194444444445
2013-08-29 13:00:00,621D,451.2125,61.46004166666667,7.088888888888889,0.0,22.437694444444443
2013-08-29 13:00:00,621E,451.25555555555553,64.19325,7.5875,-1.0,21.783388888888886
2013-08-29 13:00:00,640,387.2,60.00805555555556,4.194444444444445,0.0,22.983527777777777
2013-08-29 13:00:00,644,428.05694444444447,60.19716666666667,4.613888888888889,0.0,22.627722222222225
2013-08-29 13:00:00,648,99.61527777777778,58.216972222222225,4.355555555555555,0.0,22.825083333333335
2013-08-29 13:00:00,656A,416.1972222222222,60.478180555555554,5.073611111111111,0.0,22.821930555555557
2013-08-29 13:00:00,656B,399.3125,56.83932038834951,3.5381414701803053,0.0,23.464604715672674
2013-08-29 13:00:00,664,299.82916666666665,57.77390277777778,3.1430555555555557,0.0,23.294625
2013-08-29 13:00:00,666,387.6763888888889,61.842416666666665,3.9555555555555557,0.0,22.43123611111111
2013-08-29 13:00:00,668,311.8611111111111,64.12112499999999,2177.0305555555556,0.0,21.837555555555554
2013-08-29 13:00:00,717,353.10277777777776,62.181,6.070833333333334,0.0,21.93490277777778
2013-08-29 13:00:00,719,388.79583333333335,63.451458333333335,9.48611111111111,0.0,21.797958333333334
2013-08-29 13:00:00,721,290.48055555555555,63.45008333333333,8.194444444444445,0.0,20.78597222222222
2013-08-29 13:00:00,722,314.09166666666664,56.59070833333333,3.7055555555555557,0.0,22.76061111111111
2013-08-29 13:00:00,723,377.6041666666667,66.09045833333333,5.201388888888889,0.0,21.302805555555555
2013-08-29 13:00:00,724,176.5375,59.35354166666667,4.780555555555556,0.0,23.050930555555553
2013-08-29 13:00:00,726,362.53055555555557,55.629749999999994,3.2527777777777778,0.0,23.95579166666667
2013-08-29 13:00:00,734,287.7861111111111,56.30752777777778,8.590277777777779,0.0,24.095736111111112
2013-08-29 13:00:00,746,483.2347222222222,64.50740277777778,3.6638888888888888,0.0,21.530347222222222
2013-08-29 13:00:00,748,465.46527777777777,55.95605555555556,4.2444444444444445,0.0,23.95661111111111
2013-08-29 13:00:00,752,391.6902777777778,48.136611111111115,12.980555555555556,5.260162601626016,26.52358333333333
2013-08-29 13:00:00,754,371.9513888888889,58.710652777777774,3.6444444444444444,0.0,22.997138888888887
2013-08-29 13:00:00,776,489.025,58.49327777777777,6.948611111111111,0.0,23.333291666666668
2013-08-29 14:00:00,413,444.7583333333333,53.591611111111106,14.688888888888888,0.0,23.124027777777776
2013-08-29 14:00:00,415,466.66527777777776,60.61133333333333,26.033333333333335,0.0,22.718263888888888
2013-08-29 14:00:00,417,341.0,60.73445833333333,13.056944444444444,0.0,22.786708333333333
2013-08-29 14:00:00,419,436.43333333333334,61.760999999999996,44.06805555555555,0.0,53.25727777777777
2013-08-29 14:00:00,421,326.3986111111111,61.49066666666666,40.791666666666664,0.0,22.404041666666668
2013-08-29 14:00:00,422,399.85,62.52525,49.229166666666664,0.0,22.52398611111111
2013-08-29 14:00:00,423,340.03333333333336,58.64473611111111,3.415277777777778,0.0,23.14972222222222
2013-08-29 14:00:00,424,382.41527777777776,58.05052777777777,3.533333333333333,0.0,23.517625
2013-08-29 14:00:00,442,437.05694444444447,58.243611111111115,4.465277777777778,0.0,23.462513888888886
2013-08-29 14:00:00,446,470.34444444444443,61.782000000000004,3.529166666666667,0.0,22.512
2013-08-29 14:00:00,448,368.8361111111111,60.66070833333333,4.261111111111111,0.0,23.065458333333336
2013-08-29 14:00:00,452,347.60277777777776,54.10219444444445,3.123611111111111,0.0,22.947569444444444
2013-08-29 14:00:00,454,321.2611111111111,61.113625,3.3694444444444445,0.0,22.88427777777778
2013-08-29 14:00:00,456,399.1638888888889,59.792125000000006,3.573611111111111,0.0,23.199027777777776
2013-08-29 14:00:00,458,478.3375,61.99704166666667,4.925,1.2916666666666667,22.910972222222224
2013-08-29 14:00:00,462,419.8569444444444,63.816916666666664,3.811111111111111,0.0,22.44913888888889
2013-08-29 14:00:00,510,296.4111111111111,63.96706944444445,11.668055555555556,0.0,21.925333333333334
2013-08-29 14:00:00,513,308.6958333333333,61.980375,4.516666666666667,1.2880886426592797,22.510513888888887
2013-08-29 14:00:00,552,357.43611111111113,59.77286111111111,3.4791666666666665,0.0,23.148000000000003
2013-08-29 14:00:00,554,422.62916666666666,60.73383333333334,3.6930555555555555,0.0,22.863152777777778
2013-08-29 14:00:00,556,430.56944444444446,57.47565277777778,3.5388888888888888,0.0,23.617277777777776
2013-08-29 14:00:00,558,386.04576976421635,61.528749999999995,3.4972222222222222,0.0,23.077430555555555
2013-08-29 14:00:00,562,239.9152777777778,61.01267037552156,3.5785813630041723,0.9696969696969697,22.918484005563283
2013-08-29 14:00:00,564,259.22777777777776,60.04179166666666,4.319444444444445,0.0,22.83422222222222
2013-08-29 14:00:00,621,420.51666666666665,55.909486111111114,166.52916666666667,0.0,25.685353675450763
2013-08-29 14:00:00,621A,351.39722222222224,67.9480138888889,16.647222222222222,0.0,20.759958333333334
2013-08-29 14:00:00,621C,408.27222222222224,63.4105,42.483333333333334,0.0,21.91598611111111
2013-08-29 14:00:00,621D,453.9902777777778,61.55058333333333,44.28472222222222,0.0,22.468569444444444
2013-08-29 14:00:00,621E,453.7597222222222,64.151375,17.9,-1.0,21.853555555555555
2013-08-29 14:00:00,640,392.84166666666664,59.635625000000005,4.6125,0.0,22.94752777777778
2013-08-29 14:00:00,644,431.7611111111111,60.36852777777777,11.118055555555555,0.0,22.636125
2013-08-29 14:00:00,648,102.94166666666666,58.476847222222226,10.870833333333334,0.0,22.80251388888889
2013-08-29 14:00:00,656A,419.81666666666666,60.618583333333326,9.716666666666667,0.0,22.837513888888886
2013-08-29 14:00:00,656B,402.3597222222222,57.13580555555556,6.0,0.0,23.421944444444442
2013-08-29 14:00:00,664,301.1986111111111,58.034000000000006,3.1166666666666667,0.0,23.26340277777778
2013-08-29 14:00:00,666,392.09305555555557,62.210875,10.547222222222222,0.0,22.3825
2013-08-29 14:00:00,668,317.51944444444445,64.60755555555556,2180.0138888888887,0.0,21.760277777777777
2013-08-29 14:00:00,717,356.7861111111111,62.41308333333333,23.991666666666667,0.0,21.921222222222223
2013-08-29 14:00:00,719,391.2763888888889,63.695569444444445,66.6375,0.0,21.790625
2013-08-29 14:00:00,721,292.9277777777778,63.7086402266289,51.72946175637394,0.0,20.7764164305949
2013-08-29 14:00:00,722,316.55833333333334,56.683347222222224,3.813888888888889,0.0,22.77565277777778
2013-08-29 14:00:00,723,382.6958333333333,66.24541666666666,26.720833333333335,0.0,21.317972222222224
2013-08-29 14:00:00,724,179.00555555555556,59.450374999999994,4.813888888888889,0.0,23.070486111111112
2013-08-29 14:00:00,726,366.25694444444446,55.75145833333334,3.2694444444444444,0.0,23.95761111111111
2013-08-29 14:00:00,734,291.7625,54.803333333333335,15.561111111111112,0.0,24.638569444444446
2013-08-29 14:00:00,746,487.7944444444444,64.56579166666667,4.138888888888889,0.0,21.615125
2013-08-29 14:00:00,748,468.575,55.490791666666674,4.675,0.0,24.16448611111111
2013-08-29 14:00:00,752,415.47222222222223,48.10177777777778,26.483333333333334,9.766937669376693,26.51986111111111
2013-08-29 14:00:00,754,374.8541666666667,58.86341666666666,4.227777777777778,0.0,23.02425
2013-08-29 14:00:00,776,492.46805555555557,58.50215277777778,11.04861111111111,0.0,23.35584722222222
2013-08-29 15:00:00,413,451.71666666666664,53.70141666666666,36.793055555555554,0.0,23.158416666666668
2013-08-29 15:00:00,415,472.86944444444447,60.772166666666664,42.84027777777778,0.0,22.750069444444442
2013-08-29 15:00:00,417,345.175,60.83929166666667,33.12083333333333,0.0,22.82577777777778
2013-08-29 15:00:00,419,441.01944444444445,61.88941666666666,81.06805555555556,0.0,64.12093055555556
2013-08-29 15:00:00,421,334.78472222222223,61.67229166666667,86.59305555555555,0.0,22.427375
2013-08-29 15:00:00,422,404.48055555555555,62.532583333333335,92.79166666666667,0.0,22.590291666666666
2013-08-29 15:00:00,423,344.7583333333333,58.89780555555555,3.4722222222222223,0.0,23.125027777777778
2013-08-29 15:00:00,424,388.44305555555553,58.258833333333335,3.591666666666667,0.0,23.513194444444444
2013-08-29 15:00:00,442,441.2680555555556,58.36325,4.6722222222222225,0.0,23.48165277777778
2013-08-29 15:00:00,446,474.09166666666664,61.86325,3.672222222222222,0.0,22.535069444444446
2013-08-29 15:00:00,448,372.46944444444443,60.756750000000004,4.215277777777778,0.0,23.087458333333334
2013-08-29 15:00:00,452,351.6097222222222,54.17769444444445,2.9819444444444443,0.0,22.97697222222222
2013-08-29 15:00:00,454,324.1694444444444,61.2005,3.3291666666666666,0.0,22.902055555555556
2013-08-29 15:00:00,456,403.81388888888887,59.79691666666667,3.245833333333333,0.0,23.240263888888887
2013-08-29 15:00:00,458,484.0236111111111,62.00929166666667,3.875,0.0,22.860541666666666
2013-08-29 15:00:00,462,424.5805555555556,63.735375000000005,3.4069444444444446,0.0,22.507083333333334
2013-08-29 15:00:00,510,302.56666666666666,63.874541666666666,27.76388888888889,0.0,21.989597222222223
2013-08-29 15:00:00,513,348.7263888888889,61.942708333333336,6.516666666666667,4.89196675900277,22.55013888888889
2013-08-29 15:00:00,552,361.34444444444443,59.87045833333334,3.4138888888888888,0.0,23.158888888888892
2013-08-29 15:00:00,554,446.125,60.76825,17.384722222222223,5.758713136729223,22.912236111111113
2013-08-29 15:00:00,556,474.1333333333333,57.722249999999995,22.48611111111111,8.151041666666666,23.642402777777775
2013-08-29 15:00:00,558,390.85555555555555,61.62029166666667,3.5180555555555557,0.0,23.07772222222222
2013-08-29 15:00:00,562,363.21805555555557,61.31758333333333,50.044444444444444,29.238839285714285,23.230486111111112
2013-08-29 15:00:00,564,263.7361111111111,60.15854166666667,4.459722222222222,0.0,22.82122222222222
2013-08-29 15:00:00,621,442.1152777777778,55.229819444444445,166.68333333333334,5.9945054945054945,25.921625
2013-08-29 15:00:00,621A,372.56666666666666,67.68093055555556,51.94444444444444,4.448087431693989,21.039597222222223
2013-08-29 15:00:00,621C,414.49583333333334,63.45916666666666,123.12361111111112,0.0,21.957291666666666
2013-08-29 15:00:00,621D,527.375,61.48674285714286,144.53142857142856,0.0,22.620414285714286
2013-08-29 15:00:00,621E,462.6152777777778,64.16766666666666,39.048611111111114,-1.0,21.89176388888889
2013-08-29 15:00:00,640,399.0833333333333,59.896249999999995,5.083333333333333,0.0,22.88654166666667
2013-08-29 15:00:00,644,434.69444444444446,60.396972222222225,25.977777777777778,0.0,22.68161111111111
2013-08-29 15:00:00,648,106.69027777777778,58.55986111111111,25.37638888888889,0.0,22.839527777777775
2013-08-29 15:00:00,656A,424.1736111111111,60.63458333333334,20.541666666666668,0.0,22.871541666666666
2013-08-29 15:00:00,656B,408.8875,57.27308333333334,11.775,0.0,23.42590277777778
2013-08-29 15:00:00,664,305.753120665742,58.18625,3.084722222222222,0.0,23.259319444444444
2013-08-29 15:00:00,666,397.5375,62.31095833333333,25.677777777777777,0.0,22.411375
2013-08-29 15:00:00,668,319.65555555555557,64.74295423023578,2175.4105409153954,0.0,21.75147018030513
2013-08-29 15:00:00,717,363.31111111111113,62.3694452149792,65.92233009708738,0.0,22.00629680998613
2013-08-29 15:00:00,719,409.30555555555554,63.62093055555555,203.30277777777778,4.518518518518518,21.933888888888887
2013-08-29 15:00:00,721,295.925,63.51341225626741,156.63649025069637,0.0,20.91764623955432
2013-08-29 15:00:00,722,322.44166666666666,56.73466666666666,3.876388888888889,0.0,22.792222222222225
2013-08-29 15:00:00,723,387.3930555555556,66.06381944444445,76.09166666666667,0.0,21.41127777777778
2013-08-29 15:00:00,724,182.18333333333334,59.495666666666665,4.851388888888889,0.0,23.09195833333333
2013-08-29 15:00:00,726,371.7916666666667,55.82666666666666,3.290277777777778,0.0,23.967430555555556
2013-08-29 15:00:00,734,304.60555555555555,53.839444444444446,9.411111111111111,0.0,24.898722222222226
2013-08-29 15:00:00,746,493.99305555555554,64.42908333333334,4.819444444444445,0.0,21.67301388888889
2013-08-29 15:00:00,748,725.0208333333334,56.18435506241331,16.9251040221914,1.2916666666666667,24.259583911234397
2013-08-29 15:00:00,752,441.86944444444447,48.37851388888889,26.58888888888889,8.331550802139038,26.429625
2013-08-29 15:00:00,754,380.0528511821975,58.827374999999996,5.405555555555556,0.0,23.085583333333332
2013-08-29 15:00:00,776,498.18888888888887,58.51586111111111,18.469444444444445,0.0,23.372319444444443
2013-08-29 16:00:00,413,461.2611464968153,53.702777777777776,67.4952380952381,0.0,23.22690476190476
2013-08-29 16:00:00,415,482.4578696343402,60.755946372239755,67.05993690851734,0.0,22.849731437598734
2013-08-29 16:00:00,417,351.95569620253167,60.743004769475355,60.44038155802862,0.0,22.943990461049285
2013-08-29 16:00:00,419,451.86349206349206,61.81317965023847,134.28775834658188,0.0,39.290826709062
2013-08-29 16:00:00,421,376.9076433121019,61.544809523809526,150.6873015873016,0.0,22.620713153724246
2013-08-29 16:00:00,422,413.7590551181102,62.32348031496063,154.1228346456693,0.0,22.73548742138365
2013-08-29 16:00:00,423,350.8596214511041,59.10009478672986,3.636650868878357,0.0,23.114060031595578
2013-08-29 16:00:00,424,397.20388349514565,58.39348508634223,3.63265306122449,0.0,23.51679748822606
2013-08-29 16:00:00,442,451.86486486486484,58.416203125,4.7828125,0.0,23.527265625000002
2013-08-29 16:00:00,446,483.3593004769475,61.93248818897637,3.746456692913386,0.0,22.562818897637793
2013-08-29 16:00:00,448,381.32805071315374,60.86279179810726,4.162460567823344,0.0,23.101167192429024
2013-08-29 16:00:00,452,358.83676703645006,54.240913385826765,2.9795275590551182,0.0,22.99867716535433
2013-08-29 16:00:00,454,332.3070866141732,61.3008056872038,3.3807266982622433,0.0,22.91699842022117
2013-08-29 16:00:00,456,496.88383045525904,60.57131955484897,28.77106518282989,14.689655172413794,23.306677265500795
2013-08-29 16:00:00,458,491.98119122257054,62.10209448818898,5.0566929133858265,0.0,22.841968503937007
2013-08-29 16:00:00,462,433.1698113207547,63.73,3.917981072555205,0.0,22.543123028391168
2013-08-29 16:00:00,510,320.301261829653,63.74023696682465,54.527646129541864,5.533149171270718,22.10170616113744
2013-08-29 16:00:00,513,371.6697965571205,61.86651898734177,9.068037974683545,10.74785100286533,22.612056962025317
2013-08-29 16:00:00,552,404.20347003154575,60.084145569620254,20.996835443037973,12.812987012987014,23.202215189873417
2013-08-29 16:00:00,554,505.4303599374022,60.46590625,30.6265625,12.008356545961004,23.190265625000002
2013-08-29 16:00:00,556,516.696875,57.645007874015754,27.6503937007874,14.751269035532994,23.796661417322834
2013-08-29 16:00:00,558,401.7551669316375,61.710734375,3.5796875,0.0,23.09053125
2013-08-29 16:00:00,562,400.3888,59.63913385826771,49.874015748031496,26.90330788804071,23.88644094488189
2013-08-29 16:00:00,564,272.70906200317967,60.21824088748019,4.38985736925515,0.0,22.83729001584786
2013-08-29 16:00:00,621,459.66719242902207,55.09470219435737,167.00470219435738,8.428985507246377,25.960253164556963
2013-08-29 16:00:00,621A,396.0363924050633,65.47577044025157,71.81446540880503,6.4409221902017295,21.924701257861635
2013-08-29 16:00:00,621C,419.3675078864353,63.32631329113924,238.65189873417722,0.0,22.08267405063291
2013-08-29 16:00:00,621D,610.7974882260596,60.48373817034701,275.6056782334385,0.0,23.235220820189273
2013-08-29 16:00:00,621E,471.348031496063,64.07146226415095,69.30188679245283,-1.0,22.001792452830188
2013-08-29 16:00:00,640,411.4654088050315,60.06671428571428,5.693650793650794,0.0,22.870920634920637
2013-08-29 16:00:00,644,441.2187004754358,60.297360890302066,43.82034976152623,0.0,22.780317965023848
2013-08-29 16:00:00,648,116.13586097946288,58.57897959183673,46.62480376766091,4.7574931880108995,22.9138147566719
2013-08-29 16:00:00,656A,432.7165354330709,60.58451104100946,32.95268138801262,0.0,22.935283911671924
2013-08-29 16:00:00,656B,416.3506289308176,57.24373205741627,18.261562998405104,0.0,23.501738437001595
2013-08-29 16:00:00,664,315.78322784810126,58.29087394957983,3.0873949579831934,0.0,23.264957983193277
2013-08-29 16:00:00,666,407.9018691588785,62.28481012658228,43.311708860759495,0.0,22.480537974683546
2013-08-29 16:00:00,668,327.13993710691824,64.89004739336494,2178.548183254344,0.0,21.759478672985782
2013-08-29 16:00:00,717,372.22605965463106,62.09984152139461,124.11251980982567,0.0,22.18060221870048
2013-08-29 16:00:00,719,499.35860979462876,62.66297637795275,393.4708661417323,17.698795180722893,22.54765354330709
2013-08-29 16:00:00,721,304.8009554140127,62.93859842519685,268.96535433070864,0.0,21.208866141732283
2013-08-29 16:00:00,722,330.8333333333333,56.78292452830189,3.990566037735849,0.0,22.80622641509434
2013-08-29 16:00:00,723,394.6824644549763,65.78551562499999,148.29375,0.0,21.552984375
2013-08-29 16:00:00,724,189.3596214511041,59.54809825673534,4.990491283676704,0.0,23.105832012678288
2013-08-29 16:00:00,726,382.51664025356575,55.8775911251981,3.236133122028526,0.0,23.984627575277337
2013-08-29 16:00:00,734,345.0571428571429,53.53475667189953,12.6138147566719,0.0,25.053076923076922
2013-08-29 16:00:00,746,504.9031746031746,64.44928343949044,5.780254777070064,0.0,21.71558917197452
2013-08-29 16:00:00,748,1007.7111459968603,57.323660855784475,18.759112519809825,8.468390804597702,24.33551505546751
2013-08-29 16:00:00,752,527.8825396825397,49.04048589341693,26.739811912225704,15.401015228426395,26.399796238244512
2013-08-29 16:00:00,754,390.41324921135646,58.74047393364929,6.914691943127962,0.0,23.171137440758294
2013-08-29 16:00:00,776,513.0615141955836,58.57300632911392,27.1123417721519,0.0,23.409382911392406
2013-08-29 17:00:00,413,464.96527777777777,53.72826388888889,106.525,0.0,23.263847222222225
2013-08-29 17:00:00,415,483.91805555555555,60.622166666666665,86.69305555555556,0.0,22.996166666666667
2013-08-29 17:00:00,417,355.7763888888889,60.49045833333333,97.275,0.0,23.12177777777778
2013-08-29 17:00:00,419,454.9916666666667,61.482875,179.14444444444445,0.0,53.60234722222223
2013-08-29 17:00:00,421,430.0388888888889,60.781597222222224,210.73194444444445,0.0,23.06798611111111
2013-08-29 17:00:00,422,418.0888888888889,61.872875,216.8875,0.0,22.95204166666667
2013-08-29 17:00:00,423,355.0069541029207,59.261875,3.776388888888889,0.0,23.103194444444444
2013-08-29 17:00:00,424,399.1763888888889,58.53363888888889,3.7569444444444446,0.0,23.513722222222224
2013-08-29 17:00:00,442,456.52222222222224,58.305749999999996,4.788888888888889,0.0,23.627027777777776
2013-08-29 17:00:00,446,487.7916666666667,61.97054166666667,3.602777777777778,0.0,22.589930555555554
2013-08-29 17:00:00,448,387.24861111111113,60.92275000000001,4.158333333333333,0.0,23.120680555555555
2013-08-29 17:00:00,452,367.3125,54.30565277777778,3.0180555555555557,0.0,23.017152777777774
2013-08-29 17:00:00,454,338.22222222222223,61.37584852734922,3.332398316970547,0.0,22.940659186535765
2013-08-29 17:00:00,456,682.9902777777778,60.011291666666665,56.94444444444444,26.09288537549407,23.86927777777778
2013-08-29 17:00:00,458,494.24444444444447,62.121625,5.45,0.0,22.85402777777778
2013-08-29 17:00:00,462,436.75138888888887,63.72336111111111,4.138888888888889,0.0,22.573319444444444
2013-08-29 17:00:00,510,418.93333333333334,63.340833333333336,104.40972222222223,17.623762376237625,22.502472222222224
2013-08-29 17:00:00,513,388.75555555555553,61.748666666666665,12.390277777777778,8.286103542234333,22.71011111111111
2013-08-29 17:00:00,552,421.6638888888889,59.84229166666666,16.508333333333333,1.9285714285714286,23.440888888888885
2013-08-29 17:00:00,554,532.8847222222222,60.601847222222226,61.525,7.262734584450402,23.198138888888888
2013-08-29 17:00:00,556,564.6458333333334,57.34268055555556,34.87361111111111,14.521951219512195,24.032180555555552
2013-08-29 17:00:00,558,406.53194444444443,61.73354166666667,3.5694444444444446,0.0,23.117083333333333
2013-08-29 17:00:00,562,389.10719322990127,59.01290277777778,43.59722222222222,17.302267002518892,24.017916666666668
2013-08-29 17:00:00,564,405.13194444444446,60.148694444444445,5.061111111111111,12.047872340425531,23.189402777777776
2013-08-29 17:00:00,621,473.09722222222223,55.15295833333333,166.575,15.333333333333334,25.968861111111114
2013-08-29 17:00:00,621A,393.47083333333336,64.84751388888888,134.50694444444446,7.037333333333334,21.988180555555555
2013-08-29 17:00:00,621C,423.7986111111111,62.78041666666667,359.8847222222222,2.0817438692098094,22.354680555555557
2013-08-29 17:00:00,621D,776.4625,59.743208333333335,390.1722222222222,0.0,23.921041666666667
2013-08-29 17:00:00,621E,515.8581363004173,63.455236111111105,110.64583333333333,-1.0,22.414833333333334
2013-08-29 17:00:00,640,413.9916666666667,60.32441666666667,9.276388888888889,0.0,22.82259722222222
2013-08-29 17:00:00,644,445.1611111111111,60.059666666666665,86.56944444444444,1.3895027624309393,22.928111111111114
2013-08-29 17:00:00,648,184.80555555555554,58.18022222222223,125.40972222222223,14.75635593220339,23.34725
2013-08-29 17:00:00,656A,461.00555555555553,60.532041666666665,73.45555555555555,0.0,23.051069444444444
2013-08-29 17:00:00,656B,482.65416666666664,57.47070833333333,56.99027777777778,17.03960396039604,23.693638888888888
2013-08-29 17:00:00,664,384.3152777777778,58.59575,26.106944444444444,11.861904761904762,23.38911111111111
2013-08-29 17:00:00,666,411.5361111111111,62.02533333333333,103.32916666666667,0.0,22.643166666666666
2013-08-29 17:00:00,668,331.92083333333335,64.86383333333333,2185.9125,0.0,21.81747222222222
2013-08-29 17:00:00,717,377.9263888888889,61.463791666666665,199.34722222222223,0.0,22.491958333333333
2013-08-29 17:00:00,719,699.0791666666667,61.49395833333334,571.325,28.914335664335663,23.36776388888889
2013-08-29 17:00:00,721,310.2736111111111,61.726708333333335,480.8638888888889,0.0,21.70425
2013-08-29 17:00:00,722,337.0416666666667,56.817833333333326,4.122222222222222,0.0,22.818625
2013-08-29 17:00:00,723,393.63055555555553,65.46554937413075,241.2086230876217,0.0,21.71315716272601
2013-08-29 17:00:00,724,193.70833333333334,59.59210378681627,4.997194950911641,0.0,23.121907433380088
2013-08-29 17:00:00,726,389.28333333333336,55.88970833333334,3.4125,0.0,24.010875000000002
2013-08-29 17:00:00,734,328.22083333333336,54.00579972183588,24.151599443671767,0.0,24.610319888734352
2013-08-29 17:00:00,746,545.85,64.04658333333333,21.70138888888889,5.723404255319149,22.013472222222223
2013-08-29 17:00:00,748,991.6638888888889,57.056527777777774,18.791666666666668,13.438016528925619,24.38815277777778
2013-08-29 17:00:00,752,490.76944444444445,49.147736111111115,11.175,0.425,26.472
2013-08-29 17:00:00,754,395.78194444444443,58.46752777777778,10.054166666666667,0.0,23.328138888888887
2013-08-29 17:00:00,776,615.2583333333333,58.806777777777775,62.416666666666664,15.527083333333334,23.540625
2013-08-29 18:00:00,413,503.3902777777778,53.412527777777775,115.1138888888889,0.0,23.342374999999997
2013-08-29 18:00:00,415,512.3236111111111,60.20136111111112,71.22916666666667,0.0,23.164930555555557
2013-08-29 18:00:00,417,380.65833333333336,59.99495833333334,92.7,0.0,23.29976388888889
2013-08-29 18:00:00,419,483.81944444444446,60.82341666666667,159.5375,0.0,53.818111111111115
2013-08-29 18:00:00,421,396.32916666666665,60.276583333333335,218.52777777777777,0.0,23.123222222222225
2013-08-29 18:00:00,422,449.86805555555554,61.298791666666666,214.35,0.0,23.11113888888889
2013-08-29 18:00:00,423,380.62169680111265,59.26645833333333,3.861111111111111,0.0,23.095527777777775
2013-08-29 18:00:00,424,427.30694444444447,58.52418055555555,3.6777777777777776,0.0,23.512194444444443
2013-08-29 18:00:00,442,490.34583333333336,58.01336111111112,5.575,0.0,23.695347222222225
2013-08-29 18:00:00,446,523.3458333333333,61.77695833333334,3.9138888888888888,0.0,22.61663888888889
2013-08-29 18:00:00,448,413.8611111111111,60.847125,4.595833333333333,0.0,23.13447222222222
2013-08-29 18:00:00,452,392.9902777777778,54.249694444444444,3.3986111111111112,0.0,23.035319444444443
2013-08-29 18:00:00,454,365.3652777777778,61.25620833333333,3.525,0.0,22.99304166666667
2013-08-29 18:00:00,456,672.4430555555556,58.04822946175638,33.563739376770535,15.60377358490566,24.36648725212465
2013-08-29 18:00:00,458,548.9152777777778,61.735749999999996,6.334722222222222,0.0,22.87326388888889
2013-08-29 18:00:00,462,476.92083333333335,63.46425,19.166666666666668,0.0,22.599763888888887
2013-08-29 18:00:00,510,360.6111111111111,61.81004166666667,104.97916666666667,0.0,22.744430555555557
2013-08-29 18:00:00,513,419.74583333333334,61.74554166666667,12.481944444444444,16.80597014925373,22.650805555555557
2013-08-29 18:00:00,552,473.5111111111111,59.289375,17.852777777777778,18.048237476808904,23.590416666666666
2013-08-29 18:00:00,554,696.4361111111111,60.18031944444445,36.36388888888889,11.8671875,23.570749999999997
2013-08-29 18:00:00,556,662.2583333333333,56.945375,43.65555555555556,22.445454545454545,24.236777777777778
2013-08-29 18:00:00,558,439.32916666666665,61.57395833333333,3.577777777777778,0.0,23.126541666666668
2013-08-29 18:00:00,562,392.6013888888889,58.39291666666667,50.21111111111111,17.989637305699482,24.11816666666667
2013-08-29 18:00:00,564,486.03194444444443,59.305749999999996,4.972222222222222,14.07277628032345,23.617805555555556
2013-08-29 18:00:00,621,541.2968099861304,55.00983333333333,166.51805555555555,18.7027027027027,26.040305555555555
2013-08-29 18:00:00,621A,437.5263888888889,64.10825,113.95138888888889,8.66842105263158,22.14413888888889
2013-08-29 18:00:00,621C,459.51666666666665,61.96758333333334,318.89444444444445,0.0,22.61225
2013-08-29 18:00:00,621D,624.9305555555555,58.26016666666666,331.25,0.0,24.013055555555557
2013-08-29 18:00:00,621E,619.9319444444444,62.22387500000001,90.00694444444444,-1.0,23.071680555555556
2013-08-29 18:00:00,640,449.14444444444445,59.71127777777778,18.766666666666666,0.0,23.12986111111111
2013-08-29 18:00:00,644,482.89722222222224,59.27154166666667,191.64305555555555,0.058333333333333334,23.27595833333333
2013-08-29 18:00:00,648,226.06527777777777,56.80266666666667,218.8972222222222,27.138713745271122,24.084166666666665
2013-08-29 18:00:00,656A,630.5541666666667,60.291513888888886,176.07638888888889,19.108167770419428,23.610291666666665
2013-08-29 18:00:00,656B,556.005547850208,56.375055555555555,92.78611111111111,4.656675749318801,24.327555555555556
2013-08-29 18:00:00,664,532.4305555555555,58.36977777777778,33.10138888888889,20.863325740318906,23.818486111111113
2013-08-29 18:00:00,666,443.6222222222222,60.53683333333333,246.92361111111111,1.375,23.26688888888889
2013-08-29 18:00:00,668,389.3902777777778,63.86120833333333,2193.7819444444444,7.861182519280206,22.171111111111113
2013-08-29 18:00:00,717,405.07916666666665,60.53740277777778,177.25277777777777,0.0,22.796666666666663
2013-08-29 18:00:00,719,706.1569444444444,59.87101388888888,483.95972222222224,19.104545454545455,23.822555555555557
2013-08-29 18:00:00,721,345.3261802575107,60.51295833333334,354.98055555555555,0.0,22.077708333333334
2013-08-29 18:00:00,722,363.9263888888889,56.67863888888889,4.040277777777778,0.0,22.843236111111114
2013-08-29 18:00:00,723,429.31111111111113,64.75136111111111,251.47222222222223,0.0,21.855375
2013-08-29 18:00:00,724,213.93333333333334,59.48554166666666,4.941666666666666,0.0,23.130125
2013-08-29 18:00:00,726,416.08472222222224,55.73913888888889,3.3152777777777778,0.0,24.048875
2013-08-29 18:00:00,734,429.67083333333335,54.879888888888885,99.50555555555556,19.686119873817034,24.422930555555553
2013-08-29 18:00:00,746,645.85,62.016083333333334,37.78611111111111,6.033333333333333,22.777458333333335
2013-08-29 18:00:00,748,1099.6847222222223,57.40863888888889,18.769444444444446,21.139896373056995,24.594388888888886
2013-08-29 18:00:00,752,519.1347222222222,48.65773611111111,37.895833333333336,6.753387533875339,26.56958333333333
2013-08-29 18:00:00,754,427.1111111111111,57.53351388888888,14.981944444444444,0.0,23.721888888888888
2013-08-29 18:00:00,776,721.8791666666667,57.758750000000006,90.41527777777777,9.231527093596059,24.16825
2013-08-29 19:00:00,413,607.0958333333333,52.79529902642559,124.95271210013908,3.9917355371900825,23.701182197496525
2013-08-29 19:00:00,415,559.5423023578363,59.72294444444444,62.56527777777778,0.0,23.25538888888889
2013-08-29 19:00:00,417,423.99444444444447,59.4455,82.85833333333333,0.0,23.40826388888889
2013-08-29 19:00:00,419,533.4819444444445,60.212361111111115,144.86527777777778,0.0,74.77843055555556
2013-08-29 19:00:00,421,412.7125,60.17410292072323,201.92072322670376,0.0,23.072670375521557
2013-08-29 19:00:00,422,492.63194444444446,60.74881615598886,196.9540389972145,0.0,23.189540389972144
2013-08-29 19:00:00,423,423.20416666666665,59.057694444444444,3.9125,0.0,23.11325
2013-08-29 19:00:00,424,473.3013888888889,58.32475,3.754166666666667,0.0,23.528138888888886
2013-08-29 19:00:00,442,539.0777777777778,57.715833333333336,5.476388888888889,0.0,23.695013888888887
2013-08-29 19:00:00,446,574.3291666666667,61.448375000000006,3.8847222222222224,0.0,22.624097222222222
2013-08-29 19:00:00,448,456.34027777777777,60.596000000000004,4.626388888888889,0.0,23.142458333333334
2013-08-29 19:00:00,452,432.5180555555556,54.03173611111111,3.3722222222222222,0.0,23.04727777777778
2013-08-29 19:00:00,454,406.1166666666667,60.99166666666667,3.4763888888888888,0.0,23.024194444444447
2013-08-29 19:00:00,456,679.3166666666667,57.346183844011136,57.64206128133705,22.537735849056602,24.344206128133703
2013-08-29 19:00:00,458,588.9916666666667,61.32145833333333,6.2375,0.0,22.874111111111112
2013-08-29 19:00:00,462,520.1083333333333,63.34970833333333,4.336111111111111,0.0,22.475458333333332
2013-08-29 19:00:00,510,522.9805555555556,61.64020833333333,53.34722222222222,25.195378151260503,22.82691666666667
2013-08-29 19:00:00,513,464.0792767732963,61.60345833333333,12.530555555555555,8.973190348525469,22.59011111111111
2013-08-29 19:00:00,552,1037.2773925104023,58.95147222222222,38.25138888888889,29.82135306553911,24.454597222222223
2013-08-29 19:00:00,554,725.7194444444444,58.70804166666667,27.268055555555556,15.090243902439024,24.016319444444445
2013-08-29 19:00:00,556,717.7680555555555,56.326708333333336,43.97222222222222,12.393700787401574,24.402583333333332
2013-08-29 19:00:00,558,481.2013888888889,61.28066666666667,3.4375,0.0,23.138416666666668
2013-08-29 19:00:00,562,439.8611111111111,58.32295833333333,50.15555555555556,19.331632653061224,24.035847222222223
2013-08-29 19:00:00,564,539.8875,58.44466666666666,5.063888888888889,24.097014925373134,23.854222222222223
2013-08-29 19:00:00,621,582.6333333333333,54.87393055555556,167.36388888888888,14.467914438502675,25.997944444444446
2013-08-29 19:00:00,621A,467.57916666666665,63.29670833333333,89.15555555555555,7.215425531914893,22.25275
2013-08-29 19:00:00,621C,498.79583333333335,61.34595833333333,248.63888888888889,0.0,22.675125
2013-08-29 19:00:00,621D,566.8416666666667,57.82295833333333,242.9986111111111,0.0,23.793125
2013-08-29 19:00:00,621E,669.6291666666667,60.04276388888889,75.70416666666667,-1.0,23.699083333333334
2013-08-29 19:00:00,640,490.76666666666665,58.10630555555556,15.809722222222222,0.0,23.506236111111114
2013-08-29 19:00:00,644,533.0430555555556,57.19047222222222,240.4986111111111,0.0,24.161125
2013-08-29 19:00:00,648,260.80721220527045,53.79869444444444,245.66944444444445,28.814360770577935,25.500569444444444
2013-08-29 19:00:00,656A,592.9430555555556,57.145875,172.0,6.6735751295336785,24.631444444444444
2013-08-29 19:00:00,656B,595.2166666666667,54.03436111111111,112.94444444444444,20.72151898734177,25.174277777777778
2013-08-29 19:00:00,664,680.0597222222223,57.70202777777778,32.6125,23.464358452138494,24.39238888888889
2013-08-29 19:00:00,666,483.5652777777778,57.487319444444445,276.10555555555555,0.0,24.29133333333333
2013-08-29 19:00:00,668,452.3333333333333,62.14683333333333,2172.488888888889,19.376146788990827,22.786833333333334
2013-08-29 19:00:00,717,444.7,59.67766666666667,135.82638888888889,0.0,22.978597222222223
2013-08-29 19:00:00,719,538.0861111111111,58.52115277777778,374.30694444444447,6.856763925729443,23.792055555555553
2013-08-29 19:00:00,721,385.4770514603616,59.55209722222222,173.9611111111111,0.0,22.26240277777778
2013-08-29 19:00:00,722,447.23055555555555,56.50011111111111,12.52361111111111,8.274074074074074,22.95398611111111
2013-08-29 19:00:00,723,462.600278551532,64.05966666666667,230.10694444444445,0.0,21.945
2013-08-29 19:00:00,724,244.3894297635605,59.23854166666667,5.009722222222222,0.0,23.134041666666665
2013-08-29 19:00:00,726,457.1041666666667,55.430439093484416,3.3711048158640224,0.0,24.083215297450426
2013-08-29 19:00:00,734,474.3097222222222,54.83547222222222,146.75416666666666,4.045212765957447,24.50486111111111
2013-08-29 19:00:00,746,653.7847222222222,59.52701388888889,27.852777777777778,3.7135135135135133,23.43611111111111
2013-08-29 19:00:00,748,1019.8347222222222,56.46059722222222,16.67361111111111,23.504830917874397,24.920708333333334
2013-08-29 19:00:00,752,606.3240611961057,48.03370111731843,44.960893854748605,5.035714285714286,26.82167597765363
2013-08-29 19:00:00,754,467.09179415855357,55.30602225312934,15.973574408901252,0.0,24.53550764951321
2013-08-29 19:00:00,776,644.0236111111111,56.365916666666664,61.09861111111111,1.8082191780821917,24.41838888888889
2013-08-29 20:00:00,413,617.0625,51.940444444444445,126.51388888888889,8.154046997389035,24.036958333333335
2013-08-29 20:00:00,415,578.9666666666667,59.41741666666667,62.2375,0.0,23.33898611111111
2013-08-29 20:00:00,417,443.8652777777778,59.10426388888889,83.31805555555556,0.0,23.48752777777778
2013-08-29 20:00:00,419,554.4652777777778,59.90141666666667,143.2861111111111,0.0,64.01630555555555
2013-08-29 20:00:00,421,407.2590529247911,60.69013888888889,204.75,0.0,23.03604166666667
2013-08-29 20:00:00,422,506.6638888888889,60.47004166666667,218.525,0.005555555555555556,23.25113888888889
2013-08-29 20:00:00,423,440.0736111111111,58.93420833333333,3.801388888888889,0.0,23.137416666666663
2013-08-29 20:00:00,424,491.4513888888889,58.217291666666675,3.6305555555555555,0.0,23.549305555555556
2013-08-29 20:00:00,442,553.8708333333333,57.693444444444445,5.502777777777778,0.0,23.666625000000003
2013-08-29 20:00:00,446,589.6013888888889,61.32595833333334,3.95,0.0,22.636333333333333
2013-08-29 20:00:00,448,471.97777777777776,60.48670833333333,4.509722222222222,0.0,23.146583333333336
2013-08-29 20:00:00,452,449.8888888888889,53.850833333333334,3.4722222222222223,0.0,23.084361111111114
2013-08-29 20:00:00,454,423.1111111111111,60.81816666666667,3.4791666666666665,0.0,23.059069444444443
2013-08-29 20:00:00,456,704.0083333333333,56.639694444444444,56.49583333333333,25.884536082474227,24.503708333333332
2013-08-29 20:00:00,458,602.1305555555556,61.359375,6.569444444444445,0.0,22.851430555555552
2013-08-29 20:00:00,462,532.5430555555556,63.5605,4.438888888888889,0.0,22.397472222222223
2013-08-29 20:00:00,510,472.8236111111111,60.80591666666667,93.74305555555556,5.490765171503957,23.033875
2013-08-29 20:00:00,513,489.3611111111111,61.52008333333333,13.177777777777777,9.554347826086957,22.60322222222222
2013-08-29 20:00:00,552,949.9069444444444,58.12675,39.4375,28.964882943143813,24.645583333333335
2013-08-29 20:00:00,554,580.5527777777778,58.54558333333333,3.5944444444444446,0.0,23.619486111111108
2013-08-29 20:00:00,556,698.7847222222222,56.03393055555556,43.81527777777778,19.781954887218046,24.415333333333333
2013-08-29 20:00:00,558,494.4513888888889,61.151250000000005,3.5722222222222224,0.0,23.14677777777778
2013-08-29 20:00:00,562,563.2875,58.374249999999996,50.27361111111111,27.122549019607842,24.194375
2013-08-29 20:00:00,564,548.6958333333333,57.82334722222222,5.1194444444444445,16.52755905511811,24.001
2013-08-29 20:00:00,621,594.4319444444444,55.00405555555555,166.93194444444444,16.037940379403793,26.01441666666667
2013-08-29 20:00:00,621A,486.871012482663,63.038875,98.04444444444445,8.682666666666666,22.298319444444445
2013-08-29 20:00:00,621C,510.2597222222222,60.99918169209431,253.8973647711512,0.0,22.73674063800277
2013-08-29 20:00:00,621D,577.0972222222222,57.77356944444445,243.56527777777777,0.0,23.735277777777775
2013-08-29 20:00:00,621E,756.8819444444445,59.28926388888888,94.26805555555555,-1.0,23.800583333333332
2013-08-29 20:00:00,640,503.9222222222222,58.42090277777778,13.715277777777779,0.0,23.24802777777778
2013-08-29 20:00:00,644,556.1040221914009,54.49927877947296,243.625520110957,0.0,24.963897364771153
2013-08-29 20:00:00,648,207.1472222222222,50.839152777777784,208.26805555555555,8.183823529411764,26.123374999999996
2013-08-29 20:00:00,656A,534.2666666666667,55.979055555555554,112.57083333333334,0.0,24.41401388888889
2013-08-29 20:00:00,656B,634.7722222222222,52.07801388888889,107.31805555555556,28.25176470588235,25.703152777777778
2013-08-29 20:00:00,664,562.3472222222222,56.90047222222222,33.32222222222222,16.220843672456574,24.531472222222224
2013-08-29 20:00:00,666,495.6638888888889,55.905861111111115,254.69166666666666,0.0,24.409708333333334
2013-08-29 20:00:00,668,440.6430555555556,60.174638888888886,2165.961111111111,9.715384615384615,23.32431944444444
2013-08-29 20:00:00,717,456.90972222222223,59.12956944444444,133.51111111111112,0.0,23.108833333333333
2013-08-29 20:00:00,719,511.85,58.40645833333333,365.7055555555556,6.099216710182768,23.631819444444446
2013-08-29 20:00:00,721,397.9528432732316,58.91715277777777,180.925,0.0,22.407430555555557
2013-08-29 20:00:00,722,429.4638888888889,56.215583333333335,3.9791666666666665,0.0,22.949888888888893
2013-08-29 20:00:00,723,470.96527777777777,63.73104166666666,222.89444444444445,0.0,22.029013888888887
2013-08-29 20:00:00,724,258.70416666666665,59.08233333333333,5.080555555555556,0.0,23.162972222222223
2013-08-29 20:00:00,726,473.37916666666666,55.227601115760116,3.3347280334728033,0.0,24.125355648535567
2013-08-29 20:00:00,734,493.4458333333333,54.96172222222223,173.74027777777778,1.6088154269972452,24.479694444444444
2013-08-29 20:00:00,746,639.1180555555555,57.93595833333333,16.8125,1.371191135734072,23.748166666666666
2013-08-29 20:00:00,748,791.6111111111111,54.73158333333333,12.172222222222222,6.631147540983607,24.97051388888889
2013-08-29 20:00:00,752,531.5680555555556,47.49941666666667,10.623611111111112,3.330578512396694,26.817999999999998
2013-08-29 20:00:00,754,478.09027777777777,53.10718055555555,13.02361111111111,0.0,25.276347222222224
2013-08-29 20:00:00,776,744.8541666666666,55.79063888888889,93.0625,0.041666666666666664,24.650930555555554
2013-08-29 21:00:00,413,579.3402777777778,51.21055555555555,105.275,0.0,24.079305555555553
2013-08-29 21:00:00,415,591.3583333333333,59.09313888888889,62.98888888888889,0.0,23.414583333333333
2013-08-29 21:00:00,417,453.1791666666667,58.82528432732316,76.3495145631068,0.0,23.54210818307906
2013-08-29 21:00:00,419,565.7097222222222,59.605111111111114,136.41666666666666,0.0,71.78925000000001
2013-08-29 21:00:00,421,633.2958333333333,60.665749999999996,194.62916666666666,0.0,23.459583333333335
2013-08-29 21:00:00,422,518.4472222222222,60.1665,224.7111111111111,0.7356948228882834,23.310527777777775
2013-08-29 21:00:00,423,450.5361111111111,58.80191666666666,3.8194444444444446,0.0,23.15952777777778
2013-08-29 21:00:00,424,502.9486111111111,58.10023611111111,3.675,0.0,23.572625000000002
2013-08-29 21:00:00,442,563.2444444444444,57.611213872832366,5.631502890173411,0.0,23.65994219653179
2013-08-29 21:00:00,446,598.9430555555556,61.13070833333333,3.975,0.0,22.65272222222222
2013-08-29 21:00:00,448,481.70694444444445,60.30397222222222,4.581944444444445,0.0,23.171125
2013-08-29 21:00:00,452,458.56805555555553,53.73783333333333,3.4,0.0,23.096027777777778
2013-08-29 21:00:00,454,431.53055555555557,60.62204166666667,3.5347222222222223,0.0,23.096194444444443
2013-08-29 21:00:00,456,682.5861111111111,56.15324999999999,57.201388888888886,24.11633109619687,24.574333333333335
2013-08-29 21:00:00,458,611.0625,61.17170833333333,13.309722222222222,4.794195250659631,22.833277777777777
2013-08-29 21:00:00,462,541.9402777777777,63.561125000000004,4.5777777777777775,0.0,22.33727777777778
2013-08-29 21:00:00,510,439.4263888888889,59.76684722222222,139.44166666666666,9.032745591939547,23.234208333333335
2013-08-29 21:00:00,513,452.18055555555554,61.170625,13.011111111111111,0.0,22.643305555555557
2013-08-29 21:00:00,552,656.5180555555555,57.43918055555555,40.28611111111111,23.257383966244724,24.454305555555553
2013-08-29 21:00:00,554,590.6680555555556,58.935972222222226,3.558333333333333,0.0,23.410069444444446
2013-08-29 21:00:00,556,682.4666666666667,55.69770833333333,43.40416666666667,19.45301204819277,24.440555555555555
2013-08-29 21:00:00,558,502.5125,60.928958333333334,3.595833333333333,0.0,23.15990277777778
2013-08-29 21:00:00,562,486.23055555555555,58.128125,49.63194444444444,13.279891304347826,24.06426388888889
2013-08-29 21:00:00,564,564.8430555555556,57.32505555555556,5.151388888888889,22.012755102040817,24.11373611111111
2013-08-29 21:00:00,621,594.3180555555556,54.81902777777778,166.11527777777778,11.558265582655826,26.081791666666668
2013-08-29 21:00:00,621A,469.9347222222222,62.604166666666664,108.56666666666666,1.5472222222222223,22.285875
2013-08-29 21:00:00,621C,518.9472222222222,60.57073611111111,247.85833333333332,0.0,22.802652777777777
2013-08-29 21:00:00,621D,592.2141863699583,57.47156944444444,240.82638888888889,0.0,23.763805555555553
2013-08-29 21:00:00,621E,712.5361111111112,59.05181944444444,88.96666666666667,-1.0,23.736555555555555
2013-08-29 21:00:00,640,516.1402777777778,59.13697642163662,11.045769764216367,0.0,22.879306518723993
2013-08-29 21:00:00,644,572.5736111111111,52.89605555555556,221.17083333333332,0.0,25.265791666666665
2013-08-29 21:00:00,648,215.01388888888889,49.99013888888889,203.75277777777777,25.113636363636363,26.221041666666668
2013-08-29 21:00:00,656A,541.7597222222222,57.659444444444446,112.83472222222223,0.0,23.579958333333334
2013-08-29 21:00:00,656B,615.8111111111111,51.59869444444444,95.49583333333334,26.104738154613468,25.503722222222223
2013-08-29 21:00:00,664,597.3472222222222,56.068222222222225,33.32361111111111,19.007614213197968,24.70411111111111
2013-08-29 21:00:00,666,501.77916666666664,57.76018055555556,208.35416666666666,0.0,23.46809722222222
2013-08-29 21:00:00,668,434.0464135021097,59.12565277777778,2160.886111111111,8.43157894736842,23.513111111111108
2013-08-29 21:00:00,717,464.97222222222223,58.56586111111111,126.2,0.0,23.21147222222222
2013-08-29 21:00:00,719,515.1611111111112,58.005472222222224,347.3986111111111,0.0,23.680333333333333
2013-08-29 21:00:00,721,408.3236111111111,58.30459722222222,184.25833333333333,0.0,22.530708333333333
2013-08-29 21:00:00,722,428.6611111111111,55.98961111111111,4.022222222222222,0.0,22.960500000000003
2013-08-29 21:00:00,723,477.91805555555555,63.1805,212.28472222222223,0.0,22.098791666666667
2013-08-29 21:00:00,724,269.74305555555554,58.80934722222223,5.073611111111111,0.0,23.213375000000003
2013-08-29 21:00:00,726,490.9263888888889,54.97036061026352,17.446601941747574,0.0,24.20181692094313
2013-08-29 21:00:00,734,558.6263888888889,54.803555555555555,225.29444444444445,8.832446808510639,24.63276388888889
2013-08-29 21:00:00,746,681.5236111111111,57.23554166666666,19.35,6.427461139896373,23.820486111111112
2013-08-29 21:00:00,748,617.0222222222222,54.06513888888889,3.573611111111111,0.0,24.478138888888886
2013-08-29 21:00:00,752,624.2763888888888,48.07063888888889,27.569444444444443,19.35952380952381,26.525041666666667
2013-08-29 21:00:00,754,486.86944444444447,51.6975,9.743055555555555,0.0,25.592569444444447
2013-08-29 21:00:00,776,778.9486111111111,54.90068055555555,125.18611111111112,13.01965601965602,24.808277777777775
2013-08-29 22:00:00,413,579.2763888888888,50.68774687065368,99.39082058414465,0.0,24.266926286509037
2013-08-29 22:00:00,415,694.5263888888888,58.836314325452015,65.27260083449235,19.239277652370202,23.611390820584145
2013-08-29 22:00:00,417,453.5708333333333,58.50984722222222,69.01805555555555,0.0,23.609277777777777
2013-08-29 22:00:00,419,568.6569444444444,59.26205841446453,134.884561891516,0.0,61.106383866481224
2013-08-29 22:00:00,421,488.025,60.12055555555556,186.9111111111111,0.0,23.497208333333337
2013-08-29 22:00:00,422,614.9166666666666,60.186833333333325,213.16666666666666,20.64,23.595041666666667
2013-08-29 22:00:00,423,451.46944444444443,58.654625,3.6847222222222222,0.0,23.186249999999998
2013-08-29 22:00:00,424,506.71805555555557,57.96970833333334,3.602777777777778,0.0,23.593041666666668
2013-08-29 22:00:00,442,564.5958333333333,57.32871508379888,5.7472067039106145,0.0,23.76122905027933
2013-08-29 22:00:00,446,598.7861111111112,60.945125,3.9444444444444446,0.0,22.682680555555557
2013-08-29 22:00:00,448,482.9582753824757,60.124867872044504,4.570236439499305,0.0,23.19518776077886
2013-08-29 22:00:00,452,459.28333333333336,53.578833333333336,3.5305555555555554,0.0,23.11965277777778
2013-08-29 22:00:00,454,432.75555555555553,60.39445833333333,3.522222222222222,0.0,23.13895833333333
2013-08-29 22:00:00,456,686.9222222222222,55.78311111111112,46.24027777777778,22.560878243512974,24.652430555555554
2013-08-29 22:00:00,458,634.9207232267038,61.10216666666666,47.93611111111111,18.43243243243243,22.865083333333335
2013-08-29 22:00:00,462,538.3044096728307,63.880375,4.529166666666667,0.0,22.16923611111111
2013-08-29 22:00:00,510,415.89166666666665,58.81503477051461,221.2489568845619,0.0,23.558219749652295
2013-08-29 22:00:00,513,482.4166666666667,60.95880389429763,12.13490959666203,2.5678670360110805,22.678080667593882
2013-08-29 22:00:00,552,758.0208623087622,57.17066666666666,40.641666666666666,23.108459869848158,24.58536111111111
2013-08-29 22:00:00,554,559.8625,59.35634722222222,5.438888888888889,1.6859504132231404,23.145000000000003
2013-08-29 22:00:00,556,638.8972222222222,55.90547222222222,38.138888888888886,17.095744680851062,24.30234722222222
2013-08-29 22:00:00,558,503.45,60.794624999999996,3.6458333333333335,0.0,23.16154166666667
2013-08-29 22:00:00,562,416.31944444444446,57.81547222222222,49.075,13.267567567567568,24.05511111111111
2013-08-29 22:00:00,564,511.753120665742,56.905388888888886,4.972222222222222,13.75452196382429,24.181708333333336
2013-08-29 22:00:00,621,578.9902777777778,54.816185852981974,165.74618585298197,13.465940054495913,26.096777777777778
2013-08-29 22:00:00,621A,465.0986111111111,62.682750000000006,111.59305555555555,2.8767123287671232,22.194958333333336
2013-08-29 22:00:00,621C,519.0347222222222,60.237791666666666,237.6875,0.0,22.864583333333332
2013-08-29 22:00:00,621D,587.8305555555555,57.16095833333333,220.07916666666668,0.0,23.828638888888886
2013-08-29 22:00:00,621E,643.865090403338,58.93119444444444,67.02083333333333,-1.0,23.58679166666667
2013-08-29 22:00:00,640,518.0444444444445,59.59901388888889,9.7125,0.0,22.732958333333332
2013-08-29 22:00:00,644,572.7569444444445,52.301624999999994,189.075,0.0,25.311777777777777
2013-08-29 22:00:00,648,235.48055555555555,49.40208333333333,200.93055555555554,24.60079840319361,26.30686111111111
2013-08-29 22:00:00,656A,541.3263888888889,59.20090277777778,121.35694444444445,0.0,23.082375000000003
2013-08-29 22:00:00,656B,585.9430555555556,51.89220833333333,95.69027777777778,26.955555555555556,25.24145833333333
2013-08-29 22:00:00,664,587.5243393602225,55.27497913769124,29.69401947148818,14.933179723502304,24.75210013908206
2013-08-29 22:00:00,666,506.07810320781033,59.78255555555556,163.3625,0.0,22.84059722222222
2013-08-29 22:00:00,668,470.0853146853147,59.053999999999995,2179.983333333333,15.631961259079903,23.583958333333335
2013-08-29 22:00:00,717,470.59583333333336,58.14741307371349,115.08762169680111,0.0,23.31993045897079
2013-08-29 22:00:00,719,519.45,58.012375000000006,328.53055555555557,10.208053691275168,23.586972222222222
2013-08-29 22:00:00,721,410.6791666666667,57.79358333333333,182.69305555555556,0.0,22.644597222222224
2013-08-29 22:00:00,722,430.09583333333336,55.806888888888885,3.9972222222222222,0.0,22.992555555555555
2013-08-29 22:00:00,723,475.22531293463146,62.881458333333335,197.32638888888889,0.0,22.16247222222222
2013-08-29 22:00:00,724,271.5048678720445,58.602958333333326,4.936111111111111,0.0,23.25686111111111
2013-08-29 22:00:00,726,490.3755215577191,54.74909470752089,3.2395543175487465,0.0,24.240779944289695
2013-08-29 22:00:00,734,443.11944444444447,53.580236111111105,333.48055555555555,5.115902964959568,24.893541666666664
2013-08-29 22:00:00,746,705.6319444444445,56.89621359223301,25.357836338418863,10.693467336683417,23.918973647711514
2013-08-29 22:00:00,748,680.5083333333333,54.70369080779944,13.440111420612814,3.4944444444444445,24.1683426183844
2013-08-29 22:00:00,752,570.7736111111111,48.61731944444445,21.65,13.373134328358208,26.241958333333333
2013-08-29 22:00:00,754,488.13055555555553,51.35055555555556,8.113888888888889,0.0,25.532041666666665
2013-08-29 22:00:00,776,821.8083333333333,54.60308333333334,140.85416666666666,15.615,25.008444444444443
2013-08-29 23:00:00,413,577.7458333333333,49.82977777777778,92.00416666666666,0.0,24.613430555555553
2013-08-29 23:00:00,415,733.3041666666667,58.15904166666667,55.06805555555555,11.759825327510917,23.89884722222222
2013-08-29 23:00:00,417,452.3652777777778,58.15075,60.68611111111111,0.0,23.663694444444445
2013-08-29 23:00:00,419,563.8361111111111,59.05309722222223,141.5888888888889,0.0,58.73634722222222
2013-08-29 23:00:00,421,423.3,59.65340751043116,185.12517385257303,0.0,23.284867872044504
2013-08-29 23:00:00,422,531.9499304589708,59.12341666666667,199.34166666666667,0.0,23.730333333333334
2013-08-29 23:00:00,423,449.65416666666664,58.47273611111112,3.6902777777777778,0.0,23.21834722222222
2013-08-29 23:00:00,424,501.09166666666664,57.80099861303746,3.5284327323162277,0.0,23.625325936199722
2013-08-29 23:00:00,442,560.2319444444445,56.85986111111111,5.802777777777778,0.0,23.89929166666667
2013-08-29 23:00:00,446,593.8430555555556,60.70345833333333,4.0375,0.0,22.718319444444447
2013-08-29 23:00:00,448,479.4527777777778,59.934625,4.5875,0.0,23.212319444444443
2013-08-29 23:00:00,452,456.6041666666667,53.40390277777777,3.4472222222222224,0.0,23.13975
2013-08-29 23:00:00,454,430.34305555555557,60.17733333333334,3.513888888888889,0.0,23.167569444444446
2013-08-29 23:00:00,456,577.1152777777778,55.44577777777778,3.9625,0.0,24.509458333333335
2013-08-29 23:00:00,458,585.1694444444445,61.128083333333336,12.86111111111111,0.0,22.741166666666665
2013-08-29 23:00:00,462,531.7472222222223,64.69129166666666,4.530555555555556,0.0,21.854138888888887
2013-08-29 23:00:00,510,429.7027777777778,56.74605555555556,285.73055555555555,8.64450127877238,24.414166666666667
2013-08-29 23:00:00,513,488.5263888888889,60.665000000000006,10.744444444444444,7.34065934065934,22.722666666666665
2013-08-29 23:00:00,552,544.1333333333333,56.567972222222224,39.2125,15.464646464646465,24.36058333333333
2013-08-29 23:00:00,554,596.2444444444444,60.13806944444445,30.530555555555555,12.915632754342433,22.868763888888886
2013-08-29 23:00:00,556,654.6763888888889,55.924416666666666,23.406944444444445,6.893129770992366,24.34915277777778
2013-08-29 23:00:00,558,499.5986111111111,60.64654166666667,3.5430555555555556,0.0,23.161763888888892
2013-08-29 23:00:00,562,391.73333333333335,57.697850208044386,30.807212205270456,8.583333333333334,23.950083217753118
2013-08-29 23:00:00,564,495.46944444444443,56.67391666666667,14.402777777777779,24.279596977329973,24.17280555555556
2013-08-29 23:00:00,621,589.7549295774647,54.770097222222226,165.46805555555557,15.284552845528456,26.16526388888889
2013-08-29 23:00:00,621A,488.64285714285717,62.31095833333333,139.025,13.167070217917676,22.33898611111111
2013-08-29 23:00:00,621C,517.7333333333333,59.952875,223.3111111111111,0.0,22.913027777777778
2013-08-29 23:00:00,621D,586.3861111111111,56.92418055555555,205.92222222222222,0.0,23.850041666666666
2013-08-29 23:00:00,621E,778.6833333333333,58.33786111111112,75.12222222222222,-1.0,24.02645833333333
2013-08-29 23:00:00,640,514.2944444444445,59.58290277777778,9.156944444444445,0.0,22.680930555555555
2013-08-29 23:00:00,644,567.2013888888889,52.65252777777778,147.40833333333333,0.0,24.949083333333334
2013-08-29 23:00:00,648,327.075,49.701388888888886,178.9111111111111,24.64750957854406,26.25648611111111
2013-08-29 23:00:00,656A,565.4666666666667,59.73416666666667,150.06805555555556,18.10403397027601,22.940055555555556
2013-08-29 23:00:00,656B,577.7527777777777,52.245194444444444,94.88888888888889,20.375647668393782,25.006916666666665
2013-08-29 23:00:00,664,470.94166666666666,54.84852777777778,24.855555555555554,6.956298200514139,24.546180555555555
2013-08-29 23:00:00,666,502.83472222222224,60.49730555555555,134.65555555555557,0.0,22.586055555555554
2013-08-29 23:00:00,668,471.7027777777778,58.85320833333333,2162.4333333333334,16.1145584725537,23.440472222222223
2013-08-29 23:00:00,717,468.65694444444443,57.735375000000005,102.19166666666666,0.0,23.415555555555557
2013-08-29 23:00:00,719,571.2611111111111,57.63379166666667,317.84305555555557,11.466367713004484,23.895791666666668
2013-08-29 23:00:00,721,409.09166666666664,57.361375,182.68055555555554,0.0,22.72958333333333
2013-08-29 23:00:00,722,477.91527777777776,55.76936111111112,26.67361111111111,17.493230174081237,23.128236111111114
2013-08-29 23:00:00,723,470.8847222222222,62.54454166666667,181.19861111111112,0.0,22.200958333333332
2013-08-29 23:00:00,724,271.24583333333334,58.380541666666666,9.873611111111112,1.371191135734072,23.295583333333333
2013-08-29 23:00:00,726,487.7986111111111,54.5644645340751,3.3351877607788594,0.0,24.266689847009737
2013-08-29 23:00:00,734,451.5180555555556,52.385375,112.24861111111112,9.875,25.27091666666667
2013-08-29 23:00:00,746,650.4277777777778,57.372861111111106,8.411111111111111,1.835164835164835,23.422833333333333
2013-08-29 23:00:00,748,596.9236111111111,55.03175,5.615277777777778,0.0,23.86947222222222
2013-08-29 23:00:00,752,495.07916666666665,48.84883333333334,5.4875,0.0,25.85498611111111
2013-08-29 23:00:00,754,485.1763888888889,51.78683333333333,7.401388888888889,0.0,25.143944444444443
2013-08-29 23:00:00,776,662.6236111111111,54.386319444444446,107.99861111111112,1.5331491712707181,24.619291666666665
2013-08-30 00:00:00,413,565.8722222222223,48.90654166666666,132.01666666666668,0.0,25.06015277777778
2013-08-30 00:00:00,415,581.7426981919332,57.88195833333334,54.90555555555556,0.0,23.792458333333332
2013-08-30 00:00:00,417,436.31944444444446,58.00215277777778,50.18472222222222,0.0,23.726847222222226
2013-08-30 00:00:00,419,545.4833333333333,58.929986111111106,141.14444444444445,0.0,62.646569444444445
2013-08-30 00:00:00,421,425.8361111111111,59.16881944444445,167.79722222222222,0.0,23.297583333333332
2013-08-30 00:00:00,422,564.4666666666667,58.80920833333333,201.88194444444446,18.655526992287918,24.025347222222223
2013-08-30 00:00:00,423,437.5486111111111,58.3625,3.5444444444444443,0.0,23.262638888888887
2013-08-30 00:00:00,424,488.62638888888887,57.697972222222226,3.415277777777778,0.0,23.67426388888889
2013-08-30 00:00:00,442,539.9972222222223,56.56118055555556,4.920833333333333,0.0,24.024736111111114
2013-08-30 00:00:00,446,576.2236111111112,60.62375,3.459722222222222,0.0,22.757944444444448
2013-08-30 00:00:00,448,466.73055555555555,59.87558333333333,4.15,0.0,23.229694444444444
2013-08-30 00:00:00,452,443.75138888888887,53.33144444444444,2.9569444444444444,0.0,23.16473611111111
2013-08-30 00:00:00,454,418.07916666666665,60.10008333333333,3.2805555555555554,0.0,23.175555555555558
2013-08-30 00:00:00,456,520.1958333333333,55.710611961057026,3.432545201668985,0.0,24.30584144645341
2013-08-30 00:00:00,458,563.0125,61.4645,6.468055555555556,1.2916666666666667,22.661805555555556
2013-08-30 00:00:00,462,517.3638888888889,65.28229166666667,3.5527777777777776,0.0,21.750152777777778
2013-08-30 00:00:00,510,423.3152777777778,53.463125,473.075,2.8043478260869565,25.65705555555556
2013-08-30 00:00:00,513,499.56805555555553,60.570458333333335,9.936111111111112,6.622994652406417,22.78413888888889
2013-08-30 00:00:00,552,506.11805555555554,56.784625,28.309722222222224,11.78960396039604,24.15463888888889
2013-08-30 00:00:00,554,1318.8152777777777,60.95923611111111,12.733333333333333,27.934131736526947,24.013819444444444
2013-08-30 00:00:00,556,543.5763888888889,55.98766666666667,3.6125,0.0,24.022402777777778
2013-08-30 00:00:00,558,485.98333333333335,60.64858333333333,3.5972222222222223,0.0,23.163166666666665
2013-08-30 00:00:00,562,327.5486111111111,58.29888888888888,2.751388888888889,0.0,23.546513888888892
2013-08-30 00:00:00,564,468.5763888888889,56.609513888888884,13.643055555555556,25.440203562340965,24.09375
2013-08-30 00:00:00,621,601.7450980392157,54.827402777777785,165.08055555555555,14.74932614555256,26.266263888888886
2013-08-30 00:00:00,621A,454.7263888888889,62.03458333333334,154.10555555555555,1.448753462603878,22.42676388888889
2013-08-30 00:00:00,621C,504.4486111111111,59.77291666666667,208.48055555555555,0.0,22.978041666666666
2013-08-30 00:00:00,621D,592.3027777777778,56.962624999999996,203.71666666666667,0.0,23.90284722222222
2013-08-30 00:00:00,621E,738.7705146036161,57.94586111111111,67.34861111111111,-1.0,24.13852777777778
2013-08-30 00:00:00,640,496.83472222222224,59.762708333333336,10.030555555555555,0.0,22.66415277777778
2013-08-30 00:00:00,644,539.1291666666667,54.20520833333333,172.44166666666666,0.0,24.318333333333335
2013-08-30 00:00:00,648,224.19027777777777,50.25352777777778,181.73333333333332,15.262376237623762,25.686611111111112
2013-08-30 00:00:00,656A,521.2611111111111,59.525263888888894,107.5111111111111,0.0,23.05090277777778
2013-08-30 00:00:00,656B,526.8847222222222,53.11973611111111,71.50277777777778,5.752021563342318,24.63347222222222
2013-08-30 00:00:00,664,483.0486111111111,55.58286111111111,22.76527777777778,12.829099307159353,24.383861111111113
2013-08-30 00:00:00,666,486.90833333333336,60.625055555555555,106.63472222222222,0.0,22.65623611111111
2013-08-30 00:00:00,668,438.5208333333333,59.41722222222222,2155.6916666666666,18.095238095238095,23.262805555555556
2013-08-30 00:00:00,717,461.5477528089888,57.51145833333333,90.94027777777778,0.0,23.499291666666668
2013-08-30 00:00:00,719,500.99583333333334,57.35788888888889,300.2986111111111,0.0,23.78518055555556
2013-08-30 00:00:00,721,402.5263888888889,57.11761111111111,212.73472222222222,0.0,22.816375
2013-08-30 00:00:00,722,594.8266296809986,55.62865277777777,28.06388888888889,14.563106796116505,23.575805555555558
2013-08-30 00:00:00,723,455.8930555555556,62.483374999999995,169.72083333333333,0.0,22.25016666666667
2013-08-30 00:00:00,724,261.0708333333333,58.276374999999994,5.55,0.0,23.337583333333335
2013-08-30 00:00:00,726,476.8888888888889,54.48943055555556,3.263888888888889,0.0,24.293861111111113
2013-08-30 00:00:00,734,414.9458333333333,51.44259722222222,89.26944444444445,1.8461538461538463,25.532069444444446
2013-08-30 00:00:00,746,751.5208333333334,58.589416666666665,30.940277777777776,22.735607675906184,23.321569444444442
2013-08-30 00:00:00,748,568.0902777777778,55.76866666666667,4.627777777777778,0.0,23.58152777777778
2013-08-30 00:00:00,752,477.1333333333333,49.510555555555555,5.338888888888889,0.0,25.562416666666664
2013-08-30 00:00:00,754,472.9513888888889,52.758250000000004,8.622222222222222,0.0,24.72561111111111
2013-08-30 00:00:00,776,639.1069444444445,54.75702777777777,84.88194444444444,7.319512195121951,24.51434722222222
2013-08-30 01:00:00,413,544.7236111111112,47.784499999999994,230.28472222222223,0.0,25.50254166666667
2013-08-30 01:00:00,415,550.6847222222223,57.80990277777777,65.78055555555555,0.0,23.81784722222222
2013-08-30 01:00:00,417,416.275,57.711388888888884,50.63472222222222,0.0,23.859152777777776
2013-08-30 01:00:00,419,523.7194444444444,58.924547983310156,165.15438108484005,0.0,72.00739916550765
2013-08-30 01:00:00,421,408.50694444444446,58.763777777777776,167.19583333333333,0.0,23.423333333333332
2013-08-30 01:00:00,422,545.2347222222222,57.64683333333333,196.9013888888889,17.357664233576642,24.398222222222223
2013-08-30 01:00:00,423,421.5708333333333,58.34491666666666,3.5555555555555554,0.0,23.282722222222223
2013-08-30 01:00:00,424,471.33841886269073,57.69024999999999,3.2875,0.0,23.696361111111113
2013-08-30 01:00:00,442,517.7253814147018,56.41709722222222,5.148611111111111,0.0,24.087972222222223
2013-08-30 01:00:00,446,553.1875,60.61691666666667,3.3402777777777777,0.0,22.785041666666665
2013-08-30 01:00:00,448,448.04583333333335,59.889125,4.231944444444444,0.0,23.245430555555554
2013-08-30 01:00:00,452,425.6638888888889,53.33947222222222,3.026388888888889,0.0,23.170222222222225
2013-08-30 01:00:00,454,399.8888888888889,60.145916666666665,3.390277777777778,0.0,23.16091666666667
2013-08-30 01:00:00,456,494.65277777777777,56.04169444444444,3.3680555555555554,0.0,24.19026388888889
2013-08-30 01:00:00,458,538.7958333333333,61.647333333333336,3.5875,0.0,22.668416666666666
2013-08-30 01:00:00,462,500.7291666666667,65.22715277777777,3.701388888888889,0.0,21.884375
2013-08-30 01:00:00,510,403.35,50.859361111111106,577.4680555555556,0.0,26.47663888888889
2013-08-30 01:00:00,513,416.65,60.07940277777777,11.936111111111112,0.0,23.04638888888889
2013-08-30 01:00:00,552,429.23333333333335,57.43694444444444,3.4680555555555554,0.0,23.711499999999997
2013-08-30 01:00:00,554,838.2819444444444,57.70205555555556,13.295833333333333,16.91116173120729,24.62913888888889
2013-08-30 01:00:00,556,520.8236111111111,56.274874999999994,3.5875,0.0,23.918541666666666
2013-08-30 01:00:00,558,468.5180555555556,60.73975,3.5097222222222224,0.0,23.155694444444443
2013-08-30 01:00:00,562,305.9194444444444,58.77023611111111,2.7069444444444444,0.0,23.37386111111111
2013-08-30 01:00:00,564,483.78333333333336,56.73806944444444,13.64861111111111,24.77720207253886,24.037611111111108
2013-08-30 01:00:00,621,547.4791666666666,54.76072222222222,165.05555555555554,8.883333333333333,26.275291666666664
2013-08-30 01:00:00,621A,420.83194444444445,61.93625,209.27083333333334,1.7692307692307692,22.485055555555554
2013-08-30 01:00:00,621C,483.31111111111113,59.63195833333334,203.40694444444443,0.0,23.103513888888887
2013-08-30 01:00:00,621D,542.0777777777778,56.741416666666666,205.8972222222222,0.0,24.00913888888889
2013-08-30 01:00:00,621E,567.1736111111111,57.77261111111111,66.97916666666667,-1.0,23.94536111111111
2013-08-30 01:00:00,640,476.6694444444444,59.865513888888884,9.593055555555555,0.0,22.68736111111111
2013-08-30 01:00:00,644,511.6111111111111,55.53373611111111,117.26944444444445,0.0,23.906013888888893
2013-08-30 01:00:00,648,215.425,51.188027777777776,76.30972222222222,18.572340425531916,25.298722222222224
2013-08-30 01:00:00,656A,500.64444444444445,58.616569444444444,14.634722222222223,0.0,23.459888888888887
2013-08-30 01:00:00,656B,489.6638888888889,53.779833333333336,8.534722222222221,0.0,24.465708333333335
2013-08-30 01:00:00,664,399.91527777777776,55.550263888888885,3.088888888888889,0.0,24.168569444444444
2013-08-30 01:00:00,666,467.99305555555554,59.64951388888889,20.654166666666665,0.0,23.10995833333333
2013-08-30 01:00:00,668,428.6097222222222,60.224027777777785,2135.6694444444443,24.01151631477927,23.062819444444443
2013-08-30 01:00:00,717,439.4638888888889,57.152430555555554,102.59166666666667,0.0,23.699125
2013-08-30 01:00:00,719,473.2402777777778,57.33390277777778,368.6097222222222,0.0,23.841458333333332
2013-08-30 01:00:00,721,377.9457579972184,56.64969444444444,467.14444444444445,0.0,23.05083333333333
2013-08-30 01:00:00,722,434.675,55.31118055555555,4.555555555555555,2.2981029810298104,23.313416666666665
2013-08-30 01:00:00,723,437.34090909090907,62.28606397774687,194.89847009735743,0.0,22.386745479833102
2013-08-30 01:00:00,724,240.97222222222223,58.283833333333334,4.970833333333333,0.0,23.33620833333333
2013-08-30 01:00:00,726,458.0472222222222,54.48277777777778,3.386111111111111,0.0,24.309208333333334
2013-08-30 01:00:00,734,379.3509015256588,50.82555555555556,100.48472222222222,1.6071428571428572,25.707583333333332
2013-08-30 01:00:00,746,607.4111111111112,58.72968055555556,16.104166666666668,3.2330623306233064,23.091055555555556
2013-08-30 01:00:00,748,543.3097222222223,56.32377777777778,4.6930555555555555,0.0,23.444625000000002
2013-08-30 01:00:00,752,455.85555555555555,50.015361111111105,5.366666666666666,0.0,25.437569444444442
2013-08-30 01:00:00,754,454.1458333333333,53.716833333333334,7.308333333333334,0.0,24.384041666666665
2013-08-30 01:00:00,776,604.9319444444444,54.858916666666666,48.56527777777778,0.0,24.477777777777778
2013-08-30 02:00:00,413,505.34305555555557,47.431125,27.458333333333332,0.0,25.506361111111115
2013-08-30 02:00:00,415,570.7833333333333,57.68976388888888,31.67222222222222,18.023255813953487,23.949236111111112
2013-08-30 02:00:00,417,379.56666666666666,57.52766666666666,18.381944444444443,0.0,23.893958333333334
2013-08-30 02:00:00,419,481.36944444444447,59.01684283727399,77.95132127955493,0.0,65.01169680111265
2013-08-30 02:00:00,421,371.5152777777778,58.497749999999996,71.675,0.0,23.46548611111111
2013-08-30 02:00:00,422,443.7597222222222,57.28955555555556,94.6875,0.0,24.278847222222222
2013-08-30 02:00:00,423,394.3611111111111,58.38543055555556,3.5305555555555554,0.0,23.277555555555555
2013-08-30 02:00:00,424,442.11805555555554,57.740625,3.2416666666666667,0.0,23.688333333333333
2013-08-30 02:00:00,442,484.7361111111111,56.31741666666667,4.929166666666666,0.0,24.127277777777778
2013-08-30 02:00:00,446,517.0652777777777,60.64004166666667,4.0625,0.0,22.791027777777778
2013-08-30 02:00:00,448,418.2083333333333,59.88079166666667,5.195833333333334,0.0,23.255694444444444
2013-08-30 02:00:00,452,398.6666666666667,53.35581944444445,2.963888888888889,0.0,23.17066666666667
2013-08-30 02:00:00,454,373.30555555555554,60.21304166666667,3.3680555555555554,0.0,23.140333333333334
2013-08-30 02:00:00,456,465.2861111111111,56.249736111111105,3.3291666666666666,0.0,24.119166666666665
2013-08-30 02:00:00,458,497.99305555555554,61.573125000000005,3.522222222222222,0.0,22.751569444444442
2013-08-30 02:00:00,462,463.6638888888889,64.80375,3.5569444444444445,0.0,22.056083333333333
2013-08-30 02:00:00,510,363.1,50.71531944444444,126.87638888888888,0.0,26.203347222222224
2013-08-30 02:00:00,513,374.1611111111111,58.682541666666665,7.930555555555555,0.0,23.55713888888889
2013-08-30 02:00:00,552,392.76503496503494,58.326430555555554,3.272222222222222,0.0,23.390847222222224
2013-08-30 02:00:00,554,468.9763888888889,57.349875000000004,12.169444444444444,0.0,23.923986111111113
2013-08-30 02:00:00,556,476.4555555555556,56.426430555555555,3.525,0.0,23.85276388888889
2013-08-30 02:00:00,558,435.5097222222222,60.78904166666667,3.573611111111111,0.0,23.151597222222225
2013-08-30 02:00:00,562,273.2597222222222,58.9966013986014,2.7104895104895106,0.0,23.312713286713286
2013-08-30 02:00:00,564,383.7916666666667,56.752583333333334,7.247222222222222,9.693333333333333,23.907125
2013-08-30 02:00:00,621,467.63055555555553,55.53655555555555,11.27361111111111,2.3601108033241,25.877458333333333
2013-08-30 02:00:00,621A,380.9527777777778,61.49279166666666,133.2125,0.0,22.646
2013-08-30 02:00:00,621C,450.36805555555554,59.19866666666667,92.16388888888889,0.0,23.307847222222225
2013-08-30 02:00:00,621D,502.1847222222222,56.313611111111115,104.76944444444445,0.0,24.197958333333332
2013-08-30 02:00:00,621E,522.0847222222222,58.047958333333334,44.58611111111111,-1.0,23.81363888888889
2013-08-30 02:00:00,640,435.4916666666667,59.82797222222222,5.098611111111111,0.0,22.74372222222222
2013-08-30 02:00:00,644,481.5888888888889,55.85131944444444,10.047222222222222,0.0,23.896875
2013-08-30 02:00:00,648,167.7888888888889,51.85743055555555,12.422222222222222,5.921717171717172,25.009208333333333
2013-08-30 02:00:00,656A,470.12083333333334,57.78029166666666,6.868055555555555,0.0,23.74815277777778
2013-08-30 02:00:00,656B,464.8152777777778,53.53713888888888,4.445833333333334,0.0,24.596152777777778
2013-08-30 02:00:00,664,353.1902777777778,55.691805555555554,3.1319444444444446,0.0,24.00476388888889
2013-08-30 02:00:00,666,441.84722222222223,58.86568055555556,7.027777777777778,0.0,23.380236111111113
2013-08-30 02:00:00,668,376.08472222222224,60.828583333333334,2157.876388888889,12.715404699738903,22.829972222222224
2013-08-30 02:00:00,717,409.09166666666664,56.328402777777775,49.331944444444446,0.0,23.989708333333333
2013-08-30 02:00:00,719,438.9125,56.78313888888889,172.6375,0.0,24.05395833333333
2013-08-30 02:00:00,721,351.6847222222222,55.78205555555556,179.29583333333332,0.0,23.360319444444446
2013-08-30 02:00:00,722,376.6625,55.37654166666667,3.8333333333333335,0.0,23.186527777777776
2013-08-30 02:00:00,723,394.2673879443586,61.793217665615146,74.60725552050474,0.0,22.5702523659306
2013-08-30 02:00:00,724,219.14186369958276,58.31625,4.780555555555556,0.0,23.32144444444444
2013-08-30 02:00:00,726,427.69166666666666,54.456805555555555,3.188888888888889,0.0,24.313652777777776
2013-08-30 02:00:00,734,337.3833333333333,51.70218055555556,29.120833333333334,0.0,25.267805555555555
2013-08-30 02:00:00,746,611.3305555555555,59.563125,28.670833333333334,7.370572207084469,22.929847222222225
2013-08-30 02:00:00,748,505.06805555555553,56.68958333333333,3.0541666666666667,0.0,23.355583333333335
2013-08-30 02:00:00,752,423.78194444444443,50.17486111111111,5.341666666666667,0.0,25.44041666666667
2013-08-30 02:00:00,754,422.99305555555554,54.52357440890125,4.261474269819193,0.0,24.094297635605006
2013-08-30 02:00:00,776,573.6944444444445,55.171486111111115,14.370833333333334,0.0,24.3435
2013-08-30 03:00:00,413,477.6986111111111,48.48716666666667,3.8930555555555557,0.0,25.243277777777777
2013-08-30 03:00:00,415,492.2916666666667,58.39468055555555,3.8555555555555556,0.0,23.71995833333333
2013-08-30 03:00:00,417,354.09027777777777,58.814680555555555,3.5875,0.0,23.615555555555556
2013-08-30 03:00:00,419,457.3541666666667,59.826055555555556,25.459722222222222,0.0,61.75526388888889
2013-08-30 03:00:00,421,341.6791666666667,60.13586111111111,18.22361111111111,0.0,23.080930555555558
2013-08-30 03:00:00,422,415.1650485436893,58.57154166666667,27.78611111111111,0.0,23.92901388888889
2013-08-30 03:00:00,423,360.93888888888887,58.84720833333333,3.448611111111111,0.0,23.27115277777778
2013-08-30 03:00:00,424,405.74861111111113,58.16363888888889,3.2180555555555554,0.0,23.693861111111115
2013-08-30 03:00:00,442,453.5416666666667,56.882555555555555,4.041666666666667,0.0,24.07988888888889
2013-08-30 03:00:00,446,484.38386648122395,61.25608333333333,3.35,0.0,22.79040277777778
2013-08-30 03:00:00,448,387.36805555555554,60.36826388888889,4.048611111111111,0.0,23.26216666666667
2013-08-30 03:00:00,452,366.88194444444446,53.76145833333333,2.908333333333333,0.0,23.174513888888892
2013-08-30 03:00:00,454,342.4347222222222,60.65731944444445,3.2944444444444443,0.0,23.129513888888887
2013-08-30 03:00:00,456,431.675,56.89222222222222,3.123611111111111,0.0,24.082652777777774
2013-08-30 03:00:00,458,477.6333333333333,62.280791666666666,3.4652777777777777,0.0,22.789027777777775
2013-08-30 03:00:00,462,436.65972222222223,64.86808333333335,3.3805555555555555,0.0,22.271083333333333
2013-08-30 03:00:00,510,331.1347222222222,53.73919444444444,3.234722222222222,0.0,25.065875000000002
2013-08-30 03:00:00,513,333.52222222222224,59.17791666666666,3.533333333333333,0.0,23.466805555555553
2013-08-30 03:00:00,552,369.57916666666665,59.43775,3.4166666666666665,0.0,23.251875
2013-08-30 03:00:00,554,443.3277777777778,58.62770833333333,12.42361111111111,0.0,23.643833333333337
2013-08-30 03:00:00,556,445.59583333333336,56.983777777777775,3.6958333333333333,0.0,23.809430555555558
2013-08-30 03:00:00,558,407.6361111111111,61.30920833333333,3.452777777777778,0.0,23.15197222222222
2013-08-30 03:00:00,562,248.11805555555554,59.69838888888889,2.7666666666666666,0.0,23.250763888888887
2013-08-30 03:00:00,564,280.4291666666667,57.64955555555556,4.361111111111111,0.0,23.566125
2013-08-30 03:00:00,621,440.5444444444444,56.57827777777778,6.105555555555555,2.56353591160221,25.559569444444442
2013-08-30 03:00:00,621A,359.6069444444444,62.35341666666667,4.131944444444445,0.0,22.47901388888889
2013-08-30 03:00:00,621C,421.3861111111111,59.858694444444446,3.7472222222222222,0.0,23.161027777777775
2013-08-30 03:00:00,621D,471.25555555555553,57.087694444444445,3.3805555555555555,0.0,23.995541666666668
2013-08-30 03:00:00,621E,477.175,58.94905555555555,6.741666666666666,-1.0,23.583277777777777
2013-08-30 03:00:00,640,410.65694444444443,60.33343055555555,4.15,0.0,22.80983333333333
2013-08-30 03:00:00,644,451.56388888888887,56.33730555555556,4.0625,0.0,23.891750000000002
2013-08-30 03:00:00,648,106.30277777777778,53.062486111111106,3.8333333333333335,0.0,24.592652777777776
2013-08-30 03:00:00,656A,438.40555555555557,57.92454166666666,4.6097222222222225,0.0,23.78173611111111
2013-08-30 03:00:00,656B,432.24583333333334,53.855111111111114,3.3444444444444446,0.0,24.592916666666667
2013-08-30 03:00:00,664,316.62083333333334,56.227500000000006,3.165277777777778,0.0,23.929430555555555
2013-08-30 03:00:00,666,411.07916666666665,59.14618055555555,3.359722222222222,0.0,23.39725
2013-08-30 03:00:00,668,360.72083333333336,61.91370833333334,2183.873611111111,15.959899749373433,22.74309722222222
2013-08-30 03:00:00,717,376.62916666666666,57.06859722222222,4.147222222222222,0.0,23.701277777777776
2013-08-30 03:00:00,719,409.93055555555554,57.727666666666664,3.901388888888889,0.0,23.72048611111111
2013-08-30 03:00:00,721,321.50555555555553,56.380611111111115,3.859722222222222,0.0,23.1175
2013-08-30 03:00:00,722,340.49305555555554,55.83573611111112,3.783333333333333,0.0,23.114611111111113
2013-08-30 03:00:00,723,376.525,62.79383333333333,3.1666666666666665,0.0,22.356430555555555
2013-08-30 03:00:00,724,193.06527777777777,58.808680555555554,4.725,0.0,23.275708333333338
2013-08-30 03:00:00,726,392.3958333333333,54.814930555555556,3.2402777777777776,0.0,24.296319444444443
2013-08-30 03:00:00,734,312.56111111111113,53.66059722222222,4.322222222222222,1.6895604395604396,24.730333333333334
2013-08-30 03:00:00,746,533.6490984743411,60.42480555555556,15.045833333333333,3.393530997304582,22.820069444444446
2013-08-30 03:00:00,748,477.71944444444443,57.333703190013864,2.9916782246879334,0.0,23.369459084604717
2013-08-30 03:00:00,752,397.6333333333333,50.49886111111111,5.379166666666666,0.0,25.584208333333336
2013-08-30 03:00:00,754,392.0027777777778,55.7935,3.6222222222222222,0.0,23.885652777777775
2013-08-30 03:00:00,776,532.1833333333333,56.06272222222222,4.408333333333333,0.0,24.164041666666666
2013-08-30 04:00:00,413,480.6694444444444,49.01893055555555,3.834722222222222,0.0,25.006083333333336
2013-08-30 04:00:00,415,485.4916666666667,59.00751388888888,3.8722222222222222,0.0,23.469458333333336
2013-08-30 04:00:00,417,358.2861111111111,59.368208333333335,3.4763888888888888,0.0,23.441194444444445
2013-08-30 04:00:00,419,461.79027777777776,60.328652777777776,25.295833333333334,0.0,65.46004166666665
2013-08-30 04:00:00,421,345.8513888888889,60.71008333333334,18.052777777777777,0.0,22.909930555555558
2013-08-30 04:00:00,422,420.02916666666664,59.54786111111111,27.65,0.0,23.58747222222222
2013-08-30 04:00:00,423,357.34722222222223,59.094826629681,3.4882108183079055,0.0,23.23253814147018
2013-08-30 04:00:00,424,406.3097222222222,58.34883333333334,3.3930555555555557,0.0,23.663930555555552
2013-08-30 04:00:00,442,458.05833333333334,57.251916666666666,4.044444444444444,0.0,23.963763888888888
2013-08-30 04:00:00,446,486.6823855755895,61.490875,3.2916666666666665,0.0,22.74848611111111
2013-08-30 04:00:00,448,385.2583333333333,60.597833333333334,4.048611111111111,0.0,23.237888888888886
2013-08-30 04:00:00,452,363.6972222222222,53.94190277777778,2.7444444444444445,0.0,23.159875
2013-08-30 04:00:00,454,339.31944444444446,60.8825,3.35,0.0,23.104680555555554
2013-08-30 04:00:00,456,430.75555555555553,57.17751388888889,3.201388888888889,0.0,24.038708333333332
2013-08-30 04:00:00,458,482.06944444444446,62.15358333333334,3.386111111111111,0.0,22.825430555555556
2013-08-30 04:00:00,462,438.65833333333336,64.55143055555556,3.313888888888889,0.0,22.383097222222222
2013-08-30 04:00:00,510,327.1736111111111,56.19288888888889,3.2402777777777776,0.0,24.19148611111111
2013-08-30 04:00:00,513,330.68055555555554,59.63361111111111,3.5388888888888888,0.0,23.28626388888889
2013-08-30 04:00:00,552,370.58472222222224,59.828375,3.470833333333333,0.0,23.172722222222223
2013-08-30 04:00:00,554,448.0625,59.00745833333334,12.498611111111112,0.0,23.52676388888889
2013-08-30 04:00:00,556,444.3222222222222,57.23038888888888,3.5819444444444444,0.0,23.76209722222222
2013-08-30 04:00:00,558,407.2680555555556,61.472875,3.5180555555555557,0.0,23.138555555555552
2013-08-30 04:00:00,562,250.63194444444446,59.93995833333333,2.7333333333333334,0.0,23.211875
2013-08-30 04:00:00,564,275.26944444444445,58.22385575589459,4.3065187239944525,0.0,23.369570041608874
2013-08-30 04:00:00,621,442.7916666666667,56.5475,6.1625,1.9055555555555554,25.476930555555555
2013-08-30 04:00:00,621A,362.49861111111113,62.971583333333335,4.073611111111111,0.0,22.24459722222222
2013-08-30 04:00:00,621C,422.2986111111111,60.458375,3.563888888888889,0.0,22.917374999999996
2013-08-30 04:00:00,621D,473.3861111111111,57.899569444444445,3.1902777777777778,0.0,23.64765277777778
2013-08-30 04:00:00,621E,478.6402777777778,59.64947222222223,6.555555555555555,-1.0,23.28879166666667
2013-08-30 04:00:00,640,414.2472222222222,60.20666666666667,4.154166666666667,0.0,22.846055555555555
2013-08-30 04:00:00,644,450.2375,56.828875000000004,4.022222222222222,0.0,23.73798611111111
2013-08-30 04:00:00,648,104.01944444444445,53.98790277777778,3.713888888888889,0.0,24.250222222222224
2013-08-30 04:00:00,656A,438.06944444444446,58.15020833333334,4.633333333333334,0.0,23.686652777777777
2013-08-30 04:00:00,656B,428.4916666666667,54.196777777777775,3.283333333333333,0.0,24.46909722222222
2013-08-30 04:00:00,664,317.6791666666667,56.52234722222223,3.1305555555555555,0.0,23.846055555555555
2013-08-30 04:00:00,666,412.2583333333333,59.52769444444445,3.3819444444444446,0.0,23.26159722222222
2013-08-30 04:00:00,668,352.7013888888889,61.54491666666667,2158.7875,8.418181818181818,22.841375000000003
2013-08-30 04:00:00,717,377.56388888888887,58.05986111111111,4.022222222222222,0.0,23.32379166666667
2013-08-30 04:00:00,719,411.6402777777778,58.92469444444444,3.470833333333333,0.0,23.242486111111113
2013-08-30 04:00:00,721,320.94166666666666,57.37968055555556,3.613888888888889,0.0,22.701416666666667
2013-08-30 04:00:00,722,341.11944444444447,56.04244444444444,3.7583333333333333,0.0,23.04859722222222
2013-08-30 04:00:00,723,382.9138888888889,63.701277777777776,2.901388888888889,0.0,22.039458333333332
2013-08-30 04:00:00,724,193.45833333333334,59.0135,4.588888888888889,0.0,23.238208333333333
2013-08-30 04:00:00,726,386.2375,55.037722222222214,3.1694444444444443,0.0,24.245819444444443
2013-08-30 04:00:00,734,318.59166666666664,54.66201388888889,4.405555555555556,0.0,24.350111111111115
2013-08-30 04:00:00,746,518.2694444444444,61.15904166666667,4.766666666666667,0.0,22.508972222222223
2013-08-30 04:00:00,748,481.7763888888889,57.27645833333334,2.9819444444444443,0.0,23.453666666666667
2013-08-30 04:00:00,752,406.84466019417476,50.14670833333333,5.204166666666667,0.0,25.80973611111111
2013-08-30 04:00:00,754,394.35277777777776,56.52158333333333,3.6152777777777776,0.0,23.69097222222222
2013-08-30 04:00:00,776,536.3291666666667,56.66763888888889,4.127777777777778,0.0,23.96108333333333
2013-08-30 05:00:00,413,474.73055555555555,49.466249999999995,3.8833333333333333,0.0,24.817736111111113
2013-08-30 05:00:00,415,482.70972222222224,59.24991666666667,3.786111111111111,0.0,23.393916666666666
2013-08-30 05:00:00,417,356.3902777777778,59.61086111111111,3.411111111111111,0.0,23.38761111111111
2013-08-30 05:00:00,419,460.32916666666665,60.726958333333336,25.116666666666667,0.0,68.46326388888889
2013-08-30 05:00:00,421,343.43333333333334,60.65870833333333,18.058333333333334,0.0,22.947583333333338
2013-08-30 05:00:00,422,418.71666666666664,60.274388888888886,27.656944444444445,0.0,23.355249999999998
2013-08-30 05:00:00,423,354.89722222222224,59.27758333333333,3.3875,0.0,23.192611111111113
2013-08-30 05:00:00,424,404.9222222222222,58.50170833333334,3.4444444444444446,0.0,23.628
2013-08-30 05:00:00,442,456.125,57.536541666666665,4.008333333333334,0.0,23.873277777777776
2013-08-30 05:00:00,446,486.18611111111113,61.64391666666667,3.3180555555555555,0.0,22.714527777777775
2013-08-30 05:00:00,448,385.7944444444444,60.734249999999996,4.070833333333334,0.0,23.216972222222225
2013-08-30 05:00:00,452,364.32545201668984,54.07755555555555,2.8361111111111112,0.0,23.133430555555556
2013-08-30 05:00:00,454,338.4013888888889,61.039791666666666,3.2597222222222224,0.0,23.076958333333334
2013-08-30 05:00:00,456,429.6972222222222,57.38559109874826,3.230876216968011,0.0,23.98819193324061
2013-08-30 05:00:00,458,470.65833333333336,63.36306944444445,3.5722222222222224,0.0,22.285194444444446
2013-08-30 05:00:00,462,437.8513888888889,64.407875,3.8583333333333334,0.0,22.424319444444446
2013-08-30 05:00:00,510,317.3986111111111,57.962041666666664,3.213888888888889,0.0,23.63840277777778
2013-08-30 05:00:00,513,330.0125,60.106138888888886,3.625,0.0,23.12759722222222
2013-08-30 05:00:00,552,371.45416666666665,59.922958333333334,3.4291666666666667,0.0,23.20093055555555
2013-08-30 05:00:00,554,446.35,59.10320833333333,12.536111111111111,0.0,23.534152777777777
2013-08-30 05:00:00,556,444.55555555555554,57.43759722222222,3.548611111111111,0.0,23.71747222222222
2013-08-30 05:00:00,558,405.59027777777777,61.61141666666667,3.6277777777777778,0.0,23.116819444444445
2013-08-30 05:00:00,562,248.65,60.14758333333334,2.775,0.0,23.169138888888888
2013-08-30 05:00:00,564,272.84305555555557,58.673652777777775,4.298611111111111,0.0,23.235722222222225
2013-08-30 05:00:00,621,438.66527777777776,56.4241388888889,6.136111111111111,0.0,25.362222222222222
2013-08-30 05:00:00,621A,357.9847222222222,63.64747222222222,4.120833333333334,0.0,22.036527777777778
2013-08-30 05:00:00,621C,419.18333333333334,61.12516666666667,3.4791666666666665,0.0,22.671347222222224
2013-08-30 05:00:00,621D,471.6131284916201,58.71643055555556,3.125,0.0,23.354180555555555
2013-08-30 05:00:00,621E,476.1972222222222,60.36565585331453,6.644569816643159,-1.0,23.037489421720732
2013-08-30 05:00:00,640,412.11944444444447,60.22108333333333,4.1,0.0,22.85809722222222
2013-08-30 05:00:00,644,447.6513888888889,57.22834722222222,4.041666666666667,0.0,23.636930555555555
2013-08-30 05:00:00,648,105.58472222222223,54.79095833333333,3.748611111111111,0.0,23.99711111111111
2013-08-30 05:00:00,656A,433.6116504854369,58.51781944444445,4.645833333333333,0.0,23.564569444444448
2013-08-30 05:00:00,656B,425.9138888888889,54.577819444444444,3.3680555555555554,0.0,24.350527777777778
2013-08-30 05:00:00,664,318.6138888888889,56.80193055555556,3.1277777777777778,0.0,23.771833333333333
2013-08-30 05:00:00,666,411.09166666666664,59.93818307905686,3.409153952843273,0.0,23.145617198335646
2013-08-30 05:00:00,668,327.99305555555554,61.7305,2182.6736111111113,0.0,22.724930555555556
2013-08-30 05:00:00,717,375.9819444444444,58.91241666666667,4.05,0.0,23.045291666666667
2013-08-30 05:00:00,719,409.2638888888889,59.93955555555556,3.4347222222222222,0.0,22.931305555555557
2013-08-30 05:00:00,721,317.5833333333333,58.54505555555556,3.577777777777778,0.0,22.30465277777778
2013-08-30 05:00:00,722,336.0541666666667,56.273625,3.7402777777777776,0.0,22.99408333333333
2013-08-30 05:00:00,723,384.7083333333333,64.49652777777777,2.9069444444444446,0.0,21.833680555555556
2013-08-30 05:00:00,724,191.2861111111111,59.22279166666667,4.716666666666667,0.0,23.208041666666666
2013-08-30 05:00:00,726,385.37916666666666,55.27154166666667,3.2069444444444444,0.0,24.19322222222222
2013-08-30 05:00:00,734,314.4472222222222,55.26420833333333,4.448611111111111,0.0,24.188083333333335
2013-08-30 05:00:00,746,512.0708333333333,62.194541666666666,4.786111111111111,0.0,22.202458333333333
2013-08-30 05:00:00,748,482.6158113730929,57.13608333333334,3.0097222222222224,0.0,23.53520833333333
2013-08-30 05:00:00,752,411.13055555555553,49.58601388888889,5.322222222222222,0.0,26.07915277777778
2013-08-30 05:00:00,754,391.2055555555556,57.05934722222223,3.5944444444444446,0.0,23.573138888888888
2013-08-30 05:00:00,776,531.5652777777777,57.18873611111111,4.279166666666667,0.0,23.800444444444445
2013-08-30 06:00:00,413,475.5236111111111,49.92409722222222,3.9375,0.0,24.625500000000002
2013-08-30 06:00:00,415,482.9194444444444,59.433,3.8625,0.0,23.324527777777778
2013-08-30 06:00:00,417,356.35555555555555,59.75454166666666,3.4569444444444444,0.0,23.339875
2013-08-30 06:00:00,419,460.27916666666664,60.89492350486787,25.041724617524338,0.0,107.1786648122392
2013-08-30 06:00:00,421,344.1138888888889,60.761375,18.073611111111113,0.0,22.904791666666668
2013-08-30 06:00:00,422,418.3333333333333,60.835458333333335,27.7625,0.0,23.183736111111113
2013-08-30 06:00:00,423,355.6277777777778,59.45404166666667,3.522222222222222,0.0,23.153541666666666
2013-08-30 06:00:00,424,404.54242002781643,58.662666666666674,3.486111111111111,0.0,23.589902777777777
2013-08-30 06:00:00,442,458.4061196105702,57.74995833333333,4.020833333333333,0.0,23.815194444444444
2013-08-30 06:00:00,446,488.72222222222223,61.78675,3.265277777777778,0.0,22.682972222222222
2013-08-30 06:00:00,448,385.46666666666664,60.86320833333333,3.9791666666666665,0.0,23.19226388888889
2013-08-30 06:00:00,452,364.89275766016715,54.174708333333335,2.7819444444444446,0.0,23.109513888888888
2013-08-30 06:00:00,454,338.03333333333336,61.188500000000005,3.2847222222222223,0.0,23.046430555555556
2013-08-30 06:00:00,456,429.31388888888887,57.71715277777778,3.3291666666666666,0.0,23.879819444444447
2013-08-30 06:00:00,458,464.62361111111113,66.45684722222222,3.725,0.0,21.34259722222222
2013-08-30 06:00:00,462,439.37083333333334,64.287,4.329166666666667,0.0,22.463333333333335
2013-08-30 06:00:00,510,320.0875,59.13431944444444,3.0527777777777776,0.0,23.303625
2013-08-30 06:00:00,513,328.8722222222222,60.608250000000005,3.588888888888889,0.0,22.96481944444444
2013-08-30 06:00:00,552,370.5138888888889,59.748958333333334,3.3722222222222222,0.0,23.30048611111111
2013-08-30 06:00:00,554,449.59444444444443,58.979708333333335,12.2625,0.0,23.582402777777776
2013-08-30 06:00:00,556,444.80555555555554,57.632333333333335,3.470833333333333,0.0,23.671847222222222
2013-08-30 06:00:00,558,406.17083333333335,61.78470833333333,3.425,0.0,23.076319444444444
2013-08-30 06:00:00,562,248.7138888888889,60.39866666666667,2.6444444444444444,0.0,23.102069444444446
2013-08-30 06:00:00,564,272.4847222222222,59.10979166666667,3.7430555555555554,0.0,23.11376388888889
2013-08-30 06:00:00,621,438.3597222222222,56.41734722222222,6.070833333333334,0.0,25.288041666666665
2013-08-30 06:00:00,621A,362.7055555555556,64.27890277777777,4.0777777777777775,0.0,21.83951388888889
2013-08-30 06:00:00,621C,420.81944444444446,61.677875,3.551388888888889,0.0,22.481972222222222
2013-08-30 06:00:00,621D,471.49861111111113,59.44818055555556,3.066666666666667,0.0,23.09301388888889
2013-08-30 06:00:00,621E,478.3013888888889,61.13825,6.6097222222222225,-1.0,22.781097222222222
2013-08-30 06:00:00,640,414.06805555555553,60.19466666666667,4.079166666666667,0.0,22.87873611111111
2013-08-30 06:00:00,644,448.48333333333335,57.58652777777778,3.966666666666667,0.0,23.538166666666665
2013-08-30 06:00:00,648,107.40416666666667,55.38505555555555,3.7472222222222222,0.0,23.82298611111111
2013-08-30 06:00:00,656A,435.34722222222223,58.84933333333333,4.655555555555556,0.0,23.460083333333337
2013-08-30 06:00:00,656B,422.50555555555553,54.89641666666667,3.261111111111111,0.0,24.254624999999997
2013-08-30 06:00:00,664,318.9972222222222,57.06752777777777,3.154166666666667,0.0,23.701597222222226
2013-08-30 06:00:00,666,411.7986111111111,60.292972222222225,3.397222222222222,0.0,23.04659722222222
2013-08-30 06:00:00,668,331.19444444444446,62.33283333333333,2159.340277777778,0.0,22.525166666666667
2013-08-30 06:00:00,717,375.4,59.58873611111111,4.055555555555555,0.0,22.833708333333334
2013-08-30 06:00:00,719,409.11944444444447,60.711083333333335,3.4930555555555554,0.0,22.699375
2013-08-30 06:00:00,721,316.6638888888889,59.79947222222223,3.4972222222222222,0.0,21.888430555555555
2013-08-30 06:00:00,722,336.12916666666666,56.44656944444444,3.7055555555555557,0.0,22.96075
2013-08-30 06:00:00,723,391.27916666666664,65.03893055555555,2.9305555555555554,0.0,21.694972222222223
2013-08-30 06:00:00,724,192.06944444444446,59.37125,4.758333333333334,0.0,23.18702777777778
2013-08-30 06:00:00,726,383.6847222222222,55.51902777777777,3.223611111111111,0.0,24.128777777777778
2013-08-30 06:00:00,734,318.7402777777778,55.67991666666667,4.459722222222222,0.0,24.067944444444443
2013-08-30 06:00:00,746,563.6236111111111,63.042125000000006,22.352777777777778,5.026246719160105,22.116263888888888
2013-08-30 06:00:00,748,482.50138888888887,57.10445833333333,3.0541666666666667,0.0,23.55658333333333
2013-08-30 06:00:00,752,409.8833333333333,49.08662968099861,5.334257975034674,0.0,26.303467406380026
2013-08-30 06:00:00,754,394.16805555555555,57.310763888888886,3.609722222222222,0.0,23.544763888888887
2013-08-30 06:00:00,776,527.3611111111111,57.54504166666667,4.1875,0.0,23.704069444444446
2013-08-30 07:00:00,413,479.7027777777778,50.26611111111111,3.834722222222222,0.0,24.434805555555556
2013-08-30 07:00:00,415,492.1625,59.586125,3.8430555555555554,0.0,23.224611111111113
2013-08-30 07:00:00,417,362.78333333333336,59.83508333333334,3.3847222222222224,0.0,23.263555555555552
2013-08-30 07:00:00,419,468.4125,60.98529166666666,25.080555555555556,0.0,77.62994444444445
2013-08-30 07:00:00,421,353.62361111111113,60.84854166666666,17.997222222222224,0.0,22.826277777777776
2013-08-30 07:00:00,422,426.39722222222224,61.192833333333326,27.690277777777776,0.0,23.033236111111112
2013-08-30 07:00:00,423,363.8875,59.51553546592489,3.4478442280945756,0.0,23.111196105702366
2013-08-30 07:00:00,424,411.8388888888889,58.71325,3.6972222222222224,0.0,23.54813888888889
2013-08-30 07:00:00,442,465.62083333333334,57.83741666666667,4.033333333333333,0.0,23.75098611111111
2013-08-30 07:00:00,446,495.84305555555557,61.76558333333333,3.2625,0.0,22.652791666666666
2013-08-30 07:00:00,448,393.4200278164117,60.87979166666666,4.027777777777778,0.0,23.16438888888889
2013-08-30 07:00:00,452,371.43393602225314,54.26679166666666,2.7694444444444444,0.0,23.052111111111113
2013-08-30 07:00:00,454,346.65277777777777,61.238875,3.316666666666667,0.0,23.011944444444442
2013-08-30 07:00:00,456,437.55694444444447,57.98781944444445,3.2583333333333333,0.0,23.754097222222224
2013-08-30 07:00:00,458,463.3569444444444,68.22516666666667,3.5069444444444446,0.0,20.87184722222222
2013-08-30 07:00:00,462,447.35,64.14354166666668,3.720833333333333,0.0,22.457055555555556
2013-08-30 07:00:00,510,327.90277777777777,59.93984463276837,3.6454802259887007,0.0,23.016638418079097
2013-08-30 07:00:00,513,340.15833333333336,61.02575,3.4652777777777777,0.0,22.788708333333332
2013-08-30 07:00:00,552,381.33472222222224,59.52580555555556,3.4458333333333333,0.0,23.36340277777778
2013-08-30 07:00:00,554,449.16805555555555,58.852666666666664,12.259722222222223,0.0,23.57022222222222
2013-08-30 07:00:00,556,451.9972222222222,57.71001388888889,3.4166666666666665,0.0,23.639055555555554
2013-08-30 07:00:00,558,414.45,61.836083333333335,3.448611111111111,0.0,23.040694444444444
2013-08-30 07:00:00,562,253.21805555555557,60.52229166666667,2.658333333333333,0.0,23.046305555555556
2013-08-30 07:00:00,564,282.6333333333333,59.39275,3.683333333333333,0.0,23.006819444444446
2013-08-30 07:00:00,621,445.97083333333336,56.47116666666666,6.151388888888889,0.0,25.247541666666667
2013-08-30 07:00:00,621A,370.33194444444445,64.74395833333334,4.055555555555555,0.0,21.67234722222222
2013-08-30 07:00:00,621C,429.26944444444445,62.072875,3.5444444444444443,0.0,22.324375
2013-08-30 07:00:00,621D,479.09305555555557,60.058625,3.1430555555555557,0.0,22.85695833333333
2013-08-30 07:00:00,621E,488.5994436717663,61.735166666666665,6.654166666666667,-1.0,22.54711111111111
2013-08-30 07:00:00,640,423.7472222222222,60.19945833333333,4.133333333333334,0.0,22.834819444444445
2013-08-30 07:00:00,644,455.6041666666667,57.865722222222225,4.011111111111111,0.0,23.42602777777778
2013-08-30 07:00:00,648,116.38055555555556,55.861486111111105,3.7291666666666665,0.0,23.64723611111111
2013-08-30 07:00:00,656A,442.87361111111113,59.07625,4.663888888888889,0.0,23.365888888888886
2013-08-30 07:00:00,656B,433.4847222222222,55.127875,3.2916666666666665,0.0,24.15363888888889
2013-08-30 07:00:00,664,327.8986111111111,57.21120833333333,3.098611111111111,0.0,23.63688888888889
2013-08-30 07:00:00,666,421.3388888888889,60.53822222222222,3.3930555555555557,0.0,22.94130555555556
2013-08-30 07:00:00,668,337.59583333333336,62.79120833333333,2175.1625,0.0,22.34984722222222
2013-08-30 07:00:00,717,383.46805555555557,60.10570833333333,3.995833333333333,0.0,22.649194444444444
2013-08-30 07:00:00,719,417.48055555555555,61.248999999999995,3.4944444444444445,0.0,22.51001388888889
2013-08-30 07:00:00,721,323.39722222222224,60.768791666666665,3.577777777777778,0.0,21.58925
2013-08-30 07:00:00,722,343.06805555555553,56.5065,3.6958333333333333,0.0,22.92654166666667
2013-08-30 07:00:00,723,400.12916666666666,65.40843055555555,2.922222222222222,0.0,21.573902777777775
2013-08-30 07:00:00,724,198.50694444444446,59.44070833333333,4.583333333333333,0.0,23.158875
2013-08-30 07:00:00,726,393.5805555555556,55.589208333333325,3.173611111111111,0.0,24.09483333333333
2013-08-30 07:00:00,734,326.3847222222222,56.114916666666666,4.456944444444445,0.0,23.89904166666667
2013-08-30 07:00:00,746,616.8569444444445,62.692875,27.820833333333333,14.217687074829932,22.36686111111111
2013-08-30 07:00:00,748,493.75,57.05944444444445,3.0125,0.0,23.586958333333335
2013-08-30 07:00:00,752,416.69444444444446,48.58408333333333,5.294444444444444,0.0,26.504833333333334
2013-08-30 07:00:00,754,400.8777777777778,57.361069444444446,3.5819444444444444,0.0,23.534833333333335
2013-08-30 07:00:00,776,528.5819444444444,57.72886111111111,4.248611111111111,0.0,23.62351388888889
2013-08-30 08:00:00,413,471.5236111111111,50.83181944444444,3.8291666666666666,0.0,24.266583333333333
2013-08-30 08:00:00,415,486.2472222222222,59.916000000000004,3.8333333333333335,0.0,23.116666666666667
2013-08-30 08:00:00,417,358.58194444444445,60.108000000000004,3.3402777777777777,0.0,23.177986111111114
2013-08-30 08:00:00,419,461.1402777777778,61.285916666666665,25.181944444444444,0.0,49.71990277777778
2013-08-30 08:00:00,421,347.31805555555553,61.108916666666666,18.002777777777776,0.0,22.738708333333335
2013-08-30 08:00:00,422,418.03055555555557,61.757374999999996,27.675,0.0,22.898833333333332
2013-08-30 08:00:00,423,359.5416666666667,59.707027777777775,3.4319444444444445,0.0,23.069291666666665
2013-08-30 08:00:00,424,406.8027777777778,58.88126388888889,3.6444444444444444,0.0,23.509291666666666
2013-08-30 08:00:00,442,458.0625,58.100027777777775,4.079166666666667,0.0,23.695194444444446
2013-08-30 08:00:00,446,489.8486111111111,61.97387500000001,3.2958333333333334,0.0,22.622999999999998
2013-08-30 08:00:00,448,389.0763888888889,61.033125,4.0472222222222225,0.0,23.134583333333335
2013-08-30 08:00:00,452,368.9166666666667,54.400930555555554,2.7944444444444443,0.0,23.022291666666664
2013-08-30 08:00:00,454,341.6125,61.39070833333333,3.25,0.0,22.982069444444445
2013-08-30 08:00:00,456,431.89166666666665,58.336999999999996,3.1444444444444444,0.0,23.655305555555554
2013-08-30 08:00:00,458,451.9472222222222,69.71545833333333,3.422222222222222,0.0,20.602888888888888
2013-08-30 08:00:00,462,439.5805555555556,64.25666666666667,3.2152777777777777,0.0,22.449
2013-08-30 08:00:00,510,320.6041666666667,61.02226388888889,3.736111111111111,0.0,22.752083333333335
2013-08-30 08:00:00,513,334.3833333333333,61.6685,3.475,0.0,22.614319444444444
2013-08-30 08:00:00,552,377.5180555555556,59.495124999999994,3.2736111111111112,0.0,23.391874999999995
2013-08-30 08:00:00,554,442.8333333333333,58.97669444444445,12.222222222222221,0.0,23.54625
2013-08-30 08:00:00,556,447.9291666666667,57.80180555555556,3.4208333333333334,0.0,23.650513888888888
2013-08-30 08:00:00,558,409.0083333333333,62.06133333333334,3.4194444444444443,0.0,22.99888888888889
2013-08-30 08:00:00,562,247.48333333333332,60.74908333333334,2.588888888888889,1.2916666666666667,23.009263888888892
2013-08-30 08:00:00,564,277.47083333333336,59.77105555555555,3.7069444444444444,0.0,22.91340277777778
2013-08-30 08:00:00,621,440.95,56.631055555555555,6.044444444444444,0.0,25.197680555555557
2013-08-30 08:00:00,621A,362.37916666666666,65.38395833333334,4.125,0.0,21.53313888888889
2013-08-30 08:00:00,621C,422.7708333333333,62.589083333333335,3.536111111111111,0.0,22.177694444444445
2013-08-30 08:00:00,621D,474.06666666666666,60.76775,3.125,0.0,22.656180555555558
2013-08-30 08:00:00,621E,481.6430555555556,62.50083333333333,6.705555555555556,-1.0,22.329458333333335
2013-08-30 08:00:00,640,416.65277777777777,60.44697222222222,4.063888888888889,0.0,22.76825
2013-08-30 08:00:00,644,451.95416666666665,58.38593055555556,4.036111111111111,0.0,23.278236111111113
2013-08-30 08:00:00,648,115.00277777777778,56.498194444444444,3.8,0.0,23.460875
2013-08-30 08:00:00,656A,438.20694444444445,59.45218055555556,4.584722222222222,0.0,23.25401388888889
2013-08-30 08:00:00,656B,431.3388888888889,55.539,3.220833333333333,0.0,24.011583333333334
2013-08-30 08:00:00,664,321.89722222222224,57.46043055555556,3.129166666666667,0.0,23.56965277777778
2013-08-30 08:00:00,666,415.125,60.987541666666665,3.3958333333333335,0.0,22.81844444444444
2013-08-30 08:00:00,668,332.56111111111113,63.39683333333333,2176.4569444444446,0.0,22.209055555555555
2013-08-30 08:00:00,717,379.04027777777776,60.676013888888896,4.05,0.0,22.49588888888889
2013-08-30 08:00:00,719,411.4458333333333,61.844750000000005,3.4555555555555557,0.0,22.34798611111111
2013-08-30 08:00:00,721,316.18333333333334,61.60525658807212,3.5104022191400834,0.0,21.375201109570042
2013-08-30 08:00:00,722,339.03333333333336,56.64176388888889,3.7527777777777778,0.0,22.896513888888887
2013-08-30 08:00:00,723,399.72796934865903,65.8055,2.9097222222222223,0.0,21.525555555555556
2013-08-30 08:00:00,724,194.3796940194715,59.55963888888889,4.7,0.0,23.140694444444442
2013-08-30 08:00:00,726,389.4375,55.746571834992885,3.1834992887624467,0.0,24.05749644381223
2013-08-30 08:00:00,734,320.9472222222222,56.69288888888889,4.470833333333333,0.0,23.729458333333334
2013-08-30 08:00:00,746,579.1527777777778,62.38516666666666,27.775,3.5648648648648646,22.461916666666667
2013-08-30 08:00:00,748,491.09722222222223,56.969222222222214,2.995833333333333,0.0,23.640805555555556
2013-08-30 08:00:00,752,413.09722222222223,48.3084561891516,5.275382475660639,0.0,26.577148817802506
2013-08-30 08:00:00,754,396.925,57.64698611111111,3.6902777777777778,0.0,23.474875
2013-08-30 08:00:00,776,517.8375,58.077444444444446,4.2444444444444445,0.0,23.522222222222222
2013-08-30 09:00:00,413,464.8986111111111,51.46972222222222,3.859722222222222,0.0,24.10897222222222
2013-08-30 09:00:00,415,479.0125,60.38766666666667,3.783333333333333,0.0,23.0135
2013-08-30 09:00:00,417,353.0736111111111,60.51898611111111,3.4027777777777777,0.0,23.09770833333333
2013-08-30 09:00:00,419,452.8087818696884,61.72666666666666,25.20277777777778,0.0,54.28033333333333
2013-08-30 09:00:00,421,340.8638888888889,61.5093370944993,18.00846262341326,0.0,22.65657263751763
2013-08-30 09:00:00,422,411.1655076495132,62.36941666666667,27.70277777777778,0.0,22.79393055555556
2013-08-30 09:00:00,423,353.3958333333333,60.02255910987483,3.5285118219749654,0.0,23.028650904033377
2013-08-30 09:00:00,424,399.3958333333333,59.18120833333334,3.6958333333333333,0.0,23.469986111111112
2013-08-30 09:00:00,442,450.3305555555556,58.48816666666666,4.083333333333333,0.0,23.639097222222226
2013-08-30 09:00:00,446,484.2712100139082,62.29375,3.1902777777777778,0.0,22.60279166666667
2013-08-30 09:00:00,448,381.6402777777778,61.31570833333333,4.136111111111111,0.0,23.112305555555558
2013-08-30 09:00:00,452,362.7635605006954,54.68404166666667,2.7736111111111112,0.0,22.988097222222223
2013-08-30 09:00:00,454,335.525,61.669624999999996,3.248611111111111,0.0,22.950791666666667
2013-08-30 09:00:00,456,425.34305555555557,58.746375,3.15,0.0,23.593291666666666
2013-08-30 09:00:00,458,446.0736111111111,70.71534722222222,3.4430555555555555,0.0,20.440541666666668
2013-08-30 09:00:00,462,433.96805555555557,64.5481388888889,3.2958333333333334,0.0,22.422361111111112
2013-08-30 09:00:00,510,312.8013888888889,61.863875,3.7888888888888888,0.0,22.56652777777778
2013-08-30 09:00:00,513,328.49583333333334,62.365625,3.511111111111111,0.0,22.456500000000002
2013-08-30 09:00:00,552,371.7263888888889,59.60190277777778,3.326388888888889,0.0,23.39097222222222
2013-08-30 09:00:00,554,435.7763888888889,59.173125,12.215277777777779,0.0,23.513708333333334
2013-08-30 09:00:00,556,441.2888888888889,57.93029166666666,3.4180555555555556,0.0,23.658152777777776
2013-08-30 09:00:00,558,401.3208333333333,62.317083333333336,3.4555555555555557,0.0,22.965111111111113
2013-08-30 09:00:00,562,244.2097222222222,61.0365,2.5722222222222224,0.0,22.96398611111111
2013-08-30 09:00:00,564,273.1638888888889,60.165083333333335,3.6666666666666665,0.0,22.83765277777778
2013-08-30 09:00:00,621,434.19305555555553,56.88025,6.1305555555555555,0.0,25.166638888888887
2013-08-30 09:00:00,621A,358.9902777777778,65.92230555555555,4.1375,0.0,21.416944444444447
2013-08-30 09:00:00,621C,418.2986111111111,63.096125,3.551388888888889,0.0,22.06198611111111
2013-08-30 09:00:00,621D,469.5416666666667,61.32654166666667,3.154166666666667,0.0,22.50876388888889
2013-08-30 09:00:00,621E,471.39722222222224,63.091208333333334,6.6194444444444445,-1.0,22.181777777777775
2013-08-30 09:00:00,640,411.30833333333334,60.76795833333333,4.084722222222222,0.0,22.699513888888887
2013-08-30 09:00:00,644,442.19166666666666,58.90679166666666,3.9541666666666666,0.0,23.151541666666667
2013-08-30 09:00:00,648,110.25416666666666,57.11375,3.7666666666666666,0.0,23.296722222222222
2013-08-30 09:00:00,656A,431.8333333333333,59.91,4.626388888888889,0.0,23.134
2013-08-30 09:00:00,656B,421.46805555555557,56.03911111111112,3.1638888888888888,0.0,23.870222222222225
2013-08-30 09:00:00,664,315.2723463687151,57.752430555555556,3.084722222222222,0.0,23.502694444444444
2013-08-30 09:00:00,666,407.7375,61.50401947148818,3.3504867872044506,0.0,22.694311543810848
2013-08-30 09:00:00,668,328.7944444444444,63.96018055555556,2184.0680555555555,4.238845144356955,22.072430555555556
2013-08-30 09:00:00,717,370.64444444444445,61.18983333333333,4.0,0.0,22.374180555555554
2013-08-30 09:00:00,719,403.55833333333334,62.41386459802539,3.394922425952045,0.0,22.218081805359663
2013-08-30 09:00:00,721,308.0513888888889,62.266662030598056,3.60778859527121,0.0,21.227746870653686
2013-08-30 09:00:00,722,333.06111111111113,56.803333333333335,3.7291666666666665,0.0,22.868555555555556
2013-08-30 09:00:00,723,394.2027777777778,65.91205555555555,2.9055555555555554,0.0,21.51673611111111
2013-08-30 09:00:00,724,190.24166666666667,59.726958333333336,4.747222222222222,0.0,23.121666666666666
2013-08-30 09:00:00,726,382.6986111111111,55.927875,3.1041666666666665,0.0,24.025750000000002
2013-08-30 09:00:00,734,313.5083333333333,57.28280555555556,4.455555555555556,0.0,23.569444444444443
2013-08-30 09:00:00,746,510.3861111111111,62.53716666666667,7.583333333333333,0.0,22.277291666666667
2013-08-30 09:00:00,748,483.71666666666664,56.94716666666667,2.977777777777778,0.0,23.66454166666667
2013-08-30 09:00:00,752,403.7291666666667,48.25873435326843,5.19471488178025,0.0,26.574255910987482
2013-08-30 09:00:00,754,389.51666666666665,57.96491666666667,3.5930555555555554,0.0,23.40376388888889
2013-08-30 09:00:00,776,512.0597222222223,58.48492176386913,4.200568990042674,0.0,23.409871977240396
2013-08-30 10:00:00,413,465.8097222222222,51.81283333333333,3.823611111111111,0.0,23.98465277777778
2013-08-30 10:00:00,415,479.22777777777776,60.71579166666667,3.798611111111111,0.0,22.918208333333332
2013-08-30 10:00:00,417,352.1736111111111,60.790749999999996,3.4125,0.0,23.01352777777778
2013-08-30 10:00:00,419,450.8398328690808,62.010999999999996,25.158333333333335,0.0,68.12418055555555
2013-08-30 10:00:00,421,341.55,61.79079276773297,18.133518776077885,0.0,22.579485396383866
2013-08-30 10:00:00,422,412.77329624478443,62.65604166666667,27.718055555555555,0.0,22.743972222222222
2013-08-30 10:00:00,423,353.24583333333334,60.20497907949791,3.495118549511855,0.0,22.9857880055788
2013-08-30 10:00:00,424,398.04027777777776,59.345124999999996,3.691666666666667,0.0,23.433250000000005
2013-08-30 10:00:00,442,452.09444444444443,58.63766666666667,4.0680555555555555,0.0,23.610097222222223
2013-08-30 10:00:00,446,484.0208333333333,62.420500000000004,3.154166666666667,0.0,22.575138888888887
2013-08-30 10:00:00,448,383.8236111111111,61.47145833333334,4.0875,0.0,23.08331944444444
2013-08-30 10:00:00,452,363.10277777777776,54.7365406162465,2.656862745098039,0.0,22.98977591036415
2013-08-30 10:00:00,454,334.54027777777776,61.80349999999999,3.1708333333333334,0.0,22.931416666666664
2013-08-30 10:00:00,456,424.6,58.96329166666666,3.15,0.0,23.544416666666667
2013-08-30 10:00:00,458,446.125,71.25554166666666,3.4305555555555554,0.0,20.334694444444445
2013-08-30 10:00:00,462,435.2083333333333,64.60948611111111,3.2319444444444443,0.0,22.411555555555555
2013-08-30 10:00:00,510,312.3541666666667,62.56729166666666,3.9097222222222223,0.0,22.367972222222225
2013-08-30 10:00:00,513,328.875,62.80170833333334,3.459722222222222,0.0,22.341652777777778
2013-08-30 10:00:00,552,370.377253814147,59.70044444444444,3.3097222222222222,0.0,23.36925
2013-08-30 10:00:00,554,434.2055555555556,59.2945,12.290277777777778,0.0,23.47901388888889
2013-08-30 10:00:00,556,442.1636615811373,58.00773925104023,3.51872399445215,0.0,23.64008321775312
2013-08-30 10:00:00,558,399.9486111111111,62.46541666666666,3.4180555555555556,0.0,22.939999999999998
2013-08-30 10:00:00,562,245.25277777777777,61.22304166666666,2.6875,0.0,22.92688888888889
2013-08-30 10:00:00,564,273.8986111111111,60.44049999999999,3.797222222222222,0.0,22.774625
2013-08-30 10:00:00,621,433.15,57.03709722222222,6.211111111111111,0.0,25.116694444444445
2013-08-30 10:00:00,621A,363.3777777777778,66.31030555555556,4.0875,0.0,21.325472222222224
2013-08-30 10:00:00,621C,418.6847222222222,63.49270833333333,3.561111111111111,0.0,21.95713888888889
2013-08-30 10:00:00,621D,468.8777777777778,61.73741666666667,3.173611111111111,0.0,22.391236111111112
2013-08-30 10:00:00,621E,469.84027777777777,63.614180555555556,6.711111111111111,-1.0,22.026666666666667
2013-08-30 10:00:00,640,412.00694444444446,61.03275,4.186111111111111,0.0,22.623069444444447
2013-08-30 10:00:00,644,442.7138888888889,59.27654166666667,4.0,0.0,23.05098611111111
2013-08-30 10:00:00,648,112.78333333333333,57.59456944444444,3.6527777777777777,0.0,23.165569444444444
2013-08-30 10:00:00,656A,431.85277777777776,60.33065277777778,4.594444444444444,0.0,23.01073611111111
2013-08-30 10:00:00,656B,417.69305555555553,56.46158333333333,3.2694444444444444,0.0,23.750375000000002
2013-08-30 10:00:00,664,314.875,57.99411111111112,3.0972222222222223,0.0,23.43684722222222
2013-08-30 10:00:00,666,408.68333333333334,61.907291666666666,3.390277777777778,0.0,22.588055555555556
2013-08-30 10:00:00,668,330.1847222222222,64.38327777777778,2184.258333333333,0.0,21.968680555555558
2013-08-30 10:00:00,717,370.5541666666667,61.613125,4.029166666666667,0.0,22.26247222222222
2013-08-30 10:00:00,719,403.925,62.8847287899861,3.575799721835883,0.0,22.100250347705146
2013-08-30 10:00:00,721,308.4847222222222,62.76979166666667,3.540277777777778,0.0,21.107791666666667
2013-08-30 10:00:00,722,329.8638888888889,56.92583333333333,3.675,0.0,22.840722222222222
2013-08-30 10:00:00,723,394.1958333333333,66.10266666666668,2.8652777777777776,0.0,21.468208333333333
2013-08-30 10:00:00,724,190.28055555555557,59.836999999999996,4.715277777777778,0.0,23.101819444444445
2013-08-30 10:00:00,726,380.52777777777777,56.055277777777775,3.2194444444444446,0.0,23.997694444444445
2013-08-30 10:00:00,734,314.5597222222222,57.796625,4.416666666666667,0.0,23.419361111111108
2013-08-30 10:00:00,746,505.53194444444443,63.46015277777777,3.661111111111111,0.0,21.936263888888888
2013-08-30 10:00:00,748,479.74305555555554,57.00355555555555,2.9944444444444445,0.0,23.625013888888887
2013-08-30 10:00:00,752,398.18333333333334,48.335902777777775,5.161111111111111,0.0,26.496638888888885
2013-08-30 10:00:00,754,388.75138888888887,58.30765277777778,3.484722222222222,0.0,23.29572222222222
2013-08-30 10:00:00,776,507.2888888888889,58.86593055555556,4.144444444444445,0.0,23.287166666666664
2013-08-30 11:00:00,413,465.9875,52.07863888888889,3.7777777777777777,0.0,23.868430555555555
2013-08-30 11:00:00,415,482.52916666666664,60.98308333333333,3.9208333333333334,0.0,22.81972222222222
2013-08-30 11:00:00,417,354.4,61.00175,3.459722222222222,0.0,22.931875
2013-08-30 11:00:00,419,452.76666666666665,62.23279166666667,25.134722222222223,0.0,48.717708333333334
2013-08-30 11:00:00,421,342.9625,61.98770833333334,18.043055555555554,0.0,22.509027777777778
2013-08-30 11:00:00,422,415.6666666666667,62.60483333333334,27.705555555555556,0.0,22.771180555555556
2013-08-30 11:00:00,423,354.1375,60.321374999999996,3.6597222222222223,0.0,22.949680555555556
2013-08-30 11:00:00,424,399.1125,59.453791666666675,3.6444444444444444,0.0,23.397208333333335
2013-08-30 11:00:00,442,453.2680555555556,58.75016666666667,4.079166666666667,0.0,23.56141666666667
2013-08-30 11:00:00,446,484.2111111111111,62.4765464632455,3.3606102635228847,0.0,22.55099861303745
2013-08-30 11:00:00,448,384.8208333333333,61.543,4.0569444444444445,0.0,23.060069444444444
2013-08-30 11:00:00,452,364.34583333333336,54.733254520166895,2.8025034770514603,0.0,22.984575799721835
2013-08-30 11:00:00,454,336.29027777777776,61.86029166666667,3.172222222222222,0.0,22.91411111111111
2013-08-30 11:00:00,456,426.26944444444445,59.104097222222215,3.0902777777777777,0.0,23.500902777777778
2013-08-30 11:00:00,458,448.9125,71.4725,3.2527777777777778,0.0,20.278861111111112
2013-08-30 11:00:00,462,436.6638888888889,64.56066666666666,3.2694444444444444,0.0,22.41422222222222
2013-08-30 11:00:00,510,313.2027777777778,63.14041666666667,3.8152777777777778,0.0,22.214902777777777
2013-08-30 11:00:00,513,331.18333333333334,63.16916666666667,3.548611111111111,0.0,22.23540277777778
2013-08-30 11:00:00,552,372.05833333333334,59.780458333333335,3.313888888888889,0.0,23.343555555555557
2013-08-30 11:00:00,554,437.6125,59.38220833333334,12.158333333333333,0.0,23.451
2013-08-30 11:00:00,556,443.6138888888889,58.120194444444444,3.4555555555555557,0.0,23.602333333333334
2013-08-30 11:00:00,558,401.6611111111111,62.57454166666666,3.375,0.0,22.91073611111111
2013-08-30 11:00:00,562,246.08333333333334,61.34891666666667,2.5319444444444446,0.0,22.89547222222222
2013-08-30 11:00:00,564,277.4611111111111,60.65225,3.7888888888888888,0.0,22.717472222222224
2013-08-30 11:00:00,621,434.6694444444444,56.965666666666664,138.5388888888889,0.0,25.26163888888889
2013-08-30 11:00:00,621A,367.0708333333333,66.58133333333333,4.245833333333334,0.0,21.254986111111112
2013-08-30 11:00:00,621C,420.3930555555556,63.88026388888889,3.5722222222222224,0.0,21.850875
2013-08-30 11:00:00,621D,471.1069444444444,62.138,3.3194444444444446,0.0,22.274541666666668
2013-08-30 11:00:00,621E,466.9583333333333,64.037625,7.730555555555555,-1.0,21.910847222222223
2013-08-30 11:00:00,640,413.81666666666666,61.268458333333335,4.3,0.0,22.553749999999997
2013-08-30 11:00:00,644,443.9513888888889,59.60241666666666,4.052777777777778,0.0,22.957375000000003
2013-08-30 11:00:00,648,112.99444444444444,58.03026388888889,3.6333333333333333,0.0,23.039819444444444
2013-08-30 11:00:00,656A,433.8986111111111,60.70070833333334,4.683333333333334,0.0,22.906958333333332
2013-08-30 11:00:00,656B,418.25555555555553,56.83170833333334,3.2680555555555557,0.0,23.633833333333335
2013-08-30 11:00:00,664,316.1638888888889,58.23004166666667,3.1277777777777778,0.0,23.372972222222224
2013-08-30 11:00:00,666,410.03194444444443,62.3335,3.495833333333333,0.0,22.47240277777778
2013-08-30 11:00:00,668,329.6347222222222,64.62745833333334,2181.5569444444445,0.0,21.879875000000002
2013-08-30 11:00:00,717,371.86944444444447,62.014874999999996,4.141666666666667,0.0,22.15266666666667
2013-08-30 11:00:00,719,405.58472222222224,63.286249999999995,3.477777777777778,0.0,21.997500000000002
2013-08-30 11:00:00,721,308.4347222222222,63.225,3.5347222222222223,0.0,20.994930555555555
2013-08-30 11:00:00,722,332.6111111111111,57.03897222222222,3.859722222222222,0.0,22.816388888888888
2013-08-30 11:00:00,723,396.3875,66.32319444444444,3.0444444444444443,0.0,21.409819444444445
2013-08-30 11:00:00,724,191.425,59.938833333333335,4.876388888888889,0.0,23.08248611111111
2013-08-30 11:00:00,726,384.78472222222223,56.16458333333333,3.1972222222222224,0.0,23.975916666666667
2013-08-30 11:00:00,734,316.71971830985916,58.24604166666667,15.215277777777779,1.371191135734072,23.29061111111111
2013-08-30 11:00:00,746,504.1722222222222,64.2965,3.7847222222222223,0.0,21.705291666666668
2013-08-30 11:00:00,748,479.90555555555557,57.161874999999995,4.579166666666667,0.0,23.55848611111111
2013-08-30 11:00:00,752,399.15555555555557,48.34538888888889,5.465277777777778,0.0,26.487944444444445
2013-08-30 11:00:00,754,391.9875,58.71475,3.7125,0.0,23.168111111111113
2013-08-30 11:00:00,776,505.3875,59.21925,7.575,0.0,23.18570833333333
2013-08-30 12:00:00,413,467.0208333333333,52.06905555555556,3.813888888888889,0.0,23.740680555555556
2013-08-30 12:00:00,415,483.15277777777777,61.021875,3.859722222222222,0.0,22.71702777777778
2013-08-30 12:00:00,417,354.99583333333334,60.987458333333336,3.4402777777777778,0.0,22.845097222222225
2013-08-30 12:00:00,419,453.12916666666666,62.211958333333335,25.21527777777778,0.0,48.63495833333333
2013-08-30 12:00:00,421,343.76944444444445,61.91613351877607,18.0778859527121,0.0,22.438011126564675
2013-08-30 12:00:00,422,415.6791666666667,62.337134909596664,27.812239221140473,0.0,22.73905424200278
2013-08-30 12:00:00,423,355.2361111111111,60.23170833333334,3.8833333333333333,0.0,22.908958333333334
2013-08-30 12:00:00,424,399.75,59.35154166666667,3.7527777777777778,0.0,23.357944444444446
2013-08-30 12:00:00,442,454.0513888888889,58.583772538141474,4.011095700416089,0.0,23.518904299583912
2013-08-30 12:00:00,446,485.5486111111111,62.23283333333333,3.1666666666666665,0.0,22.51626388888889
2013-08-30 12:00:00,448,385.4277777777778,61.35429166666666,4.038888888888889,0.0,23.03697222222222
2013-08-30 12:00:00,452,366.43888888888887,54.609319444444445,2.7847222222222223,0.0,22.947583333333338
2013-08-30 12:00:00,454,336.9736111111111,61.74454166666666,3.175,0.0,22.881291666666666
2013-08-30 12:00:00,456,426.8277777777778,58.96381944444444,3.029166666666667,0.0,23.469666666666665
2013-08-30 12:00:00,458,470.22777777777776,68.42209722222222,3.3180555555555555,0.0,21.590180555555555
2013-08-30 12:00:00,462,437.56805555555553,64.29904166666667,3.2847222222222223,0.0,22.389694444444444
2013-08-30 12:00:00,510,313.00138888888887,63.286583333333326,4.001388888888889,0.0,22.089111111111112
2013-08-30 12:00:00,513,331.88055555555553,63.249541666666666,3.6083333333333334,0.0,22.171277777777778
2013-08-30 12:00:00,552,372.06111111111113,59.72675,3.3847222222222224,0.0,23.295805555555553
2013-08-30 12:00:00,554,439.63055555555553,59.31020833333333,6.545833333333333,1.2916666666666667,23.38554166666667
2013-08-30 12:00:00,556,445.4875,57.79602777777778,3.511111111111111,0.0,23.723472222222224
2013-08-30 12:00:00,558,400.6430555555556,62.223416666666665,3.576388888888889,0.0,23.034319444444442
2013-08-30 12:00:00,562,249.11527777777778,61.33008333333333,2.765277777777778,0.0,22.91504166666667
2013-08-30 12:00:00,564,278.2916666666667,60.46040277777777,4.3180555555555555,0.0,22.80713888888889
2013-08-30 12:00:00,621,437.4236111111111,55.98733333333333,52.38333333333333,0.0,25.63223611111111
2013-08-30 12:00:00,621A,367.3013888888889,66.6132361111111,4.143055555555556,0.0,21.185138888888886
2013-08-30 12:00:00,621C,421.84027777777777,63.97629166666667,3.563888888888889,0.0,21.814041666666668
2013-08-30 12:00:00,621D,472.34444444444443,62.295458333333336,3.120833333333333,0.0,22.221819444444442
2013-08-30 12:00:00,621E,469.92083333333335,64.102,7.023611111111111,-1.0,21.86088888888889
2013-08-30 12:00:00,640,414.3652777777778,61.29341666666667,4.1402777777777775,0.0,22.495777777777775
2013-08-30 12:00:00,644,444.2611111111111,59.72161111111111,3.9916666666666667,0.0,22.880180555555555
2013-08-30 12:00:00,648,115.60138888888889,58.240097222222225,3.748611111111111,0.0,22.941055555555558
2013-08-30 12:00:00,656A,434.18194444444447,60.88583333333334,4.616666666666666,0.0,22.817680555555555
2013-08-30 12:00:00,656B,420.0388888888889,57.09147222222222,3.3125,0.0,23.508986111111113
2013-08-30 12:00:00,664,320.3861111111111,58.253416666666666,12.2,0.0,23.339111111111112
2013-08-30 12:00:00,666,409.4410540915395,62.454791666666665,3.4277777777777776,0.0,22.386375
2013-08-30 12:00:00,668,330.05,64.70147222222224,2177.813888888889,0.0,21.806875
2013-08-30 12:00:00,717,372.95,62.13783333333333,4.166666666666667,0.0,22.079708333333333
2013-08-30 12:00:00,719,406.55,63.44558333333333,3.613888888888889,0.0,21.912805555555554
2013-08-30 12:00:00,721,309.3986111111111,63.477958333333326,3.636111111111111,0.0,20.880652777777776
2013-08-30 12:00:00,722,334.4138888888889,56.980402777777776,3.790277777777778,0.0,22.805388888888892
2013-08-30 12:00:00,723,398.2055555555556,66.30955617198336,2.9070735090152566,0.0,21.360638002773925
2013-08-30 12:00:00,724,191.92083333333332,59.88235294117647,4.872549019607843,0.0,23.071862745098034
2013-08-30 12:00:00,726,385.05833333333334,56.0897304964539,3.2808510638297874,0.0,23.971999999999998
2013-08-30 12:00:00,734,315.6138888888889,58.01219444444444,5.9625,0.0,23.464152777777777
2013-08-30 12:00:00,746,504.70694444444445,64.62326388888889,3.723611111111111,0.0,21.57875
2013-08-30 12:00:00,748,480.21527777777777,57.19246861924686,4.569037656903766,0.0,23.51454672245467
2013-08-30 12:00:00,752,399.15,48.280055555555556,5.419444444444444,0.0,26.478819444444444
2013-08-30 12:00:00,754,392.1611111111111,58.88106944444445,3.7472222222222222,0.0,23.071416666666664
2013-08-30 12:00:00,776,508.7763888888889,59.13425797503468,7.651872399445215,0.0,23.278183079056866
2013-08-30 13:00:00,413,465.78055555555557,52.27772222222222,5.2125,0.0,23.623874999999998
2013-08-30 13:00:00,415,482.90694444444443,61.15833333333333,4.608333333333333,0.0,22.620819444444443
2013-08-30 13:00:00,417,354.5180555555556,61.09391666666666,4.775,0.0,22.759666666666664
2013-08-30 13:00:00,419,450.3847222222222,62.317125000000004,27.522222222222222,0.0,50.87415277777778
2013-08-30 13:00:00,421,343.5083333333333,61.90025,20.98611111111111,0.0,22.377430555555556
2013-08-30 13:00:00,422,416.28194444444443,62.32754166666667,30.677777777777777,0.0,22.67323611111111
2013-08-30 13:00:00,423,355.8486111111111,60.21358333333333,3.959722222222222,0.0,22.876305555555554
2013-08-30 13:00:00,424,401.0527777777778,59.32958333333334,3.625,0.0,23.324291666666664
2013-08-30 13:00:00,442,453.9875,58.59883333333333,4.027777777777778,0.0,23.47169444444444
2013-08-30 13:00:00,446,486.04027777777776,62.15195833333334,3.1666666666666665,0.0,22.49509722222222
2013-08-30 13:00:00,448,385.3597222222222,61.25125,4.036111111111111,0.0,23.02122222222222
2013-08-30 13:00:00,452,365.8305555555556,54.52603328710124,2.7281553398058254,0.0,22.927961165048547
2013-08-30 13:00:00,454,337.0221914008322,61.69204166666666,3.186111111111111,0.0,22.866083333333336
2013-08-30 13:00:00,456,427.3125,58.64194444444444,3.140277777777778,0.0,23.581027777777777
2013-08-30 13:00:00,458,486.1402777777778,62.68230555555556,3.498611111111111,0.0,22.999902777777777
2013-08-30 13:00:00,462,438.56944444444446,64.17795833333334,3.286111111111111,0.0,22.403513888888888
2013-08-30 13:00:00,510,311.77222222222224,63.35879166666667,4.883333333333334,0.0,22.08465277777778
2013-08-30 13:00:00,513,331.87361111111113,62.54891666666667,3.751388888888889,0.0,22.443513888888887
2013-08-30 13:00:00,552,371.00694444444446,59.686749999999996,3.470833333333333,0.0,23.27988888888889
2013-08-30 13:00:00,554,440.0152777777778,59.48795833333334,3.251388888888889,0.0,23.26988888888889
2013-08-30 13:00:00,556,445.6847222222222,57.525916666666674,3.6013888888888888,0.0,23.74625
2013-08-30 13:00:00,558,401.9625,61.88275,3.5430555555555556,0.0,23.089624999999998
2013-08-30 13:00:00,562,249.45416666666668,60.958416666666665,2.775,0.0,23.0075
2013-08-30 13:00:00,564,276.67692307692306,60.248083333333334,4.284722222222222,0.0,22.829958333333334
2013-08-30 13:00:00,621,435.5097222222222,56.075208333333336,11.751388888888888,0.0,25.532430555555553
2013-08-30 13:00:00,621A,369.0527777777778,66.78398611111112,5.769444444444445,0.0,21.121180555555554
2013-08-30 13:00:00,621C,420.8652777777778,63.77904166666667,8.9375,0.0,21.904249999999998
2013-08-30 13:00:00,621D,470.875173370319,62.165333333333336,8.872222222222222,0.0,22.304625
2013-08-30 13:00:00,621E,475.21805555555557,63.720666666666666,7.891666666666667,-1.0,22.00722222222222
2013-08-30 13:00:00,640,409.71805555555557,60.82788888888889,4.231944444444444,0.0,22.794319444444444
2013-08-30 13:00:00,644,446.02222222222224,59.97537500000001,4.704166666666667,0.0,22.78059722222222
2013-08-30 13:00:00,648,116.41944444444445,58.43873611111111,4.409722222222222,0.0,22.868208333333335
2013-08-30 13:00:00,656A,435.14166666666665,61.016083333333334,5.170833333333333,0.0,22.79736111111111
2013-08-30 13:00:00,656B,419.4458333333333,57.326763888888884,3.5722222222222224,0.0,23.423972222222226
2013-08-30 13:00:00,664,318.49444444444447,58.26625,3.1805555555555554,0.0,23.313388888888888
2013-08-30 13:00:00,666,409.81388888888887,62.694374999999994,4.102777777777778,0.0,22.305375
2013-08-30 13:00:00,668,328.74583333333334,64.98756944444445,2168.3152777777777,0.0,21.72213888888889
2013-08-30 13:00:00,717,372.2083333333333,62.28129166666667,6.9944444444444445,0.0,22.01575
2013-08-30 13:00:00,719,406.8902777777778,63.65173611111111,12.27361111111111,0.0,21.83673611111111
2013-08-30 13:00:00,721,307.70416666666665,63.75998611111111,10.708333333333334,0.0,20.78223611111111
2013-08-30 13:00:00,722,334.54305555555555,56.943,3.713888888888889,0.0,22.801305555555555
2013-08-30 13:00:00,723,397.25416666666666,66.37715277777777,6.038888888888889,0.0,21.323847222222224
2013-08-30 13:00:00,724,191.72916666666666,59.84129166666667,4.783333333333333,0.0,23.073166666666665
2013-08-30 13:00:00,726,385.24444444444447,56.02748611111111,3.1333333333333333,0.0,23.97697222222222
2013-08-30 13:00:00,734,305.7291666666667,56.267486111111104,4.763888888888889,0.0,24.183708333333335
2013-08-30 13:00:00,746,503.7625,64.8548888888889,3.5305555555555554,0.0,21.522902777777777
2013-08-30 13:00:00,748,481.18611111111113,57.25084722222222,3.1319444444444446,0.0,23.476597222222225
2013-08-30 13:00:00,752,410.7402777777778,48.326027777777774,13.390277777777778,5.530054644808743,26.434333333333335
2013-08-30 13:00:00,754,392.8722222222222,59.083013888888885,3.6777777777777776,0.0,22.992541666666668
2013-08-30 13:00:00,776,510.6513888888889,58.72954166666666,4.825,0.0,23.395138888888887
2013-08-30 14:00:00,413,465.1041666666667,52.836638888888885,30.29722222222222,0.0,23.551819444444448
2013-08-30 14:00:00,415,480.9013888888889,61.573375000000006,17.086111111111112,0.0,22.566430555555556
2013-08-30 14:00:00,417,353.1972222222222,61.48341666666666,27.5625,0.0,22.719361111111112
2013-08-30 14:00:00,419,450.2896935933148,62.70333333333333,63.02361111111111,0.0,50.84556944444444
2013-08-30 14:00:00,421,345.33194444444445,62.23854166666667,67.02222222222223,0.0,22.35125
2013-08-30 14:00:00,422,415.86805555555554,62.7145,74.5875,0.0,22.63801388888889
2013-08-30 14:00:00,423,354.5940594059406,60.49404166666667,4.356944444444444,0.0,22.844319444444444
2013-08-30 14:00:00,424,401.33472222222224,59.59088888888889,3.720833333333333,0.0,23.30275
2013-08-30 14:00:00,442,452.5472222222222,58.94635605006954,4.785813630041725,0.0,23.45336578581363
2013-08-30 14:00:00,446,487.5833333333333,62.37704166666667,24.270833333333332,0.0,22.547125
2013-08-30 14:00:00,448,385.20694444444445,61.379333333333335,27.120833333333334,0.0,23.072208333333336
2013-08-30 14:00:00,452,365.8027777777778,54.72979137691238,19.30598052851182,0.0,22.937051460361616
2013-08-30 14:00:00,454,341.5396383866481,61.87355648535564,13.447698744769875,0.0,22.885299860529983
2013-08-30 14:00:00,456,430.4125,58.63519444444444,14.404166666666667,2.0,23.67522222222222
2013-08-30 14:00:00,458,489.68611111111113,62.743625,5.658333333333333,0.0,22.859458333333336
2013-08-30 14:00:00,462,437.40694444444443,64.3505,4.222222222222222,0.0,22.458847222222225
2013-08-30 14:00:00,510,312.7583333333333,63.546875,20.208333333333332,0.0,22.17025
2013-08-30 14:00:00,513,330.84444444444443,62.454791666666665,5.695833333333334,0.0,22.5185
2013-08-30 14:00:00,552,370.8833333333333,59.7875,3.451388888888889,0.0,23.308805555555555
2013-08-30 14:00:00,554,440.87083333333334,59.971875,3.2430555555555554,0.0,23.19173611111111
2013-08-30 14:00:00,556,444.6875,57.77188888888889,3.5555555555555554,0.0,23.70501388888889
2013-08-30 14:00:00,558,402.98055555555555,62.060625,3.5652777777777778,0.0,23.084569444444444
2013-08-30 14:00:00,562,247.7277777777778,61.11329166666667,2.7416666666666667,0.0,23.00395833333333
2013-08-30 14:00:00,564,275.1194879089616,60.482194444444445,4.366666666666666,0.0,22.811680555555554
2013-08-30 14:00:00,621,437.44305555555553,55.951763888888884,166.1638888888889,0.0,25.75294444444444
2013-08-30 14:00:00,621A,366.72222222222223,67.22223611111112,37.24166666666667,0.0,21.116375
2013-08-30 14:00:00,621C,420.0875,63.78434722222222,95.21111111111111,0.0,21.992902777777775
2013-08-30 14:00:00,621D,471.36578581363005,62.252375,98.52638888888889,0.0,22.38248611111111
2013-08-30 14:00:00,621E,475.5257301808067,63.675625,30.881944444444443,-1.0,22.10388888888889
2013-08-30 14:00:00,640,410.61944444444447,60.269375,4.706944444444445,0.0,22.95284722222222
2013-08-30 14:00:00,644,446.2319444444444,60.3795,19.022222222222222,0.0,22.741652777777777
2013-08-30 14:00:00,648,114.71111111111111,58.77341666666667,19.70138888888889,0.0,22.837791666666664
2013-08-30 14:00:00,656A,435.34027777777777,61.254083333333334,16.829166666666666,0.0,22.784708333333334
2013-08-30 14:00:00,656B,420.18611111111113,57.718111111111114,9.580555555555556,0.0,23.36330555555556
2013-08-30 14:00:00,664,320.10833333333335,58.56875,3.1333333333333333,0.0,23.26204166666667
2013-08-30 14:00:00,666,409.45757997218357,63.132333333333335,21.28611111111111,0.0,22.265958333333334
2013-08-30 14:00:00,668,328.1513888888889,65.45573611111112,2200.6402777777776,0.0,21.67613888888889
2013-08-30 14:00:00,717,372.83472222222224,62.60491666666667,56.326388888888886,0.0,22.000263888888888
2013-08-30 14:00:00,719,406.3958333333333,63.967416666666665,150.86805555555554,1.1126373626373627,21.843180555555556
2013-08-30 14:00:00,721,306.85277777777776,64.06770833333333,155.51805555555555,0.0,20.80634722222222
2013-08-30 14:00:00,722,332.95694444444445,57.091722222222224,3.876388888888889,0.0,22.798527777777775
2013-08-30 14:00:00,723,397.70694444444445,66.66152990264256,57.60778859527121,0.0,21.335340751043116
2013-08-30 14:00:00,724,191.24722222222223,59.972833333333334,4.820833333333334,0.0,23.076541666666667
2013-08-30 14:00:00,726,383.3597222222222,56.18566666666667,3.1944444444444446,0.0,23.961861111111112
2013-08-30 14:00:00,734,310.58472222222224,55.048875,8.183333333333334,0.0,24.602986111111115
2013-08-30 14:00:00,746,503.32916666666665,65.36865277777778,4.6625,0.0,21.486652777777778
2013-08-30 14:00:00,748,480.8722222222222,57.332541666666664,4.601388888888889,0.0,23.494930555555552
2013-08-30 14:00:00,752,513.5819444444444,49.06304166666666,28.10972222222222,8.786096256684491,26.357013888888886
2013-08-30 14:00:00,754,392.85555555555555,59.427125,4.979166666666667,0.0,22.969125000000002
2013-08-30 14:00:00,776,510.27222222222224,58.811529902642555,17.8442280945758,0.0,23.404339360222533
2013-08-30 15:00:00,413,472.6222222222222,53.16484722222223,57.47222222222222,0.0,23.57984722222222
2013-08-30 15:00:00,415,488.2680555555556,61.8575,32.61805555555556,0.0,22.621902777777777
2013-08-30 15:00:00,417,356.876560332871,61.6638247566064,49.05146036161335,0.0,22.807260083449236
2013-08-30 15:00:00,419,503.2583333333333,63.08058333333333,98.14027777777778,5.804812834224599,56.41630555555555
2013-08-30 15:00:00,421,351.2736111111111,62.4892628650904,116.96940194714882,0.0,22.424394993045897
2013-08-30 15:00:00,422,421.1513888888889,62.91095833333333,125.42222222222222,0.0,22.714930555555554
2013-08-30 15:00:00,423,359.00278164116827,60.760375,4.123611111111111,0.0,22.854597222222225
2013-08-30 15:00:00,424,405.1902777777778,59.83796940194715,3.7162726008344924,0.0,23.317872044506256
2013-08-30 15:00:00,442,457.89166666666665,59.18344444444445,4.611111111111111,0.0,23.493791666666667
2013-08-30 15:00:00,446,490.2638888888889,62.59425,3.5708333333333333,0.0,22.577458333333333
2013-08-30 15:00:00,448,388.4555555555556,61.50270833333333,4.098611111111111,0.0,23.124847222222222
2013-08-30 15:00:00,452,369.31805555555553,54.914500000000004,2.7625,0.0,22.977958333333333
2013-08-30 15:00:00,454,341.90694444444443,62.056083333333326,3.2708333333333335,0.0,22.909416666666665
2013-08-30 15:00:00,456,432.65555555555557,58.91584722222222,3.2111111111111112,0.0,23.669833333333333
2013-08-30 15:00:00,458,504.775,63.1185,6.315277777777778,4.454545454545454,22.82945833333333
2013-08-30 15:00:00,462,443.05833333333334,64.48318055555555,3.4347222222222222,0.0,22.525375
2013-08-30 15:00:00,510,319.79027777777776,63.717013888888886,44.706944444444446,0.0,22.235722222222222
2013-08-30 15:00:00,513,337.1986111111111,62.52770833333333,7.919444444444444,0.0,22.586569444444443
2013-08-30 15:00:00,552,377.2416666666667,59.987874999999995,3.4472222222222224,0.0,23.31298611111111
2013-08-30 15:00:00,554,450.7944444444444,60.38947222222222,3.283333333333333,0.0,23.14886111111111
2013-08-30 15:00:00,556,448.0777777777778,58.03252777777777,3.611111111111111,0.0,23.683666666666667
2013-08-30 15:00:00,558,409.35833333333335,62.26291666666667,3.563888888888889,0.0,23.093597222222222
2013-08-30 15:00:00,562,263.1402777777778,61.21908205841446,30.474269819193324,12.4343163538874,23.101780250347705
2013-08-30 15:00:00,564,280.36578581363005,60.69308333333334,4.525,0.0,22.815680555555556
2013-08-30 15:00:00,621,452.0180555555556,55.52520833333334,166.32083333333333,9.789041095890411,25.96240277777778
2013-08-30 15:00:00,621A,373.2638888888889,67.27470588235295,68.77310924369748,1.5217391304347827,21.239677871148462
2013-08-30 15:00:00,621C,424.6546463245492,63.78384722222223,191.51527777777778,1.5534246575342465,22.079805555555556
2013-08-30 15:00:00,621D,520.0569444444444,62.17904166666667,209.6888888888889,0.0,22.525791666666667
2013-08-30 15:00:00,621E,529.6972222222222,63.297958333333334,67.23611111111111,-1.0,22.527041666666666
2013-08-30 15:00:00,640,418.71666666666664,60.50012517385257,5.728789986091794,0.0,22.908289290681505
2013-08-30 15:00:00,644,450.2083333333333,60.482680555555554,49.0875,0.0,22.82686111111111
2013-08-30 15:00:00,648,172.65555555555557,59.147134909596666,102.336578581363,11.747619047619047,22.98963838664812
2013-08-30 15:00:00,656A,440.1986111111111,61.33195833333333,58.87916666666667,0.0,22.86073611111111
2013-08-30 15:00:00,656B,423.77222222222224,57.910375,28.26527777777778,0.0,23.41990277777778
2013-08-30 15:00:00,664,324.6875,58.83604166666666,3.290277777777778,0.0,23.246388888888887
2013-08-30 15:00:00,666,414.7111111111111,63.2135,96.1361111111111,0.0,22.37633333333333
2013-08-30 15:00:00,668,333.55,65.74051460361613,2171.2058414464536,0.0,21.695827538247563
2013-08-30 15:00:00,717,377.9875173370319,62.5396662030598,107.35326842837274,0.0,22.158859527121
2013-08-30 15:00:00,719,456.7138888888889,63.56506944444444,327.0541666666667,14.404580152671755,22.276291666666665
2013-08-30 15:00:00,721,310.5020862308762,63.681,260.87083333333334,0.0,21.083958333333335
2013-08-30 15:00:00,722,338.9374130737135,57.24154166666667,3.926388888888889,0.0,22.805736111111113
2013-08-30 15:00:00,723,402.4819444444444,66.46323611111112,145.00277777777777,0.0,21.501236111111112
2013-08-30 15:00:00,724,195.38333333333333,60.134297635605,4.937413073713491,0.0,23.082280945757997
2013-08-30 15:00:00,726,389.05710306406684,56.33653203342618,3.2743732590529246,0.0,23.973119777158775
2013-08-30 15:00:00,734,324.9972222222222,54.28326388888888,11.916666666666666,0.0,24.90597222222222
2013-08-30 15:00:00,746,511.6958333333333,65.55347222222223,9.633333333333333,0.0,21.549347222222224
2013-08-30 15:00:00,748,484.45,57.537323162274625,4.5908460471567265,0.0,23.480291262135925
2013-08-30 15:00:00,752,471.1223922114047,48.93666666666667,27.761111111111113,8.96042216358839,26.450222222222223
2013-08-30 15:00:00,754,398.86685159500695,59.44675,8.42361111111111,0.0,23.094319444444444
2013-08-30 15:00:00,776,517.0542420027816,58.83691666666667,37.80972222222222,0.0,23.47573611111111
2013-08-30 16:00:00,413,503.28194444444443,53.202597222222224,82.55555555555556,2.967032967032967,23.604347222222223
2013-08-30 16:00:00,415,541.8013888888889,61.893166666666666,38.048611111111114,15.066666666666666,22.716416666666667
2013-08-30 16:00:00,417,372.2002781641168,61.57220833333333,54.77638888888889,0.0,22.891555555555552
2013-08-30 16:00:00,419,658.7975034674064,62.749875,112.30555555555556,12.231805929919137,66.04719444444444
2013-08-30 16:00:00,421,464.00974930362116,62.53407510431154,149.26008344923505,0.0,22.617079276773296
2013-08-30 16:00:00,422,439.2388888888889,62.80133333333333,141.40277777777777,0.9945054945054945,22.77744444444445
2013-08-30 16:00:00,423,374.60833333333335,60.87279166666667,4.236111111111111,0.0,22.85108333333333
2013-08-30 16:00:00,424,420.9111111111111,59.92579166666667,3.736111111111111,0.0,23.32220833333333
2013-08-30 16:00:00,442,479.02222222222224,59.20990264255911,5.0667593880389425,0.0,23.504937413073712
2013-08-30 16:00:00,446,511.8013888888889,62.665749999999996,3.702777777777778,0.0,22.561277777777775
2013-08-30 16:00:00,448,405.84027777777777,61.611875000000005,4.115277777777778,0.0,23.105930555555556
2013-08-30 16:00:00,452,385.3041666666667,54.95705146036162,2.8636995827538247,0.0,22.98431154381085
2013-08-30 16:00:00,454,358.10013908205843,62.14608333333334,3.202777777777778,0.0,22.905402777777777
2013-08-30 16:00:00,456,448.88055555555553,58.95558333333333,3.125,0.0,23.692083333333333
2013-08-30 16:00:00,458,616.6236111111111,63.574194444444444,17.038888888888888,11.848039215686274,22.765291666666663
2013-08-30 16:00:00,462,465.8127600554785,64.350375,3.5180555555555557,0.0,22.56536111111111
2013-08-30 16:00:00,510,344.2416666666667,63.419,50.18194444444445,0.0,22.31286111111111
2013-08-30 16:00:00,513,355.1986111111111,62.341166666666666,8.756944444444445,0.48753462603878117,22.635416666666668
2013-08-30 16:00:00,552,427.62361111111113,60.141333333333336,22.693055555555556,16.177777777777777,23.361874999999998
2013-08-30 16:00:00,554,475.59722222222223,60.570458333333335,3.3375,0.0,23.11345833333333
2013-08-30 16:00:00,556,467.9638386648122,58.08620305980528,3.620305980528512,0.0,23.669401947148817
2013-08-30 16:00:00,558,428.05833333333334,62.21329166666666,3.533333333333333,0.0,23.10609722222222
2013-08-30 16:00:00,562,295.91527777777776,60.297583333333336,49.19583333333333,16.91820580474934,23.509430555555557
2013-08-30 16:00:00,564,300.0541666666667,60.66129166666666,4.569444444444445,0.0,22.843986111111107
2013-08-30 16:00:00,621,520.8194444444445,55.595486111111114,166.4875,22.42183622828784,25.985305555555552
2013-08-30 16:00:00,621A,443.75138888888887,65.85684582743988,66.15558698727015,8.366576819407008,21.895176803394623
2013-08-30 16:00:00,621C,526.2767732962448,62.67797222222222,220.30694444444444,8.50507614213198,22.81859722222222
2013-08-30 16:00:00,621D,664.5410292072322,61.428583333333336,218.85694444444445,0.0,23.062666666666665
2013-08-30 16:00:00,621E,582.1785216178522,62.229125,71.47083333333333,-1.0,22.954708333333333
2013-08-30 16:00:00,640,440.475,60.60666666666667,6.059722222222222,0.0,22.85163888888889
2013-08-30 16:00:00,644,468.2361111111111,60.124541666666666,88.89583333333333,0.0,22.982847222222226
2013-08-30 16:00:00,648,231.1861111111111,58.079541666666664,99.875,16.54601226993865,23.674777777777777
2013-08-30 16:00:00,656A,459.8888888888889,60.51497222222222,135.42916666666667,0.0,23.308083333333332
2013-08-30 16:00:00,656B,443.9555555555556,57.36044444444444,57.083333333333336,0.0,23.81325
2013-08-30 16:00:00,664,398.40555555555557,58.93808333333333,22.647222222222222,5.479674796747967,23.37422222222222
2013-08-30 16:00:00,666,446.54242002781643,61.901,225.7763888888889,4.4188481675392675,23.02883333333333
2013-08-30 16:00:00,668,356.23439667128986,65.34597222222222,2167.6583333333333,0.0,21.821986111111112
2013-08-30 16:00:00,717,396.1376912378303,62.058098591549296,110.82676056338028,0.0,22.346211267605632
2013-08-30 16:00:00,719,490.56944444444446,62.16825,331.5527777777778,10.6,22.828333333333337
2013-08-30 16:00:00,721,333.37638888888887,63.035,141.08194444444445,0.0,21.30334722222222
2013-08-30 16:00:00,722,356.725,57.208416666666665,4.022222222222222,0.0,22.816069444444445
2013-08-30 16:00:00,723,425.06388888888887,65.14246175243393,242.52851182197497,0.0,21.979680111265647
2013-08-30 16:00:00,724,207.87621696801114,60.09291666666667,5.079166666666667,0.0,23.100638888888888
2013-08-30 16:00:00,726,406.91527777777776,56.29986111111111,3.334722222222222,0.0,23.995027777777775
2013-08-30 16:00:00,734,345.3125,53.70011111111111,13.613888888888889,0.0,25.077555555555556
2013-08-30 16:00:00,746,545.1611111111112,64.39191666666667,12.879166666666666,0.0,21.986777777777778
2013-08-30 16:00:00,748,666.4361111111111,58.12329624478443,14.240611961057024,6.25068870523416,23.49972183588317
2013-08-30 16:00:00,752,498.9611111111111,49.18257301808066,27.819193324061196,4.096685082872928,26.325605006954103
2013-08-30 16:00:00,754,419.0417246175243,58.374875,13.67361111111111,0.0,23.607166666666668
2013-08-30 16:00:00,776,544.1222222222223,58.54034770514604,130.84283727399165,0.0,23.734255910987482
2013-08-30 17:00:00,413,653.4555555555555,53.002541666666666,114.71805555555555,5.096514745308311,23.827111111111112
2013-08-30 17:00:00,415,1104.3666666666666,61.947625,55.5375,29.17632850241546,23.40383333333333
2013-08-30 17:00:00,417,424.7416666666667,61.00570833333333,70.64444444444445,1.367403314917127,22.97623611111111
2013-08-30 17:00:00,419,739.4916666666667,62.30155778894472,115.57453936348409,7.301333333333333,62.968207705192626
2013-08-30 17:00:00,421,635.9763560500695,62.44746185852982,179.03467406380028,0.0,22.86270457697642
2013-08-30 17:00:00,422,492.84305555555557,62.14362500000001,164.16666666666666,0.7027777777777777,22.837902777777778
2013-08-30 17:00:00,423,427.0748959778086,60.54179166666666,16.2875,2.0767123287671234,22.875305555555556
2013-08-30 17:00:00,424,480.5208333333333,59.57118055555556,7.368055555555555,2.317073170731707,23.350138888888885
2013-08-30 17:00:00,442,534.1569444444444,58.73811111111112,5.204166666666667,0.0,23.51463888888889
2013-08-30 17:00:00,446,571.0347222222222,62.14654166666667,3.8152777777777778,0.0,22.543875
2013-08-30 17:00:00,448,452.39444444444445,61.26325,4.497222222222222,0.0,23.07286111111111
2013-08-30 17:00:00,452,430.3888888888889,54.66563888888889,3.3402777777777777,0.0,22.95279166666667
2013-08-30 17:00:00,454,401.84305555555557,61.847875,3.5055555555555555,0.0,22.884763888888887
2013-08-30 17:00:00,456,500.4555555555556,58.47588888888889,3.772222222222222,0.0,23.677611111111112
2013-08-30 17:00:00,458,590.65,62.61183333333333,8.22638888888889,6.145118733509235,22.630472222222224
2013-08-30 17:00:00,462,518.7208333333333,63.71084722222222,4.043055555555555,0.0,22.54675
2013-08-30 17:00:00,510,398.39166666666665,62.55633333333333,52.272222222222226,7.5650118203309695,22.376652777777778
2013-08-30 17:00:00,513,421.3097222222222,61.711666666666666,10.186111111111112,1.4349030470914128,22.66761111111111
2013-08-30 17:00:00,552,606.125,59.40803051317615,40.83633841886269,22.669926650366747,23.793134535367543
2013-08-30 17:00:00,554,552.7819444444444,60.33855555555556,3.4583333333333335,4.551075268817204,23.11451388888889
2013-08-30 17:00:00,556,516.2722222222222,57.74454166666666,3.5597222222222222,0.0,23.649277777777776
2013-08-30 17:00:00,558,475.0472222222222,61.73341666666666,3.613888888888889,0.0,23.111680555555555
2013-08-30 17:00:00,562,359.7625,59.45941666666666,49.138888888888886,20.20424403183024,23.72525
2013-08-30 17:00:00,564,396.70416666666665,59.99415277777778,5.652777777777778,10.919571045576408,23.156930555555558
2013-08-30 17:00:00,621,624.9638888888888,55.41566666666667,166.42083333333332,19.400523560209425,25.983430555555554
2013-08-30 17:00:00,621A,523.9402777777777,64.01962499999999,72.4,10.498708010335918,22.356194444444444
2013-08-30 17:00:00,621C,641.5347222222222,60.72815277777777,245.81666666666666,4.440540540540541,23.32611111111111
2013-08-30 17:00:00,621D,590.4416666666667,59.821263888888886,224.90972222222223,0.0,23.28863888888889
2013-08-30 17:00:00,621E,790.5486111111111,61.057138888888886,69.35277777777777,-1.0,23.509875
2013-08-30 17:00:00,640,488.0138888888889,60.061794158553546,10.84144645340751,0.0,22.977927677329625
2013-08-30 17:00:00,644,518.3351877607788,58.99645833333333,159.24583333333334,0.0,23.347194444444444
2013-08-30 17:00:00,648,188.32777777777778,56.63473611111112,164.67916666666667,0.0,23.85976388888889
2013-08-30 17:00:00,656A,545.525,58.08175,162.19444444444446,0.0,24.24745833333333
2013-08-30 17:00:00,656B,494.4888888888889,55.045027777777776,75.58611111111111,0.0,24.757458333333332
2013-08-30 17:00:00,664,620.8166666666667,58.75309722222222,29.230555555555554,24.2655737704918,23.855791666666665
2013-08-30 17:00:00,666,489.84027777777777,58.44093055555556,265.50416666666666,0.0,24.184986111111108
2013-08-30 17:00:00,668,398.52222222222224,63.457,2168.288888888889,0.0,22.394291666666668
2013-08-30 17:00:00,717,441.55694444444447,61.222875,123.6875,0.0,22.51527777777778
2013-08-30 17:00:00,719,488.96666666666664,61.026833333333336,355.7319444444444,0.0,22.920722222222224
2013-08-30 17:00:00,721,376.3222222222222,61.79233333333334,149.3625,0.9944598337950139,21.60211111111111
2013-08-30 17:00:00,722,409.4527777777778,56.90804166666667,13.925,6.439320388349515,22.83608333333333
2013-08-30 17:00:00,723,469.8428372739917,65.18245833333334,224.33333333333334,0.0,21.669069444444442
2013-08-30 17:00:00,724,242.78194444444443,59.75463888888889,4.9527777777777775,0.0,23.103055555555557
2013-08-30 17:00:00,726,453.9486111111111,55.95123611111111,3.3041666666666667,0.0,24.02125
2013-08-30 17:00:00,734,421.92083333333335,53.78868055555555,39.545833333333334,8.804195804195805,24.63034722222222
2013-08-30 17:00:00,746,743.0652777777777,62.49870833333333,31.648611111111112,24.43952299829642,22.804986111111113
2013-08-30 17:00:00,748,687.825,57.533430555555555,10.85138888888889,5.495890410958904,23.633152777777777
2013-08-30 17:00:00,752,557.0277777777778,49.073833333333326,28.165277777777778,2.5,26.276083333333332
2013-08-30 17:00:00,754,466.3666666666667,55.738597222222225,15.443055555555556,0.0,24.515333333333334
2013-08-30 17:00:00,776,617.6875,56.72327777777778,123.65277777777777,1.6115702479338843,24.483277777777776
2013-08-30 18:00:00,413,676.1569444444444,51.939416666666666,111.53472222222223,0.0,24.038805555555555
2013-08-30 18:00:00,415,857.2166666666667,60.41802777777778,51.55416666666667,24.172631578947367,23.664222222222225
2013-08-30 18:00:00,417,453.3208333333333,60.493208333333335,75.16666666666667,0.0,23.094375
2013-08-30 18:00:00,419,730.0806675938804,61.43508333333334,130.9125,13.781578947368422,63.147819444444444
2013-08-30 18:00:00,421,607.1847222222223,62.41208333333333,197.03194444444443,0.0,23.087166666666665
2013-08-30 18:00:00,422,517.2847222222222,61.503083333333336,180.7097222222222,0.0,22.97476388888889
2013-08-30 18:00:00,423,448.31805555555553,60.2885,4.520833333333333,0.0,22.862375
2013-08-30 18:00:00,424,499.6513888888889,59.341166666666666,3.7625,0.0,23.326125
2013-08-30 18:00:00,442,565.1430555555555,58.196083333333334,5.284722222222222,0.0,23.622888888888887
2013-08-30 18:00:00,446,599.9138888888889,61.791875000000005,4.061111111111111,0.0,22.55898611111111
2013-08-30 18:00:00,448,478.1694444444444,60.98079166666666,4.594444444444444,0.0,23.064277777777775
2013-08-30 18:00:00,452,457.2013888888889,54.38965277777778,3.361111111111111,0.0,22.953069444444445
2013-08-30 18:00:00,454,427.42083333333335,61.60570833333333,3.477777777777778,0.0,22.878444444444444
2013-08-30 18:00:00,456,530.2666666666667,58.331624999999995,3.938888888888889,0.0,23.61959722222222
2013-08-30 18:00:00,458,607.5138888888889,62.01204166666666,7.423611111111111,0.0,22.72665277777778
2013-08-30 18:00:00,462,543.3791666666667,63.733398058252426,4.470180305131762,0.0,22.35128987517337
2013-08-30 18:00:00,510,519.4041666666667,62.03158333333333,67.63472222222222,28.943493150684933,22.737069444444444
2013-08-30 18:00:00,513,443.10555555555555,61.173125,11.483333333333333,0.0,22.749402777777778
2013-08-30 18:00:00,552,578.8180555555556,58.240613668061364,39.88284518828452,17.441176470588236,24.01536959553696
2013-08-30 18:00:00,554,562.1319444444445,60.46952777777778,4.394444444444445,3.352617079889807,22.86725
2013-08-30 18:00:00,556,546.125,57.44563888888889,3.6486111111111112,0.0,23.663541666666667
2013-08-30 18:00:00,558,501.3611111111111,61.33092926490985,3.5852981969486826,0.0,23.150873786407764
2013-08-30 18:00:00,562,370.15694444444443,58.743402777777774,36.69861111111111,8.561643835616438,24.562805555555556
2013-08-30 18:00:00,564,468.5180555555556,58.74883333333334,5.6930555555555555,13.048,23.681291666666667
2013-08-30 18:00:00,621,633.4916666666667,55.027763888888884,166.32638888888889,20.560526315789474,25.99761111111111
2013-08-30 18:00:00,621A,479.2611111111111,62.943875,86.20833333333333,2.809917355371901,22.34272222222222
2013-08-30 18:00:00,621C,676.5652777777777,59.47531944444445,259.9013888888889,13.430992736077481,23.656180555555558
2013-08-30 18:00:00,621D,766.2069444444444,59.21268055555555,245.34722222222223,0.0,23.643055555555556
2013-08-30 18:00:00,621E,906.5111111111111,59.71154166666666,71.50833333333334,-1.0,24.03311111111111
2013-08-30 18:00:00,640,512.1263888888889,58.20527777777778,16.308333333333334,0.0,23.550791666666665
2013-08-30 18:00:00,644,555.8736111111111,57.28570833333333,221.92083333333332,0.0,23.990361111111113
2013-08-30 18:00:00,648,187.51944444444445,55.17765277777777,250.64444444444445,0.0,24.384819444444442
2013-08-30 18:00:00,656A,563.6736111111111,55.86039534883721,173.32790697674417,0.0,24.806348837209303
2013-08-30 18:00:00,656B,529.5833333333334,52.524319444444444,85.31527777777778,0.0,25.379041666666666
2013-08-30 18:00:00,664,899.0097222222222,56.914180555555554,29.76527777777778,27.564610011641445,24.96086111111111
2013-08-30 18:00:00,666,507.5208333333333,55.10988888888889,286.7888888888889,0.0,24.939138888888888
2013-08-30 18:00:00,668,425.96666666666664,60.831763888888894,2197.3888888888887,8.91857506361323,23.250222222222224
2013-08-30 18:00:00,717,468.17083333333335,60.35081944444444,132.1861111111111,0.0,22.76290277777778
2013-08-30 18:00:00,719,533.5708333333333,60.356874999999995,372.9916666666667,4.08,23.075916666666668
2013-08-30 18:00:00,721,475.5416666666667,60.994027777777774,172.0875,10.943850267379679,22.136430555555556
2013-08-30 18:00:00,722,440.0652777777778,56.541754874651815,11.045961002785516,0.0,22.948050139275768
2013-08-30 18:00:00,723,484.31669044222537,64.4792638888889,232.41666666666666,0.0,21.808
2013-08-30 18:00:00,724,266.64673157162724,59.457,5.025,0.0,23.129222222222225
2013-08-30 18:00:00,726,481.29027777777776,55.63251388888888,3.3361111111111112,0.0,24.05997222222222
2013-08-30 18:00:00,734,723.3486111111112,54.76233009708738,38.994452149791954,28.681887366818874,24.929126213592234
2013-08-30 18:00:00,746,741.525,59.25227777777778,36.959722222222226,23.767025089605735,23.75566666666667
2013-08-30 18:00:00,748,610.1444444444444,56.853680555555556,3.540277777777778,0.0,23.612569444444443
2013-08-30 18:00:00,752,607.9611111111111,48.92990277777778,40.22361111111111,15.561855670103093,26.37752777777778
2013-08-30 18:00:00,754,488.89722222222224,52.80818307905686,16.739251040221912,0.0,25.514382801664354
2013-08-30 18:00:00,776,647.4125,54.60005555555556,66.42777777777778,0.0,25.000069444444442
2013-08-30 19:00:00,413,670.0763888888889,51.122569444444444,130.21944444444443,5.706185567010309,24.252
2013-08-30 19:00:00,415,650.9152777777778,59.60158333333333,46.87083333333333,0.0,23.511402777777775
2013-08-30 19:00:00,417,456.3236111111111,59.985,83.38333333333334,0.0,23.234569444444443
2013-08-30 19:00:00,419,945.4631432545202,61.20016666666667,128.54861111111111,23.186206896551724,78.15791666666667
2013-08-30 19:00:00,421,463.92926490984746,61.526875,201.64027777777778,0.0,23.021194444444443
2013-08-30 19:00:00,422,521.4555555555555,60.946666666666665,196.26944444444445,0.0,23.109069444444444
2013-08-30 19:00:00,423,454.32916666666665,60.09070833333333,4.268055555555556,0.0,22.87184722222222
2013-08-30 19:00:00,424,505.53055555555557,59.17948611111112,3.7125,0.0,23.325194444444442
2013-08-30 19:00:00,442,567.6625,57.788444444444444,5.472222222222222,0.0,23.689569444444448
2013-08-30 19:00:00,446,604.3555555555556,61.51133333333334,4.0777777777777775,0.0,22.580069444444444
2013-08-30 19:00:00,448,483.8875,60.74858333333333,4.572222222222222,0.0,23.07411111111111
2013-08-30 19:00:00,452,461.6430555555556,54.192388888888885,3.415277777777778,0.0,22.959333333333333
2013-08-30 19:00:00,454,433.54583333333335,61.401916666666665,3.4833333333333334,0.0,22.885555555555552
2013-08-30 19:00:00,456,536.3513888888889,58.18504166666667,3.9069444444444446,0.0,23.61404166666667
2013-08-30 19:00:00,458,606.8416666666667,61.53904166666667,7.352777777777778,0.0,22.783569444444446
2013-08-30 19:00:00,462,544.8055555555555,63.932624999999994,4.5,0.0,22.251430555555558
2013-08-30 19:00:00,510,451.1041666666667,60.47731944444444,91.27638888888889,8.002597402597402,23.022
2013-08-30 19:00:00,513,446.9611111111111,60.92554166666667,12.330555555555556,0.0,22.723
2013-08-30 19:00:00,552,588.8125,57.575577464788736,39.92816901408451,17.956410256410255,24.131845070422536
2013-08-30 19:00:00,554,728.8416666666667,60.67484722222222,32.275,18.28743961352657,23.100458333333336
2013-08-30 19:00:00,556,550.6916666666667,57.21451388888889,3.5347222222222223,0.0,23.663041666666665
2013-08-30 19:00:00,558,507.12611275964395,61.041583333333335,3.5694444444444446,0.0,23.158763888888892
2013-08-30 19:00:00,562,387.00555555555553,58.61083333333334,49.49861111111111,16.692513368983956,23.788847222222223
2013-08-30 19:00:00,564,400.46944444444443,58.14729166666666,4.463888888888889,0.0,23.562305555555557
2013-08-30 19:00:00,621,641.5805555555555,54.737569444444446,166.61666666666667,17.577540106951872,26.095319444444446
2013-08-30 19:00:00,621A,475.45972222222224,62.63320833333333,93.4888888888889,3.368279569892473,22.336041666666667
2013-08-30 19:00:00,621C,579.1734265734266,57.88130555555556,253.70416666666668,2.9918478260869565,23.901402777777776
2013-08-30 19:00:00,621D,688.4486111111111,57.71715672676838,247.2995839112344,0.0,24.002538141470183
2013-08-30 19:00:00,621E,683.2347222222222,58.70747222222222,79.84305555555555,-1.0,23.855777777777778
2013-08-30 19:00:00,640,509.15555555555557,57.761611111111115,16.325,0.0,23.411944444444444
2013-08-30 19:00:00,644,566.8375,54.974215686274505,245.90616246498598,0.0,24.608417366946778
2013-08-30 19:00:00,648,181.52777777777777,52.773041666666664,244.72083333333333,0.0,25.107000000000003
2013-08-30 19:00:00,656A,543.1416666666667,55.17644444444444,152.23472222222222,0.0,24.584902777777778
2013-08-30 19:00:00,656B,525.8458333333333,51.58508333333334,87.81944444444444,0.0,25.438013888888886
2013-08-30 19:00:00,664,837.675,55.95869444444445,32.80277777777778,17.716589861751153,25.02429166666667
2013-08-30 19:00:00,666,505.1388888888889,54.451597222222226,291.43888888888887,0.0,24.762166666666666
2013-08-30 19:00:00,668,417.70972222222224,58.398069444444445,2149.027777777778,0.041666666666666664,23.808194444444446
2013-08-30 19:00:00,717,475.6166666666667,59.506125000000004,134.69166666666666,0.0,23.023680555555554
2013-08-30 19:00:00,719,515.5305555555556,59.46176388888889,365.1486111111111,0.0,23.283527777777778
2013-08-30 19:00:00,721,420.63194444444446,59.37509722222222,169.39444444444445,0.0,22.419874999999998
2013-08-30 19:00:00,722,445.5708333333333,56.24692737430168,12.572625698324023,12.901185770750988,22.968128491620114
2013-08-30 19:00:00,723,481.2652777777778,63.828541076487255,230.1458923512748,0.0,21.95974504249292
2013-08-30 19:00:00,724,272.9472222222222,59.14895833333333,5.151388888888889,0.0,23.184402777777777
2013-08-30 19:00:00,726,491.3125,55.35370833333333,3.3097222222222222,0.0,24.11036111111111
2013-08-30 19:00:00,734,550.5757997218359,54.11738888888888,39.98888888888889,20.374722838137473,24.783097222222224
2013-08-30 19:00:00,746,886.7986111111111,56.84426388888889,35.1,29.693807339449542,24.684263888888886
2013-08-30 19:00:00,748,726.7222222222222,56.59106944444444,11.380555555555556,14.058666666666667,23.838625
2013-08-30 19:00:00,752,630.0805555555555,48.58691666666667,56.65138888888889,14.802666666666667,26.473930555555555
2013-08-30 19:00:00,754,491.4763888888889,50.48540277777777,16.726388888888888,0.0,26.249208333333335
2013-08-30 19:00:00,776,692.4541666666667,53.66669444444444,87.13333333333334,19.565552699228792,25.16033333333333
2013-08-30 20:00:00,413,581.1972222222222,50.44340277777778,107.61666666666666,0.0,24.21141666666667
2013-08-30 20:00:00,415,597.25,59.183875,46.74305555555556,0.0,23.414069444444447
2013-08-30 20:00:00,417,452.00555555555553,59.31956944444444,83.30277777777778,0.0,23.381208333333333
2013-08-30 20:00:00,419,999.75,61.24838966202783,118.94433399602386,24.40893470790378,65.66884691848907
2013-08-30 20:00:00,421,420.6458333333333,60.70525,203.5638888888889,0.0,23.073319444444447
2013-08-30 20:00:00,422,515.9125,60.309083333333334,217.62222222222223,0.0,23.241541666666667
2013-08-30 20:00:00,423,452.1388888888889,59.79177777777778,4.105555555555555,0.0,22.90201388888889
2013-08-30 20:00:00,424,501.81805555555553,58.89149999999999,3.776388888888889,0.0,23.351472222222224
2013-08-30 20:00:00,442,563.7736111111111,57.388444444444445,5.591666666666667,0.0,23.73759722222222
2013-08-30 20:00:00,446,599.6763888888889,61.141749999999995,3.9833333333333334,0.0,22.604458333333334
2013-08-30 20:00:00,448,480.7861111111111,60.437972222222214,4.509722222222222,0.0,23.091444444444445
2013-08-30 20:00:00,452,458.21527777777777,53.92573611111111,3.3833333333333333,0.0,22.978694444444443
2013-08-30 20:00:00,454,431.8125,61.11908333333333,3.45,0.0,22.90572222222222
2013-08-30 20:00:00,456,532.6305555555556,57.90754166666667,3.959722222222222,0.0,23.624555555555556
2013-08-30 20:00:00,458,601.3625,61.067249999999994,7.4944444444444445,0.0,22.822916666666668
2013-08-30 20:00:00,462,542.6402777777778,63.68756944444445,4.573611111111111,0.0,22.272777777777776
2013-08-30 20:00:00,510,421.6375,59.76669444444444,101.48333333333333,5.080939947780679,23.043736111111112
2013-08-30 20:00:00,513,445.1736111111111,60.911125000000006,13.145833333333334,0.0,22.646430555555558
2013-08-30 20:00:00,552,787.6291666666667,57.38670833333333,39.516666666666666,29.083735909822867,24.481513888888887
2013-08-30 20:00:00,554,703.7625,59.25758333333333,9.626388888888888,9.93421052631579,23.512583333333335
2013-08-30 20:00:00,556,548.6916666666667,56.983180555555556,3.6,0.0,23.658194444444447
2013-08-30 20:00:00,558,503.56189151599443,60.760375,3.6041666666666665,0.0,23.155124999999998
2013-08-30 20:00:00,562,407.4888888888889,58.14980528511822,49.39916550764951,12.876675603217159,23.90242002781641
2013-08-30 20:00:00,564,427.40972222222223,58.25165963431786,5.19690576652602,7.547683923705722,23.479803094233475
2013-08-30 20:00:00,621,603.8027777777778,54.5125,166.19305555555556,15.86096256684492,26.09475
2013-08-30 20:00:00,621A,491.3305555555556,62.260749999999994,93.76527777777778,3.410958904109589,22.36813888888889
2013-08-30 20:00:00,621C,590.8513888888889,57.925041666666665,262.47777777777776,3.4146341463414633,23.73802777777778
2013-08-30 20:00:00,621D,594.2041666666667,57.202374999999996,238.83194444444445,0.0,23.878333333333334
2013-08-30 20:00:00,621E,855.7041666666667,59.16263522884882,73.78918169209432,-1.0,23.986601941747573
2013-08-30 20:00:00,640,511.3869625520111,58.236513888888894,13.948611111111111,0.0,23.13397222222222
2013-08-30 20:00:00,644,565.8486111111112,53.511125,246.59722222222223,0.0,24.882319444444445
2013-08-30 20:00:00,648,178.95555555555555,51.172916666666666,206.87083333333334,4.708994708994709,25.454833333333333
2013-08-30 20:00:00,656A,592.1305555555556,55.673291666666664,145.88194444444446,14.843822843822844,24.386652777777776
2013-08-30 20:00:00,656B,521.7205056179776,51.285138888888895,75.33055555555555,0.0,25.355194444444447
2013-08-30 20:00:00,664,659.4244105409153,54.867444444444445,29.645833333333332,22.934701492537314,25.212541666666667
2013-08-30 20:00:00,666,499.52916666666664,54.88136111111111,266.675,0.0,24.422208333333337
2013-08-30 20:00:00,668,417.3777777777778,56.503972222222224,2152.5430555555554,9.548463356973995,24.31361111111111
2013-08-30 20:00:00,717,471.7625,58.528416666666665,132.39027777777778,0.0,23.267041666666668
2013-08-30 20:00:00,719,503.84027777777777,58.794291666666666,357.10555555555555,0.0,23.390805555555556
2013-08-30 20:00:00,721,410.6069444444444,58.24297222222223,178.2138888888889,0.0,22.61561111111111
2013-08-30 20:00:00,722,650.3680555555555,55.99162011173184,38.944134078212294,18.704633204633204,23.402877094972066
2013-08-30 20:00:00,723,476.19444444444446,63.08441666666666,222.5986111111111,0.0,22.095930555555555
2013-08-30 20:00:00,724,271.3222222222222,58.75383333333333,5.083333333333333,0.0,23.265541666666664
2013-08-30 20:00:00,726,490.2638888888889,54.99359722222222,3.466666666666667,0.0,24.191333333333333
2013-08-30 20:00:00,734,690.9611111111111,54.34101388888889,38.74305555555556,29.551136363636363,24.899625
2013-08-30 20:00:00,746,833.2791666666667,54.22030555555556,33.78611111111111,25.338983050847457,25.231875000000002
2013-08-30 20:00:00,748,783.7680555555555,55.563944444444445,14.873611111111112,16.336760925449873,24.252
2013-08-30 20:00:00,752,621.1805555555555,48.14540277777778,56.5125,17.21323529411765,26.582652777777774
2013-08-30 20:00:00,754,486.1222222222222,48.880291666666665,13.593055555555555,0.0,26.64148611111111
2013-08-30 20:00:00,776,708.65,52.90608333333333,104.86944444444444,10.984810126582278,25.26609722222222
2013-08-30 21:00:00,413,638.5777777777778,50.374625,115.40138888888889,2.8846153846153846,24.349319444444443
2013-08-30 21:00:00,415,586.4166666666666,58.85631944444445,48.27638888888889,0.0,23.414624999999997
2013-08-30 21:00:00,417,447.1529902642559,58.705638888888885,76.94027777777778,0.0,23.514319444444446
2013-08-30 21:00:00,419,655.05702364395,59.50931944444444,116.02638888888889,0.0,70.60277777777777
2013-08-30 21:00:00,421,413.88595271210016,59.84258692628651,198.64673157162727,0.0,23.215354659248955
2013-08-30 21:00:00,422,513.7236111111112,59.71498611111111,225.18472222222223,0.0,23.3615
2013-08-30 21:00:00,423,448.3930555555556,59.49161111111111,3.9402777777777778,0.0,22.932986111111113
2013-08-30 21:00:00,424,498.3888888888889,58.620250000000006,3.709722222222222,0.0,23.379652777777775
2013-08-30 21:00:00,442,558.9138888888889,57.00840277777778,5.759722222222222,0.0,23.787083333333335
2013-08-30 21:00:00,446,593.1680555555556,60.81020833333333,4.019444444444445,0.0,22.62972222222222
2013-08-30 21:00:00,448,477.0125,60.13554166666666,4.509722222222222,0.0,23.116152777777778
2013-08-30 21:00:00,452,454.34444444444443,53.70744444444445,3.370833333333333,0.0,22.98663888888889
2013-08-30 21:00:00,454,426.8375,60.840125,3.4,0.0,22.928263888888893
2013-08-30 21:00:00,456,527.0555555555555,57.59408333333333,3.952777777777778,0.0,23.664472222222226
2013-08-30 21:00:00,458,624.0208333333334,61.025124999999996,25.420833333333334,20.590534979423868,22.812416666666664
2013-08-30 21:00:00,462,528.0611961057024,63.98687065368567,4.517385257301808,0.0,21.97440890125174
2013-08-30 21:00:00,510,407.62916666666666,59.03993055555556,121.35277777777777,0.0,23.215541666666663
2013-08-30 21:00:00,513,470.825,60.47826388888889,13.1375,3.5013698630136987,22.74036111111111
2013-08-30 21:00:00,552,624.7694444444444,56.195090403337964,39.770514603616135,18.757653061224488,24.55816411682893
2013-08-30 21:00:00,554,638.7444444444444,59.092708333333334,12.709722222222222,5.717808219178083,23.233124999999998
2013-08-30 21:00:00,556,542.3986111111111,56.78923611111111,3.629166666666667,0.0,23.65738888888889
2013-08-30 21:00:00,558,498.61613351877605,60.50890125173853,3.545201668984701,0.0,23.1626842837274
2013-08-30 21:00:00,562,393.5111111111111,57.757124999999995,49.456944444444446,12.34501347708895,23.978055555555557
2013-08-30 21:00:00,564,486.7861111111111,57.45568055555555,16.3875,16.875,23.908083333333334
2013-08-30 21:00:00,621,651.2875,54.50898611111111,165.31805555555556,18.657824933687003,26.122180555555556
2013-08-30 21:00:00,621A,521.2611111111111,61.28683333333333,106.51527777777778,9.362530413625304,22.70815277777778
2013-08-30 21:00:00,621C,653.4888888888889,56.95590277777778,266.6222222222222,4.12396694214876,24.12173611111111
2013-08-30 21:00:00,621D,587.1333333333333,56.84993045897079,231.3421418636996,0.0,23.865507649513212
2013-08-30 21:00:00,621E,820.1559888579387,58.00187760778859,72.94158553546592,-1.0,24.37816411682893
2013-08-30 21:00:00,640,507.97635605006957,58.13948611111111,11.1875,0.0,23.076541666666667
2013-08-30 21:00:00,644,564.3597222222222,52.807694444444444,221.37222222222223,0.0,24.926402777777774
2013-08-30 21:00:00,648,178.31527777777777,50.190444444444445,196.01527777777778,2.9122340425531914,25.67476388888889
2013-08-30 21:00:00,656A,592.6,55.855083333333326,147.66805555555555,4.6875,24.206902777777778
2013-08-30 21:00:00,656B,517.8055555555555,51.25975,61.359722222222224,0.2409972299168975,25.219944444444444
2013-08-30 21:00:00,664,835.7663421418637,54.376861111111104,33.18472222222222,19.84149184149184,25.509263888888885
2013-08-30 21:00:00,666,496.2027777777778,55.4625,215.2763888888889,0.0,24.09511111111111
2013-08-30 21:00:00,668,474.1835883171071,55.34068055555556,2135.615277777778,28.990163934426228,24.685819444444444
2013-08-30 21:00:00,717,466.4472222222222,57.64998611111111,126.25,0.0,23.478472222222223
2013-08-30 21:00:00,719,499.33194444444445,58.087041666666664,344.68333333333334,0.0,23.546819444444445
2013-08-30 21:00:00,721,407.24305555555554,57.34016666666666,183.4625,0.0,22.80648611111111
2013-08-30 21:00:00,722,487.0722222222222,55.30872044506259,4.069541029207232,0.0,23.325146036161332
2013-08-30 21:00:00,723,469.97777777777776,62.386625,212.44027777777777,0.0,22.238319444444446
2013-08-30 21:00:00,724,268.53194444444443,58.38543055555556,5.0680555555555555,0.0,23.330638888888892
2013-08-30 21:00:00,726,487.50138888888887,54.65173611111111,3.408333333333333,0.0,24.265611111111113
2013-08-30 21:00:00,734,508.8263888888889,52.99354659248957,35.94853963838665,13.678879310344827,25.029151599443672
2013-08-30 21:00:00,746,826.3180555555556,53.37263888888889,31.420833333333334,28.2986798679868,25.984361111111113
2013-08-30 21:00:00,748,656.8013888888889,54.780527777777785,11.561111111111112,5.8975069252077565,24.16201388888889
2013-08-30 21:00:00,752,633.8633802816902,47.935388888888895,56.640277777777776,20.392857142857142,26.61179166666667
2013-08-30 21:00:00,754,483.96105702364395,48.17375521557719,9.773296244784422,0.0,26.70272600834492
2013-08-30 21:00:00,776,690.8180555555556,52.822847222222215,130.25555555555556,9.69836956521739,25.149736111111114
2013-08-30 22:00:00,413,668.2986111111111,49.436898470097354,106.73435326842838,0.0,24.822962447844226
2013-08-30 22:00:00,415,575.9687943262411,58.33877777777778,51.793055555555554,0.0,23.515486111111112
2013-08-30 22:00:00,417,437.0875,58.082350486787206,69.23087621696801,0.0,23.6263421418637
2013-08-30 22:00:00,419,635.1166666666667,59.180388888888885,122.42916666666666,7.677165354330708,76.68374999999999
2013-08-30 22:00:00,421,401.0375,59.031513888888895,187.17222222222222,0.0,23.319805555555554
2013-08-30 22:00:00,422,500.0986111111111,59.10402777777778,222.32638888888889,0.0,23.457930555555553
2013-08-30 22:00:00,423,439.12378303198886,59.151666666666664,3.8958333333333335,0.0,22.96020833333333
2013-08-30 22:00:00,424,488.1486111111111,58.29403337969402,3.7955493741307373,0.0,23.407371349095968
2013-08-30 22:00:00,442,544.4277777777778,56.67138888888889,5.822222222222222,0.0,23.784708333333334
2013-08-30 22:00:00,446,579.9555555555555,60.41440277777778,4.006944444444445,0.0,22.642861111111113
2013-08-30 22:00:00,448,468.52433936022254,59.78991666666666,4.559722222222222,0.0,23.125680555555558
2013-08-30 22:00:00,452,445.4375,53.411319444444445,3.3916666666666666,0.0,22.999763888888893
2013-08-30 22:00:00,454,418.35277777777776,60.519123783031986,3.500695410292072,0.0,22.942030598052852
2013-08-30 22:00:00,456,514.4513888888889,57.19561111111112,3.9277777777777776,0.0,23.696486111111113
2013-08-30 22:00:00,458,573.7305555555556,60.51375,5.879166666666666,7.341836734693878,22.760847222222225
2013-08-30 22:00:00,462,516.4180555555556,65.33372222222222,4.520833333333333,0.0,21.457958333333334
2013-08-30 22:00:00,510,397.12638888888887,57.88822468793343,219.0748959778086,0.0,23.6373092926491
2013-08-30 22:00:00,513,435.8567454798331,59.83754166666667,12.169444444444444,0.0,22.846194444444443
2013-08-30 22:00:00,552,525.7861111111112,56.07702777777778,39.46805555555556,16.20145631067961,24.29025
2013-08-30 22:00:00,554,648.0125,59.21418055555556,12.869444444444444,2.411602209944751,23.125694444444445
2013-08-30 22:00:00,556,532.3347222222222,56.53925,3.6,0.0,23.646736111111114
2013-08-30 22:00:00,558,487.2597222222222,60.19333333333333,3.501388888888889,0.0,23.165805555555558
2013-08-30 22:00:00,562,390.9458333333333,57.173018080667596,49.500695410292074,17.93421052631579,24.091974965229486
2013-08-30 22:00:00,564,503.3236111111111,56.718152777777775,5.026388888888889,13.96551724137931,24.13372222222222
2013-08-30 22:00:00,621,650.5194444444444,54.20104166666667,164.34444444444443,20.8,26.287569444444443
2013-08-30 22:00:00,621A,466.1,60.72875,110.79444444444445,1.4502762430939227,22.662027777777777
2013-08-30 22:00:00,621C,630.1194444444444,55.744055555555555,258.8,6.793388429752066,24.37979166666667
2013-08-30 22:00:00,621D,565.2791666666667,56.347236111111116,218.81805555555556,0.0,23.88372222222222
2013-08-30 22:00:00,621E,813.7569444444445,57.395624999999995,69.19583333333334,-1.0,24.474958333333333
2013-08-30 22:00:00,640,494.68194444444447,58.19424200278164,9.515994436717664,0.0,22.933616133518775
2013-08-30 22:00:00,644,542.1333333333333,52.88471567267683,188.0235783633842,0.0,24.72858529819695
2013-08-30 22:00:00,648,188.25,49.96422222222222,193.95555555555555,10.815980629539952,25.604736111111112
2013-08-30 22:00:00,656A,571.275,56.09209722222222,156.04722222222222,20.256124721603562,23.973125000000003
2013-08-30 22:00:00,656B,615.9360222531293,51.29581944444444,95.87638888888888,28.16592920353982,25.306666666666665
2013-08-30 22:00:00,664,784.7791666666667,53.674388888888885,31.42222222222222,19.228571428571428,25.543027777777777
2013-08-30 22:00:00,666,480.4,56.282777777777774,168.4138888888889,0.0,23.679055555555554
2013-08-30 22:00:00,668,461.43333333333334,53.434116828929064,2125.924895688456,23.581105169340464,25.15689847009736
2013-08-30 22:00:00,717,456.8833333333333,56.83676388888889,115.19583333333334,0.0,23.641319444444445
2013-08-30 22:00:00,719,488.1986111111111,57.403777777777776,326.9166666666667,0.0,23.65625
2013-08-30 22:00:00,721,413.6011396011396,56.52183333333333,188.52777777777777,3.2868852459016393,22.99347222222222
2013-08-30 22:00:00,722,470.466573816156,55.21522222222222,25.738888888888887,15.081018518518519,23.26988888888889
2013-08-30 22:00:00,723,456.8539638386648,61.72387500000001,197.24305555555554,0.0,22.332375
2013-08-30 22:00:00,724,257.78442280945757,58.016940194714884,5.108484005563282,0.0,23.362086230876216
2013-08-30 22:00:00,726,479.9471488178025,54.264158553546594,3.3310152990264257,0.0,24.315521557719055
2013-08-30 22:00:00,734,551.9763231197771,52.93918055555555,46.87638888888889,25.84626234132581,25.065597222222223
2013-08-30 22:00:00,746,868.7,53.35798611111111,28.92361111111111,26.283667621776505,25.182569444444447
2013-08-30 22:00:00,748,729.3111111111111,54.74770833333333,17.843055555555555,5.038674033149171,24.242680555555555
2013-08-30 22:00:00,752,575.2513888888889,47.35436111111111,56.78888888888889,19.038071065989847,26.56670833333333
2013-08-30 22:00:00,754,477.10555555555555,48.03581944444444,8.08611111111111,0.0,26.493763888888886
2013-08-30 22:00:00,776,644.7791666666667,52.51506944444444,135.50694444444446,11.050970873786408,25.086805555555557
2013-08-30 23:00:00,413,638.2621359223301,48.41883333333333,100.62361111111112,0.0,25.309541666666664
2013-08-30 23:00:00,415,556.4041666666667,58.02351388888889,53.34166666666667,0.0,23.591111111111108
2013-08-30 23:00:00,417,420.7972222222222,57.789361111111106,60.74444444444445,0.0,23.692402777777776
2013-08-30 23:00:00,419,693.9819444444445,59.250708333333336,124.94444444444444,8.913978494623656,88.36645833333333
2013-08-30 23:00:00,421,408.77916666666664,58.622458333333334,184.60972222222222,0.0,23.338041666666665
2013-08-30 23:00:00,422,485.3597222222222,58.761041666666664,223.59583333333333,0.0,23.576
2013-08-30 23:00:00,423,423.37083333333334,58.961416666666665,3.763888888888889,0.0,23.002291666666668
2013-08-30 23:00:00,424,473.07916666666665,58.143055555555556,3.7569444444444446,0.0,23.446763888888892
2013-08-30 23:00:00,442,524.5916666666667,56.67597222222223,5.977777777777778,0.0,23.767125000000004
2013-08-30 23:00:00,446,559.6236111111111,60.28208333333333,4.061111111111111,0.0,22.67511111111111
2013-08-30 23:00:00,448,452.57916666666665,59.644597222222224,4.590277777777778,0.0,23.144458333333333
2013-08-30 23:00:00,452,429.7079276773296,53.30902777777778,3.4055555555555554,0.0,23.01504166666667
2013-08-30 23:00:00,454,403.85555555555555,60.37088888888889,3.5569444444444445,0.0,22.961097222222225
2013-08-30 23:00:00,456,495.6361111111111,56.99376388888889,3.9277777777777776,0.0,23.744319444444443
2013-08-30 23:00:00,458,544.4222222222222,60.45225000000001,4.123611111111111,0.0,22.813097222222222
2013-08-30 23:00:00,462,502.62083333333334,65.90827777777778,4.490277777777778,0.0,21.395805555555555
2013-08-30 23:00:00,510,431.8486111111111,56.0435,229.79166666666666,21.043956043956044,24.57704166666667
2013-08-30 23:00:00,513,409.61805555555554,59.581829971181556,10.832853025936599,0.0,22.928674351585013
2013-08-30 23:00:00,552,447.84027777777777,56.30381944444444,8.754166666666666,0.0,23.958333333333332
2013-08-30 23:00:00,554,567.2847222222222,59.34166666666667,12.947222222222223,3.371900826446281,23.029694444444445
2013-08-30 23:00:00,556,514.2055555555555,56.47879166666666,3.626388888888889,0.0,23.648069444444445
2013-08-30 23:00:00,558,470.62083333333334,60.11754166666666,3.6958333333333333,0.0,23.17290277777778
2013-08-30 23:00:00,562,354.34583333333336,57.24758333333334,21.183333333333334,2.5235457063711912,23.886527777777776
2013-08-30 23:00:00,564,444.6041666666667,56.08898611111111,5.044444444444444,2.4833333333333334,24.241555555555554
2013-08-30 23:00:00,621,575.0083333333333,53.96213888888889,163.29722222222222,21.775132275132275,26.295708333333334
2013-08-30 23:00:00,621A,456.1875,60.193375,131.92361111111111,4.815217391304348,22.885597222222223
2013-08-30 23:00:00,621C,604.2972222222222,55.130652777777776,242.5986111111111,15.198492462311558,24.505319444444442
2013-08-30 23:00:00,621D,542.4416666666667,56.278444444444446,204.2,0.0,23.86623611111111
2013-08-30 23:00:00,621E,731.8444444444444,56.638597222222224,65.88888888888889,-1.0,24.40597222222222
2013-08-30 23:00:00,640,480.1361111111111,58.69526388888888,8.98611111111111,0.0,22.78359722222222
2013-08-30 23:00:00,644,526.7611111111111,52.82856944444445,144.8527777777778,0.0,24.776305555555552
2013-08-30 23:00:00,648,145.9986111111111,50.14640277777777,148.3986111111111,0.0,25.412277777777778
2013-08-30 23:00:00,656A,525.0875,57.52623611111111,139.3527777777778,7.8871391076115485,23.412625
2013-08-30 23:00:00,656B,616.4263888888889,51.47976388888889,94.75,24.83411214953271,25.23001388888889
2013-08-30 23:00:00,664,688.1152777777778,52.886472222222224,33.06388888888889,14.591422121896162,25.551097222222225
2013-08-30 23:00:00,666,467.41805555555555,58.81395833333334,141.06666666666666,0.0,22.872708333333332
2013-08-30 23:00:00,668,425.8305555555556,55.141555555555556,2132.8180555555555,20.9811320754717,24.37286111111111
2013-08-30 23:00:00,717,444.23055555555555,56.397905686546466,101.87933425797503,0.0,23.781109570041608
2013-08-30 23:00:00,719,473.49375866851597,57.05601388888889,309.7013888888889,0.0,23.766513888888888
2013-08-30 23:00:00,721,388.4166666666667,55.901222222222216,180.94722222222222,0.0,23.156486111111114
2013-08-30 23:00:00,722,599.2972222222222,54.848333333333336,45.68888888888889,23.386925795053003,23.76998611111111
2013-08-30 23:00:00,723,442.46527777777777,61.45733333333333,180.89027777777778,0.0,22.424041666666668
2013-08-30 23:00:00,724,245.8817802503477,57.812694444444446,4.945833333333334,0.0,23.41036111111111
2013-08-30 23:00:00,726,465.72777777777776,54.05902777777778,3.4472222222222224,0.0,24.37923611111111
2013-08-30 23:00:00,734,548.9402777777777,51.26806944444445,67.68055555555556,29.541029207232267,25.759083333333333
2013-08-30 23:00:00,746,707.2097222222222,53.95141666666666,29.89027777777778,17.244498777506113,24.573166666666665
2013-08-30 23:00:00,748,739.6527777777778,54.665888888888894,17.523611111111112,12.686170212765957,24.269069444444444
2013-08-30 23:00:00,752,495.1625,47.75746870653686,14.18219749652295,2.4782608695652173,26.19915159944367
2013-08-30 23:00:00,754,461.2583333333333,48.85979166666667,7.365277777777778,0.0,26.002152777777777
2013-08-30 23:00:00,776,594.5513888888889,53.24904166666666,95.80694444444444,0.0,24.690694444444443
2013-08-31 00:00:00,413,552.4402777777777,47.149458333333335,133.03055555555557,1.367403314917127,25.573138888888888
2013-08-31 00:00:00,415,534.1347222222222,57.76775,54.730555555555554,0.0,23.61404166666667
2013-08-31 00:00:00,417,399.75,57.26920833333334,49.668055555555554,0.0,23.812916666666666
2013-08-31 00:00:00,419,701.2625,58.956763888888894,117.87916666666666,18.323684210526316,83.74468055555555
2013-08-31 00:00:00,421,393.34722222222223,57.99075,166.10694444444445,0.0,23.448722222222223
2013-08-31 00:00:00,422,465.71805555555557,58.149125000000005,205.59027777777777,0.0,23.78465277777778
2013-08-31 00:00:00,423,406.65555555555557,58.745333333333335,3.5027777777777778,0.0,23.046791666666664
2013-08-31 00:00:00,424,456.51666666666665,57.92345833333333,3.7083333333333335,0.0,23.49897222222222
2013-08-31 00:00:00,442,504.20946915351504,56.58519444444445,5.697222222222222,0.0,23.770222222222223
2013-08-31 00:00:00,446,532.9472222222222,60.133625,3.941666666666667,0.0,22.67948611111111
2013-08-31 00:00:00,448,432.9472222222222,59.479,4.476388888888889,0.0,23.15940277777778
2013-08-31 00:00:00,452,412.533426183844,53.18190277777778,3.129166666666667,0.0,23.028236111111113
2013-08-31 00:00:00,454,386.50694444444446,60.217708333333334,3.326388888888889,0.0,22.974555555555558
2013-08-31 00:00:00,456,476.45416666666665,56.805,3.5541666666666667,0.0,23.765722222222223
2013-08-31 00:00:00,458,522.15,60.10516666666667,3.611111111111111,0.0,22.86640277777778
2013-08-31 00:00:00,462,485.04583333333335,65.33134722222222,3.4055555555555554,0.0,21.57673611111111
2013-08-31 00:00:00,510,448.19305555555553,53.11383333333333,332.7263888888889,26.794314381270905,25.614874999999998
2013-08-31 00:00:00,513,389.4236111111111,59.08143254520167,9.936022253129346,0.0,23.078998609179415
2013-08-31 00:00:00,552,411.36805555555554,56.96997222222222,3.4208333333333334,0.0,23.550763888888888
2013-08-31 00:00:00,554,484.5708333333333,59.420625,12.902777777777779,0.0,22.811194444444446
2013-08-31 00:00:00,556,492.9347222222222,56.39227777777778,3.55,0.0,23.630986111111113
2013-08-31 00:00:00,558,452.67083333333335,60.00604166666666,3.561111111111111,0.0,23.155083333333334
2013-08-31 00:00:00,562,294.76944444444445,57.825374999999994,2.7305555555555556,0.0,23.48072222222222
2013-08-31 00:00:00,564,490.23055555555555,55.88968055555556,13.619444444444444,22.79368932038835,24.253
2013-08-31 00:00:00,621,537.5861111111111,53.925875000000005,163.0402777777778,16.029255319148938,26.273305555555552
2013-08-31 00:00:00,621A,407.28055555555557,60.131541666666664,146.76388888888889,0.0,22.69198611111111
2013-08-31 00:00:00,621C,500.0125,55.245583333333336,208.8972222222222,0.0,24.148666666666667
2013-08-31 00:00:00,621D,581.6611111111112,56.19031944444444,202.28194444444443,0.0,23.955375
2013-08-31 00:00:00,621E,573.1736111111111,56.69234722222222,65.92916666666666,-1.0,23.987972222222222
2013-08-31 00:00:00,640,459.3208333333333,58.848749999999995,9.959722222222222,0.0,22.686805555555555
2013-08-31 00:00:00,644,503.65972222222223,53.19251388888889,169.8361111111111,0.0,24.500680555555558
2013-08-31 00:00:00,648,191.68194444444444,50.765930555555556,172.91944444444445,8.65281173594132,25.214958333333335
2013-08-31 00:00:00,656A,524.05,58.406305555555555,97.2611111111111,0.0,23.143708333333336
2013-08-31 00:00:00,656B,479.5833333333333,52.29774999999999,70.49305555555556,3.455801104972376,24.64709722222222
2013-08-31 00:00:00,664,499.20694444444445,52.55091666666667,21.22222222222222,20.57314629258517,25.25025
2013-08-31 00:00:00,666,452.75694444444446,59.288124999999994,114.66805555555555,0.0,22.76
2013-08-31 00:00:00,668,383.12361111111113,56.888597222222224,2149.8888888888887,8.176470588235293,23.645999999999997
2013-08-31 00:00:00,717,428.3388888888889,55.93048611111111,90.16666666666667,0.0,23.840305555555556
2013-08-31 00:00:00,719,456.34027777777777,56.635819444444444,296.24583333333334,0.0,23.835236111111108
2013-08-31 00:00:00,721,368.8388888888889,55.33216666666666,209.48194444444445,0.0,23.246166666666664
2013-08-31 00:00:00,722,598.7902777777778,54.283625,11.848611111111111,13.323293172690763,23.917930555555554
2013-08-31 00:00:00,723,422.21527777777777,61.06366666666666,167.54166666666666,0.0,22.475680555555556
2013-08-31 00:00:00,724,230.94444444444446,57.64058333333333,4.961111111111111,0.0,23.393166666666666
2013-08-31 00:00:00,726,445.45694444444445,53.857597222222225,3.283333333333333,0.0,24.384555555555558
2013-08-31 00:00:00,734,464.40833333333336,49.85183333333333,92.74444444444444,29.474509803921567,26.030944444444444
2013-08-31 00:00:00,746,630.8347222222222,54.582097222222224,21.31388888888889,4.586956521739131,24.186680555555554
2013-08-31 00:00:00,748,627.4958333333333,54.485791666666664,13.834722222222222,6.2032967032967035,24.13180555555556
2013-08-31 00:00:00,752,445.84583333333336,48.21027777777778,4.259722222222222,0.0,25.859805555555557
2013-08-31 00:00:00,754,439.5597222222222,49.76766666666667,8.484722222222222,0.0,25.537944444444445
2013-08-31 00:00:00,776,565.8888888888889,53.926763888888885,68.525,0.0,24.397069444444444
2013-08-31 01:00:00,413,509.0431154381085,46.37601115760111,224.93584379358438,0.0,25.60960948396095
2013-08-31 01:00:00,415,512.8344923504868,57.42884561891516,67.82197496522949,0.0,23.624075104311544
2013-08-31 01:00:00,417,379.72083333333336,56.72246861924687,49.68758716875872,0.0,23.888772663877266
2013-08-31 01:00:00,419,505.23333333333335,58.34294444444444,141.60416666666666,0.0,65.80558333333333
2013-08-31 01:00:00,421,372.65924895688454,57.461638888888885,163.4013888888889,0.0,23.51701388888889
2013-08-31 01:00:00,422,443.2763888888889,57.063300835654594,200.47632311977716,0.0,24.057604456824514
2013-08-31 01:00:00,423,387.96944444444443,58.47844228094576,3.5285118219749654,0.0,23.088915159944367
2013-08-31 01:00:00,424,438.3866481223922,57.661849791376916,3.6884561891515992,0.0,23.541363004172464
2013-08-31 01:00:00,442,485.29346314325454,56.43701388888889,5.894444444444445,0.0,23.76061111111111
2013-08-31 01:00:00,446,515.6388888888889,59.937023643949935,4.013908205841447,0.0,22.679624478442282
2013-08-31 01:00:00,448,415.12361111111113,59.24273991655076,4.62586926286509,0.0,23.18595271210014
2013-08-31 01:00:00,452,397.30555555555554,53.01463888888889,3.3833333333333333,0.0,23.038375000000002
2013-08-31 01:00:00,454,368.3027777777778,60.0349860724234,3.481894150417827,0.0,22.986476323119778
2013-08-31 01:00:00,456,458.12361111111113,56.59338888888889,3.7083333333333335,0.0,23.778055555555557
2013-08-31 01:00:00,458,500.97222222222223,59.7441585535466,3.650904033379694,0.0,22.896342141863702
2013-08-31 01:00:00,462,463.1988873435327,64.88054166666666,3.6083333333333334,0.0,21.637027777777778
2013-08-31 01:00:00,510,377.80721220527045,49.699374130737134,576.0834492350486,2.3152173913043477,26.67624478442281
2013-08-31 01:00:00,513,368.78940027894004,57.92113888888889,11.795833333333333,0.0,23.484805555555557
2013-08-31 01:00:00,552,392.43611111111113,57.42411111111111,3.4208333333333334,0.0,23.331500000000002
2013-08-31 01:00:00,554,473.8333333333333,59.63004172461753,7.292072322670376,4.6267029972752045,22.703115438108483
2013-08-31 01:00:00,556,473.3625,56.28241666666666,3.602777777777778,0.0,23.615680555555556
2013-08-31 01:00:00,558,435.7162726008345,59.892625,3.6152777777777776,0.0,23.139944444444442
2013-08-31 01:00:00,562,272.4013888888889,58.02925,2.772222222222222,0.0,23.334111111111113
2013-08-31 01:00:00,564,425.2412831241283,55.93169680111266,4.5757997218358835,4.515151515151516,24.10383866481224
2013-08-31 01:00:00,621,478.9375,53.79554937413074,162.6940194714882,2.5346260387811634,26.14527121001391
2013-08-31 01:00:00,621A,387.3824756606398,60.262708333333336,199.8,0.0,22.631416666666667
2013-08-31 01:00:00,621C,459.9513888888889,55.75027816411683,198.8664812239221,0.0,23.888748261474266
2013-08-31 01:00:00,621D,710.7666666666667,55.100403337969404,220.46175243393603,0.0,24.69372739916551
2013-08-31 01:00:00,621E,505.105702364395,57.14347705146036,61.29624478442281,-1.0,23.68164116828929
2013-08-31 01:00:00,640,439.65924895688454,58.77001390820584,9.639777468706537,0.0,22.691863699582754
2013-08-31 01:00:00,644,481.67418899858956,53.44933240611961,120.4575799721836,0.0,24.416981919332407
2013-08-31 01:00:00,648,190.17107093184978,50.96543933054394,53.47140864714086,5.218181818181818,25.17850767085077
2013-08-31 01:00:00,656A,478.92189679218967,57.30331944444444,14.675,0.0,23.57447222222222
2013-08-31 01:00:00,656B,452.80833333333334,52.69965229485397,8.522948539638387,0.0,24.501891515994437
2013-08-31 01:00:00,664,477.48333333333335,52.77228094575799,27.751043115438108,13.831325301204819,25.066022253129347
2013-08-31 01:00:00,666,431.9916666666667,57.912171428571426,21.03,0.0,23.294942857142857
2013-08-31 01:00:00,668,352.5708333333333,57.254673295454545,2156.9517045454545,0.0,23.484176136363637
2013-08-31 01:00:00,717,409.6458333333333,55.507579972183585,100.58414464534076,0.0,23.98162726008345
2013-08-31 01:00:00,719,439.8692628650904,56.143212795549374,359.89290681502086,0.0,24.007913769123782
2013-08-31 01:00:00,721,352.5271210013908,54.66278164116829,459.029207232267,0.0,23.4869123783032
2013-08-31 01:00:00,722,402.35643564356434,54.11156944444445,3.948611111111111,0.0,23.51373611111111
2013-08-31 01:00:00,723,403.56884561891513,60.64165277777777,190.5847222222222,0.0,22.611625
2013-08-31 01:00:00,724,216.56963788300837,57.57433333333334,5.033333333333333,0.0,23.36834722222222
2013-08-31 01:00:00,726,422.6509040333797,53.751124999999995,3.298611111111111,0.0,24.37119444444444
2013-08-31 01:00:00,734,453.7392510402219,48.95381944444444,107.42916666666666,29.874340021119323,26.271319444444444
2013-08-31 01:00:00,746,577.8075313807532,55.54830555555555,14.119444444444444,2.540983606557377,23.722791666666666
2013-08-31 01:00:00,748,509.0990237099024,54.68225806451613,4.566619915848527,0.0,23.769144460028052
2013-08-31 01:00:00,752,424.413073713491,48.71747222222223,4.304166666666666,0.0,25.61333333333333
2013-08-31 01:00:00,754,419.18055555555554,50.599944444444446,7.3375,0.0,25.154680555555554
2013-08-31 01:00:00,776,547.0792767732962,54.04786111111111,47.12777777777778,0.0,24.369694444444445
2013-08-31 02:00:00,413,494.74269819193324,46.44159722222222,23.82638888888889,0.0,25.416819444444446
2013-08-31 02:00:00,415,498.3337969401947,57.209138888888894,23.243055555555557,0.0,23.612972222222222
2013-08-31 02:00:00,417,369.06666666666666,56.48115277777778,17.170833333333334,0.0,23.887791666666665
2013-08-31 02:00:00,419,470.528511821975,58.21111420612814,52.0974930362117,0.0,59.60775766016713
2013-08-31 02:00:00,421,361.29805013927574,57.325340751043115,66.83727399165508,0.0,23.47461752433936
2013-08-31 02:00:00,422,429.61281337047353,56.4683286908078,88.63927576601671,0.0,24.189763231197773
2013-08-31 02:00:00,423,373.5813630041725,58.300752089136495,3.4387186629526463,0.0,23.10350974930362
2013-08-31 02:00:00,424,422.94297635605005,57.493583333333326,3.686111111111111,0.0,23.555541666666663
2013-08-31 02:00:00,442,471.8103207810321,56.29880389429763,4.930458970792768,0.0,23.780764951321277
2013-08-31 02:00:00,446,500.3263888888889,59.86442280945757,3.9221140472879,0.0,22.66823365785814
2013-08-31 02:00:00,448,401.8722222222222,59.12508333333333,6.1402777777777775,0.0,23.17861111111111
2013-08-31 02:00:00,452,381.15738161559887,52.90847222222222,3.0944444444444446,0.0,23.039194444444448
2013-08-31 02:00:00,454,354.31849791376914,59.89962500000001,3.379166666666667,0.0,22.991902777777774
2013-08-31 02:00:00,456,442.55833333333334,56.456449375866846,3.5436893203883497,0.0,23.780346740638006
2013-08-31 02:00:00,458,492.0138888888889,59.61839832869081,3.7729805013927575,0.0,22.93506963788301
2013-08-31 02:00:00,462,451.7284122562674,64.87009735744088,3.650904033379694,0.0,21.629415855354658
2013-08-31 02:00:00,510,358.9805013927577,48.96325352112677,123.99014084507043,0.0,26.556774647887327
2013-08-31 02:00:00,513,350.06834030683405,56.63658333333333,7.472222222222222,0.0,23.895374999999998
2013-08-31 02:00:00,552,380.8066759388039,57.90712100139082,3.2934631432545203,0.0,23.161084840055633
2013-08-31 02:00:00,554,452.6222222222222,59.944728033472806,5.093444909344491,0.0,22.59914923291492
2013-08-31 02:00:00,556,457.9346314325452,56.25903765690376,3.5509065550906556,0.0,23.596304044630404
2013-08-31 02:00:00,558,421.0361613351878,59.85520833333333,3.5652777777777778,0.0,23.13052777777778
2013-08-31 02:00:00,562,258.86944444444447,58.20155555555556,2.701388888888889,0.0,23.250444444444444
2013-08-31 02:00:00,564,298.7071129707113,56.325452016689844,4.253129346314325,0.0,23.639554937413074
2013-08-31 02:00:00,621,453.33472222222224,54.48075,11.466666666666667,2.625,25.82184722222222
2013-08-31 02:00:00,621A,373.56805555555553,60.02954166666666,124.52361111111111,0.0,22.713583333333336
2013-08-31 02:00:00,621C,437.78859527121,55.99062761506276,86.10320781032078,0.0,23.829511854951182
2013-08-31 02:00:00,621D,520.5744089012518,54.001476323119775,103.28272980501393,0.0,24.7291782729805
2013-08-31 02:00:00,621E,492.69262865090406,57.29926388888889,34.036161335187764,-1.0,23.63875
2013-08-31 02:00:00,640,424.7107093184979,58.64241666666667,5.116666666666666,0.0,22.75515277777778
2013-08-31 02:00:00,644,469.9194444444444,53.57730555555555,10.122222222222222,0.0,24.348263888888887
2013-08-31 02:00:00,648,113.36338028169014,51.44553695955369,6.867503486750349,0.0,24.784128312412832
2013-08-31 02:00:00,656A,454.61281337047353,56.210806675938805,6.705146036161335,0.0,23.95728789986092
2013-08-31 02:00:00,656B,442.69166666666666,52.51265277777778,4.465277777777778,0.0,24.65348611111111
2013-08-31 02:00:00,664,365.99165507649514,52.636944444444445,4.1097222222222225,3.5788113695090438,24.907527777777776
2013-08-31 02:00:00,666,424.90694444444443,56.91222531293463,7.086230876216968,0.0,23.66956884561891
2013-08-31 02:00:00,668,341.68706536856746,56.95111576011157,2159.2482566248254,0.0,23.61062761506276
2013-08-31 02:00:00,717,395.9457579972184,54.90709318497913,46.3643949930459,0.0,24.136063977746872
2013-08-31 02:00:00,719,424.42200557103064,55.54980528511822,162.1432545201669,0.0,24.160723226703755
2013-08-31 02:00:00,721,342.85277777777776,53.871462395543176,167.07799442896936,0.0,23.688203342618387
2013-08-31 02:00:00,722,362.04456824512533,54.29289290681501,3.776077885952712,0.0,23.334394993045898
2013-08-31 02:00:00,723,389.1638888888889,60.02351877607789,82.11404728789987,0.0,22.80712100139082
2013-08-31 02:00:00,724,204.15972222222223,57.530625,4.747222222222222,0.0,23.34375
2013-08-31 02:00:00,726,403.8915159944367,53.69966666666667,3.254166666666667,0.0,24.356041666666666
2013-08-31 02:00:00,734,396.10152990264254,49.29318497913769,24.482614742698193,21.732371794871796,25.89465924895688
2013-08-31 02:00:00,746,604.1701534170153,56.71238888888889,26.05,4.016129032258065,23.534916666666668
2013-08-31 02:00:00,748,496.38912133891216,55.08452777777778,3.0833333333333335,0.0,23.599375
2013-08-31 02:00:00,752,413.8263888888889,48.92189655172414,4.211206896551724,0.0,25.565847701149423
2013-08-31 02:00:00,754,405.44645340751043,51.561515994436725,4.226703755215577,0.0,24.74518776077886
2013-08-31 02:00:00,776,546.9986091794159,53.93611961057024,13.92489568845619,0.0,24.44344923504868
2013-08-31 03:00:00,413,481.82984658298466,47.223388888888884,3.9819444444444443,0.0,25.04606944444444
2013-08-31 03:00:00,415,487.47632311977713,57.55811715481171,3.873082287308229,0.0,23.409093444909345
2013-08-31 03:00:00,417,360.0236111111111,57.134652777777774,3.4652777777777777,0.0,23.602805555555555
2013-08-31 03:00:00,419,463.4638888888889,58.413486750348675,3.730822873082287,0.0,67.26769874476987
2013-08-31 03:00:00,421,347.2510460251046,58.096555555555554,18.101388888888888,0.0,23.130374999999997
2013-08-31 03:00:00,422,417.25626740947075,56.89632681564245,27.865921787709496,0.0,23.939846368715084
2013-08-31 03:00:00,423,362.7125,58.28437325905293,3.4080779944289694,0.0,23.100027855153204
2013-08-31 03:00:00,424,410.95403899721447,57.47685236768802,3.594707520891365,0.0,23.55115598885794
2013-08-31 03:00:00,442,461.2200557103064,56.22148611111111,4.091666666666667,0.0,23.80584722222222
2013-08-31 03:00:00,446,489.8722222222222,59.897061281337045,3.161559888579387,0.0,22.667548746518104
2013-08-31 03:00:00,448,391.7182705718271,59.16598326359833,4.0739191073919105,0.0,23.17061366806137
2013-08-31 03:00:00,452,371.5893854748603,52.898041666666664,2.8222222222222224,0.0,23.043152777777777
2013-08-31 03:00:00,454,344.2597222222222,59.89638386648122,3.2044506258692627,0.0,22.985132127955495
2013-08-31 03:00:00,456,432.7629009762901,56.472092050209206,3.308228730822873,0.0,23.784979079497912
2013-08-31 03:00:00,458,482.5236111111111,59.562,3.6347222222222224,0.0,22.96813888888889
2013-08-31 03:00:00,462,442.5746164574617,64.82318246110324,3.528995756718529,0.0,21.69025459688826
2013-08-31 03:00:00,510,340.1994421199442,51.10222222222222,3.2930555555555556,0.0,25.458833333333335
2013-08-31 03:00:00,513,336.95416666666665,56.61803347280334,3.608089260808926,0.0,23.76856345885635
2013-08-31 03:00:00,552,373.817802503477,58.30308333333333,3.3541666666666665,0.0,23.093180555555556
2013-08-31 03:00:00,554,439.231520223152,60.26592957746479,5.133802816901408,0.0,22.539535211267605
2013-08-31 03:00:00,556,450.7409470752089,56.34448467966574,3.5891364902506964,0.0,23.592214484679666
2013-08-31 03:00:00,558,411.4673157162726,59.94045833333333,3.6194444444444445,0.0,23.124791666666663
2013-08-31 03:00:00,562,252.04463040446305,58.3968619246862,2.7503486750348674,0.0,23.20557880055788
2013-08-31 03:00:00,564,277.95403899721447,56.76105849582173,4.284122562674095,0.0,23.43981894150418
2013-08-31 03:00:00,621,441.66805555555555,55.26449093444909,6.0948396094839605,0.0,25.509721059972108
2013-08-31 03:00:00,621A,365.51324965132494,60.539135285913524,4.00139470013947,0.0,22.468800557880055
2013-08-31 03:00:00,621C,426.77916666666664,56.73905292479109,3.6406685236768803,0.0,23.576685236768803
2013-08-31 03:00:00,621D,479.7423398328691,54.88419444444445,3.363888888888889,0.0,24.276874999999997
2013-08-31 03:00:00,621E,484.1478382147838,57.57,6.7,-1.0,23.57926388888889
2013-08-31 03:00:00,640,416.8884239888424,58.73626740947075,4.098885793871866,0.0,22.77459610027855
2013-08-31 03:00:00,644,457.99301675977654,53.99818055555556,4.066666666666666,0.0,24.220569444444447
2013-08-31 03:00:00,648,103.8465829846583,52.023857938718656,3.83008356545961,0.0,24.573788300835655
2013-08-31 03:00:00,656A,443.12083333333334,55.85797768479777,4.737796373779638,0.0,24.03587168758717
2013-08-31 03:00:00,656B,432.11576011157604,52.42912133891213,3.3695955369595536,0.0,24.701255230125522
2013-08-31 03:00:00,664,346.08472222222224,53.077782426778235,11.652719665271967,0.5277777777777778,24.666708507670847
2013-08-31 03:00:00,666,414.567454798331,56.51906944444445,3.311111111111111,0.0,23.795416666666668
2013-08-31 03:00:00,668,332.4555555555556,57.44188022284122,2168.83704735376,0.0,23.463467966573816
2013-08-31 03:00:00,717,381.51944444444445,55.481808066759385,4.051460361613352,0.0,23.78672222222222
2013-08-31 03:00:00,719,414.59553695955367,56.296611111111105,3.7875,0.0,23.765597222222222
2013-08-31 03:00:00,721,328.5746164574617,54.38169680111266,3.6272600834492352,0.0,23.36207232267038
2013-08-31 03:00:00,722,348.3041666666667,54.508250000000004,3.751388888888889,0.0,23.235208333333333
2013-08-31 03:00:00,723,382.13668061366803,60.51334722222222,2.9763888888888888,0.0,22.55527777777778
2013-08-31 03:00:00,724,195.73333333333332,57.64838214783821,4.698744769874477,0.0,23.305829846582984
2013-08-31 03:00:00,726,394.06545961002786,53.77200836820084,3.1422594142259412,0.0,24.332036262203626
2013-08-31 03:00:00,734,320.092050209205,51.24656944444444,4.006944444444445,0.0,24.987444444444442
2013-08-31 03:00:00,746,537.4094707520892,57.44811977715877,3.33983286908078,0.0,23.0783286908078
2013-08-31 03:00:00,748,485.02231520223154,55.43508356545961,2.98050139275766,0.0,23.55825905292479
2013-08-31 03:00:00,752,403.8884239888424,49.03863699582754,4.201668984700974,0.0,25.639207232267037
2013-08-31 03:00:00,754,396.98055555555555,52.39718055555556,3.748611111111111,0.0,24.491083333333336
2013-08-31 03:00:00,776,539.0654596100278,54.12351388888889,4.220833333333333,0.0,24.39576388888889
2013-08-31 04:00:00,413,478.60306406685237,47.8847287899861,3.9040333796940194,0.0,24.780055632823366
2013-08-31 04:00:00,415,488.99025069637884,57.96508356545961,3.896935933147632,0.0,23.251949860724235
2013-08-31 04:00:00,417,360.3880389429764,57.71294853963839,3.4255910987482614,0.0,23.411780250347704
2013-08-31 04:00:00,419,464.557719054242,58.90150417827298,3.6086350974930363,0.0,71.67232590529247
2013-08-31 04:00:00,421,348.1545961002785,58.77299026425591,18.11961057023644,0.0,22.932322670375523
2013-08-31 04:00:00,422,415.1309192200557,57.650739191073924,27.694560669456067,0.0,23.62966527196653
2013-08-31 04:00:00,423,359.73018080667595,58.32139275766017,3.4206128133704734,0.0,23.05442896935933
2013-08-31 04:00:00,424,408.71866295264624,57.492761506276146,3.599721059972106,0.0,23.514574616457462
2013-08-31 04:00:00,442,460.84122562674094,56.30656467315716,4.1029207232267035,0.0,23.744575799721833
2013-08-31 04:00:00,446,490.1611111111111,59.975660639777466,3.244784422809458,0.0,22.63795549374131
2013-08-31 04:00:00,448,388.7126917712692,59.174937413073714,4.079276773296245,0.0,23.15662030598053
2013-08-31 04:00:00,452,370.0,52.89745125348189,2.8426183844011144,0.0,23.024220055710305
2013-08-31 04:00:00,454,341.57916666666665,59.910000000000004,3.1492329149232914,0.0,22.962301255230127
2013-08-31 04:00:00,456,431.0611961057024,56.48022284122563,3.1197771587743732,0.0,23.767158774373257
2013-08-31 04:00:00,458,489.40851063829786,59.56682451253482,3.532033426183844,0.0,22.999693593314763
2013-08-31 04:00:00,462,447.66713091922,64.70979137691238,3.4214186369958277,0.0,21.759290681502087
2013-08-31 04:00:00,510,335.70194986072426,53.627472222222224,3.098611111111111,0.0,24.505902777777777
2013-08-31 04:00:00,513,334.54242002781643,57.62258019525802,3.591352859135286,0.0,23.379595536959556
2013-08-31 04:00:00,552,371.75558659217876,58.53105702364395,3.2058414464534075,0.0,23.061390820584144
2013-08-31 04:00:00,554,439.6727019498607,60.56415041782729,4.77158774373259,0.0,22.477325905292478
2013-08-31 04:00:00,556,447.5487465181059,56.41349858356941,3.4575070821529743,0.0,23.59
2013-08-31 04:00:00,558,410.17385257301805,60.0147983310153,3.3824756606397774,0.0,23.12083449235049
2013-08-31 04:00:00,562,251.966573816156,58.62529986052999,2.6666666666666665,0.0,23.148089260808927
2013-08-31 04:00:00,564,275.2771587743733,57.115550906555086,3.8633193863319386,0.0,23.30386331938633
2013-08-31 04:00:00,621,443.7409470752089,55.280696378830086,6.162952646239554,1.2880886426592797,25.444979079497905
2013-08-31 04:00:00,621A,365.12691771269175,61.59034770514604,3.9068150208623087,0.0,22.099304589707927
2013-08-31 04:00:00,621C,423.4555555555556,57.49133891213389,3.589958158995816,0.0,23.28440111420613
2013-08-31 04:00:00,621D,478.8955431754875,55.88594444444444,3.1152777777777776,0.0,23.859458333333336
2013-08-31 04:00:00,621E,481.01258741258744,57.95409722222222,6.6097222222222225,-1.0,23.395263888888888
2013-08-31 04:00:00,640,418.08217270194984,58.80221757322176,4.152022315202231,0.0,22.788256624825664
2013-08-31 04:00:00,644,455.2632311977716,54.4561057023644,4.001390820584144,0.0,24.05413073713491
2013-08-31 04:00:00,648,104.83286908077994,52.60269177126917,3.8563458856345885,0.0,24.33171548117155
2013-08-31 04:00:00,656A,439.2339832869081,55.9757938718663,4.757660167130919,0.0,23.933662952646237
2013-08-31 04:00:00,656B,429.79776847977683,52.506457461645745,3.237099023709902,0.0,24.649400278940025
2013-08-31 04:00:00,664,317.2736111111111,53.371324965132494,3.217573221757322,0.0,24.430418410041842
2013-08-31 04:00:00,666,414.0737134909597,56.670877437325906,3.394150417827298,0.0,23.695222841225625
2013-08-31 04:00:00,668,330.7708333333333,58.271877607788596,2180.567454798331,0.0,23.229095966620307
2013-08-31 04:00:00,717,381.34214186369957,56.46816666666667,4.143055555555556,0.0,23.417069444444447
2013-08-31 04:00:00,719,413.59610027855155,57.40780250347705,3.4144645340751043,0.0,23.319290681502086
2013-08-31 04:00:00,721,324.07252440725244,55.31838664812239,3.631432545201669,0.0,22.960945757997216
2013-08-31 04:00:00,722,342.91098748261476,54.72873435326843,3.721835883171071,0.0,23.14865090403338
2013-08-31 04:00:00,723,387.89539748953973,61.54123783031989,2.7899860917941584,0.0,22.21655076495132
2013-08-31 04:00:00,724,194.2642559109875,57.80708507670851,4.743375174337517,0.0,23.258228730822875
2013-08-31 04:00:00,726,390.88579387186627,53.88587168758717,3.200836820083682,0.0,24.283221757322174
2013-08-31 04:00:00,734,321.44846796657384,52.778219749652294,3.9541029207232268,0.0,24.479165507649515
2013-08-31 04:00:00,746,528.509040333797,58.838913649025066,3.5598885793871866,0.0,22.65256267409471
2013-08-31 04:00:00,748,484.3769123783032,55.534025069637885,2.9637883008356547,0.0,23.588998609179416
2013-08-31 04:00:00,752,408.5146036161335,48.7950347705146,4.246175243393602,0.0,25.822962447844226
2013-08-31 04:00:00,754,399.0347705146036,53.33472878998609,3.7121001390820583,0.0,24.200111265646733
2013-08-31 04:00:00,776,530.2705718270572,54.68038942976356,4.201668984700974,0.0,24.182406119610572
2013-08-31 05:00:00,413,482.9011142061281,48.455841446453405,3.8595271210013906,0.0,24.573504867872042
2013-08-31 05:00:00,415,493.6638772663877,58.07411682892907,3.9610570236439497,0.0,23.275549374130737
2013-08-31 05:00:00,417,365.297635605007,57.99204735376045,3.285515320334262,0.0,23.37965181058496
2013-08-31 05:00:00,419,469.3769123783032,59.23825905292479,3.566852367688022,0.0,55.33870473537605
2013-08-31 05:00:00,421,353.5738161559889,58.90161335187761,17.803894297635605,0.0,22.94276773296245
2013-08-31 05:00:00,422,428.3774373259053,58.503398328690814,27.667130919220057,0.0,23.362520891364905
2013-08-31 05:00:00,423,363.95972222222224,58.473621169916434,3.4596100278551534,0.0,23.011211699164345
2013-08-31 05:00:00,424,412.7966573816156,57.62064066852368,3.7242339832869082,0.0,23.477632311977715
2013-08-31 05:00:00,442,465.7548746518106,56.514833333333335,4.2652777777777775,0.0,23.691041666666667
2013-08-31 05:00:00,446,496.4555555555556,60.12121338912134,3.3640167364016738,0.0,22.622036262203626
2013-08-31 05:00:00,448,393.0974930362117,59.29604456824512,4.06824512534819,0.0,23.137479108635095
2013-08-31 05:00:00,452,373.36768802228414,53.02715877437326,2.8217270194986073,0.0,22.994373259052924
2013-08-31 05:00:00,454,346.69958275382476,60.009832869080775,3.2743732590529246,0.0,22.93874651810585
2013-08-31 05:00:00,456,436.60863509749305,56.61907949790795,3.090655509065551,0.0,23.737601115760114
2013-08-31 05:00:00,458,478.4172461752434,61.28574408901251,3.499304589707928,0.0,22.292239221140473
2013-08-31 05:00:00,462,451.9874651810585,64.44193324061196,3.365785813630042,0.0,21.92702364394993
2013-08-31 05:00:00,510,331.3342618384401,55.44397774687066,2.9541029207232268,0.0,23.92700973574409
2013-08-31 05:00:00,513,342.8609179415855,57.99149025069638,3.5055710306406684,0.0,23.28199164345404
2013-08-31 05:00:00,552,379.1910739191074,58.487,3.213888888888889,0.0,23.140944444444443
2013-08-31 05:00:00,554,443.49025069637884,60.8274512534819,4.56824512534819,0.0,22.435194986072425
2013-08-31 05:00:00,556,454.7158774373259,56.5241643454039,3.367688022284123,0.0,23.570779944289693
2013-08-31 05:00:00,558,415.1406685236769,60.15111265646732,3.5744089012517386,0.0,23.092169680111265
2013-08-31 05:00:00,562,255.84401114206128,58.81570236439499,2.670375521557719,0.0,23.106564673157163
2013-08-31 05:00:00,564,281.61474269819195,57.46941422594142,3.7405857740585775,0.0,23.195983263598325
2013-08-31 05:00:00,621,466.0793871866295,55.08556328233657,6.068150208623088,0.0,25.486981919332404
2013-08-31 05:00:00,621A,368.10152990264254,62.659498607242334,3.7952646239554317,0.0,21.77541782729805
2013-08-31 05:00:00,621C,428.4236111111111,58.153165969316596,3.605299860529986,0.0,23.056959553695954
2013-08-31 05:00:00,621D,482.1601671309192,56.7157719054242,3.1738525730180807,0.0,23.556189151599444
2013-08-31 05:00:00,621E,487.0208913649025,58.57703755215577,6.521557719054242,-1.0,23.172044506258693
2013-08-31 05:00:00,640,423.7009735744089,58.65721448467966,4.121169916434541,0.0,22.895445682451253
2013-08-31 05:00:00,644,458.92906815020865,54.98331015299026,4.037552155771905,0.0,23.887635605006952
2013-08-31 05:00:00,648,111.10152990264255,53.281100278551534,3.7729805013927575,0.0,24.09643949930459
2013-08-31 05:00:00,656A,444.67966573816153,56.33188022284123,4.545961002785515,0.0,23.794888579387187
2013-08-31 05:00:00,656B,436.17688022284125,52.78229485396384,3.322670375521558,0.0,24.540904033379693
2013-08-31 05:00:00,664,342.41585535465924,53.92148817802504,12.3769123783032,7.368,24.24481223922114
2013-08-31 05:00:00,666,421.1977715877437,57.15888579387187,3.36908077994429,0.0,23.525905292479106
2013-08-31 05:00:00,668,334.1835883171071,58.962934631432546,2158.3226703755217,0.0,23.03300417246175
2013-08-31 05:00:00,717,385.8902777777778,57.27385257301808,4.043115438108484,0.0,23.1501668984701
2013-08-31 05:00:00,719,419.1058495821727,58.45585535465925,3.5479833101529903,0.0,22.97700973574409
2013-08-31 05:00:00,721,327.4874651810585,56.328941504178275,3.445682451253482,0.0,22.59227019498607
2013-08-31 05:00:00,722,346.5055710306407,54.95038942976356,3.6801112656467314,0.0,23.08269819193324
2013-08-31 05:00:00,723,393.1476323119777,62.40045133991537,2.8787023977433006,0.0,21.981650211565587
2013-08-31 05:00:00,724,198.16411682892908,57.97140668523677,4.662952646239554,0.0,23.224999999999998
2013-08-31 05:00:00,726,397.2370990237099,54.090319888734356,3.0876216968011128,0.0,24.22570236439499
2013-08-31 05:00:00,734,321.09179415855357,53.52435326842838,3.980528511821975,0.0,24.305173852573017
2013-08-31 05:00:00,746,527.8352272727273,59.72076601671309,3.6197771587743732,0.0,22.447674094707523
2013-08-31 05:00:00,748,489.57528409090907,55.53877607788595,3.023643949930459,0.0,23.63076495132128
2013-08-31 05:00:00,752,415.4025069637883,48.358250000000005,4.272222222222222,0.0,26.063416666666665
2013-08-31 05:00:00,754,403.125173852573,54.18227777777778,3.7555555555555555,0.0,23.970805555555554
2013-08-31 05:00:00,776,539.2412831241284,55.141375000000004,4.3180555555555555,0.0,24.049694444444444
2013-08-31 06:00:00,413,481.4770514603616,48.78272346368715,3.8840782122905027,0.0,24.348421787709498
2013-08-31 06:00:00,415,495.0796089385475,58.01166666666667,3.8625,0.0,23.23004166666667
2013-08-31 06:00:00,417,363.14186369958276,57.97900837988827,3.377094972067039,0.0,23.326131284916197
2013-08-31 06:00:00,419,470.41805555555555,59.36841446453408,3.6522948539638387,0.0,61.39603616133519
2013-08-31 06:00:00,421,353.54659248956887,58.90562499999999,18.043055555555554,0.0,22.881555555555558
2013-08-31 06:00:00,422,427.4625,58.84848189415042,27.694986072423397,0.0,23.185863509749304
2013-08-31 06:00:00,423,365.60729312762976,58.456222222222216,3.5388888888888888,0.0,22.975041666666666
2013-08-31 06:00:00,424,413.6136680613668,57.58124301675977,3.6983240223463687,0.0,23.444078212290503
2013-08-31 06:00:00,442,466.43611111111113,56.448819444444446,4.286111111111111,0.0,23.657444444444444
2013-08-31 06:00:00,446,498.1041666666667,60.00874301675978,3.372905027932961,0.0,22.59649441340782
2013-08-31 06:00:00,448,396.3980446927374,59.26840055632824,4.044506258692628,0.0,23.10472878998609
2013-08-31 06:00:00,452,376.5662482566248,52.913111111111114,2.763888888888889,0.0,22.987125
2013-08-31 06:00:00,454,348.8625,59.96843575418995,3.2206703910614527,0.0,22.910670391061455
2013-08-31 06:00:00,456,437.99582753824757,56.6893602225313,3.1154381084840055,0.0,23.64673157162726
2013-08-31 06:00:00,458,468.4916666666667,64.51603616133518,3.4394993045897078,0.0,21.238998609179415
2013-08-31 06:00:00,462,451.3518776077886,63.71841666666667,3.2111111111111112,0.0,22.089430555555555
2013-08-31 06:00:00,510,328.78998609179416,56.55945757997218,2.9193324061196106,0.0,23.49792767732962
2013-08-31 06:00:00,513,344.02928870292885,58.27885474860336,3.594972067039106,0.0,23.099553072625696
2013-08-31 06:00:00,552,379.5861111111111,58.23705555555556,3.3055555555555554,0.0,23.206361111111114
2013-08-31 06:00:00,554,445.94297635605005,60.80591666666667,4.638888888888889,0.0,22.393902777777775
2013-08-31 06:00:00,556,455.5169971671388,56.57459722222222,3.45,0.0,23.51213888888889
2013-08-31 06:00:00,558,416.46944444444443,60.213783031988875,3.4450625869262863,0.0,23.024867872044506
2013-08-31 06:00:00,562,256.89568845618913,58.919124999999994,2.634214186369958,0.0,23.02790277777778
2013-08-31 06:00:00,564,284.5991620111732,57.764553072625695,3.649441340782123,0.0,23.053449720670393
2013-08-31 06:00:00,621,472.25416666666666,54.82684283727399,6.052851182197497,0.0,25.428833333333337
2013-08-31 06:00:00,621A,369.0,63.29159944367177,3.8094575799721837,0.0,21.53084840055633
2013-08-31 06:00:00,621C,430.3236111111111,58.73370990237099,3.4672245467224547,0.0,22.78691771269177
2013-08-31 06:00:00,621D,482.825,57.29737134909596,3.1057023643949933,0.0,23.266662030598052
2013-08-31 06:00:00,621E,488.44692737430165,59.1229207232267,6.60778859527121,-1.0,22.909958275382472
2013-08-31 06:00:00,640,422.76495132127957,58.21233240223464,4.2136871508379885,0.0,22.983477653631283
2013-08-31 06:00:00,644,459.375,55.29863888888888,4.125,0.0,23.742097222222224
2013-08-31 06:00:00,648,113.19749652294854,53.757905027932956,3.727653631284916,0.0,23.888058659217876
2013-08-31 06:00:00,656A,443.6173184357542,56.568539638386646,4.719054242002781,0.0,23.65250347705146
2013-08-31 06:00:00,656B,437.10041841004187,52.980725244072524,3.305439330543933,0.0,24.413361227336125
2013-08-31 06:00:00,664,485.81944444444446,54.33013888888888,32.638888888888886,20.928400954653938,24.421611111111112
2013-08-31 06:00:00,666,423.9375,57.4905,3.3333333333333335,0.0,23.35536111111111
2013-08-31 06:00:00,668,335.55493741307373,59.33384937238494,2172.50069735007,0.0,22.851073919107392
2013-08-31 06:00:00,717,386.05,57.812865090403335,4.029207232267037,0.0,22.913101529902644
2013-08-31 06:00:00,719,418.9068150208623,59.01955493741307,3.521557719054242,0.0,22.74767732962448
2013-08-31 06:00:00,721,329.18715083798884,57.57718055555556,3.5416666666666665,0.0,22.084055555555555
2013-08-31 06:00:00,722,347.61538461538464,55.018166666666666,3.6194444444444445,0.0,23.026333333333334
2013-08-31 06:00:00,723,397.7723463687151,62.83204166666667,2.925,0.0,21.80154166666667
2013-08-31 06:00:00,724,199.268156424581,57.98878661087866,4.673640167364017,0.0,23.194351464435144
2013-08-31 06:00:00,726,397.0027932960894,54.14967966573816,3.181058495821727,0.0,24.17682892906815
2013-08-31 06:00:00,734,326.50069541029205,53.603430555555555,3.9138888888888888,0.0,24.244347222222224
2013-08-31 06:00:00,746,524.4217877094972,60.114013888888884,3.5569444444444445,0.0,22.300680555555555
2013-08-31 06:00:00,748,491.9860335195531,55.47763560500695,2.995827538247566,0.0,23.62865090403338
2013-08-31 06:00:00,752,414.46314325452016,47.873999999999995,4.126388888888889,0.0,26.23036111111111
2013-08-31 06:00:00,754,403.2361111111111,54.50709722222222,3.6305555555555555,0.0,23.85395833333333
2013-08-31 06:00:00,776,540.6703910614525,55.31923611111111,4.1402777777777775,0.0,23.954874999999998
2013-08-31 07:00:00,413,483.3821478382148,49.27390820584145,3.8525730180806677,0.0,24.14913769123783
2013-08-31 07:00:00,415,495.5682451253482,58.110055788005575,3.789400278940028,0.0,23.14638772663877
2013-08-31 07:00:00,417,366.0237430167598,58.12673157162725,3.4617524339360224,0.0,23.24109874826147
2013-08-31 07:00:00,419,467.36578581363005,59.635648535564854,3.668061366806137,0.0,62.948354253835426
2013-08-31 07:00:00,421,355.80195258019523,59.09542420027817,18.054242002781642,0.0,22.7836578581363
2013-08-31 07:00:00,422,429.3018080667594,59.273514644351465,27.596931659693166,0.0,23.037308228730822
2013-08-31 07:00:00,423,367.3157162726008,58.50760445682451,3.8091922005571033,0.0,22.933551532033427
2013-08-31 07:00:00,424,414.31615598885793,57.61920723226704,3.6954102920723226,0.0,23.40816411682893
2013-08-31 07:00:00,442,467.80945757997216,56.48304589707927,4.161335187760779,0.0,23.62751043115438
2013-08-31 07:00:00,446,500.0652777777778,60.046518105849586,3.231197771587744,0.0,22.574261838440112
2013-08-31 07:00:00,448,398.5924895688456,59.29196652719666,3.9748953974895396,0.0,23.077907949790795
2013-08-31 07:00:00,452,377.6039051603905,52.99336578581364,2.732962447844228,0.0,22.939207232267037
2013-08-31 07:00:00,454,350.66203059805287,60.0015,3.2222222222222223,0.0,22.87961111111111
2013-08-31 07:00:00,456,441.26638772663875,56.97719665271967,3.198047419804742,0.0,23.52705718270572
2013-08-31 07:00:00,458,466.20305980528514,66.40620111731845,3.4553072625698324,0.0,20.769804469273744
2013-08-31 07:00:00,462,452.16875871687586,63.36122392211405,3.2948539638386647,0.0,22.16575799721836
2013-08-31 07:00:00,510,329.7168758716876,57.54959497206704,3.085195530726257,0.0,23.193337988826816
2013-08-31 07:00:00,513,348.1696801112656,58.85344923504867,3.4840055632823366,0.0,22.890361613351875
2013-08-31 07:00:00,552,383.6759388038943,58.14178025034771,3.305980528511822,0.0,23.223004172461753
2013-08-31 07:00:00,554,448.3793584379358,60.931599443671765,4.584144645340751,0.0,22.357538247566065
2013-08-31 07:00:00,556,455.88595271210016,56.655952712100145,3.442280945757997,0.0,23.48214186369958
2013-08-31 07:00:00,558,416.336578581363,60.312807262569834,3.4874301675977653,0.0,22.983417015341704
2013-08-31 07:00:00,562,256.7545327754533,59.09009735744089,2.6383866481223923,0.0,22.96835883171071
2013-08-31 07:00:00,564,288.0347705146036,58.020041782729805,3.7506963788300838,0.0,22.958523676880226
2013-08-31 07:00:00,621,470.4367176634214,54.78131837307153,6.084151472650771,0.0,25.37198611111111
2013-08-31 07:00:00,621A,374.79387186629526,63.91329149232915,3.928870292887029,0.0,21.34457461645746
2013-08-31 07:00:00,621C,431.65924895688454,59.35805013927577,3.5445682451253484,0.0,22.565194986072424
2013-08-31 07:00:00,621D,483.7872044506259,57.98566248256625,3.1673640167364017,0.0,23.00274755927476
2013-08-31 07:00:00,621E,491.44645340751043,59.77888268156425,6.645251396648045,-1.0,22.659175977653632
2013-08-31 07:00:00,640,425.7768479776848,58.16899860917942,4.201668984700974,0.0,22.95346314325452
2013-08-31 07:00:00,644,460.7112970711297,55.66599443671766,4.023643949930459,0.0,23.595646731571627
2013-08-31 07:00:00,648,116.44444444444444,54.2453685674548,3.6815020862308763,0.0,23.699012517385256
2013-08-31 07:00:00,656A,445.2656467315716,56.91022315202231,4.662482566248257,0.0,23.50884239888424
2013-08-31 07:00:00,656B,436.59583333333336,53.24801388888889,3.3027777777777776,0.0,24.28198611111111
2013-08-31 07:00:00,664,385.85555555555555,53.997037552155774,8.055632823365785,0.0,24.420292072322667
2013-08-31 07:00:00,666,424.52222222222224,57.86111265646731,3.308762169680111,0.0,23.218720445062583
2013-08-31 07:00:00,668,339.356050069541,59.88753824756606,2149.155771905424,0.0,22.666689847009735
2013-08-31 07:00:00,717,387.0208333333333,58.378786610878656,4.048814504881451,0.0,22.70548117154812
2013-08-31 07:00:00,719,420.7140864714086,59.58974895397489,3.4630404463040447,0.0,22.545453277545327
2013-08-31 07:00:00,721,325.69262865090406,58.69739916550765,3.5479833101529903,0.0,21.730445062586927
2013-08-31 07:00:00,722,347.51321279554935,55.113171070931855,3.687065368567455,0.0,22.98158553546592
2013-08-31 07:00:00,723,402.8567454798331,63.35225312934631,2.8817802503477052,0.0,21.645243393602225
2013-08-31 07:00:00,724,200.37830319888735,58.03840277777778,4.718055555555556,0.0,23.166125
2013-08-31 07:00:00,726,396.64623955431756,54.230375,3.1569444444444446,0.0,24.13076388888889
2013-08-31 07:00:00,734,328.5684357541899,54.02678720445063,3.933240611961057,0.0,24.06892906815021
2013-08-31 07:00:00,746,520.663421418637,60.60424999999999,3.55,0.0,22.163777777777778
2013-08-31 07:00:00,748,494.6258692628651,55.4733240611961,2.9707927677329624,0.0,23.612656467315716
2013-08-31 07:00:00,752,415.25662482566247,47.63507649513213,4.00278164116829,0.0,26.281585535465922
2013-08-31 07:00:00,754,403.53055555555557,54.83561891515994,3.5062586926286508,0.0,23.740639777468708
2013-08-31 07:00:00,776,531.5766016713092,55.49780250347705,4.057023643949931,0.0,23.859847009735745
2013-08-31 08:00:00,413,478.62083333333334,49.71170153417015,3.8326359832635983,0.0,23.974909344490932
2013-08-31 08:00:00,415,492.91910739191076,58.27342141863699,3.9193324061196106,0.0,23.047204450625866
2013-08-31 08:00:00,417,362.739916550765,58.31092050209205,3.390516039051604,0.0,23.14311018131102
2013-08-31 08:00:00,419,464.1625,59.89425591098748,3.5312934631432547,0.0,57.311655076495136
2013-08-31 08:00:00,421,353.8358831710709,59.31008333333334,18.04861111111111,0.0,22.679805555555554
2013-08-31 08:00:00,422,424.7111111111111,59.67322670375522,27.656467315716274,0.0,22.895994436717665
2013-08-31 08:00:00,423,365.40972222222223,58.55362622036262,3.9567642956764297,0.0,22.899818688981867
2013-08-31 08:00:00,424,411.83960948396094,57.666147426981915,3.6495132127955494,0.0,23.372851182197493
2013-08-31 08:00:00,442,464.75555555555553,56.54170833333333,4.052777777777778,0.0,23.590305555555556
2013-08-31 08:00:00,446,496.6847222222222,60.10640167364017,3.2203626220362622,0.0,22.548423988842398
2013-08-31 08:00:00,448,395.74755927475593,59.340792767732964,4.111265646731572,0.0,23.048205841446453
2013-08-31 08:00:00,452,375.8442280945758,53.08831944444445,2.7375,0.0,22.892916666666665
2013-08-31 08:00:00,454,347.2294853963839,60.04708333333333,3.2152777777777777,0.0,22.848222222222223
2013-08-31 08:00:00,456,436.990264255911,57.16043115438108,3.246175243393602,0.0,23.444937413073713
2013-08-31 08:00:00,458,464.34444444444443,67.54143254520167,3.536856745479833,0.0,20.526981919332407
2013-08-31 08:00:00,462,447.990264255911,63.145374999999994,3.338888888888889,0.0,22.199930555555557
2013-08-31 08:00:00,510,326.3324061196106,58.45255910987483,3.808066759388039,0.0,22.906467315716274
2013-08-31 08:00:00,513,345.21199442119945,59.41881615598886,3.5389972144846795,0.0,22.700974930362115
2013-08-31 08:00:00,552,380.6013888888889,58.11519444444445,3.3472222222222223,0.0,23.224527777777777
2013-08-31 08:00:00,554,445.45618915159946,61.04392211404729,4.652294853963839,0.0,22.327830319888733
2013-08-31 08:00:00,556,454.3638888888889,56.59881780250348,3.376912378303199,0.0,23.51756606397775
2013-08-31 08:00:00,558,413.11854951185495,60.41248956884562,3.510431154381085,0.0,22.9504033379694
2013-08-31 08:00:00,562,254.8414464534075,59.22721835883171,2.5465924895688454,0.0,22.92837273991655
2013-08-31 08:00:00,564,286.58995815899584,58.23503486750348,3.7726638772663876,0.0,22.888298465829845
2013-08-31 08:00:00,621,469.09444444444443,54.8435,6.1625,0.0,25.300375521557722
2013-08-31 08:00:00,621A,378.1627260083449,64.42460361613352,3.877607788595271,0.0,21.210570236439498
2013-08-31 08:00:00,621C,428.14722222222224,59.859344490934454,3.4602510460251046,0.0,22.39365411436541
2013-08-31 08:00:00,621D,480.6740947075209,58.63438108484006,3.2058414464534075,0.0,22.76912378303199
2013-08-31 08:00:00,621E,488.9125,60.35216968011127,6.556328233657858,-1.0,22.448108484005562
2013-08-31 08:00:00,640,424.1641168289291,58.2974930362117,4.139275766016713,0.0,22.881880222841225
2013-08-31 08:00:00,644,456.95410292072324,56.104569444444444,3.9583333333333335,0.0,23.44325
2013-08-31 08:00:00,648,116.44923504867872,54.78642956764296,3.829846582984658,0.0,23.506331938633195
2013-08-31 08:00:00,656A,443.9777468706537,57.291835883171075,4.543810848400557,0.0,23.365813630041725
2013-08-31 08:00:00,656B,435.6625,53.64368055555555,3.2402777777777776,0.0,24.11325
2013-08-31 08:00:00,664,331.67176634214184,54.12425591098748,3.2030598052851182,0.0,24.15883171070932
2013-08-31 08:00:00,666,422.77468706536854,58.30609722222222,3.2444444444444445,0.0,23.062555555555555
2013-08-31 08:00:00,668,337.7440890125174,60.43934449093445,2195.2175732217574,0.0,22.496861924686193
2013-08-31 08:00:00,717,383.2986111111111,58.921446453407505,4.004172461752434,0.0,22.525646731571626
2013-08-31 08:00:00,719,416.855354659249,60.12954102920723,3.534075104311544,0.0,22.366203059805283
2013-08-31 08:00:00,721,323.2757660167131,59.631534170153415,3.5704323570432357,0.0,21.449065550906553
2013-08-31 08:00:00,722,345.6652719665272,55.21638386648122,3.689847009735744,0.0,22.9332545201669
2013-08-31 08:00:00,723,404.66248256624823,63.76938888888889,2.861111111111111,0.0,21.554027777777776
2013-08-31 08:00:00,724,199.12273361227335,58.113078014184396,4.714893617021277,0.0,23.137148936170213
2013-08-31 08:00:00,726,394.30125523012555,54.3393758668516,3.0915395284327323,0.0,24.08361997226075
2013-08-31 08:00:00,734,326.6050069541029,54.55820584144645,3.9860917941585536,0.0,23.871766342141864
2013-08-31 08:00:00,746,516.1854951185495,61.194291666666665,3.5652777777777778,0.0,22.003194444444443
2013-08-31 08:00:00,748,491.5367231638418,55.51994444444445,3.051388888888889,0.0,23.578569444444444
2013-08-31 08:00:00,752,411.7566063977747,47.438916666666664,4.15,0.0,26.323472222222218
2013-08-31 08:00:00,754,402.4909596662031,55.27326388888889,3.577777777777778,0.0,23.590972222222224
2013-08-31 08:00:00,776,524.2970711297071,55.77802777777778,4.2125,0.0,23.737736111111115
2013-08-31 09:00:00,413,471.8050139275766,49.84596931659693,3.797768479776848,0.0,23.80750348675035
2013-08-31 09:00:00,415,488.49511854951186,58.34324512534818,3.8454038997214486,0.0,22.930403899721448
2013-08-31 09:00:00,417,360.2771587743733,58.378186889818686,3.4769874476987446,0.0,23.029707112970712
2013-08-31 09:00:00,419,459.3440111420613,60.00022284122563,3.596100278551532,0.0,49.491573816155984
2013-08-31 09:00:00,421,350.0069637883008,59.39682451253481,18.02367688022284,0.0,22.565961002785517
2013-08-31 09:00:00,422,420.2712100139082,59.80174094707521,27.643454038997213,0.0,22.75735376044568
2013-08-31 09:00:00,423,362.7284122562674,58.45888423988842,4.192468619246862,0.0,22.861143654114365
2013-08-31 09:00:00,424,408.08507670850764,57.574728789986096,3.7037552155771905,0.0,23.33808066759388
2013-08-31 09:00:00,442,459.9400278940028,56.45369958275382,4.093184979137691,0.0,23.532934631432546
2013-08-31 09:00:00,446,490.63927576601674,59.92966527196653,3.2566248256624823,0.0,22.519205020920502
2013-08-31 09:00:00,448,391.3523676880223,59.199066852367686,4.023676880222841,0.0,23.03016713091922
2013-08-31 09:00:00,452,371.9526462395543,52.99756606397775,2.7719054242002783,0.0,22.86126564673157
2013-08-31 09:00:00,454,343.82058414464535,59.94254166666666,3.2,0.0,22.81729166666667
2013-08-31 09:00:00,456,433.2548746518106,57.136908077994434,3.1420612813370474,0.0,23.384108635097494
2013-08-31 09:00:00,458,457.13788300835654,67.7474651810585,3.4317548746518107,0.0,20.383467966573814
2013-08-31 09:00:00,462,443.05153203342616,62.77339832869081,3.243732590529248,0.0,22.214359331476324
2013-08-31 09:00:00,510,321.74373259052925,58.95151599443672,3.888734353268428,0.0,22.655591098748264
2013-08-31 09:00:00,513,340.59832635983264,59.73998607242339,3.6128133704735377,0.0,22.512827298050137
2013-08-31 09:00:00,552,378.02642559109876,57.96449860724234,3.247910863509749,0.0,23.208300835654597
2013-08-31 09:00:00,554,441.12534818941504,60.8679079497908,4.518828451882845,0.0,22.299121338912133
2013-08-31 09:00:00,556,449.6675938803894,56.409079497907946,3.4337517433751743,0.0,23.519344490934447
2013-08-31 09:00:00,558,408.9275766016713,60.302375,3.484722222222222,0.0,22.919111111111114
2013-08-31 09:00:00,562,252.8983286908078,59.12449860724234,2.584958217270195,0.0,22.896713091922006
2013-08-31 09:00:00,564,283.3723849372385,58.25585774058577,3.6820083682008367,0.0,22.82629009762901
2013-08-31 09:00:00,621,464.2841225626741,54.82376044568245,6.158774373259053,0.0,25.275905292479113
2013-08-31 09:00:00,621A,375.1350974930362,64.54813370473538,3.885793871866295,0.0,21.08610027855153
2013-08-31 09:00:00,621C,424.67732962447843,60.126066945606695,3.616457461645746,0.0,22.229330543933056
2013-08-31 09:00:00,621D,477.61087866108784,58.88545961002786,3.0891364902506964,0.0,22.597548746518104
2013-08-31 09:00:00,621E,485.5799721835883,60.73016666666667,6.513888888888889,-1.0,22.233319444444444
2013-08-31 09:00:00,640,419.86768802228414,58.303421418637,4.065368567454798,0.0,22.78776077885953
2013-08-31 09:00:00,644,454.38718662952647,56.37271210013909,4.01808066759388,0.0,23.28728789986092
2013-08-31 09:00:00,648,115.00278551532034,55.12052998605299,3.684797768479777,0.0,23.328688981868897
2013-08-31 09:00:00,656A,439.3235294117647,57.50696378830084,4.589136490250697,0.0,23.223189415041784
2013-08-31 09:00:00,656B,429.6972222222222,53.89755894590846,3.20249653259362,0.0,23.95825242718447
2013-08-31 09:00:00,664,321.08205841446454,54.34136490250696,3.0891364902506964,0.0,23.959972144846795
2013-08-31 09:00:00,666,417.68479776847977,58.53916550764951,3.2878998609179417,0.0,22.909568845618914
2013-08-31 09:00:00,668,332.90555555555557,60.631841004184096,2143.8200836820083,0.0,22.33412831241283
2013-08-31 09:00:00,717,380.10709318497914,59.20054242002782,3.934631432545202,0.0,22.37077885952712
2013-08-31 09:00:00,719,412.1727019498607,60.467134909596666,3.5618915159944367,0.0,22.19440890125174
2013-08-31 09:00:00,721,317.4840055632823,60.152646239554315,3.6253481894150417,0.0,21.23026462395543
2013-08-31 09:00:00,722,340.9791086350975,55.17030598052851,3.717663421418637,0.0,22.894923504867872
2013-08-31 09:00:00,723,401.90947075208913,63.642576601671315,2.9526462395543174,0.0,21.514401114206127
2013-08-31 09:00:00,724,195.61645746164575,58.02905424200278,4.574408901251738,0.0,23.1105702364395
2013-08-31 09:00:00,726,390.3751743375174,54.30725626740947,3.0807799442896937,0.0,24.045445682451255
2013-08-31 09:00:00,734,323.94297635605005,54.93104311543811,3.8609179415855355,0.0,23.66299026425591
2013-08-31 09:00:00,746,508.31520223152023,61.35418636995828,3.564673157162726,0.0,21.867816411682895
2013-08-31 09:00:00,748,487.89958158995813,55.49874826147427,2.9707927677329624,0.0,23.53260083449235
2013-08-31 09:00:00,752,407.7465181058496,47.27267409470752,3.895543175487465,0.0,26.31069637883008
2013-08-31 09:00:00,754,399.3888888888889,55.590250347705144,3.556328233657858,0.0,23.423129346314326
2013-08-31 09:00:00,776,518.8479776847978,55.96974930362117,4.132311977715878,0.0,23.59320334261838
2013-08-31 10:00:00,413,461.88595271210016,49.87412011173185,3.7583798882681565,0.0,23.604692737430167
2013-08-31 10:00:00,415,478.7810320781032,58.26703342618385,3.8356545961002784,0.0,22.79682451253482
2013-08-31 10:00:00,417,352.89847009735746,58.27776077885952,3.403337969401947,0.0,22.904909596662034
2013-08-31 10:00:00,419,448.93888888888887,59.92972183588317,3.5618915159944367,0.0,55.526773296244784
2013-08-31 10:00:00,421,342.2451253481894,59.295208333333335,18.041666666666668,0.0,22.439583333333335
2013-08-31 10:00:00,422,411.08472222222224,59.728859527121,27.57162726008345,0.0,22.609582753824757
2013-08-31 10:00:00,423,354.5888888888889,58.207447698744765,4.4030683403068345,0.0,22.81299860529986
2013-08-31 10:00:00,424,400.01534170153417,57.30519444444444,3.626388888888889,0.0,23.294069444444442
2013-08-31 10:00:00,442,451.7029288702929,56.09395833333333,4.088888888888889,0.0,23.502430555555556
2013-08-31 10:00:00,446,483.3125,59.520726256983245,3.2835195530726256,0.0,22.477290502793295
2013-08-31 10:00:00,448,382.7204450625869,58.862573018080674,4.061196105702364,0.0,22.996216968011126
2013-08-31 10:00:00,452,363.7997218358832,52.713388888888886,2.813888888888889,0.0,22.825805555555554
2013-08-31 10:00:00,454,334.81111111111113,59.671211699164346,3.1977715877437327,0.0,22.78409470752089
2013-08-31 10:00:00,456,424.47771587743733,56.83746870653685,3.208623087621697,0.0,23.34059805285118
2013-08-31 10:00:00,458,448.1166666666667,67.49517385257302,3.388038942976356,0.0,20.306870653685674
2013-08-31 10:00:00,462,434.64623955431756,62.18725,3.3041666666666667,0.0,22.214319444444445
2013-08-31 10:00:00,510,311.38718662952647,59.12070833333334,3.8569444444444443,0.0,22.438499999999998
2013-08-31 10:00:00,513,331.92597765363126,59.77141863699583,3.5076495132127956,0.0,22.344742698191933
2013-08-31 10:00:00,552,368.8523676880223,57.65740277777778,3.213888888888889,0.0,23.17084722222222
2013-08-31 10:00:00,554,432.78581363004173,60.486066945606694,4.7322175732217575,0.0,22.26666666666667
2013-08-31 10:00:00,556,442.4951321279555,56.08546722454672,3.514644351464435,0.0,23.492566248256626
2013-08-31 10:00:00,558,400.6317991631799,60.015375,3.459722222222222,0.0,22.881194444444443
2013-08-31 10:00:00,562,246.68011126564673,58.862688022284125,2.628133704735376,0.0,22.848704735376042
2013-08-31 10:00:00,564,274.6815642458101,58.07175977653631,3.702513966480447,0.0,22.765628491620113
2013-08-31 10:00:00,621,453.59583333333336,54.67689847009736,6.072322670375522,0.0,25.211768802228413
2013-08-31 10:00:00,621A,366.9406779661017,64.50759388038942,3.8595271210013906,0.0,20.94219749652295
2013-08-31 10:00:00,621C,417.6388888888889,60.190585774058576,3.489539748953975,0.0,22.065174337517433
2013-08-31 10:00:00,621D,469.54811715481173,58.86351877607789,3.164116828929068,0.0,22.44853963838665
2013-08-31 10:00:00,621E,473.32217573221754,60.841499999999996,6.606944444444444,-1.0,22.0425
2013-08-31 10:00:00,640,410.00139082058416,58.151103351955314,4.192737430167598,0.0,22.678072625698324
2013-08-31 10:00:00,644,443.7367688022284,56.445791666666665,4.116666666666666,0.0,23.13125
2013-08-31 10:00:00,648,109.64623955431755,55.25973463687151,3.7779329608938546,0.0,23.159231843575416
2013-08-31 10:00:00,656A,431.5452016689847,57.518609179415854,4.602225312934632,0.0,23.0874826147427
2013-08-31 10:00:00,656B,421.2103064066852,53.95991643454039,3.215877437325905,0.0,23.805306406685236
2013-08-31 10:00:00,664,315.6166666666667,54.4333286908078,3.167130919220056,0.0,23.779484679665735
2013-08-31 10:00:00,666,407.45048814504884,58.514763888888886,3.248611111111111,0.0,22.762055555555555
2013-08-31 10:00:00,668,325.7638888888889,60.539203910614525,2168.308659217877,0.0,22.19703910614525
2013-08-31 10:00:00,717,370.975,59.256874999999994,4.072222222222222,0.0,22.222083333333334
2013-08-31 10:00:00,719,404.87325905292477,60.562125,3.401388888888889,0.0,22.031402777777778
2013-08-31 10:00:00,721,308.3936022253129,60.41414225941423,3.5076708507670853,0.0,21.026122733612272
2013-08-31 10:00:00,722,332.7232267037552,54.96451388888889,3.7444444444444445,0.0,22.84976388888889
2013-08-31 10:00:00,723,393.00278551532034,63.412,2.9277777777777776,0.0,21.421166666666668
2013-08-31 10:00:00,724,189.57122905027933,57.788763888888894,4.647222222222222,0.0,23.074430555555555
2013-08-31 10:00:00,726,383.53835425383545,54.10204735376044,3.1239554317548746,0.0,24.008635097493038
2013-08-31 10:00:00,734,315.1847222222222,55.159486111111114,4.034722222222222,0.0,23.42716666666667
2013-08-31 10:00:00,746,499.9427374301676,61.34804166666666,3.577777777777778,0.0,21.71211111111111
2013-08-31 10:00:00,748,480.6131284916201,55.35566852367688,2.916434540389972,0.0,23.47557103064067
2013-08-31 10:00:00,752,400.6262341325811,47.07091666666666,4.118055555555555,0.0,26.25613888888889
2013-08-31 10:00:00,754,389.46805555555557,55.64211267605634,3.547887323943662,0.0,23.27274647887324
2013-08-31 10:00:00,776,508.9511854951185,56.03391666666666,4.163888888888889,0.0,23.430986111111114
2013-08-31 11:00:00,413,460.2089136490251,49.8399442896936,3.883008356545961,0.0,23.407785515320334
2013-08-31 11:00:00,415,476.2576601671309,58.12471408647141,3.8451882845188283,0.0,22.65391910739191
2013-08-31 11:00:00,417,351.9151599443672,58.12826147426982,3.3365785813630042,0.0,22.771891515994437
2013-08-31 11:00:00,419,446.78303198887346,59.78700557103064,3.618384401114206,0.0,62.43206128133705
2013-08-31 11:00:00,421,339.55648535564853,59.11467315716272,18.01529902642559,0.0,22.31242002781641
2013-08-31 11:00:00,422,410.8597222222222,59.528370473537606,27.635097493036213,0.0,22.47766016713092
2013-08-31 11:00:00,423,352.49861111111113,57.858342618384405,4.370473537604457,0.0,22.76867688022284
2013-08-31 11:00:00,424,399.1824512534819,56.97803347280335,3.6527196652719667,0.0,23.245648535564854
2013-08-31 11:00:00,442,448.8133704735376,55.71941585535466,4.13490959666203,0.0,23.44089012517385
2013-08-31 11:00:00,446,482.2865090403338,59.03005578800557,3.2119944211994422,0.0,22.435620641562064
2013-08-31 11:00:00,448,381.13490959666206,58.44245125348189,4.048746518105849,0.0,22.9658217270195
2013-08-31 11:00:00,452,363.1281337047354,52.359652294853966,2.769123783031989,0.0,22.790319888734356
2013-08-31 11:00:00,454,333.7218358831711,59.31555084745762,3.2542372881355934,0.0,22.743333333333336
2013-08-31 11:00:00,456,422.78133704735376,56.45880222841225,3.1935933147632314,0.0,23.297242339832867
2013-08-31 11:00:00,458,449.7287899860918,66.8992339832869,3.433147632311978,0.0,20.289902506963788
2013-08-31 11:00:00,462,435.0083682008368,61.61237830319889,3.3393602225312935,0.0,22.190333796940195
2013-08-31 11:00:00,510,308.8702928870293,59.21589707927678,3.819193324061196,0.0,22.211655076495134
2013-08-31 11:00:00,513,329.5397489539749,59.6864116828929,3.6175243393602226,0.0,22.186397774687066
2013-08-31 11:00:00,552,367.0933147632312,57.27880555555555,3.352777777777778,0.0,23.130555555555556
2013-08-31 11:00:00,554,432.45403899721447,60.0049442896936,4.644846796657381,0.0,22.230612813370474
2013-08-31 11:00:00,556,440.84122562674094,55.73522284122563,3.415041782729805,0.0,23.448718662952647
2013-08-31 11:00:00,558,398.5598885793872,59.622809457579976,3.4172461752433936,0.0,22.844534075104313
2013-08-31 11:00:00,562,245.53203342618386,58.522468619246865,2.6150627615062763,0.0,22.800516039051605
2013-08-31 11:00:00,564,273.4958217270195,57.80490934449094,3.739191073919107,0.0,22.709330543933053
2013-08-31 11:00:00,621,450.95410292072324,54.44759052924791,6.161559888579387,0.0,25.128675034867502
2013-08-31 11:00:00,621A,365.1685236768802,64.37846796657381,3.8774373259052926,0.0,20.79473537604457
2013-08-31 11:00:00,621C,418.00694444444446,60.150878661087866,3.577405857740586,0.0,21.90853556485356
2013-08-31 11:00:00,621D,469.8022284122563,58.824798331015295,3.1432545201668987,0.0,22.276077885952713
2013-08-31 11:00:00,621E,471.2116991643454,60.88157162726008,6.518776077885953,-1.0,21.84787204450626
2013-08-31 11:00:00,640,410.5849582172702,57.941309192200556,4.18941504178273,0.0,22.55259052924791
2013-08-31 11:00:00,644,441.5724233983287,56.382586926286514,3.9791376912378302,0.0,22.99275382475661
2013-08-31 11:00:00,648,109.6276150627615,55.282175732217574,3.767085076708508,0.0,23.00054393305439
2013-08-31 11:00:00,656A,430.79776847977683,57.45107242339833,4.667130919220056,0.0,22.941016713091923
2013-08-31 11:00:00,656B,416.5439330543933,53.947629009762906,3.214783821478382,0.0,23.642147838214782
2013-08-31 11:00:00,664,315.2920723226704,54.3731520223152,3.126917712691771,0.0,23.634407252440724
2013-08-31 11:00:00,666,407.09052924791087,58.48447844228094,3.2531293463143256,0.0,22.594895688456187
2013-08-31 11:00:00,668,327.1641168289291,60.2816016713092,2197.965181058496,0.0,22.076643454038997
2013-08-31 11:00:00,717,369.5757997218359,59.1833240611961,4.0055632823365785,0.0,22.085271210013907
2013-08-31 11:00:00,719,402.5592747559275,60.532712100139086,3.3949930458970794,0.0,21.881112656467316
2013-08-31 11:00:00,721,305.71309192200556,60.498823529411766,3.538020086083214,0.0,20.84764705882353
2013-08-31 11:00:00,722,330.88317107093184,54.69283727399166,3.710709318497914,0.0,22.804951321279553
2013-08-31 11:00:00,723,393.83310152990265,63.12126564673157,2.9123783031988872,0.0,21.320417246175243
2013-08-31 11:00:00,724,188.01810584958218,57.4629009762901,4.680613668061367,0.0,23.043165969316597
2013-08-31 11:00:00,726,380.08217270194984,53.81142259414226,3.1520223152022315,0.0,23.978061366806138
2013-08-31 11:00:00,734,312.48948106591865,55.3113769123783,4.337969401947149,0.0,23.189707927677333
2013-08-31 11:00:00,746,499.3574408901252,61.20109874826147,3.5549374130737137,0.0,21.56481223922114
2013-08-31 11:00:00,748,477.144645340751,55.13522284122562,2.9707520891364902,0.0,23.408300835654597
2013-08-31 11:00:00,752,396.5891364902507,46.85237830319889,4.023643949930459,0.0,26.188664812239224
2013-08-31 11:00:00,754,387.6759388038943,55.59874826147427,3.588317107093185,0.0,23.12006954102921
2013-08-31 11:00:00,776,505.36072423398326,56.01184722222222,4.034722222222222,0.0,23.276611111111112
2013-08-31 12:00:00,413,458.10709318497914,50.02442737430167,3.7541899441340782,0.0,23.20424581005587
2013-08-31 12:00:00,415,476.51392757660165,58.10150208623087,3.8247566063977745,0.0,22.504770514603617
2013-08-31 12:00:00,417,351.97083333333336,58.10678272980501,3.3760445682451254,0.0,22.63318941504178
2013-08-31 12:00:00,419,446.2361111111111,59.77020862308762,3.659248956884562,0.0,65.34595271210014
2013-08-31 12:00:00,421,339.22175732217573,59.07823611111111,17.969444444444445,0.0,22.170777777777776
2013-08-31 12:00:00,422,409.38055555555553,59.559040333796936,27.62586926286509,0.0,22.33346314325452
2013-08-31 12:00:00,423,351.34444444444443,57.60958217270195,4.462395543175488,0.0,22.707715877437327
2013-08-31 12:00:00,424,398.0766016713092,56.7223709902371,3.5676429567642955,0.0,23.192357043235706
2013-08-31 12:00:00,442,449.3440111420613,55.49425,4.026388888888889,0.0,23.372597222222222
2013-08-31 12:00:00,446,480.8652777777778,58.75715083798882,3.3226256983240225,0.0,23.16203910614525
2013-08-31 12:00:00,448,381.03481894150417,58.105591098748256,4.068150208623088,0.0,22.92461752433936
2013-08-31 12:00:00,452,362.41727672035137,52.09123955431755,2.732590529247911,0.0,22.742924791086352
2013-08-31 12:00:00,454,333.01944444444445,59.048033472803354,3.2161785216178522,0.0,22.69707520891365
2013-08-31 12:00:00,456,422.1460361613352,56.15668984700974,3.1724617524339362,0.0,23.260737134909597
2013-08-31 12:00:00,458,447.9736111111111,66.60370833333334,3.4680555555555554,0.0,20.289930555555557
2013-08-31 12:00:00,462,433.8410041841004,61.203625,3.338888888888889,0.0,22.172972222222224
2013-08-31 12:00:00,510,308.7531380753138,59.449041666666666,3.827777777777778,0.0,22.02198611111111
2013-08-31 12:00:00,513,330.7960893854749,59.700459610027856,3.5055710306406684,0.0,22.034052924791087
2013-08-31 12:00:00,552,365.7576601671309,56.98769444444444,3.313888888888889,0.0,23.073375
2013-08-31 12:00:00,554,433.3393602225313,59.733816155988855,4.589136490250697,0.0,22.17615598885794
2013-08-31 12:00:00,556,440.92896935933146,55.435348189415045,3.4275766016713094,0.0,23.39990250696379
2013-08-31 12:00:00,558,397.6866295264624,59.31758333333334,3.4125,0.0,22.80188888888889
2013-08-31 12:00:00,562,244.98331015299027,58.22066759388039,2.592489568845619,0.0,22.7646314325452
2013-08-31 12:00:00,564,276.1601671309192,57.579567039106145,3.7360335195530725,0.0,22.646787709497207
2013-08-31 12:00:00,621,449.1,54.21994436717663,6.187760778859527,0.0,25.064923504867874
2013-08-31 12:00:00,621A,363.65785813630043,64.37541029207232,3.8692628650904033,0.0,20.660361613351878
2013-08-31 12:00:00,621C,417.4011142061281,60.161466480446926,3.553072625698324,0.0,21.756201117318437
2013-08-31 12:00:00,621D,469.7284122562674,58.88963888888889,3.1791666666666667,0.0,22.105944444444447
2013-08-31 12:00:00,621E,469.9581589958159,60.944,6.595833333333333,-1.0,21.675819444444446
2013-08-31 12:00:00,640,410.61613351877605,57.847949790794985,4.152022315202231,0.0,22.417935843793583
2013-08-31 12:00:00,644,441.21001390820584,56.34654166666667,4.033333333333333,0.0,22.85727777777778
2013-08-31 12:00:00,648,113.90264255910988,55.31072625698324,3.7416201117318435,0.0,22.852248603351953
2013-08-31 12:00:00,656A,431.16178521617854,57.438539638386644,4.631432545201669,0.0,22.79712100139082
2013-08-31 12:00:00,656B,415.7991631799163,53.99230125523012,3.287308228730823,0.0,23.473165969316593
2013-08-31 12:00:00,664,314.075,54.30192468619247,3.1087866108786613,0.0,23.50548117154812
2013-08-31 12:00:00,666,408.2660167130919,58.44795833333333,3.3680555555555554,0.0,22.45798611111111
2013-08-31 12:00:00,668,325.2611111111111,60.30952513966481,2180.472067039106,0.0,21.913673184357542
2013-08-31 12:00:00,717,369.0888888888889,59.133625,4.027777777777778,0.0,21.953972222222223
2013-08-31 12:00:00,719,402.8036211699164,60.525625,3.4125,0.0,21.740291666666668
2013-08-31 12:00:00,721,304.40725244072524,60.62296657381616,3.5250696378830084,0.0,20.673690807799442
2013-08-31 12:00:00,722,329.6044568245125,54.45283333333334,3.7263888888888888,0.0,22.752958333333332
2013-08-31 12:00:00,723,393.7576601671309,62.97033333333333,2.9402777777777778,0.0,21.216513888888887
2013-08-31 12:00:00,724,186.42737430167597,57.17648535564854,4.684797768479777,0.0,22.99403068340307
2013-08-31 12:00:00,726,379.44150417827296,53.54412831241283,3.1673640167364017,0.0,23.931338912133892
2013-08-31 12:00:00,734,316.0472222222222,55.52055555555556,4.620833333333334,0.0,22.963305555555557
2013-08-31 12:00:00,746,499.8649025069638,61.248333333333335,3.5083333333333333,0.0,21.410208333333333
2013-08-31 12:00:00,748,475.7883008356546,54.91595536959554,2.9358437935843793,0.0,23.333430962343098
2013-08-31 12:00:00,752,396.7944444444444,46.619930555555555,4.084722222222222,0.0,26.114874999999998
2013-08-31 12:00:00,754,390.12638888888887,55.606208333333335,3.5861111111111112,0.0,22.964333333333332
2013-08-31 12:00:00,776,501.8635097493036,56.016305555555554,4.016666666666667,0.0,23.126749999999998
2013-08-31 13:00:00,413,450.5952712100139,50.60103207810321,5.0571827057182706,0.0,23.03905160390516
2013-08-31 13:00:00,415,471.475,58.40870653685675,4.617524339360222,0.0,22.38011126564673
2013-08-31 13:00:00,417,347.0361613351878,58.39543296089385,4.568435754189944,0.0,22.528435754189946
2013-08-31 13:00:00,419,441.76379066478074,60.07969401947149,5.439499304589708,0.0,41.98578581363004
2013-08-31 13:00:00,421,335.87150837988827,59.38107093184979,20.477051460361615,0.0,22.0582892906815
2013-08-31 13:00:00,422,404.78859527121,59.931794158553544,30.009735744089014,0.0,22.251307371349096
2013-08-31 13:00:00,423,346.7705146036161,57.65251388888888,4.5,0.0,22.654944444444443
2013-08-31 13:00:00,424,393.4125,56.76536312849162,3.516759776536313,0.0,23.146117318435753
2013-08-31 13:00:00,442,443.53685674547984,55.62746870653686,4.00278164116829,0.0,23.331877607788595
2013-08-31 13:00:00,446,477.7510431154381,58.915299860529984,3.237099023709902,0.0,22.34708507670851
2013-08-31 13:00:00,448,376.7517433751743,58.139111111111106,4.088888888888889,0.0,22.891333333333332
2013-08-31 13:00:00,452,357.4200278164117,52.109082058414465,2.7858136300417247,0.0,22.708553546592487
2013-08-31 13:00:00,454,329.29346314325454,59.059707520891365,3.201949860724234,0.0,22.662100139082057
2013-08-31 13:00:00,456,417.326842837274,56.21208623087622,3.152990264255911,0.0,23.220598052851184
2013-08-31 13:00:00,458,445.9068150208623,66.84696801112656,3.4061196105702365,0.0,20.346968011126563
2013-08-31 13:00:00,462,427.4804469273743,61.22158553546593,3.329624478442281,0.0,22.17941585535466
2013-08-31 13:00:00,510,302.1019553072626,60.21048746518105,4.4164345403899725,0.0,21.853356545961002
2013-08-31 13:00:00,513,325.30822873082286,60.136634078212296,3.6410614525139664,0.0,21.9143156424581
2013-08-31 13:00:00,552,361.26080892608087,57.02849791376912,3.301808066759388,0.0,23.036230876216965
2013-08-31 13:00:00,554,427.0625869262865,59.94477777777777,4.573611111111111,0.0,22.140013888888888
2013-08-31 13:00:00,556,435.65924895688454,55.457347222222225,3.4444444444444446,0.0,23.35823611111111
2013-08-31 13:00:00,558,392.01668984700973,59.379777158774374,3.4554317548746516,0.0,22.765529247910866
2013-08-31 13:00:00,562,240.96383866481224,58.2919471488178,2.5605006954102922,0.0,22.739749652294854
2013-08-31 13:00:00,564,271.9567642956764,57.658814504881455,3.7503486750348674,0.0,22.60150627615063
2013-08-31 13:00:00,621,448.5702364394993,54.21190542420028,6.151599443671766,0.0,25.05119828815977
2013-08-31 13:00:00,621A,358.86509040333794,64.88578581363005,5.250347705146036,0.0,20.56662030598053
2013-08-31 13:00:00,621C,410.6258692628651,60.532956764295676,7.864714086471409,0.0,21.64510460251046
2013-08-31 13:00:00,621D,465.00555555555553,59.35158553546593,7.78442280945758,0.0,21.97720445062587
2013-08-31 13:00:00,621E,461.1460361613352,61.393649025069635,7.639275766016713,-1.0,21.535891364902508
2013-08-31 13:00:00,640,406.6203059805285,58.16508379888268,4.156424581005586,0.0,22.299664804469273
2013-08-31 13:00:00,644,433.452016689847,56.68696801112657,4.742698191933241,0.0,22.72173852573018
2013-08-31 13:00:00,648,108.52573018080668,55.662440725244075,4.323570432357044,0.0,22.725495118549514
2013-08-31 13:00:00,656A,424.83240223463685,57.73962447844228,5.119610570236439,0.0,22.688386648122393
2013-08-31 13:00:00,656B,409.68854748603354,54.310195530726254,3.5446927374301676,0.0,23.33963687150838
2013-08-31 13:00:00,664,309.6244784422809,54.5183147632312,3.094707520891365,0.0,23.398704735376047
2013-08-31 13:00:00,666,400.3173483779972,58.853157162726006,4.008344923504868,0.0,22.347260083449235
2013-08-31 13:00:00,668,321.1571627260083,60.86364016736402,2176.1450488145047,0.0,21.799302649930265
2013-08-31 13:00:00,717,363.80250347705146,59.40794158553546,6.554937413073714,0.0,21.86068150208623
2013-08-31 13:00:00,719,396.8077994428969,60.84176634214187,10.567454798331015,0.0,21.644186369958277
2013-08-31 13:00:00,721,297.94692737430165,61.005625,9.876388888888888,0.0,20.580902777777776
2013-08-31 13:00:00,722,324.3100558659218,54.49183588317107,3.7468706536856744,0.0,22.713226703755215
2013-08-31 13:00:00,723,390.12412831241284,63.28394993045897,5.37134909596662,0.0,21.156898470097357
2013-08-31 13:00:00,724,183.53835425383542,57.180669456066944,4.649930264993026,0.0,22.95175732217573
2013-08-31 13:00:00,726,375.9346314325452,53.533737796373785,3.1799163179916317,0.0,23.889218967921895
2013-08-31 13:00:00,734,316.5994436717663,56.127054698457215,4.828892005610098,0.0,22.772861150070124
2013-08-31 13:00:00,746,493.1434540389972,61.82141863699582,3.64673157162726,0.0,21.313602225312934
2013-08-31 13:00:00,748,470.0877437325905,54.8873640167364,2.9735006973500697,0.0,23.271589958158994
2013-08-31 13:00:00,752,392.42280945757994,46.549040333796945,4.093184979137691,0.0,26.060848400556328
2013-08-31 13:00:00,754,386.55354659248957,55.97756606397775,3.5910987482614742,0.0,22.839958275382475
2013-08-31 13:00:00,776,496.3175487465181,56.32774687065369,4.438108484005563,0.0,23.012642559109874
2013-08-31 14:00:00,413,458.72486033519556,51.23148817802504,22.671766342141865,0.0,22.937802503477048
2013-08-31 14:00:00,415,476.7055555555556,58.861291666666666,16.16111111111111,0.0,22.31544444444444
2013-08-31 14:00:00,417,349.3659217877095,58.770681502086234,20.855354659248956,0.0,22.49489568845619
2013-08-31 14:00:00,419,446.1376912378303,60.50463687150838,33.29329608938548,0.0,42.80924581005586
2013-08-31 14:00:00,421,342.39638386648124,59.73243055555555,57.30277777777778,0.0,22.032958333333333
2013-08-31 14:00:00,422,413.4138888888889,60.34173184357542,64.79329608938548,0.0,22.242430167597764
2013-08-31 14:00:00,423,353.1430555555556,57.88466666666667,4.625,0.0,22.639930555555555
2013-08-31 14:00:00,424,397.9638888888889,57.02335187760779,3.7065368567454797,0.0,23.11751388888889
2013-08-31 14:00:00,442,451.0,55.90861924686193,4.112970711297071,0.0,23.330251046025104
2013-08-31 14:00:00,446,483.79888268156424,59.192294853963844,3.2058414464534075,0.0,22.365452016689847
2013-08-31 14:00:00,448,381.3936022253129,58.36331005586592,4.009776536312849,0.0,22.8902374301676
2013-08-31 14:00:00,452,361.9217877094972,52.34372222222222,2.772222222222222,0.0,22.69648611111111
2013-08-31 14:00:00,454,333.04888268156424,59.20783333333333,3.2222222222222223,0.0,22.66840277777778
2013-08-31 14:00:00,456,422.1486111111111,56.46951117318436,3.159217877094972,0.0,23.227863128491617
2013-08-31 14:00:00,458,453.56666666666666,66.94378491620111,3.4818435754189943,0.0,20.408296089385477
2013-08-31 14:00:00,462,434.79554937413076,61.46725,3.327777777777778,0.0,22.209916666666665
2013-08-31 14:00:00,510,305.19193324061195,61.09174581005587,14.512569832402235,0.0,21.754986033519554
2013-08-31 14:00:00,513,331.04589707927676,60.782642559109874,5.133518776077886,0.0,21.87030598052851
2013-08-31 14:00:00,552,366.6119610570236,57.38379166666667,3.3,0.0,23.016638888888888
2013-08-31 14:00:00,554,434.6131284916201,60.32934722222222,4.620833333333334,0.0,22.158986111111112
2013-08-31 14:00:00,556,439.6875,55.81355555555556,3.3680555555555554,0.0,23.325277777777778
2013-08-31 14:00:00,558,396.56388888888887,59.699120111731844,3.4874301675977653,0.0,22.764888268156426
2013-08-31 14:00:00,562,245.3296089385475,58.626773743016756,2.589385474860335,0.0,22.74145251396648
2013-08-31 14:00:00,564,277.2888888888889,58.012239221140476,3.709318497913769,0.0,22.589777468706536
2013-08-31 14:00:00,621,449.80806675938805,54.39441340782123,6.039106145251397,2.5761772853185594,25.035791666666668
2013-08-31 14:00:00,621A,366.62988826815644,65.49335195530726,26.449720670391063,0.0,20.576522346368712
2013-08-31 14:00:00,621C,415.2888888888889,61.162378303198885,71.8289290681502,0.0,21.621251738525732
2013-08-31 14:00:00,621D,470.84005563282335,59.98879888268156,74.38966480446928,0.0,21.92473463687151
2013-08-31 14:00:00,621E,465.83310152990265,62.132025139664805,23.39804469273743,-1.0,21.4656843575419
2013-08-31 14:00:00,640,412.00418994413405,58.817413073713496,4.624478442280946,0.0,22.246216968011126
2013-08-31 14:00:00,644,437.909217877095,57.34225,15.647222222222222,0.0,22.63763888888889
2013-08-31 14:00:00,648,106.21974965229485,56.240806675938806,15.653685674547983,0.0,22.666509040333796
2013-08-31 14:00:00,656A,431.575,58.30666201117318,13.455307262569832,0.0,22.63290502793296
2013-08-31 14:00:00,656B,414.69166666666666,54.90350486787205,8.020862308762169,0.0,23.257093184979137
2013-08-31 14:00:00,664,313.60833333333335,55.04777777777778,3.084722222222222,0.0,23.333152777777777
2013-08-31 14:00:00,666,405.0027777777778,59.487371349095966,16.578581363004172,0.0,22.31125173852573
2013-08-31 14:00:00,668,328.3519553072626,61.52571627260083,2181.102920723227,0.0,21.7425173852573
2013-08-31 14:00:00,717,369.12916666666666,59.93872905027933,40.770949720670394,0.0,21.855279329608937
2013-08-31 14:00:00,719,403.025,61.43062849162011,113.00837988826815,0.0,21.64445530726257
2013-08-31 14:00:00,721,303.2336578581363,61.49279166666666,100.27222222222223,0.0,20.61938888888889
2013-08-31 14:00:00,722,329.9721835883171,54.85753155680224,3.758765778401122,0.0,22.69719887955182
2013-08-31 14:00:00,723,396.88038942976357,63.77811111111111,42.65972222222222,0.0,21.20426388888889
2013-08-31 14:00:00,724,187.32545201668984,57.51301808066759,4.739916550764951,0.0,22.9559388038943
2013-08-31 14:00:00,726,380.4847222222222,53.864583333333336,3.2305555555555556,0.0,23.873180555555553
2013-08-31 14:00:00,734,321.2614742698192,57.047583333333336,6.351388888888889,0.0,22.65284722222222
2013-08-31 14:00:00,746,502.0472878998609,62.550958333333334,4.168055555555555,0.0,21.304180555555554
2013-08-31 14:00:00,748,472.9874826147427,55.182141863699584,2.9624478442280946,0.0,23.238011126564675
2013-08-31 14:00:00,752,395.5446927374302,46.834180555555555,4.123783031988873,0.0,26.01601388888889
2013-08-31 14:00:00,754,392.64525139664806,56.70813888888889,4.408333333333333,0.0,22.770347222222224
2013-08-31 14:00:00,776,502.6666666666667,56.95055555555556,10.322222222222223,0.0,22.940527777777778
2013-08-31 15:00:00,413,450.07093184979135,51.04260808926081,54.41004184100419,0.0,22.908605299860533
2013-08-31 15:00:00,415,474.92747559274756,58.77994436717663,40.81084840055633,0.0,22.321182197496523
2013-08-31 15:00:00,417,346.82197496522946,58.53813110181311,45.96931659693166,0.0,22.53308228730823
2013-08-31 15:00:00,419,440.6991643454039,60.29337969401948,83.54659248956885,0.0,41.207399165507645
2013-08-31 15:00:00,421,339.31894150417827,59.5050557103064,107.3175487465181,0.0,22.060055710306404
2013-08-31 15:00:00,422,407.6058495821727,59.930556328233656,118.19054242002781,0.0,22.301126564673158
2013-08-31 15:00:00,423,347.86072423398326,57.734756606397774,4.56884561891516,0.0,22.62471488178025
2013-08-31 15:00:00,424,394.4075104311544,56.87229166666667,3.702777777777778,0.0,23.100875000000002
2013-08-31 15:00:00,442,444.21557719054243,55.629246861924685,4.193863319386332,0.0,23.345829846582983
2013-08-31 15:00:00,446,477.16434540389974,58.85569037656904,3.288702928870293,0.0,22.379860529986054
2013-08-31 15:00:00,448,378.0864714086471,58.12673157162726,4.05980528511822,0.0,22.902489568845617
2013-08-31 15:00:00,452,357.653685674548,52.0725069637883,2.8091922005571033,0.0,22.73491643454039
2013-08-31 15:00:00,454,330.16295264623955,58.99727399165508,3.2141863699582753,0.0,22.67605006954103
2013-08-31 15:00:00,456,417.5271210013908,56.23037552155772,3.1905424200278163,0.0,23.236703755215576
2013-08-31 15:00:00,458,444.96378830083563,66.66901251738527,3.553546592489569,0.0,20.338317107093186
2013-08-31 15:00:00,462,428.465829846583,61.054582172701956,3.5041782729805013,0.0,22.237896935933147
2013-08-31 15:00:00,510,297.68200836820085,60.772175732217576,45.10599721059972,0.0,21.7486889818689
2013-08-31 15:00:00,513,326.59553695955367,60.43793584379358,7.5592747559274756,0.0,21.906234309623432
2013-08-31 15:00:00,552,363.5536959553696,57.120473537604454,3.201949860724234,0.0,23.043272980501392
2013-08-31 15:00:00,554,426.34770514603616,59.91803894297635,4.6230876216968015,0.0,22.167134909596662
2013-08-31 15:00:00,556,435.95961002785515,55.67876216968011,3.4534075104311546,0.0,23.284687065368566
2013-08-31 15:00:00,558,392.6727019498607,59.43739554317549,3.4637883008356547,0.0,22.762228412256267
2013-08-31 15:00:00,562,242.31710709318497,58.38296244784423,2.610570236439499,0.0,22.72645340751043
2013-08-31 15:00:00,564,273.9818688981869,57.816234309623425,4.131101813110181,0.0,22.57979079497908
2013-08-31 15:00:00,621,448.27615062761504,54.27610570236439,6.122392211404729,1.2138888888888888,25.03447222222222
2013-08-31 15:00:00,621A,358.0792767732963,64.9453685674548,61.425591098748264,0.0,20.646481223922112
2013-08-31 15:00:00,621C,411.82451253481895,60.81146443514644,179.90934449093444,0.0,21.706122733612272
2013-08-31 15:00:00,621D,465.6150627615063,59.614812239221145,185.89568845618916,0.0,21.995271210013907
2013-08-31 15:00:00,621E,461.24930362116993,61.85564066852368,54.51114206128134,-1.0,21.50217270194986
2013-08-31 15:00:00,640,406.60361613351876,58.604832869080774,5.6504178272980505,0.0,22.249596100278552
2013-08-31 15:00:00,644,434.37273991655076,57.296239554317545,56.306406685236766,0.0,22.605682451253482
2013-08-31 15:00:00,648,103.99304589707927,55.96520223152023,135.11854951185495,0.0,22.745969316596934
2013-08-31 15:00:00,656A,428.0861111111111,58.00827538247566,83.59944367176634,0.0,22.71913769123783
2013-08-31 15:00:00,656B,412.8041666666667,54.708013888888885,37.73888888888889,0.0,23.328722222222222
2013-08-31 15:00:00,664,310.37325905292477,55.003236111111114,3.2597222222222224,0.0,23.284611111111115
2013-08-31 15:00:00,666,400.5230125523013,59.00678272980502,150.0306406685237,0.0,22.44493036211699
2013-08-31 15:00:00,668,321.0557103064067,61.44121338912134,2157.1408647140865,0.0,21.657726638772665
2013-08-31 15:00:00,717,366.61420612813373,59.54848189415041,102.68802228412257,0.0,21.94743732590529
2013-08-31 15:00:00,719,400.29027777777776,60.873830083565466,299.64484679665736,0.0,21.804164345403898
2013-08-31 15:00:00,721,296.85376044568244,60.77681058495822,198.4568245125348,0.0,20.813189415041784
2013-08-31 15:00:00,722,325.5202231520223,54.66381615598886,3.8788300835654597,0.0,22.691963788300836
2013-08-31 15:00:00,723,388.3919107391911,63.066796657381616,153.66155988857938,0.0,21.34476323119777
2013-08-31 15:00:00,724,184.44909344490935,57.31522222222222,4.831944444444445,0.0,22.954375000000002
2013-08-31 15:00:00,726,378.98467966573816,53.69979166666666,3.254166666666667,0.0,23.865819444444444
2013-08-31 15:00:00,734,317.6016713091922,56.971894150417825,11.027855153203342,0.0,22.627604456824514
2013-08-31 15:00:00,746,494.91910739191076,61.9083286908078,9.818941504178273,0.0,21.416699164345406
2013-08-31 15:00:00,748,472.2008368200837,55.09938718662953,3.0250696378830084,0.0,23.23433147632312
2013-08-31 15:00:00,752,394.3718662952646,46.72913649025069,4.06824512534819,0.0,26.035640668523676
2013-08-31 15:00:00,754,385.77437325905294,56.385571030640676,10.275766016713092,0.0,22.853189415041783
2013-08-31 15:00:00,776,497.72562674094706,56.813073654390934,29.497167138810198,0.0,22.932464589235128
2013-08-31 16:00:00,413,444.36541143654114,50.87658333333333,80.5111111111111,0.0,22.872541666666667
2013-08-31 16:00:00,415,466.86509040333794,58.56058577405858,45.50348675034868,0.0,22.334909344490935
2013-08-31 16:00:00,417,342.8994413407821,58.259221140472874,56.63143254520167,0.0,22.55838664812239
2013-08-31 16:00:00,419,436.356050069541,59.99602510460251,102.94839609483961,0.0,37.40417015341701
2013-08-31 16:00:00,421,332.7402777777778,59.11057103064067,153.55431754874652,0.0,22.122743732590532
2013-08-31 16:00:00,422,402.2545201668985,59.588326359832635,144.91352859135287,0.0,22.31278940027894
2013-08-31 16:00:00,423,342.57719054242006,57.556689847009736,4.525730180806676,0.0,22.601961057023647
2013-08-31 16:00:00,424,388.75521557719054,56.70755215577191,3.7496522948539637,0.0,23.0781223922114
2013-08-31 16:00:00,442,438.62916666666666,55.41077885952712,4.312934631432546,0.0,23.31931849791377
2013-08-31 16:00:00,446,471.980528511822,58.57506944444445,3.327777777777778,0.0,22.36548611111111
2013-08-31 16:00:00,448,372.3036211699164,57.86928870292887,4.100418410041841,0.0,22.902580195258018
2013-08-31 16:00:00,452,352.05857740585776,51.85175,2.826388888888889,0.0,22.728569444444442
2013-08-31 16:00:00,454,324.7252440725244,58.80158995815899,3.196652719665272,0.0,22.660432357043238
2013-08-31 16:00:00,456,412.1601671309192,56.01199442119944,3.1338912133891212,0.0,23.22260808926081
2013-08-31 16:00:00,458,438.88317107093184,66.3936592178771,3.5391061452513966,0.0,20.298324022346367
2013-08-31 16:00:00,462,422.336578581363,60.68788595271211,3.486787204450626,0.0,22.245535465924895
2013-08-31 16:00:00,510,292.12831241283124,60.50274755927476,54.492329149232916,0.0,21.731239554317547
2013-08-31 16:00:00,513,319.69401947148816,60.049790794979074,8.800557880055788,0.0,21.9386889818689
2013-08-31 16:00:00,552,357.4019471488178,56.87785813630042,3.273991655076495,0.0,23.038150208623087
2013-08-31 16:00:00,554,421.7029288702929,59.68449235048679,4.657858136300417,0.0,22.127343532684282
2013-08-31 16:00:00,556,429.47222222222223,55.52475660639778,3.3699582753824755,0.0,23.242837273991654
2013-08-31 16:00:00,558,386.4840055632823,59.220377094972065,3.3966480446927374,0.0,22.73349162011173
2013-08-31 16:00:00,562,238.50488145048814,58.17005578800558,2.6569037656903767,0.0,22.697433751743375
2013-08-31 16:00:00,564,266.85118219749654,57.62616133518776,3.8817802503477052,0.0,22.55757997218359
2013-08-31 16:00:00,621,432.0806675938804,54.101548117154806,6.2510460251046025,0.07756232686980609,24.94597222222222
2013-08-31 16:00:00,621A,353.81058495821725,64.5944909344491,65.14923291492329,0.0,20.644853556485355
2013-08-31 16:00:00,621C,406.8497913769124,60.471515994436714,206.15994436717662,0.0,21.73847009735744
2013-08-31 16:00:00,621D,461.03337969401946,59.280921787709495,203.58100558659217,0.0,22.04349162011173
2013-08-31 16:00:00,621E,454.92200557103064,61.57603064066853,62.25626740947075,-1.0,21.52807799442897
2013-08-31 16:00:00,640,398.7590529247911,58.35591666666667,5.897222222222222,0.0,22.23995833333333
2013-08-31 16:00:00,644,426.4267782426778,56.989805285118216,86.76773296244784,0.0,22.656105702364396
2013-08-31 16:00:00,648,99.27754532775454,55.140403337969396,72.06954102920723,0.0,23.058970792767735
2013-08-31 16:00:00,656A,422.35564853556485,56.86793584379358,141.07252440725244,0.0,23.23192468619247
2013-08-31 16:00:00,656B,409.547983310153,53.70315716272601,58.79554937413074,0.0,23.848219749652294
2013-08-31 16:00:00,664,401.1223922114047,55.18771587743733,25.550139275766018,9.206185567010309,23.374679665738164
2013-08-31 16:00:00,666,390.2712100139082,57.27257660167131,239.11559888579387,0.0,23.1541922005571
2013-08-31 16:00:00,668,316.60917941585535,61.09273991655076,2186.500695410292,0.0,21.709680111265648
2013-08-31 16:00:00,717,361.43115438108487,59.05122392211405,113.6258692628651,0.0,22.036968011126564
2013-08-31 16:00:00,719,394.9402777777778,60.233421418637,338.1752433936022,0.0,21.934812239221138
2013-08-31 16:00:00,721,291.89986091794157,60.200305980528505,146.1808066759388,0.0,20.92008344923505
2013-08-31 16:00:00,722,320.78859527121,54.48370473537605,3.884401114206128,0.0,22.661880222841226
2013-08-31 16:00:00,723,381.7952646239554,62.39146036161335,205.7009735744089,0.0,21.455048678720445
2013-08-31 16:00:00,724,180.5910987482615,57.114250000000006,4.844444444444444,0.0,22.928416666666667
2013-08-31 16:00:00,726,371.37830319888735,53.53320334261838,3.222841225626741,0.0,23.831810584958216
2013-08-31 16:00:00,734,311.1852367688022,56.774846796657386,12.807799442896936,0.0,22.65559888579387
2013-08-31 16:00:00,746,488.7440890125174,60.858956884561884,12.948539638386649,0.0,21.70728789986092
2013-08-31 16:00:00,748,465.80806675938805,54.900375,3.058333333333333,0.0,23.263944444444444
2013-08-31 16:00:00,752,387.518156424581,46.553477051460355,4.045897079276774,0.0,26.061515994436718
2013-08-31 16:00:00,754,378.44367176634216,55.114325452016686,13.979137691237831,0.0,23.39118219749652
2013-08-31 16:00:00,776,495.8692628650904,56.376666666666665,125.7768479776848,0.0,23.16037656903766
2013-08-31 17:00:00,413,443.8342618384401,51.14032122905028,95.02653631284916,0.0,22.852877094972065
2013-08-31 17:00:00,415,466.1938633193863,58.58676880222841,47.863509749303624,0.0,22.350041782729804
2013-08-31 17:00:00,417,340.7799442896936,58.249916434540395,66.46518105849582,0.0,22.589944367176635
2013-08-31 17:00:00,419,434.75626740947075,59.966587743732596,115.08217270194986,0.0,55.27576601671309
2013-08-31 17:00:00,421,331.8358831710709,59.025208913649024,184.53899721448468,0.0,22.16823119777159
2013-08-31 17:00:00,422,400.65646731571627,59.69954038997215,166.77437325905294,0.0,22.333844011142062
2013-08-31 17:00:00,423,340.81894150417827,57.60304044630404,4.709902370990237,0.0,22.580613668061364
2013-08-31 17:00:00,424,385.88702928870293,56.74974930362117,3.6420612813370474,0.0,23.059442896935934
2013-08-31 17:00:00,442,436.66295264623955,55.531140472878995,4.592489568845619,0.0,23.304116828929068
2013-08-31 17:00:00,446,471.0417246175243,58.735473537604456,3.331476323119777,0.0,22.34607242339833
2013-08-31 17:00:00,448,369.85754189944134,57.89120464441219,4.127721335268505,0.0,22.887503628447025
2013-08-31 17:00:00,452,349.92468619246864,51.961295264623956,2.7701949860724233,0.0,22.68534818941504
2013-08-31 17:00:00,454,321.9236111111111,58.82597493036212,3.256267409470752,0.0,22.64633704735376
2013-08-31 17:00:00,456,409.9456824512535,56.057646239554316,3.252089136490251,0.0,23.207116991643453
2013-08-31 17:00:00,458,440.0069541029207,66.89507670850767,3.663877266387727,0.0,20.323821478382147
2013-08-31 17:00:00,462,422.9233983286908,60.79570236439499,3.7051460361613353,0.0,22.244617524339358
2013-08-31 17:00:00,510,294.1717877094972,60.73030598052852,53.276773296244784,0.0,21.788803894297637
2013-08-31 17:00:00,513,317.30404463040446,60.04121508379889,10.21927374301676,0.0,21.992653631284917
2013-08-31 17:00:00,552,355.2200557103064,56.89615598885794,3.3119777158774375,0.0,23.034721448467966
2013-08-31 17:00:00,554,421.6949860724234,59.92875871687587,4.647140864714086,0.0,22.113277545327755
2013-08-31 17:00:00,556,428.1114206128134,55.62831241283124,3.408647140864714,0.0,23.21843793584379
2013-08-31 17:00:00,558,384.6908077994429,59.34033379694019,3.4019471488178024,0.0,22.71824756606398
2013-08-31 17:00:00,562,236.46164574616458,58.29289693593315,2.5919220055710306,0.0,22.691016713091923
2013-08-31 17:00:00,564,264.3899721448468,57.62826147426982,3.787204450625869,0.0,22.582475660639776
2013-08-31 17:00:00,621,421.82058414464535,54.14378830083565,6.281337047353761,0.0,24.7608217270195
2013-08-31 17:00:00,621A,354.31894150417827,64.79257660167131,74.64066852367688,0.0,20.672813370473538
2013-08-31 17:00:00,621C,403.86369958275384,60.50788300835654,229.35376044568244,0.0,21.786629526462395
2013-08-31 17:00:00,621D,458.77545327754535,59.33682451253481,223.55292479108635,0.0,22.109025069637884
2013-08-31 17:00:00,621E,452.39693593314763,61.60687065368568,68.35883171070932,-1.0,21.587997218358833
2013-08-31 17:00:00,640,395.32869080779943,58.34026425591099,10.849791376912378,0.0,22.370528511821973
2013-08-31 17:00:00,644,426.97632311977713,56.63722841225626,146.85793871866295,0.0,22.894777158774374
2013-08-31 17:00:00,648,98.45961002785515,54.86546592489569,152.99860917941587,0.0,23.1626842837274
2013-08-31 17:00:00,656A,424.61977715877435,55.13862116991643,164.67548746518105,0.0,23.998997214484678
2013-08-31 17:00:00,656B,410.458217270195,52.0542119944212,77.25244072524407,0.0,24.722845188284516
2013-08-31 17:00:00,664,488.82869080779943,55.02635097493036,30.789693593314762,13.279069767441861,23.717033426183846
2013-08-31 17:00:00,666,387.3403068340307,54.91307799442897,269.04456824512533,0.0,24.16097493036212
2013-08-31 17:00:00,668,315.1125,60.103922114047286,2168.30876216968,0.0,22.23155771905424
2013-08-31 17:00:00,717,361.3824756606398,58.822125,126.55,0.0,22.163416666666667
2013-08-31 17:00:00,719,393.94853963838665,59.97870833333333,364.5736111111111,0.0,22.072097222222222
2013-08-31 17:00:00,721,291.1450488145049,59.81020920502092,155.3486750348675,0.0,21.11442119944212
2013-08-31 17:00:00,722,319.1882845188284,54.55649513212796,3.917941585535466,0.0,22.6392628650904
2013-08-31 17:00:00,723,381.8491620111732,62.10391364902507,227.94568245125348,0.0,21.58533426183844
2013-08-31 17:00:00,724,179.01115760111577,57.15143454038998,4.85933147632312,0.0,22.9158356545961
2013-08-31 17:00:00,726,367.3690807799443,53.57292479108635,3.3022284122562673,0.0,23.810557103064067
2013-08-31 17:00:00,734,306.5738161559889,56.657005571030645,12.778551532033426,0.0,22.794540389972145
2013-08-31 17:00:00,746,494.7952646239554,59.76803894297636,13.290681502086231,0.0,22.252517385257303
2013-08-31 17:00:00,748,464.9874651810585,54.6682892906815,2.9749652294853965,0.0,23.374993045897078
2013-08-31 17:00:00,752,385.21448467966576,46.41431154381085,4.154381084840056,0.0,26.164979137691237
2013-08-31 17:00:00,754,374.8875,53.31988857938719,15.401114206128133,0.0,24.206796657381616
2013-08-31 17:00:00,776,498.9066852367688,55.331406685236765,107.79387186629526,0.0,23.81259052924791
2013-08-31 18:00:00,413,446.7402135231317,51.42478571428571,102.24642857142857,0.0,22.864464285714288
2013-08-31 18:00:00,415,467.29537366548044,58.75786476868327,48.49822064056939,0.0,22.38540925266904
2013-08-31 18:00:00,417,341.29537366548044,58.345642857142856,72.56428571428572,0.0,22.645535714285714
2013-08-31 18:00:00,419,435.96785714285716,60.08419928825623,120.83985765124555,0.0,55.66366548042704
2013-08-31 18:00:00,421,332.5607142857143,59.173071428571426,195.79642857142858,0.0,22.208142857142857
2013-08-31 18:00:00,422,405.9681978798587,59.88241992882562,177.8185053380783,0.0,22.380391459074733
2013-08-31 18:00:00,423,341.14642857142854,57.80338078291815,4.708185053380783,0.0,22.57202846975089
2013-08-31 18:00:00,424,386.5409252669039,56.94352313167259,3.7295373665480427,0.0,23.05032028469751
2013-08-31 18:00:00,442,439.0886524822695,55.76886120996441,4.544483985765124,0.0,23.29476868327402
2013-08-31 18:00:00,446,472.9751773049645,59.01232974910394,3.193548387096774,0.0,22.345017921146955
2013-08-31 18:00:00,448,371.575,58.11516014234875,4.103202846975089,0.0,22.88355871886121
2013-08-31 18:00:00,452,351.1708185053381,52.17348754448398,2.775800711743772,0.0,22.68
2013-08-31 18:00:00,454,323.43109540636044,58.983285714285714,3.2714285714285714,0.0,22.64542857142857
2013-08-31 18:00:00,456,410.7544483985765,56.28914590747331,3.281138790035587,0.0,23.205836298932386
2013-08-31 18:00:00,458,442.34875444839855,67.04021352313167,3.9323843416370106,0.0,20.341103202846977
2013-08-31 18:00:00,462,423.9326241134752,61.010854092526685,4.128113879003559,0.0,22.262313167259787
2013-08-31 18:00:00,510,294.914590747331,60.8813829787234,55.205673758865245,0.0,21.827872340425532
2013-08-31 18:00:00,513,317.8233215547703,60.1495,11.05,0.0,22.049
2013-08-31 18:00:00,552,356.4476534296029,57.05285714285714,3.3785714285714286,0.0,23.03725
2013-08-31 18:00:00,554,423.5943060498221,60.16565836298932,5.145907473309609,4.361930294906166,22.112633451957297
2013-08-31 18:00:00,556,431.031914893617,55.82498220640569,3.5338078291814945,0.0,23.21035587188612
2013-08-31 18:00:00,558,387.83687943262413,59.51659574468085,3.5815602836879434,0.0,22.7186524822695
2013-08-31 18:00:00,562,237.46428571428572,58.46478571428571,2.682142857142857,0.0,22.690142857142856
2013-08-31 18:00:00,564,264.73571428571427,57.754178571428575,4.353571428571429,0.0,22.598535714285713
2013-08-31 18:00:00,621,420.35460992907804,54.351957295373666,6.2562277580071175,0.0,24.716595744680852
2013-08-31 18:00:00,621A,356.16785714285714,64.9211743772242,79.40925266903915,0.0,20.724839857651247
2013-08-31 18:00:00,621C,405.4946619217082,60.619679715302496,240.50533807829183,0.0,21.851459074733096
2013-08-31 18:00:00,621D,460.06405693950177,59.42850533807829,233.27046263345196,0.0,22.176939501779362
2013-08-31 18:00:00,621E,455.0408163265306,61.691245551601426,70.87188612099644,-1.0,21.656939501779362
2013-08-31 18:00:00,640,391.43416370106763,57.75505338078292,16.13879003558719,0.0,22.89935943060498
2013-08-31 18:00:00,644,433.0964285714286,56.21710714285714,201.62142857142857,0.0,23.2095
2013-08-31 18:00:00,648,96.65357142857142,54.64517730496454,227.7872340425532,0.0,23.397836879432624
2013-08-31 18:00:00,656A,429.00714285714287,53.98391459074733,175.95017793594306,0.0,24.507473309608542
2013-08-31 18:00:00,656B,413.93238434163703,50.75003558718861,85.57651245551601,0.0,25.434448398576514
2013-08-31 18:00:00,664,553.355871886121,55.059679715302494,29.740213523131672,9.83375959079284,23.990854092526693
2013-08-31 18:00:00,666,390.2392857142857,53.02220640569395,284.65124555160145,0.0,24.986227758007118
2013-08-31 18:00:00,668,319.93617021276594,58.790714285714294,2164.075,0.0,22.807392857142855
2013-08-31 18:00:00,717,362.1032028469751,58.72324999999999,132.97857142857143,0.0,22.28692857142857
2013-08-31 18:00:00,719,396.19572953736656,60.013202846975084,374.3665480427046,0.0,22.15341637010676
2013-08-31 18:00:00,721,293.01785714285717,59.42217857142857,160.65357142857144,0.0,21.352857142857143
2013-08-31 18:00:00,722,320.2964285714286,54.71028571428572,3.8642857142857143,0.0,22.62907142857143
2013-08-31 18:00:00,723,381.14642857142854,62.02476868327402,236.32740213523132,0.0,21.696370106761567
2013-08-31 18:00:00,724,178.84642857142856,57.28256227758007,4.960854092526691,0.0,22.91665480427046
2013-08-31 18:00:00,726,370.23674911660777,53.726049822064056,3.209964412811388,0.0,23.79829181494662
2013-08-31 18:00:00,734,304.636690647482,56.537214285714285,12.832142857142857,0.0,22.95142857142857
2013-08-31 18:00:00,746,502.2114695340502,58.63957446808511,13.847517730496454,0.0,22.723617021276596
2013-08-31 18:00:00,748,466.1362007168459,54.537963636363635,3.08,0.0,23.4892
2013-08-31 18:00:00,752,387.5964285714286,46.335531914893615,4.297872340425532,0.0,26.286702127659577
2013-08-31 18:00:00,754,375.2170818505338,51.97278571428571,16.492857142857144,0.0,24.824857142857145
2013-08-31 18:00:00,776,507.2419928825623,54.4185,70.48928571428571,0.0,24.29321428571429
2013-08-31 19:00:00,413,-1.0,-1.0,-1.0,0.0,-1.0
2013-08-31 19:00:00,415,-1.0,-1.0,-1.0,0.0,-1.0
2013-08-31 19:00:00,417,-1.0,-1.0,-1.0,0.0,-1.0
2013-08-31 19:00:00,419,-1.0,-1.0,-1.0,0.0,-1.0
2013-08-31 19:00:00,421,-1.0,-1.0,-1.0,0.0,-1.0
2013-08-31 19:00:00,422,-1.0,-1.0,-1.0,0.0,-1.0
2013-08-31 19:00:00,423,-1.0,-1.0,-1.0,0.0,-1.0
2013-08-31 19:00:00,424,-1.0,-1.0,-1.0,0.0,-1.0
2013-08-31 19:00:00,442,-1.0,-1.0,-1.0,0.0,-1.0
2013-08-31 19:00:00,446,-1.0,-1.0,-1.0,0.0,-1.0
2013-08-31 19:00:00,448,-1.0,-1.0,-1.0,0.0,-1.0
2013-08-31 19:00:00,452,-1.0,-1.0,-1.0,0.0,-1.0
2013-08-31 19:00:00,454,-1.0,-1.0,-1.0,0.0,-1.0
2013-08-31 19:00:00,456,-1.0,56.32,4.0,0.0,23.21
2013-08-31 19:00:00,458,-1.0,-1.0,-1.0,0.0,-1.0
2013-08-31 19:00:00,462,-1.0,-1.0,-1.0,0.0,-1.0
2013-08-31 19:00:00,510,-1.0,-1.0,-1.0,0.0,-1.0
2013-08-31 19:00:00,513,-1.0,-1.0,-1.0,0.0,-1.0
2013-08-31 19:00:00,552,-1.0,-1.0,-1.0,0.0,-1.0
2013-08-31 19:00:00,554,-1.0,-1.0,-1.0,3.5597826086956523,-1.0
2013-08-31 19:00:00,556,-1.0,-1.0,-1.0,0.0,-1.0
2013-08-31 19:00:00,558,-1.0,-1.0,-1.0,0.0,-1.0
2013-08-31 19:00:00,562,-1.0,-1.0,-1.0,0.0,-1.0
2013-08-31 19:00:00,564,-1.0,-1.0,-1.0,0.0,-1.0
2013-08-31 19:00:00,621,-1.0,-1.0,-1.0,0.0,-1.0
2013-08-31 19:00:00,621A,-1.0,-1.0,-1.0,0.0,-1.0
2013-08-31 19:00:00,621C,-1.0,-1.0,-1.0,0.0,-1.0
2013-08-31 19:00:00,621D,-1.0,-1.0,-1.0,0.0,-1.0
2013-08-31 19:00:00,640,-1.0,-1.0,-1.0,0.0,-1.0
2013-08-31 19:00:00,644,-1.0,-1.0,-1.0,0.0,-1.0
2013-08-31 19:00:00,648,-1.0,-1.0,-1.0,0.0,-1.0
2013-08-31 19:00:00,656A,-1.0,-1.0,-1.0,0.0,-1.0
2013-08-31 19:00:00,656B,-1.0,-1.0,-1.0,0.0,-1.0
2013-08-31 19:00:00,664,-1.0,-1.0,-1.0,6.902887139107611,-1.0
2013-08-31 19:00:00,666,-1.0,-1.0,-1.0,0.0,-1.0
2013-08-31 19:00:00,668,-1.0,-1.0,-1.0,0.0,-1.0
2013-08-31 19:00:00,717,-1.0,-1.0,-1.0,0.0,-1.0
2013-08-31 19:00:00,719,-1.0,-1.0,-1.0,0.0,-1.0
2013-08-31 19:00:00,721,-1.0,-1.0,-1.0,0.0,-1.0
2013-08-31 19:00:00,722,-1.0,-1.0,-1.0,0.0,-1.0
2013-08-31 19:00:00,723,-1.0,61.44,230.16666666666666,0.0,21.9175
2013-08-31 19:00:00,724,-1.0,-1.0,-1.0,0.0,-1.0
2013-08-31 19:00:00,726,-1.0,-1.0,-1.0,0.0,-1.0
2013-08-31 19:00:00,734,-1.0,-1.0,-1.0,0.0,-1.0
2013-08-31 19:00:00,746,-1.0,-1.0,-1.0,0.0,-1.0
2013-08-31 19:00:00,748,-1.0,-1.0,-1.0,0.0,-1.0
2013-08-31 19:00:00,752,-1.0,-1.0,-1.0,0.0,-1.0
2013-08-31 19:00:00,754,-1.0,-1.0,-1.0,0.0,-1.0
2013-08-31 19:00:00,776,-1.0,-1.0,-1.0,0.0,-1.0
2013-08-31 20:00:00,413,-1.0,-1.0,-1.0,0.0,-1.0
2013-08-31 20:00:00,415,-1.0,-1.0,-1.0,0.0,-1.0
2013-08-31 20:00:00,417,-1.0,-1.0,-1.0,0.0,-1.0
2013-08-31 20:00:00,419,-1.0,-1.0,-1.0,0.0,-1.0
2013-08-31 20:00:00,421,-1.0,-1.0,-1.0,0.0,-1.0
2013-08-31 20:00:00,422,-1.0,-1.0,-1.0,0.0,-1.0
2013-08-31 20:00:00,423,-1.0,-1.0,-1.0,0.0,-1.0
2013-08-31 20:00:00,424,-1.0,-1.0,-1.0,0.0,-1.0
2013-08-31 20:00:00,442,-1.0,-1.0,-1.0,0.0,-1.0
2013-08-31 20:00:00,446,-1.0,-1.0,-1.0,0.0,-1.0
2013-08-31 20:00:00,448,-1.0,-1.0,-1.0,0.0,-1.0
2013-08-31 20:00:00,452,-1.0,52.56,3.0,0.0,22.66
2013-08-31 20:00:00,454,-1.0,-1.0,-1.0,0.0,-1.0
2013-08-31 20:00:00,456,-1.0,-1.0,-1.0,0.0,-1.0
2013-08-31 20:00:00,458,-1.0,-1.0,-1.0,0.0,-1.0
2013-08-31 20:00:00,462,-1.0,-1.0,-1.0,0.0,-1.0
2013-08-31 20:00:00,510,-1.0,-1.0,-1.0,0.0,-1.0
2013-08-31 20:00:00,513,-1.0,-1.0,-1.0,0.0,-1.0
2013-08-31 20:00:00,552,-1.0,-1.0,-1.0,0.0,-1.0
2013-08-31 20:00:00,554,-1.0,-1.0,-1.0,7.676470588235294,-1.0
2013-08-31 20:00:00,556,-1.0,-1.0,-1.0,0.0,-1.0
2013-08-31 20:00:00,558,-1.0,-1.0,-1.0,0.0,-1.0
2013-08-31 20:00:00,562,-1.0,-1.0,-1.0,0.0,-1.0
2013-08-31 20:00:00,564,-1.0,-1.0,-1.0,0.0,-1.0
2013-08-31 20:00:00,621,-1.0,-1.0,-1.0,0.0,-1.0
2013-08-31 20:00:00,621A,-1.0,-1.0,-1.0,0.0,-1.0
2013-08-31 20:00:00,621C,-1.0,-1.0,-1.0,0.0,-1.0
2013-08-31 20:00:00,621D,465.875,-1.0,-1.0,0.0,-1.0
2013-08-31 20:00:00,640,-1.0,-1.0,-1.0,0.0,-1.0
2013-08-31 20:00:00,644,-1.0,-1.0,-1.0,0.0,-1.0
2013-08-31 20:00:00,648,-1.0,-1.0,-1.0,0.0,-1.0
2013-08-31 20:00:00,656A,823.0,-1.0,-1.0,24.533482142857142,-1.0
2013-08-31 20:00:00,656B,-1.0,-1.0,-1.0,0.0,-1.0
2013-08-31 20:00:00,664,-1.0,-1.0,-1.0,0.0,-1.0
2013-08-31 20:00:00,666,-1.0,-1.0,-1.0,0.0,-1.0
2013-08-31 20:00:00,668,-1.0,-1.0,-1.0,0.0,-1.0
2013-08-31 20:00:00,717,-1.0,-1.0,-1.0,0.0,-1.0
2013-08-31 20:00:00,719,-1.0,-1.0,-1.0,0.0,-1.0
2013-08-31 20:00:00,721,-1.0,-1.0,-1.0,0.0,-1.0
2013-08-31 20:00:00,722,-1.0,-1.0,-1.0,0.0,-1.0
2013-08-31 20:00:00,723,-1.0,-1.0,-1.0,0.0,-1.0
2013-08-31 20:00:00,724,-1.0,-1.0,-1.0,0.0,-1.0
2013-08-31 20:00:00,726,-1.0,-1.0,-1.0,0.0,-1.0
2013-08-31 20:00:00,734,-1.0,-1.0,-1.0,0.0,-1.0
2013-08-31 20:00:00,746,-1.0,-1.0,-1.0,0.0,-1.0
2013-08-31 20:00:00,748,-1.0,-1.0,-1.0,0.0,-1.0
2013-08-31 20:00:00,752,-1.0,-1.0,-1.0,0.0,-1.0
2013-08-31 20:00:00,754,-1.0,-1.0,-1.0,9.947780678851174,-1.0
2013-08-31 20:00:00,776,-1.0,-1.0,-1.0,0.0,-1.0
2013-08-31 21:00:00,413,-1.0,-1.0,-1.0,0.0,-1.0
2013-08-31 21:00:00,415,-1.0,-1.0,-1.0,0.0,-1.0
2013-08-31 21:00:00,417,-1.0,-1.0,-1.0,0.0,-1.0
2013-08-31 21:00:00,419,-1.0,-1.0,-1.0,0.0,-1.0
2013-08-31 21:00:00,421,-1.0,-1.0,-1.0,0.0,-1.0
2013-08-31 21:00:00,422,-1.0,-1.0,-1.0,0.0,-1.0
2013-08-31 21:00:00,423,-1.0,-1.0,-1.0,0.0,-1.0
2013-08-31 21:00:00,424,-1.0,-1.0,-1.0,0.0,-1.0
2013-08-31 21:00:00,442,-1.0,-1.0,-1.0,0.0,-1.0
2013-08-31 21:00:00,446,-1.0,-1.0,-1.0,0.0,-1.0
2013-08-31 21:00:00,448,-1.0,-1.0,-1.0,0.0,-1.0
2013-08-31 21:00:00,452,-1.0,-1.0,-1.0,0.0,-1.0
2013-08-31 21:00:00,454,-1.0,-1.0,-1.0,0.0,-1.0
2013-08-31 21:00:00,456,-1.0,-1.0,-1.0,0.0,-1.0
2013-08-31 21:00:00,458,-1.0,-1.0,-1.0,0.0,-1.0
2013-08-31 21:00:00,462,-1.0,-1.0,-1.0,0.0,-1.0
2013-08-31 21:00:00,510,-1.0,-1.0,-1.0,0.0,-1.0
2013-08-31 21:00:00,513,-1.0,-1.0,-1.0,0.0,-1.0
2013-08-31 21:00:00,552,-1.0,-1.0,-1.0,0.0,-1.0
2013-08-31 21:00:00,554,-1.0,-1.0,-1.0,3.198910081743869,-1.0
2013-08-31 21:00:00,556,-1.0,-1.0,-1.0,0.0,-1.0
2013-08-31 21:00:00,558,-1.0,-1.0,-1.0,0.0,-1.0
2013-08-31 21:00:00,562,-1.0,-1.0,-1.0,0.0,-1.0
2013-08-31 21:00:00,564,-1.0,-1.0,-1.0,0.0,-1.0
2013-08-31 21:00:00,621,-1.0,-1.0,-1.0,0.0,-1.0
2013-08-31 21:00:00,621A,-1.0,-1.0,-1.0,0.0,-1.0
2013-08-31 21:00:00,621C,-1.0,-1.0,-1.0,0.0,-1.0
2013-08-31 21:00:00,621D,-1.0,-1.0,-1.0,0.0,-1.0
2013-08-31 21:00:00,621E,-1.0,61.1,69.0,-1.0,22.12
2013-08-31 21:00:00,640,-1.0,-1.0,-1.0,0.0,-1.0
2013-08-31 21:00:00,644,-1.0,-1.0,-1.0,0.0,-1.0
2013-08-31 21:00:00,648,-1.0,47.56,189.66666666666666,0.0,26.69666666666667
2013-08-31 21:00:00,656A,-1.0,-1.0,-1.0,5.255050505050505,-1.0
2013-08-31 21:00:00,656B,-1.0,-1.0,-1.0,0.0,-1.0
2013-08-31 21:00:00,664,-1.0,-1.0,-1.0,6.7375,-1.0
2013-08-31 21:00:00,666,-1.0,-1.0,-1.0,0.0,-1.0
2013-08-31 21:00:00,668,-1.0,-1.0,-1.0,0.0,-1.0
2013-08-31 21:00:00,717,-1.0,-1.0,-1.0,0.0,-1.0
2013-08-31 21:00:00,719,-1.0,-1.0,-1.0,0.0,-1.0
2013-08-31 21:00:00,721,-1.0,-1.0,-1.0,0.0,-1.0
2013-08-31 21:00:00,722,-1.0,-1.0,-1.0,0.0,-1.0
2013-08-31 21:00:00,723,-1.0,-1.0,-1.0,0.0,-1.0
2013-08-31 21:00:00,724,-1.0,-1.0,-1.0,0.0,-1.0
2013-08-31 21:00:00,726,-1.0,54.15857142857143,3.2142857142857144,0.0,23.782857142857143
2013-08-31 21:00:00,734,-1.0,-1.0,-1.0,0.0,-1.0
2013-08-31 21:00:00,746,-1.0,-1.0,-1.0,0.0,-1.0
2013-08-31 21:00:00,748,-1.0,-1.0,-1.0,0.0,-1.0
2013-08-31 21:00:00,752,-1.0,-1.0,-1.0,0.0,-1.0
2013-08-31 21:00:00,754,-1.0,-1.0,-1.0,6.043478260869565,-1.0
2013-08-31 21:00:00,776,-1.0,-1.0,-1.0,0.0,-1.0
2013-08-31 22:00:00,413,-1.0,-1.0,-1.0,0.0,-1.0
2013-08-31 22:00:00,415,-1.0,-1.0,-1.0,0.0,-1.0
2013-08-31 22:00:00,417,-1.0,-1.0,-1.0,0.0,-1.0
2013-08-31 22:00:00,419,-1.0,-1.0,-1.0,0.0,-1.0
2013-08-31 22:00:00,421,-1.0,-1.0,-1.0,0.0,-1.0
2013-08-31 22:00:00,422,-1.0,-1.0,-1.0,0.0,-1.0
2013-08-31 22:00:00,423,-1.0,-1.0,-1.0,0.0,-1.0
2013-08-31 22:00:00,424,-1.0,-1.0,-1.0,0.0,-1.0
2013-08-31 22:00:00,442,452.0,-1.0,-1.0,0.0,-1.0
2013-08-31 22:00:00,446,-1.0,-1.0,-1.0,0.0,-1.0
2013-08-31 22:00:00,448,-1.0,-1.0,-1.0,0.0,-1.0
2013-08-31 22:00:00,452,-1.0,-1.0,-1.0,0.0,-1.0
2013-08-31 22:00:00,454,-1.0,-1.0,-1.0,0.0,-1.0
2013-08-31 22:00:00,456,-1.0,-1.0,-1.0,0.0,-1.0
2013-08-31 22:00:00,458,-1.0,-1.0,-1.0,0.0,-1.0
2013-08-31 22:00:00,462,-1.0,-1.0,-1.0,0.0,-1.0
2013-08-31 22:00:00,510,-1.0,-1.0,-1.0,0.0,-1.0
2013-08-31 22:00:00,513,-1.0,-1.0,-1.0,0.0,-1.0
2013-08-31 22:00:00,552,-1.0,-1.0,-1.0,0.0,-1.0
2013-08-31 22:00:00,554,-1.0,-1.0,-1.0,4.008152173913044,-1.0
2013-08-31 22:00:00,556,-1.0,-1.0,-1.0,0.0,-1.0
2013-08-31 22:00:00,558,-1.0,-1.0,-1.0,0.0,-1.0
2013-08-31 22:00:00,562,-1.0,-1.0,-1.0,0.0,-1.0
2013-08-31 22:00:00,564,-1.0,-1.0,-1.0,0.0,-1.0
2013-08-31 22:00:00,621,-1.0,-1.0,-1.0,3.4,-1.0
2013-08-31 22:00:00,621A,-1.0,-1.0,-1.0,0.0,-1.0
2013-08-31 22:00:00,621C,-1.0,-1.0,-1.0,0.0,-1.0
2013-08-31 22:00:00,621D,-1.0,-1.0,-1.0,0.0,-1.0
2013-08-31 22:00:00,640,-1.0,-1.0,-1.0,0.0,-1.0
2013-08-31 22:00:00,644,-1.0,-1.0,-1.0,0.0,-1.0
2013-08-31 22:00:00,648,-1.0,-1.0,-1.0,0.0,-1.0
2013-08-31 22:00:00,656A,-1.0,-1.0,-1.0,0.0,-1.0
2013-08-31 22:00:00,656B,-1.0,-1.0,-1.0,0.0,-1.0
2013-08-31 22:00:00,664,-1.0,-1.0,-1.0,16.666666666666668,-1.0
2013-08-31 22:00:00,666,-1.0,-1.0,-1.0,0.0,-1.0
2013-08-31 22:00:00,668,-1.0,-1.0,-1.0,0.0,-1.0
2013-08-31 22:00:00,717,-1.0,-1.0,-1.0,0.0,-1.0
2013-08-31 22:00:00,719,-1.0,-1.0,-1.0,0.0,-1.0
2013-08-31 22:00:00,721,-1.0,56.93625,188.125,0.0,22.32375
2013-08-31 22:00:00,722,-1.0,-1.0,-1.0,0.0,-1.0
2013-08-31 22:00:00,723,-1.0,-1.0,-1.0,0.0,-1.0
2013-08-31 22:00:00,724,-1.0,-1.0,-1.0,0.0,-1.0
2013-08-31 22:00:00,726,-1.0,54.17,4.0,0.0,23.79
2013-08-31 22:00:00,734,-1.0,-1.0,-1.0,2.9178082191780823,-1.0
2013-08-31 22:00:00,746,-1.0,-1.0,-1.0,0.0,-1.0
2013-08-31 22:00:00,748,-1.0,-1.0,-1.0,0.0,-1.0
2013-08-31 22:00:00,752,-1.0,-1.0,-1.0,0.0,-1.0
2013-08-31 22:00:00,754,-1.0,-1.0,-1.0,3.3068493150684932,-1.0
2013-08-31 22:00:00,776,-1.0,-1.0,-1.0,0.0,-1.0
2013-08-31 23:00:00,413,-1.0,-1.0,-1.0,0.0,-1.0
2013-08-31 23:00:00,415,-1.0,-1.0,-1.0,0.0,-1.0
2013-08-31 23:00:00,417,-1.0,-1.0,-1.0,0.0,-1.0
2013-08-31 23:00:00,419,-1.0,-1.0,-1.0,0.0,-1.0
2013-08-31 23:00:00,421,-1.0,-1.0,-1.0,0.0,-1.0
2013-08-31 23:00:00,422,-1.0,-1.0,-1.0,0.0,-1.0
2013-08-31 23:00:00,423,-1.0,-1.0,-1.0,0.0,-1.0
2013-08-31 23:00:00,424,-1.0,-1.0,-1.0,0.0,-1.0
2013-08-31 23:00:00,442,-1.0,-1.0,-1.0,0.0,-1.0
2013-08-31 23:00:00,446,-1.0,-1.0,-1.0,0.0,-1.0
2013-08-31 23:00:00,448,-1.0,-1.0,-1.0,0.0,-1.0
2013-08-31 23:00:00,452,-1.0,-1.0,-1.0,0.0,-1.0
2013-08-31 23:00:00,454,-1.0,-1.0,-1.0,0.0,-1.0
2013-08-31 23:00:00,456,-1.0,57.00428571428571,2.619047619047619,0.0,23.205714285714286
2013-08-31 23:00:00,458,-1.0,-1.0,-1.0,26.899830220713074,-1.0
2013-08-31 23:00:00,462,-1.0,-1.0,-1.0,0.0,-1.0
2013-08-31 23:00:00,510,-1.0,-1.0,-1.0,0.0,-1.0
2013-08-31 23:00:00,513,-1.0,-1.0,-1.0,0.0,-1.0
2013-08-31 23:00:00,552,-1.0,-1.0,-1.0,0.0,-1.0
2013-08-31 23:00:00,554,-1.0,-1.0,-1.0,0.0,-1.0
2013-08-31 23:00:00,556,-1.0,-1.0,-1.0,0.0,-1.0
2013-08-31 23:00:00,558,-1.0,-1.0,-1.0,0.0,-1.0
2013-08-31 23:00:00,562,-1.0,-1.0,-1.0,0.0,-1.0
2013-08-31 23:00:00,564,-1.0,-1.0,-1.0,0.0,-1.0
2013-08-31 23:00:00,621,-1.0,-1.0,-1.0,4.662983425414365,-1.0
2013-08-31 23:00:00,621A,-1.0,-1.0,-1.0,0.0,-1.0
2013-08-31 23:00:00,621C,-1.0,-1.0,-1.0,0.0,-1.0
2013-08-31 23:00:00,621D,-1.0,-1.0,-1.0,0.0,-1.0
2013-08-31 23:00:00,640,-1.0,-1.0,-1.0,0.0,-1.0
2013-08-31 23:00:00,644,-1.0,-1.0,-1.0,0.0,-1.0
2013-08-31 23:00:00,648,-1.0,-1.0,-1.0,0.0,-1.0
2013-08-31 23:00:00,656A,-1.0,-1.0,-1.0,0.0,-1.0
2013-08-31 23:00:00,656B,-1.0,-1.0,-1.0,0.0,-1.0
2013-08-31 23:00:00,664,-1.0,-1.0,-1.0,12.690821256038648,-1.0
2013-08-31 23:00:00,666,-1.0,-1.0,-1.0,0.0,-1.0
2013-08-31 23:00:00,668,-1.0,-1.0,-1.0,0.0,-1.0
2013-08-31 23:00:00,717,-1.0,-1.0,-1.0,0.0,-1.0
2013-08-31 23:00:00,719,-1.0,-1.0,-1.0,0.0,-1.0
2013-08-31 23:00:00,721,-1.0,-1.0,-1.0,0.0,-1.0
2013-08-31 23:00:00,722,-1.0,-1.0,-1.0,0.0,-1.0
2013-08-31 23:00:00,723,-1.0,-1.0,-1.0,0.0,-1.0
2013-08-31 23:00:00,724,-1.0,-1.0,-1.0,0.0,-1.0
2013-08-31 23:00:00,726,-1.0,-1.0,-1.0,0.0,-1.0
2013-08-31 23:00:00,734,-1.0,-1.0,-1.0,6.525798525798526,-1.0
2013-08-31 23:00:00,746,-1.0,-1.0,-1.0,18.56420233463035,-1.0
2013-08-31 23:00:00,748,-1.0,-1.0,-1.0,0.0,-1.0
2013-08-31 23:00:00,752,-1.0,-1.0,-1.0,0.0,-1.0
2013-08-31 23:00:00,754,-1.0,-1.0,-1.0,2.8512396694214877,-1.0
2013-08-31 23:00:00,776,-1.0,-1.0,-1.0,0.0,-1.0
2013-09-01 00:00:00,413,-1.0,-1.0,-1.0,0.0,-1.0
2013-09-01 00:00:00,415,-1.0,-1.0,-1.0,0.0,-1.0
2013-09-01 00:00:00,417,-1.0,-1.0,-1.0,0.0,-1.0
2013-09-01 00:00:00,419,-1.0,-1.0,-1.0,0.0,-1.0
2013-09-01 00:00:00,421,-1.0,-1.0,-1.0,0.0,-1.0
2013-09-01 00:00:00,422,-1.0,-1.0,-1.0,0.0,-1.0
2013-09-01 00:00:00,423,-1.0,-1.0,-1.0,0.0,-1.0
2013-09-01 00:00:00,424,-1.0,-1.0,-1.0,0.0,-1.0
2013-09-01 00:00:00,442,-1.0,-1.0,-1.0,0.0,-1.0
2013-09-01 00:00:00,446,-1.0,-1.0,-1.0,0.0,-1.0
2013-09-01 00:00:00,448,-1.0,-1.0,-1.0,0.0,-1.0
2013-09-01 00:00:00,452,-1.0,-1.0,-1.0,0.0,-1.0
2013-09-01 00:00:00,454,-1.0,59.68272727272727,3.272727272727273,0.0,22.65909090909091
2013-09-01 00:00:00,456,-1.0,57.1109090909091,3.1818181818181817,0.0,23.201818181818183
2013-09-01 00:00:00,458,-1.0,-1.0,-1.0,18.98109243697479,-1.0
2013-09-01 00:00:00,462,-1.0,-1.0,-1.0,0.0,-1.0
2013-09-01 00:00:00,510,-1.0,-1.0,-1.0,0.0,-1.0
2013-09-01 00:00:00,513,-1.0,-1.0,-1.0,0.0,-1.0
2013-09-01 00:00:00,552,-1.0,-1.0,-1.0,0.0,-1.0
2013-09-01 00:00:00,554,-1.0,-1.0,-1.0,0.0,-1.0
2013-09-01 00:00:00,556,-1.0,-1.0,-1.0,0.0,-1.0
2013-09-01 00:00:00,558,-1.0,-1.0,-1.0,0.0,-1.0
2013-09-01 00:00:00,562,-1.0,59.46272727272728,2.727272727272727,0.0,22.68
2013-09-01 00:00:00,564,-1.0,-1.0,-1.0,0.0,-1.0
2013-09-01 00:00:00,621,-1.0,-1.0,-1.0,2.569060773480663,-1.0
2013-09-01 00:00:00,621A,-1.0,-1.0,-1.0,0.0,-1.0
2013-09-01 00:00:00,621C,-1.0,-1.0,-1.0,0.0,-1.0
2013-09-01 00:00:00,621D,-1.0,-1.0,-1.0,0.0,-1.0
2013-09-01 00:00:00,621E,477.5,-1.0,-1.0,-1.0,-1.0
2013-09-01 00:00:00,640,-1.0,-1.0,-1.0,0.0,-1.0
2013-09-01 00:00:00,644,-1.0,-1.0,-1.0,0.0,-1.0
2013-09-01 00:00:00,648,-1.0,-1.0,-1.0,0.0,-1.0
2013-09-01 00:00:00,656A,-1.0,-1.0,-1.0,0.0,-1.0
2013-09-01 00:00:00,656B,-1.0,-1.0,-1.0,0.0,-1.0
2013-09-01 00:00:00,664,-1.0,-1.0,-1.0,6.423469387755102,-1.0
2013-09-01 00:00:00,666,-1.0,-1.0,-1.0,0.0,-1.0
2013-09-01 00:00:00,668,-1.0,-1.0,-1.0,0.0,-1.0
2013-09-01 00:00:00,717,-1.0,-1.0,-1.0,0.0,-1.0
2013-09-01 00:00:00,719,-1.0,-1.0,-1.0,0.0,-1.0
2013-09-01 00:00:00,721,-1.0,-1.0,-1.0,0.0,-1.0
2013-09-01 00:00:00,722,-1.0,-1.0,-1.0,0.0,-1.0
2013-09-01 00:00:00,723,-1.0,-1.0,-1.0,0.0,-1.0
2013-09-01 00:00:00,724,-1.0,-1.0,-1.0,0.0,-1.0
2013-09-01 00:00:00,726,-1.0,-1.0,-1.0,0.0,-1.0
2013-09-01 00:00:00,734,-1.0,-1.0,-1.0,10.543478260869565,-1.0
2013-09-01 00:00:00,746,-1.0,-1.0,-1.0,12.47545219638243,-1.0
2013-09-01 00:00:00,748,-1.0,53.015,3.5,0.0,24.355
2013-09-01 00:00:00,752,-1.0,-1.0,-1.0,0.0,-1.0
2013-09-01 00:00:00,754,-1.0,-1.0,-1.0,4.159029649595688,-1.0
2013-09-01 00:00:00,776,-1.0,-1.0,-1.0,0.0,-1.0
2013-09-01 01:00:00,413,-1.0,-1.0,-1.0,0.0,-1.0
2013-09-01 01:00:00,415,-1.0,-1.0,-1.0,0.0,-1.0
2013-09-01 01:00:00,417,-1.0,-1.0,-1.0,0.0,-1.0
2013-09-01 01:00:00,419,-1.0,58.79,159.0,0.0,22.9
2013-09-01 01:00:00,421,-1.0,58.27,166.47368421052633,0.0,23.103684210526318
2013-09-01 01:00:00,422,-1.0,-1.0,-1.0,0.0,-1.0
2013-09-01 01:00:00,423,355.38461538461536,-1.0,-1.0,0.0,-1.0
2013-09-01 01:00:00,424,-1.0,-1.0,-1.0,0.0,-1.0
2013-09-01 01:00:00,442,-1.0,-1.0,-1.0,0.0,-1.0
2013-09-01 01:00:00,446,-1.0,-1.0,-1.0,0.0,-1.0
2013-09-01 01:00:00,448,-1.0,-1.0,-1.0,0.0,-1.0
2013-09-01 01:00:00,452,-1.0,-1.0,-1.0,0.0,-1.0
2013-09-01 01:00:00,454,-1.0,-1.0,-1.0,0.0,-1.0
2013-09-01 01:00:00,456,-1.0,-1.0,-1.0,0.0,-1.0
2013-09-01 01:00:00,458,-1.0,-1.0,-1.0,0.0,-1.0
2013-09-01 01:00:00,462,-1.0,-1.0,-1.0,0.0,-1.0
2013-09-01 01:00:00,510,-1.0,-1.0,-1.0,0.0,-1.0
2013-09-01 01:00:00,513,-1.0,-1.0,-1.0,0.0,-1.0
2013-09-01 01:00:00,552,-1.0,-1.0,-1.0,0.0,-1.0
2013-09-01 01:00:00,554,-1.0,-1.0,-1.0,0.0,-1.0
2013-09-01 01:00:00,556,-1.0,-1.0,-1.0,0.0,-1.0
2013-09-01 01:00:00,558,-1.0,-1.0,-1.0,0.0,-1.0
2013-09-01 01:00:00,562,-1.0,-1.0,-1.0,0.0,-1.0
2013-09-01 01:00:00,564,-1.0,-1.0,-1.0,0.0,-1.0
2013-09-01 01:00:00,621,-1.0,-1.0,-1.0,3.7955801104972378,-1.0
2013-09-01 01:00:00,621A,-1.0,-1.0,-1.0,0.0,-1.0
2013-09-01 01:00:00,621C,-1.0,-1.0,-1.0,0.0,-1.0
2013-09-01 01:00:00,621D,-1.0,-1.0,-1.0,0.0,-1.0
2013-09-01 01:00:00,640,-1.0,-1.0,-1.0,0.0,-1.0
2013-09-01 01:00:00,644,-1.0,-1.0,-1.0,0.0,-1.0
2013-09-01 01:00:00,648,-1.0,-1.0,-1.0,0.0,-1.0
2013-09-01 01:00:00,656A,442.0,-1.0,-1.0,0.0,-1.0
2013-09-01 01:00:00,656B,-1.0,-1.0,-1.0,0.0,-1.0
2013-09-01 01:00:00,664,-1.0,-1.0,-1.0,1.781767955801105,-1.0
2013-09-01 01:00:00,666,398.7142857142857,-1.0,-1.0,0.0,-1.0
2013-09-01 01:00:00,668,-1.0,-1.0,-1.0,0.0,-1.0
2013-09-01 01:00:00,717,-1.0,-1.0,-1.0,0.0,-1.0
2013-09-01 01:00:00,719,-1.0,-1.0,-1.0,0.0,-1.0
2013-09-01 01:00:00,721,-1.0,-1.0,-1.0,0.0,-1.0
2013-09-01 01:00:00,722,-1.0,-1.0,-1.0,0.0,-1.0
2013-09-01 01:00:00,723,-1.0,-1.0,-1.0,0.0,-1.0
2013-09-01 01:00:00,724,-1.0,-1.0,-1.0,0.0,-1.0
2013-09-01 01:00:00,726,-1.0,-1.0,-1.0,0.0,-1.0
2013-09-01 01:00:00,734,-1.0,-1.0,-1.0,29.724373576309794,-1.0
2013-09-01 01:00:00,746,-1.0,-1.0,-1.0,6.912234042553192,-1.0
2013-09-01 01:00:00,748,-1.0,-1.0,-1.0,0.0,-1.0
2013-09-01 01:00:00,752,-1.0,-1.0,-1.0,0.0,-1.0
2013-09-01 01:00:00,754,-1.0,-1.0,-1.0,0.0,-1.0
2013-09-01 01:00:00,776,-1.0,-1.0,-1.0,0.0,-1.0
2013-09-01 02:00:00,413,-1.0,-1.0,-1.0,0.0,-1.0
2013-09-01 02:00:00,415,-1.0,-1.0,-1.0,0.0,-1.0
2013-09-01 02:00:00,417,-1.0,-1.0,-1.0,0.0,-1.0
2013-09-01 02:00:00,419,-1.0,-1.0,-1.0,0.0,-1.0
2013-09-01 02:00:00,421,-1.0,57.67,81.5,0.0,23.29
2013-09-01 02:00:00,422,-1.0,-1.0,-1.0,0.0,-1.0
2013-09-01 02:00:00,423,-1.0,-1.0,-1.0,0.0,-1.0
2013-09-01 02:00:00,424,-1.0,-1.0,-1.0,0.0,-1.0
2013-09-01 02:00:00,442,-1.0,-1.0,-1.0,0.0,-1.0
2013-09-01 02:00:00,446,-1.0,-1.0,-1.0,0.0,-1.0
2013-09-01 02:00:00,448,-1.0,-1.0,-1.0,0.0,-1.0
2013-09-01 02:00:00,452,-1.0,-1.0,-1.0,0.0,-1.0
2013-09-01 02:00:00,454,-1.0,-1.0,-1.0,0.0,-1.0
2013-09-01 02:00:00,456,-1.0,-1.0,-1.0,0.0,-1.0
2013-09-01 02:00:00,458,-1.0,-1.0,-1.0,0.0,-1.0
2013-09-01 02:00:00,462,-1.0,-1.0,-1.0,0.0,-1.0
2013-09-01 02:00:00,510,-1.0,-1.0,-1.0,0.0,-1.0
2013-09-01 02:00:00,513,-1.0,-1.0,-1.0,0.0,-1.0
2013-09-01 02:00:00,552,-1.0,-1.0,-1.0,0.0,-1.0
2013-09-01 02:00:00,554,-1.0,-1.0,-1.0,1.4542936288088644,-1.0
2013-09-01 02:00:00,556,-1.0,-1.0,-1.0,0.0,-1.0
2013-09-01 02:00:00,558,-1.0,-1.0,-1.0,0.0,-1.0
2013-09-01 02:00:00,562,-1.0,-1.0,-1.0,0.0,-1.0
2013-09-01 02:00:00,564,-1.0,-1.0,-1.0,0.0,-1.0
2013-09-01 02:00:00,621,-1.0,-1.0,-1.0,0.0,-1.0
2013-09-01 02:00:00,621A,-1.0,-1.0,-1.0,0.0,-1.0
2013-09-01 02:00:00,621C,-1.0,-1.0,-1.0,0.0,-1.0
2013-09-01 02:00:00,621D,-1.0,-1.0,-1.0,0.0,-1.0
2013-09-01 02:00:00,640,-1.0,-1.0,-1.0,0.0,-1.0
2013-09-01 02:00:00,644,-1.0,-1.0,-1.0,0.0,-1.0
2013-09-01 02:00:00,648,-1.0,-1.0,-1.0,0.0,-1.0
2013-09-01 02:00:00,656A,-1.0,-1.0,-1.0,0.0,-1.0
2013-09-01 02:00:00,656B,-1.0,-1.0,-1.0,0.0,-1.0
2013-09-01 02:00:00,664,-1.0,-1.0,-1.0,0.0,-1.0
2013-09-01 02:00:00,666,-1.0,-1.0,-1.0,0.0,-1.0
2013-09-01 02:00:00,668,-1.0,55.74470588235294,2167.3529411764707,0.0,23.90705882352941
2013-09-01 02:00:00,717,-1.0,-1.0,-1.0,0.0,-1.0
2013-09-01 02:00:00,719,-1.0,-1.0,-1.0,0.0,-1.0
2013-09-01 02:00:00,721,-1.0,-1.0,-1.0,0.0,-1.0
2013-09-01 02:00:00,722,-1.0,-1.0,-1.0,0.0,-1.0
2013-09-01 02:00:00,723,-1.0,-1.0,-1.0,0.0,-1.0
2013-09-01 02:00:00,724,-1.0,-1.0,-1.0,0.0,-1.0
2013-09-01 02:00:00,726,-1.0,-1.0,-1.0,0.0,-1.0
2013-09-01 02:00:00,734,-1.0,-1.0,-1.0,29.547486033519554,-1.0
2013-09-01 02:00:00,746,-1.0,-1.0,-1.0,2.8925619834710745,-1.0
2013-09-01 02:00:00,748,-1.0,-1.0,-1.0,0.0,-1.0
2013-09-01 02:00:00,752,-1.0,-1.0,-1.0,0.0,-1.0
2013-09-01 02:00:00,754,-1.0,-1.0,-1.0,0.0,-1.0
2013-09-01 02:00:00,776,-1.0,-1.0,-1.0,0.0,-1.0
2013-09-01 03:00:00,413,-1.0,-1.0,-1.0,0.0,-1.0
2013-09-01 03:00:00,415,-1.0,-1.0,-1.0,0.0,-1.0
2013-09-01 03:00:00,417,-1.0,-1.0,-1.0,0.0,-1.0
2013-09-01 03:00:00,419,-1.0,-1.0,-1.0,0.0,-1.0
2013-09-01 03:00:00,421,-1.0,-1.0,-1.0,0.0,-1.0
2013-09-01 03:00:00,422,424.0,-1.0,-1.0,0.0,-1.0
2013-09-01 03:00:00,423,-1.0,-1.0,-1.0,0.0,-1.0
2013-09-01 03:00:00,424,-1.0,-1.0,-1.0,0.0,-1.0
2013-09-01 03:00:00,442,-1.0,-1.0,-1.0,0.0,-1.0
2013-09-01 03:00:00,446,-1.0,60.13,2.8333333333333335,0.0,22.42
2013-09-01 03:00:00,448,-1.0,-1.0,-1.0,0.0,-1.0
2013-09-01 03:00:00,452,-1.0,-1.0,-1.0,0.0,-1.0
2013-09-01 03:00:00,454,328.0,-1.0,-1.0,0.0,-1.0
2013-09-01 03:00:00,456,-1.0,-1.0,-1.0,0.0,-1.0
2013-09-01 03:00:00,458,-1.0,-1.0,-1.0,0.0,-1.0
2013-09-01 03:00:00,462,-1.0,-1.0,-1.0,0.0,-1.0
2013-09-01 03:00:00,510,-1.0,-1.0,-1.0,0.0,-1.0
2013-09-01 03:00:00,513,-1.0,-1.0,-1.0,0.0,-1.0
2013-09-01 03:00:00,552,-1.0,-1.0,-1.0,0.0,-1.0
2013-09-01 03:00:00,554,-1.0,-1.0,-1.0,0.0,-1.0
2013-09-01 03:00:00,556,-1.0,-1.0,-1.0,0.0,-1.0
2013-09-01 03:00:00,558,-1.0,-1.0,-1.0,0.0,-1.0
2013-09-01 03:00:00,562,-1.0,-1.0,-1.0,0.0,-1.0
2013-09-01 03:00:00,564,-1.0,-1.0,-1.0,0.0,-1.0
2013-09-01 03:00:00,621,-1.0,-1.0,-1.0,0.0,-1.0
2013-09-01 03:00:00,621A,-1.0,-1.0,-1.0,0.0,-1.0
2013-09-01 03:00:00,621C,-1.0,-1.0,-1.0,0.0,-1.0
2013-09-01 03:00:00,621D,-1.0,-1.0,-1.0,0.0,-1.0
2013-09-01 03:00:00,640,-1.0,-1.0,-1.0,0.0,-1.0
2013-09-01 03:00:00,644,-1.0,-1.0,-1.0,0.0,-1.0
2013-09-01 03:00:00,648,-1.0,-1.0,-1.0,0.0,-1.0
2013-09-01 03:00:00,656A,-1.0,-1.0,-1.0,0.0,-1.0
2013-09-01 03:00:00,656B,-1.0,-1.0,-1.0,0.0,-1.0
2013-09-01 03:00:00,664,-1.0,-1.0,-1.0,0.0,-1.0
2013-09-01 03:00:00,666,-1.0,-1.0,-1.0,0.0,-1.0
2013-09-01 03:00:00,668,-1.0,-1.0,-1.0,0.0,-1.0
2013-09-01 03:00:00,717,-1.0,-1.0,-1.0,0.0,-1.0
2013-09-01 03:00:00,719,-1.0,-1.0,-1.0,0.0,-1.0
2013-09-01 03:00:00,721,-1.0,-1.0,-1.0,0.0,-1.0
2013-09-01 03:00:00,722,324.8181818181818,-1.0,-1.0,0.0,-1.0
2013-09-01 03:00:00,723,-1.0,-1.0,-1.0,0.0,-1.0
2013-09-01 03:00:00,724,-1.0,-1.0,-1.0,0.0,-1.0
2013-09-01 03:00:00,726,-1.0,-1.0,-1.0,0.0,-1.0
2013-09-01 03:00:00,734,-1.0,-1.0,-1.0,13.522821576763485,-1.0
2013-09-01 03:00:00,746,-1.0,-1.0,-1.0,7.5514511873350925,-1.0
2013-09-01 03:00:00,748,-1.0,-1.0,-1.0,0.0,-1.0
2013-09-01 03:00:00,752,-1.0,-1.0,-1.0,0.0,-1.0
2013-09-01 03:00:00,754,-1.0,-1.0,-1.0,0.0,-1.0
2013-09-01 03:00:00,776,-1.0,-1.0,-1.0,0.0,-1.0
2013-09-01 04:00:00,413,-1.0,-1.0,-1.0,0.0,-1.0
2013-09-01 04:00:00,415,-1.0,-1.0,-1.0,0.0,-1.0
2013-09-01 04:00:00,417,-1.0,-1.0,-1.0,0.0,-1.0
2013-09-01 04:00:00,419,-1.0,-1.0,-1.0,0.0,-1.0
2013-09-01 04:00:00,421,-1.0,-1.0,-1.0,0.0,-1.0
2013-09-01 04:00:00,422,-1.0,-1.0,-1.0,0.0,-1.0
2013-09-01 04:00:00,423,-1.0,-1.0,-1.0,0.0,-1.0
2013-09-01 04:00:00,424,-1.0,-1.0,-1.0,0.0,-1.0
2013-09-01 04:00:00,442,-1.0,-1.0,-1.0,0.0,-1.0
2013-09-01 04:00:00,446,-1.0,-1.0,-1.0,0.0,-1.0
2013-09-01 04:00:00,448,-1.0,-1.0,-1.0,0.0,-1.0
2013-09-01 04:00:00,452,-1.0,-1.0,-1.0,0.0,-1.0
2013-09-01 04:00:00,454,327.2758620689655,-1.0,-1.0,0.0,-1.0
2013-09-01 04:00:00,456,-1.0,-1.0,-1.0,0.0,-1.0
2013-09-01 04:00:00,458,-1.0,-1.0,-1.0,0.0,-1.0
2013-09-01 04:00:00,462,-1.0,-1.0,-1.0,0.0,-1.0
2013-09-01 04:00:00,510,-1.0,-1.0,-1.0,0.0,-1.0
2013-09-01 04:00:00,513,-1.0,-1.0,-1.0,0.0,-1.0
2013-09-01 04:00:00,552,-1.0,-1.0,-1.0,0.0,-1.0
2013-09-01 04:00:00,554,-1.0,-1.0,-1.0,0.0,-1.0
2013-09-01 04:00:00,556,-1.0,-1.0,-1.0,0.0,-1.0
2013-09-01 04:00:00,558,-1.0,-1.0,-1.0,0.0,-1.0
2013-09-01 04:00:00,562,-1.0,-1.0,-1.0,0.0,-1.0
2013-09-01 04:00:00,564,-1.0,-1.0,-1.0,0.0,-1.0
2013-09-01 04:00:00,621,-1.0,53.801249999999996,5.625,0.0,-1.0
2013-09-01 04:00:00,621A,-1.0,-1.0,-1.0,0.0,-1.0
2013-09-01 04:00:00,621C,-1.0,-1.0,-1.0,0.0,-1.0
2013-09-01 04:00:00,621D,-1.0,-1.0,-1.0,0.0,-1.0
2013-09-01 04:00:00,640,-1.0,-1.0,-1.0,0.0,-1.0
2013-09-01 04:00:00,644,-1.0,-1.0,-1.0,0.0,-1.0
2013-09-01 04:00:00,648,90.41666666666667,-1.0,-1.0,0.0,-1.0
2013-09-01 04:00:00,656A,-1.0,-1.0,-1.0,0.0,-1.0
2013-09-01 04:00:00,656B,-1.0,-1.0,-1.0,0.0,-1.0
2013-09-01 04:00:00,664,-1.0,-1.0,-1.0,1.5289256198347108,-1.0
2013-09-01 04:00:00,666,-1.0,-1.0,-1.0,0.0,-1.0
2013-09-01 04:00:00,668,-1.0,-1.0,-1.0,0.0,-1.0
2013-09-01 04:00:00,717,-1.0,-1.0,-1.0,0.0,-1.0
2013-09-01 04:00:00,719,-1.0,-1.0,-1.0,0.0,-1.0
2013-09-01 04:00:00,721,-1.0,-1.0,-1.0,0.0,-1.0
2013-09-01 04:00:00,722,-1.0,-1.0,-1.0,0.0,-1.0
2013-09-01 04:00:00,723,-1.0,-1.0,-1.0,0.0,-1.0
2013-09-01 04:00:00,724,-1.0,-1.0,-1.0,0.0,-1.0
2013-09-01 04:00:00,726,-1.0,-1.0,-1.0,0.0,-1.0
2013-09-01 04:00:00,734,-1.0,-1.0,-1.0,0.0,-1.0
2013-09-01 04:00:00,746,-1.0,-1.0,-1.0,0.0,-1.0
2013-09-01 04:00:00,748,-1.0,-1.0,-1.0,0.0,-1.0
2013-09-01 04:00:00,752,-1.0,-1.0,-1.0,0.0,-1.0
2013-09-01 04:00:00,754,-1.0,-1.0,-1.0,0.0,-1.0
2013-09-01 04:00:00,776,-1.0,-1.0,-1.0,0.0,-1.0
2013-09-01 05:00:00,413,-1.0,-1.0,-1.0,0.0,-1.0
2013-09-01 05:00:00,415,476.5,-1.0,-1.0,0.0,-1.0
2013-09-01 05:00:00,417,-1.0,-1.0,-1.0,0.0,-1.0
2013-09-01 05:00:00,419,-1.0,-1.0,-1.0,0.0,-1.0
2013-09-01 05:00:00,421,-1.0,-1.0,-1.0,0.0,-1.0
2013-09-01 05:00:00,422,-1.0,-1.0,-1.0,0.0,-1.0
2013-09-01 05:00:00,423,-1.0,-1.0,-1.0,0.0,-1.0
2013-09-01 05:00:00,424,-1.0,-1.0,-1.0,0.0,-1.0
2013-09-01 05:00:00,442,-1.0,-1.0,-1.0,0.0,-1.0
2013-09-01 05:00:00,446,468.0,-1.0,-1.0,0.0,-1.0
2013-09-01 05:00:00,448,-1.0,-1.0,-1.0,0.0,-1.0
2013-09-01 05:00:00,452,-1.0,-1.0,-1.0,0.0,-1.0
2013-09-01 05:00:00,454,-1.0,-1.0,-1.0,0.0,-1.0
2013-09-01 05:00:00,456,-1.0,-1.0,-1.0,0.0,-1.0
2013-09-01 05:00:00,458,-1.0,-1.0,-1.0,0.0,-1.0
2013-09-01 05:00:00,462,-1.0,-1.0,-1.0,0.0,-1.0
2013-09-01 05:00:00,510,-1.0,-1.0,-1.0,0.0,-1.0
2013-09-01 05:00:00,513,-1.0,-1.0,-1.0,0.0,-1.0
2013-09-01 05:00:00,552,-1.0,-1.0,-1.0,0.0,-1.0
2013-09-01 05:00:00,554,-1.0,-1.0,-1.0,0.0,-1.0
2013-09-01 05:00:00,556,-1.0,-1.0,-1.0,0.0,-1.0
2013-09-01 05:00:00,558,-1.0,-1.0,-1.0,0.0,-1.0
2013-09-01 05:00:00,562,-1.0,-1.0,-1.0,0.0,-1.0
2013-09-01 05:00:00,564,-1.0,-1.0,-1.0,0.0,-1.0
2013-09-01 05:00:00,621,-1.0,-1.0,-1.0,0.0,-1.0
2013-09-01 05:00:00,621A,349.0,-1.0,-1.0,0.0,-1.0
2013-09-01 05:00:00,621C,-1.0,-1.0,-1.0,0.0,-1.0
2013-09-01 05:00:00,621D,-1.0,-1.0,-1.0,0.0,-1.0
2013-09-01 05:00:00,640,-1.0,-1.0,-1.0,0.0,-1.0
2013-09-01 05:00:00,644,-1.0,-1.0,-1.0,0.0,-1.0
2013-09-01 05:00:00,648,-1.0,-1.0,-1.0,0.0,-1.0
2013-09-01 05:00:00,656A,-1.0,-1.0,-1.0,0.0,-1.0
2013-09-01 05:00:00,656B,-1.0,-1.0,-1.0,0.0,-1.0
2013-09-01 05:00:00,664,-1.0,-1.0,-1.0,0.0,-1.0
2013-09-01 05:00:00,666,-1.0,-1.0,-1.0,0.0,-1.0
2013-09-01 05:00:00,668,-1.0,-1.0,-1.0,0.0,-1.0
2013-09-01 05:00:00,717,-1.0,-1.0,-1.0,0.0,-1.0
2013-09-01 05:00:00,719,-1.0,-1.0,-1.0,0.0,-1.0
2013-09-01 05:00:00,721,-1.0,-1.0,-1.0,0.0,-1.0
2013-09-01 05:00:00,722,-1.0,-1.0,-1.0,0.0,-1.0
2013-09-01 05:00:00,723,-1.0,-1.0,-1.0,0.0,-1.0
2013-09-01 05:00:00,724,-1.0,-1.0,-1.0,0.0,-1.0
2013-09-01 05:00:00,726,-1.0,-1.0,-1.0,0.0,-1.0
2013-09-01 05:00:00,734,-1.0,-1.0,-1.0,0.0,-1.0
2013-09-01 05:00:00,746,-1.0,-1.0,-1.0,0.0,-1.0
2013-09-01 05:00:00,748,-1.0,-1.0,-1.0,0.0,-1.0
2013-09-01 05:00:00,752,-1.0,-1.0,-1.0,0.0,-1.0
2013-09-01 05:00:00,754,-1.0,-1.0,-1.0,0.0,-1.0
2013-09-01 05:00:00,776,-1.0,-1.0,-1.0,0.0,-1.0
2013-09-01 06:00:00,413,-1.0,-1.0,-1.0,0.0,-1.0
2013-09-01 06:00:00,415,-1.0,-1.0,-1.0,0.0,-1.0
2013-09-01 06:00:00,417,-1.0,-1.0,-1.0,0.0,-1.0
2013-09-01 06:00:00,419,438.6666666666667,-1.0,-1.0,0.0,-1.0
2013-09-01 06:00:00,421,-1.0,-1.0,-1.0,0.0,-1.0
2013-09-01 06:00:00,422,-1.0,-1.0,-1.0,0.0,-1.0
2013-09-01 06:00:00,423,-1.0,-1.0,-1.0,0.0,-1.0
2013-09-01 06:00:00,424,-1.0,-1.0,-1.0,0.0,-1.0
2013-09-01 06:00:00,442,-1.0,-1.0,-1.0,0.0,-1.0
2013-09-01 06:00:00,446,481.0,-1.0,-1.0,0.0,-1.0
2013-09-01 06:00:00,448,-1.0,-1.0,-1.0,0.0,-1.0
2013-09-01 06:00:00,452,-1.0,52.31625,2.375,0.0,22.65375
2013-09-01 06:00:00,454,-1.0,-1.0,-1.0,0.0,-1.0
2013-09-01 06:00:00,456,-1.0,-1.0,-1.0,0.0,-1.0
2013-09-01 06:00:00,458,-1.0,-1.0,-1.0,0.0,-1.0
2013-09-01 06:00:00,462,-1.0,-1.0,-1.0,0.0,-1.0
2013-09-01 06:00:00,510,-1.0,-1.0,-1.0,0.0,-1.0
2013-09-01 06:00:00,513,-1.0,-1.0,-1.0,0.0,-1.0
2013-09-01 06:00:00,552,-1.0,-1.0,-1.0,0.0,-1.0
2013-09-01 06:00:00,554,-1.0,-1.0,-1.0,0.0,-1.0
2013-09-01 06:00:00,556,-1.0,-1.0,-1.0,0.0,-1.0
2013-09-01 06:00:00,558,-1.0,-1.0,-1.0,0.0,-1.0
2013-09-01 06:00:00,562,-1.0,-1.0,-1.0,0.0,-1.0
2013-09-01 06:00:00,564,-1.0,-1.0,-1.0,0.0,-1.0
2013-09-01 06:00:00,621,-1.0,-1.0,-1.0,2.084507042253521,-1.0
2013-09-01 06:00:00,621A,-1.0,-1.0,-1.0,0.0,-1.0
2013-09-01 06:00:00,621C,-1.0,-1.0,-1.0,0.0,-1.0
2013-09-01 06:00:00,621D,-1.0,-1.0,-1.0,0.0,-1.0
2013-09-01 06:00:00,640,-1.0,-1.0,-1.0,0.0,-1.0
2013-09-01 06:00:00,644,-1.0,-1.0,-1.0,0.0,-1.0
2013-09-01 06:00:00,648,-1.0,-1.0,-1.0,0.0,-1.0
2013-09-01 06:00:00,656A,-1.0,-1.0,-1.0,0.0,-1.0
2013-09-01 06:00:00,656B,-1.0,-1.0,-1.0,0.0,-1.0
2013-09-01 06:00:00,664,-1.0,-1.0,-1.0,3.3013698630136985,-1.0
2013-09-01 06:00:00,666,-1.0,-1.0,-1.0,0.0,-1.0
2013-09-01 06:00:00,668,-1.0,-1.0,-1.0,0.0,-1.0
2013-09-01 06:00:00,717,-1.0,-1.0,-1.0,0.0,-1.0
2013-09-01 06:00:00,719,-1.0,-1.0,-1.0,0.0,-1.0
2013-09-01 06:00:00,721,-1.0,-1.0,-1.0,0.0,-1.0
2013-09-01 06:00:00,722,-1.0,-1.0,-1.0,0.0,-1.0
2013-09-01 06:00:00,723,-1.0,62.57,3.0,0.0,21.45
2013-09-01 06:00:00,724,-1.0,-1.0,-1.0,0.0,-1.0
2013-09-01 06:00:00,726,-1.0,-1.0,-1.0,0.0,-1.0
2013-09-01 06:00:00,734,-1.0,-1.0,-1.0,0.0,-1.0
2013-09-01 06:00:00,746,-1.0,-1.0,-1.0,0.0,-1.0
2013-09-01 06:00:00,748,-1.0,-1.0,-1.0,0.0,-1.0
2013-09-01 06:00:00,752,-1.0,-1.0,-1.0,0.0,-1.0
2013-09-01 06:00:00,754,-1.0,-1.0,-1.0,0.0,-1.0
2013-09-01 06:00:00,776,-1.0,-1.0,-1.0,2.196132596685083,-1.0
