,timestamp,413.co2,415.co2,417.co2,419.co2,421.co2,422.co2,423.co2,424.co2,442.co2,446.co2,448.co2,452.co2,454.co2,456.co2,458.co2,462.co2,510.co2,511.co2,513.co2,552.co2,554.co2,556.co2,558.co2,562.co2,564.co2,621.co2,621A.co2,621C.co2,621D.co2,621E.co2,640.co2,644.co2,648.co2,656A.co2,656B.co2,664.co2,666.co2,668.co2,717.co2,719.co2,721.co2,722.co2,723.co2,724.co2,726.co2,734.co2,746.co2,748.co2,752.co2,754.co2,776.co2,413.humidity,415.humidity,417.humidity,419.humidity,421.humidity,422.humidity,423.humidity,424.humidity,442.humidity,446.humidity,448.humidity,452.humidity,454.humidity,456.humidity,458.humidity,462.humidity,510.humidity,511.humidity,513.humidity,552.humidity,554.humidity,556.humidity,558.humidity,562.humidity,564.humidity,621.humidity,621A.humidity,621C.humidity,621D.humidity,621E.humidity,640.humidity,644.humidity,648.humidity,656A.humidity,656B.humidity,664.humidity,666.humidity,668.humidity,717.humidity,719.humidity,721.humidity,722.humidity,723.humidity,724.humidity,726.humidity,734.humidity,746.humidity,748.humidity,752.humidity,754.humidity,776.humidity,413.light,415.light,417.light,419.light,421.light,422.light,423.light,424.light,442.light,446.light,448.light,452.light,454.light,456.light,458.light,462.light,510.light,511.light,513.light,552.light,554.light,556.light,558.light,562.light,564.light,621.light,621A.light,621C.light,621D.light,621E.light,640.light,644.light,648.light,656A.light,656B.light,664.light,666.light,668.light,717.light,719.light,721.light,722.light,723.light,724.light,726.light,734.light,746.light,748.light,752.light,754.light,776.light,413.pir,415.pir,417.pir,419.pir,421.pir,422.pir,423.pir,424.pir,442.pir,446.pir,448.pir,452.pir,454.pir,456.pir,458.pir,462.pir,510.pir,511.pir,513.pir,552.pir,554.pir,556.pir,558.pir,562.pir,564.pir,621.pir,621A.pir,621C.pir,621D.pir,621E.pir,640.pir,644.pir,648.pir,656A.pir,656B.pir,664.pir,666.pir,668.pir,717.pir,719.pir,721.pir,722.pir,723.pir,724.pir,726.pir,734.pir,746.pir,748.pir,752.pir,754.pir,776.pir,413.temperature,415.temperature,417.temperature,419.temperature,421.temperature,422.temperature,423.temperature,424.temperature,442.temperature,446.temperature,448.temperature,452.temperature,454.temperature,456.temperature,458.temperature,462.temperature,510.temperature,511.temperature,513.temperature,552.temperature,554.temperature,556.temperature,558.temperature,562.temperature,564.temperature,621.temperature,621A.temperature,621C.temperature,621D.temperature,621E.temperature,640.temperature,644.temperature,648.temperature,656A.temperature,656B.temperature,664.temperature,666.temperature,668.temperature,717.temperature,719.temperature,721.temperature,722.temperature,723.temperature,724.temperature,726.temperature,734.temperature,746.temperature,748.temperature,752.temperature,754.temperature,776.temperature
0,2013-08-23 15:00:00,,,,,,,,,,,,,,,,,,-1.0,,,,,,,,,,,,,,,,,,,,,,,,,,,,,,,,,,,,,,,,,,,,,,,,,,,-1.0,,,,,,,,,,,,,,,,,,,,,,,,,,,,,,,,,,,,,,,,,,,,,,,,,,,-1.0,,,,,,,,,,,,,,,,,,,,,,,,,,,,,,,,,,,,,,,,,,,,,,,,,,,0.0,,,,,,,,,,,,,,,,,,,,,,,,,,,,,,,,,,,,,,,,,,,,,,,,,,,-1.0,,,,,,,,,,,,,,,,,,,,,,,,,,,,,,,,,
1,2013-08-23 16:00:00,,486.20327102803736,,,,,,,,,,,,,,,316.0,52.26272796352583,,,,,,,,,,,,,,,,,,,,,,,,,,,,,,,,,,,-1.0,,,,,,,,,,,,,,,-1.0,5.747606544901065,,,,,,,,,,,,,,,,,,,,,,,,,,,,,,,,,,,-1.0,,,,,,,,,,,,,,,-1.0,33.61092085235921,,,,,,,,,,,,,,,,,,,,,,,,,,,,,,,,,,,-1.0,,,,,,,,,,,,,,,-1.0,0.0,,,,,,,,,,,,,,,,,,,,,,,,,,,,,,,,,,,-1.0,,,,,,,,,,,,,,,-1.0,1.9543302891933032,,,,,,,,,,,,,,,,,,,,,,,,,,,,,,,,,
2,2013-08-23 17:00:00,,492.8647887323944,,,,,,,,,,,,,,,329.1894599303136,105.52545592705167,,,,,,,,,,,,,,,,,,,,,,,,,,,,,,,,,,,-1.0,,,,,,,,,,,,,,,6.4968841052402695,12.49521308980213,,,,,,,,,,,,,,,,,,,,,,,,,,,,,,,,,,,-1.0,,,,,,,,,,,,,,,45.288758425744724,68.22184170471841,,,,,,,,,,,,,,,,,,,,,,,,,,,,,,,,,,,-1.0,,,,,,,,,,,,,,,-0.5328529037727852,0.0,,,,,,,,,,,,,,,,,,,,,,,,,,,,,,,,,,,-1.0,,,,,,,,,,,,,,,2.5725549032398347,4.908660578386606,,,,,,,,,,,,,,,,,,,,,,,,,,,,,,,,,
3,2013-08-23 18:00:00,,499.5085821882079,,,,,,,,,,,,,,,342.37891986062715,158.7881838905775,,,,,,,,,,,,,,,,,,,,,,,,,,,,,,,,,,,7.790390070921987,,,,,,,,,,,,,,,13.993768210480539,19.242819634703196,,,,,,,,,,,,,,,,,,,,,,,,,,,,,,,,,,,10.649442755825733,,,,,,,,,,,,,,,91.57751685148945,102.83276255707761,,,,,,,,,,,,,,,,,,,,,,,,,,,,,,,,,,,-0.8333333333333334,,,,,,,,,,,,,,,-0.0657058075455702,0.0,,,,,,,,,,,,,,,,,,,,,,,,,,,,,,,,,,,3.0678799392097265,,,,,,,,,,,,,,,6.145109806479669,7.86299086757991,,,,,,,,,,,,,,,,,,,,,,,,,,,,,,,,,
4,2013-08-23 19:00:00,,506.15237564402145,,,,,,,,,,,,,,,355.56837979094075,212.05091185410333,,,,,,,,,,,,,,,-1.0,,,,,,,,,,,,,,,,,,,,16.580780141843974,,,,,,,,,,,,,,,21.49065231572081,25.99042617960426,,,,,,,,,,,,,,,-1.0,,,,,,,,,,,,,,,,,,,,22.298885511651466,,,,,,,,,,,,,,,137.86627527723417,137.44368340943683,,,,,,,,,,,,,,,-1.0,,,,,,,,,,,,,,,,,,,,-0.6666666666666667,,,,,,,,,,,,,,,0.40144128868164475,0.0,,,,,,,,,,,,,,,0.0,,,,,,,,,,,,,,,,,,,,7.135759878419453,,,,,,,,,,,,,,,9.717664709719504,10.817321156773213,,,,,,,,,,,,,,,-1.0,,,,,,,,,,,,,,,,,,
5,2013-08-23 20:00:00,,512.796169099835,,,,,,,,,,,,,,,368.75783972125436,265.31363981762917,,,,,,,,,,,,,,,-1.0,,,,,,,,,,,,,,,,,,,,25.37117021276596,,,,,,,,,,,,,,,28.987536420961078,32.738032724505324,,,,,,,,,,,,,,,-1.0,,,,,,,,,,,,,,,,,,,,33.9483282674772,,,,,,,,,,,,,,,184.1550337029789,172.05460426179604,,,,,,,,,,,,,,,-1.0,,,,,,,,,,,,,,,,,,,,-0.5,,,,,,,,,,,,,,,0.8685883849088596,0.0,,,,,,,,,,,,,,,9.878980891719747,,,,,,,,,,,,,,,,,,,,11.20363981762918,,,,,,,,,,,,,,,13.290219612959339,13.771651445966516,,,,,,,,,,,,,,,-1.0,,,,,,,,,,,,,,,,,,
6,2013-08-23 21:00:00,,519.4399625556484,,,,,,,,,,,,,,,381.94729965156796,318.576367781155,,,,,,,,,,,,,,,-1.0,,,,,,,,,,,,,,,,,,-1.0,,34.16156028368795,,,,,,,,,,,,,,,36.48442052620135,39.48563926940639,,,,,,,,,,,,,,,-1.0,,,,,,,,,,,,,,,,,,49.67172631578947,,45.59777102330293,,,,,,,,,,,,,,,230.44379212872363,206.66552511415523,,,,,,,,,,,,,,,-1.0,,,,,,,,,,,,,,,,,,132.48631578947368,,-0.33333333333333337,,,,,,,,,,,,,,,1.3357354811360747,0.0,,,,,,,,,,,,,,,19.757961783439494,,,,,,,,,,,,,,,,,,-1.0,,15.271519756838906,,,,,,,,,,,,,,,16.862774516199174,16.72598173515982,,,,,,,,,,,,,,,-1.0,,,,,,,,,,,,,,,,,,24.336694736842105
7,2013-08-23 22:00:00,,526.083756011462,,,,,,-1.0,,,,,,,,,395.1367595818815,371.83909574468083,,,,,,,,,,,,,,,-1.0,,,,,,,,,,,,-1.0,,,,,,-1.0,,42.951950354609934,,,,,,-1.0,,,,,,,,,43.98130463144162,46.23324581430745,,,,,,,,,,,,,,,-1.0,,,,,,,,,,,,-1.0,,,,,,49.12394863563403,,57.247213779128664,,,,,,-1.0,,,,,,,,,276.73255055446833,241.27644596651444,,,,,,,,,,,,,,,-1.0,,,,,,,,,,,,-1.0,,,,,,118.8314606741573,,-0.16666666666666674,,,,,,0.0,,,,,,,,,1.8028825773632895,0.0,,,,,,,,,,,,,,,29.63694267515924,,,,,,,,,,,,0.0,,,,,,0.0,,19.33939969604863,,,,,,-1.0,,,,,,,,,20.435329419439007,19.68031202435312,,,,,,,,,,,,,,,-1.0,,,,,,,,,,,,-1.0,,,,,,24.5315569823435
8,2013-08-23 23:00:00,528.236722306525,532.7275494672755,404.2978723404256,676.2993920972644,392.4148936170213,472.48936170212767,398.8252279635258,448.24657534246575,513.0060790273557,546.677811550152,428.17173252279633,404.58814589665656,381.7351598173516,475.1352583586626,566.1823708206687,498.5281582952816,408.3262195121951,425.10182370820667,378.8051750380517,417.9193302891933,504.79236641221377,603.6940639269407,459.01367781155017,-1.0,449.4848024316109,514.634703196347,423.9344512195122,518.3404255319149,677.3399390243902,540.3957382039574,479.0577507598785,497.0516717325228,208.9589665653496,532.1337386018237,593.1780821917808,362.77016742770167,469.8510638297872,426.83738601823705,427.1765601217656,460.6377473363775,369.50532724505325,388.1280487804878,442.8328267477204,229.5987841945289,463.2469512195122,396.7127659574468,669.2142857142857,540.7762557077625,454.6524390243902,446.56686930091183,655.1476407914764,45.15097412480974,51.74234042553192,51.56198473282443,52.88261398176292,52.89825227963525,53.97244680851064,50.89705167173253,50.33727549467276,48.97385670731707,51.86857142857142,51.34083713850837,46.08670212765957,51.41455927051672,48.67837386018237,53.15893129770992,56.88129375951294,51.478188736681886,52.98085235920852,53.968875379939206,53.1876291793313,49.86665144596651,49.058888888888895,53.59281155015198,55.09835616438357,49.9806697108067,49.35582066869301,55.51683890577508,49.46326747720365,50.22734042553192,53.51050228310503,52.7395744680851,52.95731003039514,50.66768996960486,50.06612462006079,46.418097412480975,50.07890410958905,50.18264840182648,49.63565349544073,51.17427701674277,51.6810197869102,51.9565601217656,49.0042987804878,56.044070121951215,50.36867579908676,48.17501524390244,47.06288753799392,53.27833333333333,50.562598784194535,43.51424657534247,48.63129573170732,48.87185692541857,93.70776255707764,68.8966565349544,63.8381679389313,138.88601823708206,195.21884498480244,207.3966565349544,3.658054711246201,2.919330289193303,5.737804878048781,4.074468085106383,4.724505327245053,3.4376899696048637,3.474164133738602,3.870820668693009,4.752671755725191,3.8127853881278537,323.02130898021306,275.88736681887366,11.44984802431611,3.4589665653495443,63.602739726027394,42.74124809741248,3.544072948328268,2.773211567732116,11.077625570776256,67.02887537993921,136.85106382978722,251.98632218844983,284.41185410334344,74.37442922374429,9.398176291793312,146.4787234042553,181.11398176291797,141.89361702127658,95.22678843226788,3.278538812785388,133.56773211567733,2146.8297872340427,111.50989345509892,363.9939117199391,204.54337899543376,3.952743902439024,197.58841463414635,5.101978691019787,3.364329268292683,308.3936170212766,30.66360856269113,4.738601823708207,5.307458143074581,8.0625,96.76864535768644,0.0,0.0,0.0,28.722672064777328,0.0,0.0,-1.0,0.0,0.0,0.0,0.0,0.0,0.0,0.0,0.0,0.0,2.2700296735905043,0.0,0.0,0.0,0.0,19.666666666666668,0.0,0.0,25.069333333333333,0.8848484848484849,0.0,0.0,0.0,-1.0,0.0,0.0,23.581932773109244,6.936813186813187,27.24797843665768,0.0,0.0,5.204142011834319,0.0,0.0,0.0,0.0,0.0,0.0,0.0,4.904761904761905,14.070028011204482,0.0,0.0,0.0,0.0,24.11634703196347,23.40727963525836,23.547908396946564,66.63398176291793,22.92723404255319,22.875896656534955,23.441109422492403,23.880578386605784,24.135564024390245,23.131063829787237,23.570958904109588,23.46617021276596,23.51840425531915,24.26211246200608,22.96036641221374,21.94937595129376,24.007884322678844,22.634642313546426,22.587857142857143,22.840273556231004,24.04184170471841,24.33380517503805,23.11323708206687,22.33695585996956,24.0720700152207,25.562503863987637,22.17311550151976,24.191990881458967,24.23949848024316,22.94164383561644,22.718358662613984,22.65226443768997,23.268449848024314,24.137264437689968,25.284444444444446,23.652587519025875,23.84318112633181,24.492158054711247,23.39716894977169,23.459421613394216,22.353089802130896,23.12251524390244,22.05765243902439,23.74264840182649,24.506783536585367,25.01816109422493,22.89435779816514,23.205364741641336,25.6961796042618,24.18733231707317,24.624292237442923
9,2013-08-24 00:00:00,527.4138888888889,539.7680555555555,408.3305555555556,557.4180555555556,400.57916666666665,470.6388888888889,406.99861111111113,457.8888888888889,512.7986111111111,546.5694444444445,432.6055555555556,412.8375,386.93342579750345,482.2194444444444,541.9208333333333,482.2236111111111,380.6958333333333,417.4402777777778,386.46527777777777,416.6333333333333,493.8722222222222,516.0944444444444,453.2027777777778,-1.0,414.5305555555556,496.93611111111113,409.6972222222222,481.0416666666667,664.8294036061027,532.9333333333333,460.7875,482.6569444444444,196.34166666666667,488.6222222222222,581.4916666666667,367.2583333333333,454.8555555555556,394.9333333333333,425.62361111111113,458.0722222222222,367.05694444444447,393.25,429.02777777777777,232.92222222222225,447.6555555555556,392.15,599.7097222222222,533.0083333333333,447.56388888888887,446.49861111111113,607.3736111111111,44.40302777777778,51.51526388888889,51.29029166666667,52.25866666666666,52.85627777777778,53.628902777777775,50.788291666666666,50.25311111111111,48.92791666666666,51.88870833333333,51.405166666666666,46.139291666666665,51.46820083682008,48.73770833333334,53.18791666666667,57.387708333333336,48.322763888888886,52.610013888888886,53.90393055555556,53.24029166666667,50.22393055555555,49.23161111111112,53.724152777777775,55.166916666666665,50.04769444444445,49.47754166666667,55.66161111111112,50.50447222222223,49.39501388888888,53.37119444444445,52.75680555555556,53.52990277777778,50.94851388888889,51.18091666666667,46.67669444444444,50.15056944444444,51.45723611111111,50.939194444444446,50.963458333333335,51.436972222222224,51.72254166666666,49.01680555555556,55.92236111111111,50.428375,48.20356449375866,46.275888888888886,53.497902777777774,50.78830555555556,44.047291666666666,49.24884722222222,48.72575,133.42916666666667,75.09722222222223,58.8625,145.32777777777778,187.1833333333333,201.2513888888889,3.577777777777778,2.9277777777777776,5.097222222222222,3.486111111111111,4.254166666666666,2.9625,3.333333333333333,3.401388888888889,4.154166666666667,3.4625,555.0319444444444,749.1388888888889,11.234722222222222,3.4208333333333334,63.59444444444444,6.727777777777778,3.573611111111111,18.77638888888889,10.7,67.28333333333333,157.52916666666667,245.60694444444445,287.05833333333334,74.35138888888889,10.52361111111111,170.78472222222223,185.19166666666663,102.59583333333332,87.95555555555555,3.220833333333333,108.67916666666666,2152.7638888888887,108.58333333333331,380.79583333333335,250.6833333333333,4.152777777777778,201.575,5.0625,3.3134535367545075,92.01388888888889,22.81805555555556,4.858333333333333,5.273611111111111,9.294444444444444,73.19027777777778,0.0,0.0,0.0,16.82587064676617,0.0,0.0,-1.0,0.0,0.0,0.0,0.0,0.0,0.0,0.0,0.7894736842105263,0.0,0.0,0.0,0.0,0.0,1.2916666666666667,0.0,0.0,1.8342541436464088,26.056234718826406,7.080110497237569,0.0,0.0,0.0,-1.0,0.0,0.0,18.9539641943734,0.0,26.154761904761905,0.0,0.0,5.35,0.0,0.0,0.0,1.9209809264305175,0.0,0.0,0.0,23.325984251968503,5.827225130890052,0.0,0.0,0.0,0.0,24.586375,23.59340277777778,23.72701388888889,73.18138888888889,23.128291666666662,23.072569444444444,23.55183333333333,23.991097222222223,24.20627777777778,23.169194444444443,23.59897222222222,23.491125,23.546276150627616,24.287541666666662,22.947472222222224,21.79040277777778,25.191138888888887,22.866013888888887,22.649430555555558,22.846652777777777,23.89933333333333,24.10401388888889,23.106625,22.419486111111112,24.01623611111111,25.48709722222222,22.150305555555555,23.665875,24.57240277777778,23.007708333333333,22.72770833333333,22.464125,23.15758333333333,23.56543055555556,25.08034722222222,23.63223611111111,23.37126388888889,23.98701388888889,23.49502777777777,23.613791666666668,22.465569444444444,23.155555555555555,22.11345833333333,23.762916666666666,24.44481276005548,25.269291666666668,22.73718055555556,23.155375,25.497666666666667,23.926388888888887,24.58666666666667
10,2013-08-24 01:00:00,492.3888888888889,499.35277777777776,370.53472222222223,481.5403899721449,362.3902777777778,429.1,385.60833333333335,431.8305555555556,475.9513888888889,509.5152777777778,406.1541666666666,388.4277777777778,364.3277777777778,454.32916666666665,505.8444444444444,439.4583333333333,349.96666666666664,379.17083333333335,359.75138888888887,385.0152777777778,470.7861111111111,461.9486111111111,420.0625,-1.0,336.7527777777778,470.1402777777778,372.475,436.2069444444445,577.2638888888889,492.5152777777778,422.1097222222222,448.6962025316456,182.2333333333333,447.3263888888889,575.1458333333334,338.01666666666665,417.0444444444444,350.5888888888889,399.0180555555556,426.7791666666666,337.08194444444445,361.9736111111111,393.1333333333333,211.79305555555555,411.9791666666667,340.8777777777778,530.1166666666667,495.4791666666667,413.8041666666667,415.01666666666665,559.1111111111111,42.96645833333333,51.00452777777778,50.68780555555556,51.60373611111111,52.10501388888889,52.808375,50.49848611111111,49.98879166666666,48.703478260869566,51.6705,51.27206944444444,46.05934722222223,51.385958333333335,48.618458333333336,52.844430555555554,57.79377777777778,46.01636111111111,51.42720833333334,53.24311111111111,53.11941666666667,50.31816666666667,49.390097222222224,53.573375000000006,54.59594444444445,50.11299583911234,49.11797222222223,55.24213888888888,50.78220833333334,48.51205555555556,53.033652777777775,52.83411111111111,53.35066666666667,50.58594444444444,51.59209722222222,46.99240277777778,50.16141666666667,52.01880555555556,52.248263888888886,50.437847222222224,50.864,51.02506944444445,48.87897364771151,55.40845833333333,50.33588563458856,48.12958333333333,45.649875,53.73891816920944,50.73829166666667,44.190375,49.630486111111104,48.67930555555555,203.8083333333333,93.04027777777776,59.30138888888889,189.4111111111111,194.7736111111111,208.14583333333331,3.473611111111111,2.886111111111111,5.683029453015428,3.4472222222222224,4.290277777777778,3.051388888888889,3.3541666666666665,3.477777777777778,5.1194444444444445,3.968055555555555,715.8777777777777,671.3069444444444,13.695833333333333,3.436111111111111,63.547222222222224,3.547222222222222,3.5930555555555554,18.36805555555556,5.123439667128988,68.04861111111111,216.67222222222225,255.1,314.1125,84.04583333333333,9.293055555555556,91.29305555555555,75.825,17.180555555555557,43.727777777777774,3.1444444444444444,22.75555555555556,2164.0402777777776,121.64722222222224,474.6041666666667,500.3208333333333,4.009708737864078,235.75833333333333,5.066945606694561,3.363888888888889,97.27361111111112,7.812760055478502,4.758333333333334,5.231944444444444,7.622222222222222,48.36388888888889,0.0,0.0,0.0,0.0,0.0,0.0,-1.0,0.0,0.0,0.0,0.0,0.0,0.0,0.0,14.433566433566432,0.0,0.0,0.0,0.0,0.0,6.982142857142857,0.0,0.0,1.2880886426592797,4.629427792915531,8.26923076923077,0.0,0.0,0.0,-1.0,0.0,0.0,20.80203045685279,0.0,26.47058823529412,0.0,0.0,9.334831460674158,0.0,0.0,0.0,0.0,0.0,0.0,0.0,13.75983436853002,0.0,0.0,0.0,0.0,0.0,25.148680555555558,23.71168055555556,23.862486111111117,86.10395833333334,23.333861111111112,23.36270833333333,23.65577777777778,24.076319444444444,24.2368443197756,23.186597222222225,23.619041666666664,23.501916666666663,23.563819444444444,24.29968055555556,22.97855555555556,21.556916666666663,25.806111111111115,23.229222222222223,22.854597222222225,22.835680555555555,23.80993055555556,23.910847222222223,23.111680555555555,22.54205555555556,23.78545076282941,25.44656944444444,22.281736111111112,23.539416666666668,24.764791666666667,23.104305555555552,22.614069444444443,22.479736111111112,23.28351388888889,23.34740277777778,24.88951388888889,23.55720833333333,23.10536111111111,23.567652777777777,23.69397222222222,23.818430555555555,22.75126388888889,23.178613037447988,22.258333333333333,23.76294281729428,24.41391666666667,25.36398611111111,22.465700416088765,23.129805555555556,25.40952777777778,23.692958333333333,24.454833333333333
11,2013-08-24 02:00:00,476.8777777777778,477.3611111111111,353.3305555555556,451.1833333333333,340.0027777777778,409.51666666666665,362.0708333333333,407.1041666666667,454.5833333333333,486.2805555555556,385.1875,366.5319444444444,342.50694444444446,429.75555555555553,483.9791666666667,431.7125,330.9819444444444,359.0416666666667,333.32916666666665,364.0069541029207,438.6555555555556,440.4513888888889,399.5125,-1.0,270.21527777777777,439.56111111111113,356.66527777777776,416.1569444444444,479.3097222222222,472.71210013908205,403.77222222222224,438.15972222222223,155.29861111111111,428.4446002805049,579.9583333333334,316.75138888888887,401.2763888888889,327.2263888888889,379.63194444444446,409.72777777777776,322.25416666666666,340.9986111111112,374.8541666666667,193.73259052924791,386.9583333333333,312.8111111111112,564.8430555555556,476.1958333333333,394.56865464632455,390.3083333333333,523.1430555555555,42.46104166666667,50.78625,50.47119444444445,51.66727777777778,51.709,52.15468055555556,50.32809722222223,49.89331944444444,48.67844444444445,51.66361111111112,51.24804166666666,46.03655555555555,51.37991666666667,48.587875,52.88156944444444,58.04243055555556,46.16223611111111,51.21236111111112,52.45418055555556,53.15345833333333,50.45879166666667,49.61131944444445,53.58172222222223,54.75141666666666,50.62302777777778,48.96783333333333,54.82145833333333,51.00780555555556,48.61586111111111,52.77144444444445,53.109625,53.53104166666667,50.341166666666666,51.90763888888889,47.2333841886269,50.31305555555556,52.807625,53.12301388888889,49.80831944444444,50.30476388888889,50.26025,48.89112656467316,54.96686111111111,50.375347222222224,48.156777777777776,46.10701388888889,54.64227777777778,50.78738888888888,44.316291666666665,50.16572222222222,49.06508333333333,45.47361111111111,49.85833333333333,26.466666666666665,88.49583333333334,93.51944444444445,92.68194444444444,3.531944444444445,2.8291666666666666,6.95,3.920833333333333,4.179166666666666,2.930555555555556,3.325,3.348611111111111,5.001388888888889,3.890277777777778,212.375,247.54722222222225,8.806944444444444,3.45,62.80555555555556,3.4625,3.5347222222222223,2.6069444444444443,3.6791666666666663,8.38888888888889,132.075,122.27361111111112,161.23333333333332,50.225,5.319444444444445,10.822222222222225,28.76944444444445,8.141666666666667,39.141470180305134,3.075,8.676388888888889,2164.973611111111,62.04583333333333,232.73472222222225,197.975,3.7983310152990266,111.15555555555557,4.963888888888889,3.2333333333333334,30.45555555555556,12.327777777777778,3.0097222222222224,5.138888888888889,4.502777777777778,19.552777777777777,0.0,0.0,0.0,0.0,0.0,0.0,-1.0,0.0,0.0,0.0,0.0,0.0,0.0,0.0,0.0,0.0,0.0,0.0,0.0,0.0,0.92797783933518,0.0,0.0,0.0,0.0,0.0,0.0,0.0,0.0,-1.0,0.0,0.0,19.62900505902192,0.0,26.17206982543641,0.0,0.0,0.0,0.0,0.0,0.0,0.0,0.0,0.0,0.0,0.0,15.30800821355236,0.0,0.0,0.0,0.0,25.24020833333333,23.718333333333334,23.859708333333337,98.98543055555557,23.30408333333333,23.58752777777778,23.718833333333336,24.106375,24.241263888888888,23.18630555555556,23.62230555555556,23.504319444444445,23.57026388888889,24.303,22.979055555555554,21.558222222222224,25.458777777777776,23.25943055555556,23.17722222222222,22.83173611111111,23.73611111111111,23.80858333333333,23.112486111111117,22.42275,23.438402777777775,25.38523611111111,22.443291666666667,23.49190277777778,24.509263888888885,23.217152777777777,22.544541666666667,22.446472222222223,23.37675,23.225041666666662,24.840235783633844,23.476263888888887,22.84981944444444,23.258,23.923097222222225,24.029263888888888,23.022347222222223,23.183031988873434,22.413541666666667,23.74725,24.383847222222222,25.040375,22.252458333333333,23.11880555555556,25.394416666666665,23.467736111111112,24.210625
12,2013-08-24 03:00:00,470.03472222222223,471.6986111111111,349.82916666666665,449.1763888888889,331.9221902017291,410.6986111111111,351.7555555555556,395.97083333333336,447.7263888888889,478.9,375.6333333333333,357.4236111111111,332.9486111111111,422.05555555555554,480.9291666666667,430.4236111111111,320.2024965325936,353.65833333333336,321.05833333333334,356.95972222222224,460.2746185852982,434.65833333333336,392.88194444444446,-1.0,263.6069444444444,430.64166666666665,350.70972222222224,410.9111111111111,465.66527777777776,466.4714086471409,398.0583333333333,430.34027777777777,105.55,423.78472222222223,559.1125,309.02916666666664,396.7819444444444,317.4138888888889,369.23333333333335,399.81388888888887,313.8736111111112,331.5263888888889,370.6138888888889,186.01944444444445,376.2861111111111,305.78333333333336,706.4402777777777,473.5527777777778,396.4569444444445,382.4055555555556,512.3819444444445,42.849291666666666,51.14827777777778,51.209375,52.04888888888888,52.47188888888889,52.55034722222222,50.31772222222222,49.89568055555556,48.846250000000005,51.83391666666667,51.34988873435327,46.10466666666667,51.48569444444444,48.68819444444444,53.10708333333333,57.856625,48.40031944444445,51.91911111111112,52.51547222222222,53.28529166666666,50.714597222222224,49.902125,53.767472222222224,55.08180555555556,51.17343055555556,49.06291666666667,55.28138888888888,51.69922222222223,49.52348611111112,52.96648611111112,53.36031944444444,53.5625,51.20022222222223,52.23108333333333,47.643430555555554,50.56125,53.32636111111112,53.642030598052855,50.29802777777778,51.03219444444444,50.66543055555556,49.04444444444445,55.60623611111111,50.53697222222223,48.27851388888889,47.253083333333336,54.94122222222222,50.80773611111111,44.171958333333336,50.83252777777778,49.75765277777778,3.9722222222222223,17.720833333333335,3.498611111111111,4.013888888888889,18.522222222222226,3.4166666666666665,3.4194444444444443,2.8152777777777778,3.5027777777777778,3.283333333333333,4.090403337969402,2.7736111111111112,3.183333333333333,3.183333333333333,3.8152777777777778,3.2402777777777776,3.6041666666666665,4.647222222222222,3.566666666666667,3.425,47.71805555555556,3.486111111111111,3.5569444444444445,2.719444444444445,4.186111111111111,6.084722222222222,4.345833333333333,4.2444444444444445,4.027777777777778,6.845833333333333,4.143055555555556,4.081944444444445,3.806944444444445,4.583333333333333,27.84583333333333,3.118055555555556,3.2888888888888888,2158.641168289291,4.397222222222222,4.9527777777777775,3.977777777777778,3.7666666666666666,3.5722222222222224,4.851388888888889,3.1944444444444446,4.506944444444445,26.9625,2.9208333333333334,5.279166666666667,3.6041666666666665,4.325,0.0,0.0,0.0,0.0,0.0,0.0,-1.0,0.0,0.0,0.0,0.0,0.0,0.0,0.0,0.0,0.0,0.0,0.0,0.0,0.0,4.589673913043479,0.0,0.0,0.0,0.0,0.0,0.0,0.0,0.0,-1.0,0.0,0.0,0.0,0.0,10.876344086021506,0.0,0.0,0.0,0.0,0.0,0.0,0.0,0.0,0.0,0.0,0.0,25.92672998643148,0.0,0.0,0.0,0.0,24.99161111111111,23.533916666666663,23.56118055555556,76.40698611111111,22.998472222222222,23.37748611111111,23.75686111111111,24.144166666666667,24.21259722222222,23.174833333333336,23.622350486787205,23.51563888888889,23.56568055555556,24.306569444444445,23.01013888888889,21.772569444444443,24.417444444444445,22.97320833333333,23.10440277777777,22.840208333333333,23.753916666666665,23.749180555555554,23.10518055555556,22.35383333333333,23.242625,25.32276388888889,22.218958333333333,23.18756944444444,24.054597222222224,23.10234722222222,22.51126388888889,22.496458333333333,22.93468055555556,23.159208333333336,24.705916666666663,23.413097222222223,22.758902777777777,22.866467315716275,23.58526388888889,23.57002777777777,22.686708333333332,23.14904166666667,22.139319444444443,23.702583333333333,24.350944444444444,24.50361111111111,22.65434722222222,23.217194444444445,25.611833333333333,23.256972222222224,23.91234722222222
13,2013-08-24 04:00:00,460.6055555555556,470.7402777777778,348.9138888888889,447.4569444444445,331.7083333333333,405.2861111111111,346.4875,391.44305555555553,446.5215577190542,476.4611111111111,371.8,352.2916666666667,330.7916666666667,419.94166666666666,479.5416666666667,426.4041666666666,310.0,351.1083333333333,316.7527777777778,356.35285913528594,439.84583333333336,432.77777777777777,391.4625,-1.0,260.95416666666665,426.59583333333336,348.5055555555556,410.8430555555556,463.9583333333333,460.6111111111111,396.8847222222222,430.029207232267,105.95416666666668,421.1902777777778,439.56111111111113,306.90694444444443,396.1333333333333,317.0361111111111,365.6013888888889,398.9972222222222,310.83194444444445,328.79056865464634,376.3986111111111,183.2,371.9347222222222,302.4194444444444,528.8222222222222,471.3986111111111,468.9375,381.2861111111111,513.4638888888888,43.539125000000006,51.54522222222222,51.79372222222223,52.76830555555556,52.81000000000001,53.35611111111111,50.37244444444445,49.9224826629681,49.07268055555556,52.04563888888889,51.5076111111111,46.242666666666665,51.62769444444445,48.846375,53.10627777777778,57.30159722222223,50.474236111111104,52.89098474341193,52.92008333333333,53.48475,50.93794444444445,50.11831920903956,53.88868055555555,55.2825,51.67720833333334,48.96958333333333,56.16020833333333,52.70097222222222,50.72433666191156,53.60211111111111,53.62756944444444,53.971291666666666,51.83938888888889,52.54338888888888,48.03351388888888,50.78676388888889,53.65215277777778,54.59856944444444,51.31101388888889,52.13809722222222,52.23111111111111,49.209471488178025,56.62770833333333,50.774875,48.52425,48.238388888888885,55.12159722222223,50.647013888888885,43.93369444444444,51.54747222222223,50.39409722222222,3.8472222222222223,17.4125,3.4055555555555554,3.540277777777778,18.245833333333334,3.0930555555555554,3.411111111111111,2.8904299583911235,3.808333333333333,3.352777777777778,4.129166666666666,2.754166666666667,3.3125,3.223611111111111,3.786111111111111,3.3319444444444444,3.3027777777777776,3.8321775312066575,3.5597222222222222,3.455555555555556,4.580555555555556,3.635593220338983,3.477777777777778,2.775,4.333333333333333,6.254166666666666,4.115277777777778,3.5694444444444446,3.119828815977176,6.597222222222222,4.170833333333333,4.011111111111111,3.736111111111111,4.584722222222222,3.2666666666666666,3.1222222222222222,3.313888888888889,2171.5291666666667,4.009722222222222,3.566666666666667,3.4972222222222222,3.7468706536856735,2.906944444444445,4.75,3.213888888888889,4.454166666666667,17.2875,3.0027777777777778,10.681944444444444,3.6375,4.204166666666667,0.0,0.0,0.0,0.0,0.0,0.0,-1.0,0.0,0.0,0.0,0.0,0.0,0.0,0.0,0.0,0.0,0.0,0.0,0.0,0.0,0.3777777777777777,0.0,0.0,0.0,0.0,0.0,0.0,0.0,0.0,-1.0,0.0,0.0,0.0,0.0,0.0,0.0,0.0,0.0,0.0,0.0,0.0,0.0,0.0,0.0,0.0,0.0,4.358695652173913,0.0,7.027363184079602,0.0,0.0,24.629319444444445,23.421361111111118,23.398902777777774,61.5075,22.910569444444445,23.066416666666665,23.77038888888889,24.16507628294036,24.148902777777774,23.13320833333333,23.59915277777778,23.49513888888889,23.548180555555557,24.29047222222222,23.02444444444444,22.041319444444444,23.62995833333333,22.61162274618585,22.94618055555556,22.808,23.636916666666664,23.720861581920904,23.105055555555555,22.332555555555555,23.096736111111117,25.386027777777777,21.881833333333333,22.79438888888889,23.54774607703281,22.813291666666665,22.471652777777777,22.393833333333333,22.73333333333333,23.061958333333333,24.32398611111111,23.36518055555556,22.67690277777778,22.473333333333333,23.164097222222225,23.10783333333333,21.983680555555555,23.11162726008345,21.7925,23.643541666666664,24.26976388888889,24.12168055555556,22.181902777777776,23.34231944444445,25.95868055555556,23.042305555555554,23.67936111111111
14,2013-08-24 05:00:00,456.3875,468.49861111111113,347.5527777777778,446.56805555555553,329.90833333333336,404.62916666666666,344.6666666666667,389.81111111111113,446.3611111111111,476.56944444444446,370.2069444444445,350.9902777777778,327.8930555555556,417.1541666666666,468.17083333333335,423.96527777777777,304.50138888888887,348.78194444444443,313.3222222222222,354.9402777777778,434.73333333333335,431.89166666666665,392.2111111111111,-1.0,259.90277777777777,429.7986111111111,346.6005547850208,410.0625,461.9402777777778,457.5527777777778,397.2055555555556,432.2972222222222,98.64722222222224,420.0152777777778,418.4680555555556,306.0152777777778,397.35,320.3625,364.5236111111111,396.7027777777778,305.4555555555556,325.90277777777777,384.39722222222224,181.99305555555557,370.2694444444445,305.6277777777778,494.09583333333336,468.37361111111113,416.6875,379.94305555555553,499.05,44.025055555555554,51.57233333333333,51.85765277777778,52.95520833333333,52.81856944444445,53.81020833333333,50.27818055555556,49.81351388888889,49.09072222222222,52.03252777777777,51.50644444444444,46.23993055555555,51.646375,48.78223611111111,54.16633333333333,56.52679166666667,51.70780555555556,53.559694444444446,53.33158333333333,53.43388888888889,50.84498611111111,50.14852777777778,53.84681944444444,55.24529166666667,51.88823611111111,48.85131944444445,56.770916666666665,53.30711111111111,51.47198887343533,54.08784722222222,53.08118055555555,54.119513888888896,52.05481944444445,52.82226388888888,48.50268055555556,50.83471567267684,53.95093055555555,55.12430555555556,52.03259722222222,52.89647222222222,53.73233333333333,49.24488888888889,57.180680555555554,50.80323611111111,48.595277777777774,48.62140277777778,55.96866666666667,50.54899860917941,43.45465277777778,51.88681944444445,50.85981944444445,3.7708333333333335,17.34861111111111,3.2847222222222223,3.584722222222222,18.120833333333334,3.1708333333333334,3.3986111111111112,2.895833333333333,3.855555555555556,3.25,4.102777777777778,2.7569444444444446,3.276388888888889,3.102777777777778,3.763888888888889,3.388888888888889,3.168055555555556,3.831944444444445,3.5708333333333333,3.4458333333333333,4.191666666666666,3.5277777777777777,3.4680555555555554,2.661111111111111,3.948611111111111,6.144444444444445,4.093055555555556,3.5194444444444444,3.208623087621697,6.5125,4.206944444444445,4.004166666666666,3.7708333333333335,4.606944444444444,3.1625,3.031900138696255,3.3208333333333333,2170.676388888889,4.008333333333334,3.513888888888889,3.6375,3.716666666666667,2.8583333333333334,4.745833333333334,3.180555555555556,4.511111111111111,3.605555555555556,2.980528511821975,5.186111111111111,3.5194444444444444,4.180555555555555,0.0,0.0,0.0,0.0,0.0,0.0,-1.0,0.0,0.0,0.0,0.0,0.0,0.0,0.0,0.0,0.0,0.0,0.0,0.0,0.0,0.0,0.0,0.0,0.0,0.0,0.0,0.0,0.0,0.0,-1.0,0.0,0.0,0.0,0.0,0.0,0.0,0.0,0.0,0.0,0.0,0.0,0.0,0.0,0.0,0.0,0.0,0.0,0.0,0.0,0.0,0.0,24.296847222222222,23.357902777777777,23.33265277777777,85.36158333333333,22.836291666666668,22.82306944444445,23.78261111111111,24.17361111111111,24.088944444444447,23.08577777777777,23.566138888888887,23.467166666666667,23.517555555555557,24.262055555555555,22.34923611111111,22.214583333333334,23.130111111111116,22.284,22.69515277777778,22.78298611111111,23.655625,23.65566666666667,23.053652777777778,22.27436111111111,22.96513888888889,25.26905555555556,21.5965,22.493388888888887,23.1646314325452,22.52048611111111,22.678791666666665,22.31425,22.623722222222224,22.909027777777776,24.00365277777778,23.310194174757285,22.511972222222223,22.18852777777778,22.82245833333333,22.752472222222224,21.386333333333333,23.060555555555556,21.562791666666666,23.594791666666666,24.200097222222222,23.947944444444445,21.684166666666663,23.32591098748261,26.03740277777778,22.87927777777778,23.429777777777776
15,2013-08-24 06:00:00,451.2347222222222,466.4055555555556,344.5236111111111,440.5625,325.68888888888887,400.5652777777778,342.4916666666667,387.4751773049645,444.2,475.4138888888889,368.7763888888889,347.8805555555556,327.1083333333333,414.16527777777776,454.5375,420.7111111111111,301.5888888888889,344.75694444444446,311.31388888888887,352.17891816920945,430.9291666666667,429.9763888888889,386.4347222222222,-1.0,261.29305555555555,427.2875,346.72083333333336,409.0138888888889,456.7527777777778,455.1513888888889,395.8236111111111,430.1222222222222,97.44166666666666,419.3486111111111,413.39166666666665,304.0361111111111,391.28472222222223,318.3833333333333,361.18055555555554,394.5138888888889,299.3375,324.3,385.60833333333335,179.24305555555554,368.01666666666665,313.5416666666667,486.9069444444444,466.2652777777778,394.2652777777778,379.6277777777778,495.8986111111111,44.70518055555556,51.82483333333333,52.15630555555556,53.2947983310153,53.17555555555556,54.44486111111112,50.29738888888889,49.85584722222222,49.32926388888889,52.29822222222222,51.66694444444444,46.35716666666666,51.786736111111104,48.96218055555555,57.50819444444445,56.43269444444445,53.05348611111111,54.66936111111112,54.19038888888889,53.61965277777778,50.83255555555556,50.56858333333333,54.277625,55.73125,52.43441666666666,49.03279166666667,57.64315277777778,54.07573611111111,52.403444444444446,54.85594444444444,53.54809722222222,54.31347222222222,52.443125,53.38343618513324,49.178152777777775,51.07494444444444,54.40168055555556,55.981472222222216,52.88276388888888,53.81727777777778,55.03116666666667,49.44341666666667,57.82833333333333,50.99918055555556,48.799125,49.96906944444445,57.13319444444445,50.67843055555556,43.32881944444444,52.48029126213592,51.55913888888889,3.893055555555556,17.315277777777776,3.404166666666667,3.638386648122392,18.23611111111111,3.073611111111111,3.425,2.823611111111111,4.006944444444445,3.2472222222222222,4.126388888888889,2.797222222222222,3.2666666666666666,3.173611111111111,3.7083333333333335,3.344444444444445,3.85,3.8041666666666663,3.5375,3.463888888888889,4.034722222222222,3.3986111111111112,3.4138888888888888,2.5722222222222224,3.7666666666666666,6.180555555555555,4.075,3.5458333333333334,3.1597222222222223,6.490277777777778,4.218055555555556,3.936111111111111,3.790277777777778,4.49929873772791,3.1375,3.1555555555555554,3.2694444444444444,2174.3444444444444,4.026388888888889,3.498611111111111,3.511111111111111,3.745833333333333,2.958333333333333,4.75,3.1847222222222222,4.523611111111111,3.5569444444444445,3.0069444444444446,5.325,3.654646324549237,4.2375,0.0,0.0,0.0,0.0,0.0,0.0,-1.0,0.0,0.0,0.0,0.0,0.0,0.0,0.0,0.0,0.0,0.0,0.0,0.0,0.0,0.0,0.0,0.0,0.0,0.0,0.0,0.0,0.0,0.0,-1.0,0.0,0.0,0.0,0.0,0.0,0.0,0.0,0.0,0.0,0.0,0.0,0.0,0.0,0.0,0.0,0.0,0.0,0.0,0.0,0.0,0.0,24.04568055555556,23.233652777777777,23.21543055555556,41.9765090403338,22.70433333333333,22.64752777777778,23.79844444444445,24.17961111111111,24.04725,23.051319444444445,23.537486111111114,23.442375,23.49118055555556,24.148180555555555,21.382791666666662,22.274555555555555,22.738208333333333,21.985111111111117,22.440583333333333,22.772319444444445,23.657527777777776,23.513847222222225,22.924611111111112,22.126597222222223,22.793763888888886,25.147194444444445,21.39251388888889,22.238055555555555,22.846416666666663,22.24083333333333,22.420986111111112,22.266152777777776,22.503958333333333,22.73883590462833,23.748944444444447,23.240152777777777,22.40809722222222,21.93993055555556,22.548,22.45325,21.01140277777778,23.012125,21.43394444444445,23.5525,24.136986111111117,23.461180555555558,21.392180555555555,23.262194444444443,26.007708333333333,22.710443828016643,23.20925
16,2013-08-24 07:00:00,450.4611111111111,466.1208333333333,343.7180555555556,437.70416666666665,326.0431754874652,400.9569444444445,341.04305555555555,386.0488505747126,443.5305555555556,471.3041666666667,367.38194444444446,348.11944444444447,324.7916666666667,413.20416666666665,451.3097222222222,419.2,302.35277777777776,343.4791666666667,311.48055555555555,353.0763888888889,423.7819444444444,428.30694444444447,385.9472222222222,-1.0,261.7416666666667,425.6208333333333,348.95416666666665,408.7680555555556,456.98333333333335,455.9180555555556,396.5583333333333,429.7055555555556,92.60833333333332,417.8654646324549,408.5583333333333,304.19166666666666,392.3236111111111,318.9347222222222,361.5875,394.4902777777778,295.83194444444445,321.1388888888889,385.31111111111113,180.1833333333333,366.6736111111111,312.24305555555554,487.05694444444447,464.19464033850494,389.27222222222224,379.87916666666666,491.0,45.36548611111111,52.15709722222222,52.48197222222223,53.66290277777778,53.43455555555556,54.90509040333797,50.34040277777778,49.93922222222222,49.53238888888889,52.55495833333333,51.87477777777777,46.53268055555555,51.98951388888889,49.28718055555555,59.13673611111111,56.46319444444445,54.06672222222223,55.562763888888895,54.961125,53.77852777777778,51.04933333333334,50.95543055555556,54.69133333333333,56.214333333333336,52.95304166666667,49.19086111111111,58.23847222222223,54.808347222222224,53.18047222222223,55.60147222222222,54.28397222222222,54.62043055555556,52.90268055555556,53.898402777777775,49.753125,51.37822222222222,54.86101388888889,56.806305555555554,53.59159217877095,54.62873611111112,55.93120833333334,49.651833333333336,58.292208333333335,51.20330555555555,49.03018055555556,51.11101551480959,57.91725,50.90454166666666,43.38790277777778,53.01643661971831,52.15537500000001,3.886111111111111,17.383333333333333,3.511111111111111,3.605555555555556,18.197222222222223,3.1279554937413074,3.3541666666666665,2.8375,3.9791666666666665,3.268055555555556,4.05,2.7333333333333334,3.334722222222222,3.1444444444444444,3.6347222222222224,3.3361111111111112,3.790277777777778,3.7875,3.458333333333333,3.4277777777777776,4.006944444444445,3.4902777777777776,3.430555555555556,2.576388888888889,3.698611111111111,6.161111111111111,4.122222222222222,3.5277777777777777,3.1152777777777776,6.533333333333333,4.109722222222223,4.005555555555556,3.7291666666666665,4.441666666666666,3.0541666666666667,3.129166666666667,3.2583333333333333,2178.0416666666665,3.986033519553073,3.536111111111111,3.525,3.6319444444444446,2.963888888888889,4.790277777777778,3.083333333333333,4.966149506346968,3.4277777777777776,3.0027777777777778,5.216666666666667,3.5901408450704224,4.104166666666667,0.0,0.0,0.0,0.0,0.0,0.0,-1.0,0.0,0.0,0.0,0.0,0.0,0.0,0.0,0.0,0.0,0.0,0.0,0.0,0.0,0.0,0.0,0.0,0.0,0.0,0.0,0.0,0.0,0.0,-1.0,0.0,0.0,0.0,0.0,0.0,0.0,0.0,0.0,0.0,0.0,0.0,0.0,0.0,0.0,0.0,0.0,0.0,0.0,0.0,0.0,0.0,23.796777777777777,23.110916666666668,23.114125,44.16911111111111,22.62786111111111,22.538178025034767,23.826347222222225,24.18455555555556,24.018027777777775,23.01065277777777,23.51136111111111,23.411347222222226,23.45018055555556,24.04513888888889,20.95330555555556,22.281069444444444,22.454319444444444,21.739944444444443,22.227708333333336,22.76172222222222,23.598986111111117,23.41197222222222,22.824180555555557,21.99983333333333,22.6485,25.103041666666662,21.24308333333333,22.04136111111111,22.60279166666667,22.011041666666667,22.20169444444444,22.191222222222223,22.374236111111117,22.59275,23.562069444444443,23.16915277777778,22.28956944444445,21.70248611111111,22.34720670391061,22.22865277777777,20.78891666666667,22.968902777777775,21.32309722222222,23.51884722222222,24.085430555555558,23.116332863187587,21.201375,23.197041666666664,25.97820833333333,22.57511267605634,23.04501388888889
17,2013-08-24 08:00:00,447.52222222222224,463.3125,342.25416666666666,435.4916666666667,324.925,398.38194444444446,340.425,382.403337969402,442.8833333333333,469.92083333333335,366.00138888888887,345.18055555555554,323.1513888888889,412.2763888888889,450.3388888888889,419.43611111111113,300.55555555555554,344.45,308.99583333333334,350.84583333333336,423.65277777777777,427.5583333333333,383.74861111111113,-1.0,262.65277777777777,424.47222222222223,347.4486111111111,406.4527777777778,454.6763888888889,456.23333333333335,397.62638888888887,427.1763888888889,92.92083333333332,416.3361111111111,404.6333333333333,302.6166666666667,391.33472222222224,317.43888888888887,358.3361111111111,392.45416666666665,293.9916666666667,320.7736111111111,382.63055555555553,179.3972222222222,365.8486111111111,304.98055555555555,484.0736111111111,461.5763888888889,384.58472222222224,379.08472222222224,486.9223021582734,45.84540277777778,52.356902777777776,52.661541666666665,53.85354166666667,53.54323611111111,55.09018055555556,50.23545833333333,49.88193055555556,49.55373611111112,52.58138888888889,51.90654166666666,46.55523611111112,52.095527777777775,49.45191666666666,59.90997222222222,56.358263888888885,54.63461111111111,56.12718055555556,55.41983333333333,53.78915277777778,51.10508333333334,51.07596393897364,54.87631944444444,56.4391111111111,53.24277777777778,49.29716666666666,58.576097222222224,55.26734722222222,53.68255555555556,56.076722222222216,54.689416666666666,54.76727777777778,53.17248611111111,54.20405555555556,50.11979166666666,51.51319444444445,55.14322222222223,57.26461111111111,54.00145833333334,55.11581944444444,56.41041666666667,49.72602777777777,58.55593055555555,51.26170833333333,49.103902777777776,51.79945908460471,58.21308333333333,50.99363888888889,43.396458333333335,53.30986111111111,52.50145833333334,3.793055555555556,17.408333333333335,3.3819444444444446,3.5416666666666665,18.181944444444444,3.0652777777777778,3.4347222222222222,2.9291666666666667,3.941666666666667,3.368055555555556,4.101388888888889,2.823611111111111,3.234722222222222,3.1944444444444446,3.744444444444445,3.379166666666667,3.8541666666666665,3.7708333333333335,3.548611111111111,3.401388888888889,4.0152777777777775,3.407766990291262,3.513888888888889,2.6277777777777778,3.633333333333333,6.158333333333333,4.163888888888889,3.4652777777777777,3.1902777777777778,6.606944444444444,4.133333333333334,3.9625,3.6777777777777776,4.522222222222222,3.234722222222222,3.063888888888889,3.3208333333333333,2179.3611111111118,4.034722222222222,3.390277777777778,3.5305555555555554,3.7111111111111112,2.925,4.772222222222222,3.180555555555556,5.169209431345354,3.548611111111111,3.061111111111111,5.15,3.6166666666666663,4.163888888888889,0.0,95.71111111111112,0.0,0.0,0.0,0.0,-1.0,0.0,0.0,0.0,0.0,0.0,0.0,0.0,0.0,0.0,0.0,0.0,0.0,0.0,0.0,0.0,0.0,0.0,0.0,0.0,0.0,0.0,0.0,-1.0,0.0,0.0,0.0,0.0,0.0,0.0,0.0,0.0,0.0,0.0,0.0,0.0,0.0,0.0,0.0,0.0,0.0,0.0,0.0,0.0,0.0,23.547638888888887,22.99083333333333,23.020000000000003,61.868805555555554,22.5565,22.45525,23.861319444444447,24.197152777777777,23.993611111111115,22.98483333333333,23.486833333333333,23.386111111111116,23.403194444444445,23.96273611111111,20.751694444444443,22.269458333333333,22.24598611111111,21.533597222222223,22.05148611111111,22.74019444444444,23.54415277777778,23.36256588072122,22.746208333333332,21.922416666666667,22.539166666666667,25.04313888888889,21.116777777777777,21.88308333333333,22.40893055555556,21.821583333333333,22.048416666666668,22.11351388888889,22.264875,22.47055555555556,23.41011111111111,23.09477777777778,22.18397222222222,21.53761111111111,22.191291666666665,22.050180555555556,20.63704166666667,22.9225,21.218125,23.476166666666668,24.039875,22.849459084604717,21.121402777777774,23.14258333333333,25.926222222222226,22.465902777777774,22.900916666666667
18,2013-08-24 09:00:00,444.9486111111111,460.85833333333335,341.4194444444444,433.6513888888889,323.0305555555556,397.68194444444447,339.58194444444445,382.8083333333333,441.2263888888889,469.4625,366.34027777777777,345.77777777777777,321.3569444444444,409.8847222222222,446.3777777777778,418.70972222222224,297.25416666666666,344.7916666666667,308.5722222222222,351.10277777777776,421.1388888888889,426.1541666666666,379.59583333333336,-1.0,262.4513888888889,422.525,349.0305555555556,407.0652777777778,451.6680555555556,454.6075418994413,397.43055555555554,424.6809986130375,92.65555555555557,416.6013888888889,403.8861111111111,300.46666666666664,388.2375,314.90277777777777,357.4125,389.9805555555556,292.0388888888889,318.33194444444445,382.50555555555553,177.74305555555554,363.1444444444445,305.4638888888889,483.5930555555556,459.9680555555556,381.9486111111111,378.8152777777778,483.975,46.20015277777778,52.47722222222222,52.734763888888885,53.92936111111111,53.58166666666667,55.12120833333333,50.02741666666667,49.726958333333336,49.46961111111112,52.4675173370319,51.83888888888889,46.49227777777778,52.12540277777778,49.52025,60.09425,56.16991666666667,55.05798611111111,56.45898611111112,55.652902777777776,53.67359722222222,51.09216666666667,51.051166666666674,54.89429166666667,56.47683333333333,53.384125,49.31769444444444,58.651958333333326,55.57269444444445,53.99327777777778,56.37744089012517,54.89034722222223,54.84068055555556,53.32984722222222,54.38666666666667,50.39422222222222,51.57275,55.30255555555557,57.44005555555555,54.251595006934814,55.42486111111111,56.67947222222222,49.713416666666674,58.612027777777776,51.22280555555555,49.11447222222222,52.24886111111111,58.23630555555555,51.04323611111112,43.41209722222223,53.48483333333333,52.76036111111111,3.7736111111111112,17.406944444444445,3.418055555555556,3.5819444444444444,18.2125,3.1486111111111112,3.388888888888889,2.8652777777777776,4.016666666666667,3.264909847434119,4.125,2.734722222222222,3.330555555555556,3.109722222222222,3.6972222222222224,3.344444444444445,3.856944444444444,3.6875,3.448611111111111,3.3125,3.973611111111111,3.3694444444444445,3.4402777777777778,2.5277777777777777,3.716666666666667,6.151388888888889,4.061111111111111,3.5097222222222224,3.1527777777777777,6.579972183588317,4.166666666666667,3.9972222222222222,3.7375,4.419444444444444,3.25,3.123611111111111,3.219444444444445,2176.018055555556,4.011095700416089,3.463888888888889,3.5375,3.779166666666667,2.9444444444444446,4.781944444444444,3.191666666666667,5.161111111111111,3.4944444444444445,2.9763888888888888,5.216666666666667,3.529166666666667,4.059722222222222,0.0,0.0,0.0,0.0,0.0,0.0,-1.0,0.0,0.0,0.0,0.0,0.0,0.0,0.0,0.0,0.0,0.0,0.0,0.0,0.0,0.0,0.0,0.0,0.0,0.0,0.0,0.0,0.0,0.0,-1.0,0.0,0.0,0.0,0.0,0.0,0.0,0.0,0.0,0.0,0.0,0.0,0.0,0.0,0.0,0.0,0.0,0.0,0.0,0.0,0.0,0.0,23.315555555555555,22.872694444444445,22.92901388888889,54.05244444444445,22.47743055555556,22.371916666666667,23.90098611111111,24.212972222222223,23.967625,22.959375866851595,23.46645833333333,23.36526388888889,23.353,23.89819444444445,20.62823611111111,22.241291666666665,22.01558333333333,21.35015277777778,21.90151388888889,22.715138888888887,23.48790277777778,23.31763888888889,22.68125,21.855222222222224,22.435819444444444,24.978321775312065,21.0165,21.730222222222224,22.233722222222223,21.654019471488176,21.91445833333333,22.022125,22.15475,22.34998611111111,23.25576388888889,23.016916666666667,22.06886111111111,21.40791666666667,22.046948682385576,21.889125,20.500555555555557,22.876638888888888,21.11925,23.441541666666662,23.98334722222222,22.636791666666667,21.0375,23.078458333333337,25.846569444444444,22.34618055555556,22.74851388888889
19,2013-08-24 10:00:00,443.9888888888889,460.0388888888889,340.8861111111111,433.6152777777778,322.5652777777778,394.6081460674157,337.4236111111111,382.8013888888889,439.81388888888887,468.49444444444447,364.90972222222223,344.9763888888889,320.74444444444447,408.65277777777777,446.7298050139276,416.9805555555556,293.75694444444446,343.55555555555554,308.4638888888889,349.925,421.5236111111111,424.0138888888889,379.7055555555556,-1.0,261.51944444444445,421.6833333333333,350.2486111111112,402.7527777777778,451.00555555555553,452.6611111111111,394.5930555555556,421.68194444444447,95.40972222222224,415.8958333333333,403.10277777777776,299.7263888888889,386.51666666666665,313.22222222222223,355.71527777777777,388.6111111111111,290.3041666666667,316.84722222222223,382.20972222222224,178.52083333333334,362.1914008321775,307.47777777777776,481.1847222222222,458.95,380.51666666666665,379.06388888888887,483.3541666666667,46.492069444444446,52.597902777777776,52.81520833333334,53.99195833333333,53.617666666666665,55.14604166666667,49.80127777777778,49.536541666666665,49.389902912621366,52.31893055555555,51.728375,46.423541666666665,52.08890429958391,49.54713888888888,60.120583333333336,56.03234722222222,55.409527777777775,56.78447222222222,55.85638888888889,53.57604166666667,51.04733333333333,51.03934722222223,54.9115,56.50304166666667,53.49531944444444,49.337763888888894,58.78925,55.84513888888889,54.29468055555555,56.65348611111112,55.07644444444445,54.94518723994453,53.51380555555556,54.56605555555555,50.63911111111111,51.60130555555556,55.47829166666667,57.68234722222223,54.44991666666667,55.70106944444444,56.879305555555554,49.690041666666666,58.6955,51.17827777777778,49.08511111111111,52.61036111111111,58.34095833333333,51.068958333333335,43.44048611111111,53.66041666666667,53.0112361111111,3.686111111111111,17.461111111111112,3.4319444444444445,3.576388888888889,18.24861111111111,2.9819444444444443,3.401388888888889,2.8569444444444443,3.9223300970873782,3.2847222222222223,4.141666666666667,2.748611111111111,3.2829403606102634,3.15,3.734722222222222,3.376388888888889,3.816666666666667,3.693055555555556,3.531944444444445,3.323611111111111,3.983333333333333,3.4,3.5,2.6069444444444443,3.7430555555555554,6.204166666666667,4.1625,3.602777777777778,3.151388888888889,6.555555555555555,4.102777777777778,4.0374479889043,3.661111111111111,4.418055555555555,3.168055555555556,3.0527777777777776,3.3,2155.4513888888887,4.086111111111111,3.4763888888888888,3.575,3.6944444444444446,2.911111111111111,36.5625,3.2,5.211111111111111,3.4472222222222224,2.952777777777778,5.197222222222222,3.6,4.066666666666666,0.0,0.0,0.0,0.0,0.0,0.0,-1.0,0.0,0.0,0.0,0.0,0.0,0.0,0.0,0.0,0.0,0.0,0.0,0.0,0.0,0.0,0.0,0.0,0.0,0.0,0.0,0.0,0.0,0.0,-1.0,0.0,0.0,0.0,0.0,0.0,0.0,0.0,0.0,0.0,0.0,0.0,0.0,0.0,0.0,0.0,0.0,0.0,0.0,0.0,0.0,0.0,23.129625,22.75436111111111,22.840638888888886,47.788,22.40076388888889,22.303430555555558,23.935263888888887,24.233402777777776,23.945561719833563,22.950486111111108,23.450333333333337,23.34045833333333,23.32470180305132,23.84523611111111,20.60677777777778,22.219791666666666,21.85723611111111,21.19326388888889,21.77940277777778,22.679,23.432944444444445,23.25708333333333,22.616055555555555,21.797444444444444,22.34895833333333,24.91647222222222,20.918152777777777,21.599805555555555,22.083361111111117,21.50143055555556,21.792472222222223,21.92004160887656,22.035777777777778,22.235,23.11945833333333,22.947611111111108,21.954166666666666,21.27784722222222,21.92644444444445,21.747875,20.391388888888887,22.83083333333333,21.04311111111111,23.402736111111118,23.94177777777778,22.460472222222226,20.95283333333333,23.012847222222224,25.76670833333333,22.225583333333333,22.60673611111111
20,2013-08-24 11:00:00,443.0125,460.9513888888889,340.34722222222223,433.32916666666665,323.5125,398.6216968011127,337.80833333333334,382.76666666666665,440.06388888888887,466.65277777777777,364.7861111111111,344.79027777777776,320.4680555555556,409.5819444444445,448.69166666666666,416.29027777777776,293.89722222222224,344.6402777777778,306.79334257975034,350.0375,419.17083333333335,423.7263888888889,378.5361111111111,-1.0,262.37638888888887,420.5541666666667,349.0375,401.0263888888889,451.6458333333333,453.24305555555554,397.80694444444447,420.7611111111111,96.36666666666666,416.2638888888889,404.15833333333336,300.7638888888889,387.0111111111111,313.68194444444447,354.2916666666667,388.9277777777778,290.2319444444444,317.15972222222223,382.7361111111111,178.56666666666666,361.84722222222223,308.70416666666665,483.225,458.84722222222223,380.6222222222222,378.8097222222222,481.3152777777778,46.97827777777778,52.83869444444444,53.03454166666667,54.18556944444445,53.795783633841886,55.41247222222221,49.713458333333335,49.483694444444446,49.48972222222222,52.495694444444446,51.80609722222222,46.48463245492371,52.17022222222222,49.71613888888889,60.46051388888889,56.18463888888889,56.09856944444444,57.45148611111111,56.322638888888896,53.82919444444444,51.197652777777776,51.31795833333334,55.20097222222222,56.78369444444445,53.80427777777778,49.50620833333333,59.28845833333334,56.33,54.84852777777778,57.17288888888889,55.53111111111112,55.28111111111112,53.89801388888889,54.979638888888886,51.04233333333334,51.834541666666674,55.94179166666666,58.42988888888888,54.88161111111111,56.17263888888889,57.28811111111112,49.87394444444444,58.98068055555555,51.332138888888885,49.20125,53.185027777777776,58.87616666666666,51.214875,43.55176388888889,54.084,53.489263888888885,3.7152777777777777,17.47361111111111,3.418055555555556,3.515277777777778,18.22746185852982,3.118055555555556,3.395833333333333,2.9444444444444446,4.063888888888889,3.281944444444445,4.133333333333334,2.6990291262135924,3.245833333333333,3.1416666666666666,3.719444444444445,3.333333333333333,3.883333333333333,3.6625,3.5,3.323611111111111,4.079166666666667,3.423611111111111,3.452777777777778,2.647222222222222,3.780555555555555,6.1875,4.131944444444445,3.4458333333333333,3.1375,6.580555555555556,4.191666666666666,3.994444444444445,3.713888888888889,4.383333333333334,3.201388888888889,3.036111111111111,3.290277777777778,2199.4041666666667,3.951388888888889,3.4027777777777777,3.529166666666667,3.6791666666666663,2.863888888888889,4.748611111111111,3.1958333333333333,5.15,3.4722222222222223,2.9722222222222223,5.247222222222222,3.518055555555556,4.036111111111111,0.0,0.0,0.0,0.0,0.0,0.0,-1.0,0.0,0.0,0.0,0.0,0.0,0.0,0.0,0.0,0.0,0.0,0.0,0.0,0.0,0.0,0.0,0.0,0.0,0.0,0.0,0.0,0.0,0.0,-1.0,0.0,0.0,0.0,0.0,0.0,0.0,0.0,0.0,0.0,0.0,0.0,0.0,0.0,0.0,0.0,0.0,0.0,0.0,0.0,0.0,0.0,22.989291666666663,22.66433333333333,22.773416666666662,60.111236111111104,22.355325936199723,22.25722222222222,23.972819444444443,24.250541666666667,23.935583333333334,22.921027777777777,23.436472222222225,23.322995839112345,23.301791666666663,23.804680555555557,20.638027777777776,22.22059722222222,21.703861111111117,21.069694444444444,21.68456944444444,22.6255,23.375916666666665,23.178319444444444,22.56077777777778,21.749402777777775,22.28523611111111,24.87251388888889,20.84851388888889,21.49745833333333,21.97036111111111,21.38727777777778,21.70611111111111,21.83859722222222,21.94408333333333,22.13856944444445,23.005125,22.88329166666667,21.85515277777777,21.13536111111111,21.83134722222222,21.646222222222224,20.32461111111111,22.78373611111111,21.030444444444445,23.36805555555556,23.910166666666665,22.313819444444444,20.884555555555558,22.94947222222222,25.707041666666665,22.129916666666663,22.486875
21,2013-08-24 12:00:00,443.6041666666667,461.44444444444446,339.7972222222222,434.0541666666667,333.0472222222222,408.7941585535466,339.0208333333333,394.3027777777778,440.34027777777777,467.8555555555556,364.2736111111111,345.22083333333336,319.7111111111111,409.45972222222224,448.7916666666667,416.7375,293.6222222222222,342.4194444444444,325.1763888888889,350.1763888888889,418.8513888888889,424.03472222222223,379.0291666666666,-1.0,261.8208333333333,420.4736111111111,351.04305555555555,400.44305555555553,449.87916666666666,451.47083333333336,397.9888888888889,421.8555555555556,94.22638888888888,416.8083333333333,402.47083333333336,300.84722222222223,387.6875,313.6222222222222,356.406993006993,388.2402777777778,288.7555555555556,316.45416666666665,383.5236111111111,177.66944444444445,361.78472222222223,310.59444444444443,483.40915395284327,458.0416666666667,379.9277777777778,380.04027777777776,480.7791666666666,47.36704166666667,53.18477777777778,53.26840277777778,54.43845833333334,53.96369444444444,55.64877777777778,49.61693055555556,49.526833333333336,49.72280555555555,52.701097222222224,51.99986111111112,46.66676388888889,52.34884722222222,49.989125,60.77462500000001,56.43043055555556,56.76506944444444,58.071263888888886,56.833875,54.185763888888886,51.52115277777778,51.67343055555556,55.56552777777778,57.13656944444445,54.179375,49.748597222222216,59.71251738525731,56.84152777777778,55.38270833333334,57.71794444444444,56.07051388888888,55.26895833333334,53.965583333333335,55.40913888888889,51.492152777777775,52.174638888888886,56.43194444444445,59.09723611111112,55.339597222222224,56.67963888888888,57.71630555555555,50.11925,59.237875,51.58290277777778,49.44240277777778,53.76093055555556,59.35191666666666,51.454375,43.76138888888889,54.55108333333333,53.98034722222222,5.205555555555556,17.59861111111111,3.8291666666666666,10.684722222222222,18.2375,8.845833333333333,5.155555555555556,6.141666666666667,4.805555555555555,3.7777777777777777,4.520833333333333,3.3472222222222223,3.469444444444445,3.769444444444445,5.754166666666666,4.3125,3.823611111111111,3.6944444444444446,3.5375,3.2527777777777778,3.981944444444444,3.455555555555556,3.397222222222222,2.5347222222222223,3.7666666666666666,6.166666666666667,4.178025034770514,3.486111111111111,3.1638888888888888,6.594444444444444,4.130555555555556,4.055555555555555,3.748611111111111,4.540277777777778,3.2319444444444443,3.0902777777777777,3.3194444444444446,2190.511111111111,4.208333333333333,3.608333333333333,3.620833333333333,3.8055555555555554,2.9916666666666667,4.945833333333334,3.2263888888888888,6.755555555555556,3.6638888888888888,4.580555555555556,5.413888888888889,3.6902777777777778,7.8069444444444445,1.1923076923076923,0.6869806094182825,0.6510989010989011,0.0831024930747922,0.0,5.173803526448363,-1.0,4.843989769820972,0.0,0.0,0.0,0.0,0.0,0.0,0.0,0.0,0.0,0.0,3.6136986301369856,0.0,0.0,0.0,0.0,0.0,0.0,0.0,0.0,0.0,0.0,-1.0,0.0,0.0,0.0,0.0,0.0,0.0,0.0,0.0,0.0,0.0,0.0,0.0,0.0,0.0,0.0,0.0,0.0,0.0,0.0,0.0,0.0,22.93888888888889,22.596375,22.762,39.98408333333334,22.407902777777775,22.30945833333333,23.993430555555555,24.24680555555556,23.91468055555556,22.92618055555556,23.42701388888889,23.30501388888889,23.28661111111111,23.77802777777778,20.64023611111111,22.218972222222224,21.58222222222222,20.973819444444445,21.607902777777777,22.57345833333333,23.31811111111111,23.116291666666665,22.509208333333333,21.708777777777776,22.23144444444444,24.833361111111117,20.798998609179414,21.417944444444444,21.87294444444445,21.29193055555556,21.619222222222223,22.04161111111111,22.09840277777778,22.066694444444444,22.915666666666667,22.822222222222223,21.779263888888888,21.00251388888889,21.755694444444444,21.570208333333333,20.27059722222222,22.74802777777778,21.030236111111112,23.33952777777777,23.87238888888889,22.204416666666667,20.827166666666667,22.91640277777778,25.668236111111117,22.061097222222223,22.398152777777774
22,2013-08-24 13:00:00,486.4694444444444,522.2194444444444,382.16527777777776,516.2194444444444,388.68611111111113,453.23333333333335,386.2166666666666,431.85833333333335,442.5097222222222,469.748959778086,365.7125,344.6777777777778,320.84583333333336,411.1069444444444,448.7315716272601,418.29583333333335,293.25416666666666,341.5777777777778,383.7791666666666,352.5680555555556,419.43888888888887,423.0930555555556,380.90277777777777,-1.0,264.26666666666665,419.5819444444445,351.13927576601674,400.1347222222222,452.1666666666667,450.11805555555554,401.4125,428.6611111111111,93.26527777777778,414.8944444444445,405.44305555555553,303.21944444444443,387.7930555555556,313.27222222222224,355.4055555555556,389.56944444444446,289.31388888888887,317.53333333333336,385.02777777777777,179.59166666666667,363.6958333333333,310.9194444444444,483.2220650636492,457.5888888888889,380.79583333333335,382.19166666666666,483.15277777777777,49.823166666666665,54.48751388888889,53.63795833333334,55.49255555555556,54.97357440890125,56.41311111111112,51.10272222222222,52.72295833333333,49.890972222222224,52.84868055555556,52.130486111111104,46.80001388888889,52.475458333333336,50.17338888888889,60.87443671766342,56.56484722222223,57.22159722222223,58.520958333333326,57.19695833333333,54.46858333333333,51.81659722222222,51.97836111111111,55.871652777777776,57.39288888888888,54.494388888888885,49.925125,60.04304166666667,57.25451388888889,55.80304166666667,58.16520833333333,56.46052777777778,54.440375,53.18693055555555,55.77776388888888,51.90411111111111,52.47852777777778,56.8455,59.60006944444445,55.668125,57.06975,58.06265277777778,50.30349999999999,59.36879166666667,51.76442280945757,49.617083333333326,54.170125,59.61473611111112,51.65198611111112,43.924013888888894,54.87759722222223,54.35548611111111,24.51527777777778,17.90138888888889,15.947222222222225,21.122222222222224,20.109874826147426,28.915277777777774,32.484722222222224,11.019444444444444,4.473611111111111,3.608333333333333,4.423611111111111,3.158333333333333,3.3847222222222224,3.651388888888889,5.273991655076495,4.002777777777778,4.9527777777777775,5.393055555555556,3.644444444444445,3.290277777777778,4.201388888888889,3.470833333333333,3.477777777777778,2.6625,3.973611111111111,6.230555555555555,5.293055555555555,7.276388888888889,7.445833333333334,7.4375,4.1194444444444445,4.595833333333333,4.351388888888889,4.995833333333334,3.5569444444444445,3.1277777777777778,3.908333333333333,2182.608333333333,6.108333333333333,9.9125,8.233333333333333,3.781944444444445,5.427777777777778,5.011126564673157,3.2402777777777776,6.801388888888889,3.8333333333333335,4.606944444444444,5.413888888888889,3.6875,8.102777777777778,11.33890214797136,11.7855421686747,7.491183879093199,13.483870967741936,0.0,7.902255639097745,-1.0,8.22434367541766,0.0,0.0,0.0,0.0,0.0,0.0,0.0,0.0,0.0,0.0,5.467213114754099,0.0,0.0,0.0,0.0,0.0,0.0,0.0,0.0,0.0,0.0,-1.0,0.0,0.0,0.0,0.0,0.0,0.0,0.0,0.0,0.0,0.0,0.0,0.0,0.0,0.0,0.0,0.0,0.0,0.0,0.0,0.0,0.0,23.17970833333333,22.67038888888889,22.981333333333332,46.483125,22.78890125173853,22.68711111111111,24.065291666666663,24.29536111111111,23.904555555555557,22.928194444444443,23.43540277777778,23.30523611111111,23.28979166666667,23.776375,20.64317107093185,22.228,21.492444444444445,20.891583333333333,21.547916666666666,22.523666666666667,23.26320833333333,23.04727777777778,22.453986111111117,21.677041666666668,22.177208333333333,24.8225,20.736680555555555,21.34480555555556,21.786972222222225,21.20479166666667,21.55034722222222,22.46933333333333,22.502291666666665,21.993402777777774,22.822791666666667,22.761861111111116,21.703666666666667,20.892263888888888,21.702527777777775,21.50501388888889,20.21905555555556,22.727930555555552,21.037194444444445,23.32305980528512,23.85488888888889,22.14061111111111,20.81052777777778,22.89930555555556,25.65556944444444,22.020736111111116,22.339180555555554
23,2013-08-24 14:00:00,444.6,483.37916666666666,353.5652777777778,466.625,343.5541666666667,410.50138888888887,358.99583333333334,398.45,442.5597222222222,469.25416666666666,365.3708333333333,346.14722222222224,321.57916666666665,410.9291666666667,449.34027777777777,419.0597222222222,292.5472222222222,342.2680555555556,335.4347222222222,370.4875,434.49444444444447,423.5472222222222,380.5833333333333,-1.0,265.01666666666665,419.9375,353.78859527121,399.9972222222222,454.1152777777778,448.3430555555556,401.8847222222222,429.48333333333335,97.25277777777778,416.15277777777777,404.9583333333333,304.18055555555554,388.0986111111111,310.6736111111111,357.2361111111111,390.55694444444447,289.7652777777778,317.78472222222223,383.2861111111111,179.0402777777778,363.0527777777778,313.90694444444443,485.19444444444446,458.9680555555556,381.19305555555553,381.5736111111111,484.15,50.990875,54.44954166666666,53.41727777777778,56.11995833333334,56.34966573816156,57.76675,52.10593055555555,54.65473611111111,49.77422222222223,52.638958333333335,52.02788888888889,46.71697222222223,52.413875,50.14170833333333,60.62745833333333,56.34079166666667,57.32715277777778,58.50355555555555,57.173,54.666,51.98905555555556,52.05166666666666,55.92666666666667,57.331853932584266,54.505541666666666,49.95655555555556,59.94704166666667,57.32329166666667,55.82207232267037,58.2001386962552,56.458416666666665,53.99988888888889,52.751041666666666,55.849040333796935,52.079972222222224,52.53176388888889,56.90972222222222,59.60701388888889,55.64004166666667,57.02648611111111,58.012708333333336,50.23141666666666,59.117309292649104,51.676125,49.55756944444444,54.22616666666666,59.41404166666667,51.67122222222222,43.90168055555556,54.81143055555555,54.36525,20.370833333333334,28.788888888888888,18.46527777777778,51.793055555555554,52.28133704735376,60.81527777777778,3.5097222222222224,2.873611111111111,4.009722222222222,3.281944444444445,4.023611111111111,2.7944444444444443,3.225,3.2263888888888888,3.780555555555555,3.368055555555556,19.14027777777778,29.18055555555556,4.8902777777777775,18.040277777777774,4.559722222222222,3.5652777777777778,3.5902777777777777,2.712078651685393,4.351388888888889,6.226388888888889,22.20277777777778,64.58333333333333,74.43532684283727,22.066574202496533,4.495833333333334,14.051388888888887,13.65,11.873435326842838,7.120833333333334,3.126388888888889,13.42361111111111,2189.873611111111,37.34861111111111,103.45972222222224,77.11805555555556,3.818055555555556,40.26490984743412,4.883333333333334,3.2180555555555554,7.608333333333333,4.097222222222222,3.698611111111111,5.293055555555555,4.277777777777778,10.72222222222222,0.0,0.0,0.0,0.0,0.0,0.0,-1.0,0.0,0.0,0.0,0.0,0.0,0.0,0.0,0.0,0.0,0.0,0.0,0.0,5.6318407960199,0.0,0.0,0.0,0.0,0.0,0.0,0.0,0.0,0.0,-1.0,0.0,0.0,0.0,0.0,0.0,0.0,0.0,0.0,0.0,0.0,0.0,0.0,0.0,0.0,0.0,0.0,0.0,0.0,0.0,0.0,0.0,22.857972222222223,22.595902777777777,22.88181944444445,46.39552777777778,22.525543175487467,22.493430555555555,24.17801388888889,24.384319444444444,23.907541666666667,22.95080555555556,23.439097222222223,23.314402777777776,23.294291666666663,23.765597222222222,20.62551388888889,22.21977777777778,21.392222222222223,20.830777777777776,21.49877777777777,22.54130555555556,23.24884722222222,22.96525,22.385166666666667,21.650941011235957,22.12645833333333,24.787791666666667,20.7005,21.292708333333334,21.730625869262862,21.148654646324548,21.494069444444445,22.428375,22.508416666666665,21.92739916550765,22.723347222222223,22.70508333333333,21.628972222222224,20.812583333333333,21.67281944444445,21.488375,20.20070833333333,22.71776388888889,21.05857142857143,23.321666666666665,23.85213888888889,22.08566666666667,20.792416666666668,22.882972222222214,25.652819444444443,22.007597222222223,22.294541666666667
24,2013-08-24 15:00:00,443.39166666666665,467.6486111111111,344.4625,441.59583333333336,329.62083333333334,404.1361111111111,345.1,387.6763888888889,442.56805555555553,470.49861111111113,367.3541666666667,347.0541666666667,322.81388888888887,411.4375,450.27777777777777,419.99861111111113,293.7486111111112,341.9402777777778,318.4763888888889,383.12361111111113,453.89722222222224,445.1694444444444,396.8375,-1.0,285.2388888888889,421.3416666666666,355.33472222222224,402.0763888888889,457.0152777777778,450.02777777777777,402.7805555555556,429.1111111111111,93.63055555555556,416.8708333333333,407.22777777777776,307.38128491620114,388.84583333333336,312.71944444444443,360.1402777777778,390.2763888888889,291.1972222222222,318.6847222222222,382.3888888888889,180.73194444444445,367.5527777777778,316.3847222222222,485.87638888888887,460.2328190743338,382.5722222222222,383.1208333333333,485.54583333333335,51.36536111111111,54.35779166666667,53.39745833333333,55.81208333333333,55.89334722222222,57.45404166666667,51.70294444444445,54.90733333333333,49.75944444444445,52.574152777777776,51.97365277777778,46.68720833333334,52.3104861111111,50.14798611111112,60.840833333333336,56.33811111111111,57.435333333333325,58.59565277777778,57.227041666666665,55.64818055555556,52.33472222222223,52.280125000000005,55.93843055555556,57.31927777777777,54.53381944444444,50.02927777777778,60.00429166666666,57.42045833333333,55.87970833333333,58.34883333333334,56.562041666666666,54.32680555555556,53.01244444444444,55.94179166666666,52.25300000000001,52.68348611111112,56.99498611111111,59.89721835883171,55.61745833333333,56.87825,57.78279166666667,50.27573611111111,58.91983333333333,51.68955555555556,49.56440277777778,54.33513888888889,59.58901388888889,51.694319444444446,43.91955555555556,54.85813888888889,54.419027777777785,56.3625,52.2625,51.96944444444444,105.00694444444444,113.99305555555556,121.39027777777778,3.5416666666666665,2.838888888888889,4.086111111111111,3.3208333333333333,4.120833333333334,2.775,3.2583333333333333,3.1708333333333334,3.765277777777778,3.334722222222222,54.41388888888889,93.23194444444444,7.866666666666666,13.377777777777778,8.676388888888889,18.6375,20.53472222222222,28.147222222222226,4.998611111111111,6.3694444444444445,61.49444444444445,178.83055555555555,208.50277777777777,54.84027777777778,5.241666666666666,34.981944444444444,35.047222222222224,28.195833333333333,15.466666666666669,3.1347222222222224,35.88055555555555,2190.1780250347706,107.30833333333334,296.4263888888889,242.40694444444443,3.9652777777777777,116.0,4.981944444444444,3.2527777777777778,12.619444444444444,5.468055555555556,4.706944444444445,5.502777777777778,6.198611111111111,24.0,0.0,0.0,0.0,0.0,0.0,0.0,-1.0,0.0,0.0,0.0,0.0,0.0,0.0,0.0,0.0,0.0,0.0,0.0,0.0,0.9945054945054944,3.801089918256131,5.36,3.935064935064935,4.751381215469613,3.407103825136612,0.4709141274238227,0.0,0.0,0.0,-1.0,0.0,0.0,0.0,0.0,0.0,0.0,0.0,0.0,0.0,0.0,0.0,0.0,0.0,0.0,0.0,0.0,0.0,0.0,0.0,0.0,0.0,22.69390277777778,22.57184722222222,22.83675,45.609875,22.440708333333333,22.452597222222224,24.206694444444445,24.38722222222222,23.914291666666667,22.969444444444445,23.45191666666667,23.31940277777778,23.335194444444443,23.760472222222223,20.60201388888889,22.228708333333334,21.43023611111111,20.856319444444445,21.52288888888889,22.91955555555556,23.49194444444445,23.08802777777778,22.482930555555555,21.871430555555555,22.3035,24.742125,20.74723611111111,21.333069444444444,21.78663888888889,21.157791666666668,21.496666666666663,22.25436111111111,22.36265277777778,21.933027777777777,22.698666666666668,22.65975,21.64576388888889,20.77723226703755,21.73766666666667,21.609625,20.356819444444444,22.71026388888889,21.169500000000003,23.325013888888886,23.851347222222223,22.09484722222222,20.78368055555556,22.882277777777777,25.651305555555552,22.030527777777777,22.31073611111111
25,2013-08-24 16:00:00,444.43888888888887,466.88194444444446,343.575,436.20416666666665,328.26944444444445,404.35,340.44166666666666,385.61944444444447,445.2489568845619,472.0722222222222,369.0,348.71666666666664,324.5111111111111,412.9013888888889,452.7305555555556,421.4638888888889,298.3361462728552,342.9277777777778,314.6125,370.7125,453.2138888888889,436.44166666666666,394.8833333333333,-1.0,275.5722222222222,441.2194444444444,356.2680555555556,405.5361111111111,458.0111111111111,450.9957983193277,404.50138888888887,429.3236111111111,97.56666666666666,448.1111111111111,533.2,308.2652777777778,388.9666666666666,314.8888888888889,362.00694444444446,391.925,290.425,319.75416666666666,384.68055555555554,182.08183079056863,367.9333333333333,314.86805555555554,486.98333333333335,461.4527777777778,383.6069444444444,382.45416666666665,491.4583333333333,51.48534722222222,54.31205555555555,53.440125,55.30243055555555,55.16288888888889,56.77030555555556,51.13902912621359,54.03130555555556,49.88875,52.73261111111112,52.072125,46.790862308762165,52.37861111111111,50.30791666666666,61.04125,56.510958333333335,57.48333333333333,58.66752777777778,57.224875,56.654388888888896,54.49422222222222,52.43173611111111,56.10468055555556,57.37977777777778,54.46723611111111,50.34583333333333,59.97954166666666,57.45766666666666,55.81657420249653,58.38549999999999,56.68094444444444,54.46443055555555,53.08309722222222,55.78768377253814,52.48254166666667,52.92659722222223,56.76555555555555,59.99145833333333,55.45798611111111,56.53048611111111,57.36268055555555,50.402875,58.60044444444444,51.81805555555555,49.67619444444445,54.247416666666666,59.69425,51.745916666666666,43.973,54.61638888888889,54.31270833333333,75.1138888888889,59.47083333333333,55.13194444444444,121.43055555555556,145.52083333333334,139.43194444444444,3.571428571428572,2.855555555555556,4.345833333333333,3.2958333333333334,4.101388888888889,2.787204450625869,3.325,3.1694444444444443,4.0,3.404166666666667,79.77083333333333,133.10833333333332,9.026388888888889,27.929166666666667,6.1875,16.941666666666666,19.72083333333333,18.18611111111111,4.475,6.336111111111111,69.38888888888889,208.7513888888889,236.95423023578363,64.05416666666666,6.726388888888889,120.64444444444445,123.05,120.0513176144244,74.81111111111112,3.3569444444444443,175.57222222222222,2180.375,114.95972222222224,342.46666666666664,191.5638888888889,4.002777777777778,194.20694444444445,5.170833333333333,3.2944444444444443,16.0625,10.654166666666669,4.586111111111111,5.531944444444444,11.334722222222222,122.27083333333331,0.0,0.0,0.0,0.0,0.0,0.0,0.0,0.0,0.0,0.0,0.0,0.0,0.0,0.0,0.0,0.0,0.0,0.0,0.0,4.2398921832884096,0.0,1.8442622950819672,0.0,1.2952646239554315,1.2880886426592797,16.306493506493506,0.0,0.0,0.0,-1.0,0.0,0.0,0.0,9.08783783783784,22.672645739910315,0.0,0.0,0.0,0.0,0.0,0.0,0.0,0.0,0.0,0.0,0.0,0.0,0.0,0.0,0.0,0.0,22.658041666666666,22.628833333333333,22.881847222222223,49.56725,22.56958333333333,22.501930555555557,24.23644937586685,24.399375,23.913722222222223,22.95963888888889,23.455486111111117,23.313783031988876,23.339166666666667,23.748013888888888,20.626041666666666,22.227319444444444,21.502944444444445,20.921236111111117,21.61577777777778,23.038166666666665,23.6685,23.158277777777776,22.591722222222224,21.984930555555557,22.44151388888889,24.714569444444447,20.84888888888889,21.440375,21.925977808599168,21.269319444444445,21.562236111111112,22.319277777777778,22.45619444444444,22.167323162274617,23.129972222222225,22.627388888888888,21.904166666666665,20.85022222222222,21.891597222222224,21.843805555555555,20.596055555555555,22.698166666666665,21.344541666666665,23.31952777777778,23.84916666666667,22.242319444444444,20.875722222222223,22.910555555555558,25.67545833333333,22.272430555555555,22.545791666666663
26,2013-08-24 17:00:00,449.575,469.1791666666667,346.8277777777778,439.25,331.6013888888889,408.9625,343.18333333333334,388.05,448.6333333333333,475.4958333333333,371.56666666666666,351.65,327.65416666666664,415.6555555555556,458.53333333333336,426.5541666666667,302.21598877980364,349.5861111111111,317.2402777777778,376.2291666666667,444.4486111111111,450.25555555555553,411.4236111111111,269.07086614173227,283.5652777777778,453.4069444444444,362.2680555555556,420.6791666666667,463.81388888888887,458.85,404.26666666666665,432.2,101.52361111111112,731.2763888888888,635.6666666666666,313.99444444444447,392.74305555555554,321.38194444444446,366.1972222222222,398.5625,296.49444444444447,324.4625,388.6388888888889,184.90416666666667,372.2458333333333,319.2763888888889,500.625,467.128987517337,389.3319444444445,384.04027777777776,498.8930555555556,51.13638888888889,54.23129166666666,53.47631944444444,54.82613888888889,54.67561111111112,56.19034722222223,50.63143055555555,52.76358333333333,49.994160789844855,52.84265277777778,52.16211111111112,46.86767045454546,52.46566666666666,50.44990277777778,61.36837500000001,56.65298611111111,57.54288888888888,58.67443055555555,57.14041666666667,56.67769444444445,56.569222222222216,53.89244444444444,56.59986111111111,58.38365277777777,55.20956944444444,50.55518055555556,59.86179166666666,57.47258333333333,55.78084722222222,58.35260744985673,56.31625,53.866416666666666,52.75826388888888,55.03154166666666,50.63938888888889,53.09030555555555,55.04147222222223,58.99095833333333,55.21376388888889,56.24966666666667,57.00472222222223,50.54241666666667,58.29216666666667,51.95118055555555,49.797138888888895,53.99937499999999,58.519875,51.75833564493759,43.94566666666667,53.21680555555555,53.40091666666666,90.35277777777776,60.17916666666667,64.01527777777778,132.25833333333333,176.48055555555555,160.13611111111112,3.761111111111111,2.984722222222222,4.420310296191819,3.330555555555556,4.118055555555555,2.7017045454545454,3.2569444444444446,3.2125,3.9625,3.4166666666666665,85.60972222222222,140.74722222222223,10.415277777777778,18.968055555555555,5.0625,19.24305555555556,17.375,20.07777777777778,5.8875,6.283333333333333,74.03888888888889,225.07777777777775,254.6625,68.59312320916905,10.484722222222222,184.7333333333333,193.7875,198.9111111111111,104.75416666666666,3.451388888888889,230.2513888888889,2195.6722222222224,123.70277777777778,356.125,158.07777777777778,3.966666666666667,220.62777777777777,5.106944444444444,3.227777777777778,26.209722222222226,11.901388888888889,4.815533980582524,5.495833333333334,13.8125,106.12916666666666,0.0,0.0,0.0,0.0,0.0,0.0,0.0,0.0,0.0,0.0,0.0,0.0,0.0,0.0,0.0,0.0,0.0,0.0,0.0,6.777506112469438,0.0,5.857493857493857,5.39454094292804,5.173913043478261,3.1456043956043955,7.517808219178082,0.0,0.0,0.0,-1.0,0.0,0.0,0.0,22.34140435835351,28.874725274725275,0.0,0.0,0.0,0.0,0.0,0.0,0.0,0.0,0.0,0.0,0.0,0.0,0.0,0.0,0.0,0.0,22.64575,22.676069444444444,22.92995833333333,53.51683333333334,22.653902777777777,22.576597222222222,24.26475,24.409875,23.924922425952047,22.973180555555555,23.46133333333333,23.32018465909091,23.34393055555556,23.738847222222223,20.62098611111111,22.244055555555555,21.580430555555555,21.005875,21.71905555555556,22.97265277777778,23.797111111111107,23.162166666666664,22.74623611111111,21.93970833333333,22.386194444444445,24.702625,20.991527777777776,21.55465277777778,22.047291666666663,21.386332378223496,21.884722222222223,22.75698611111111,22.77175,23.298472222222223,24.33636111111111,22.67445833333333,22.856708333333337,21.39090277777778,22.063875,22.02720833333333,20.809083333333334,22.70138888888889,21.50263888888889,23.33095833333333,23.85243055555556,22.48858333333333,21.49551388888889,22.988529819694868,25.803986111111108,23.060458333333333,23.18911111111111
27,2013-08-24 18:00:00,464.93194444444447,482.4972222222222,354.6458333333333,453.3097222222222,341.7055555555556,422.82916666666665,353.85515320334264,399.6125,463.375,490.6513888888889,382.91643454039,362.05,339.0625,429.6388888888889,477.2083333333333,443.04027777777776,320.53333333333336,369.2166666666666,328.00694444444446,376.6013888888889,445.87916666666666,451.68888888888887,419.50416666666666,276.6305555555556,315.95,465.6097222222222,378.0930555555556,437.2472222222222,482.5111111111111,475.28333333333336,411.4666666666666,454.2680555555556,110.83055555555556,637.4333333333333,644.0208333333334,343.00416088765604,413.27222222222224,338.0236111111111,382.2375,413.4666666666666,312.3,340.105702364395,402.40833333333336,196.3347222222222,386.4888888888889,331.8875,522.6291666666667,480.4375,401.5444444444444,396.2896935933148,520.1847222222223,51.16113730929265,54.51125,53.79169444444444,54.755625,54.77043055555556,56.203833333333336,50.54784722222222,52.05605555555556,50.50632823365786,53.468027777777785,52.617305555555554,47.25425591098748,52.84180555555555,50.94868055555556,62.31520833333333,57.33390277777778,57.91245833333333,59.30079276773296,57.53704166666667,57.81734722222222,57.92629166666666,56.25900000000001,59.02384722222222,59.73798611111111,58.59897222222222,50.964971910112354,60.08566666666667,57.78544444444445,56.08380555555555,58.65307371349096,55.08506944444444,53.28852777777777,52.00818055555556,52.44813888888889,49.00504166666666,53.42386111111111,52.80858333333333,57.85209722222223,55.27252777777778,56.34554166666667,56.67293055555556,51.03793055555556,58.56776388888889,52.40788888888889,50.22855555555555,53.99970833333334,57.314194444444446,51.8660669456067,43.87640277777778,51.51847222222223,52.757930555555554,100.88349514563107,65.37222222222222,73.46527777777777,145.48055555555555,194.6625,178.7875,3.6875,2.915277777777778,4.502086230876217,3.330555555555556,4.1375,2.819193324061196,3.3819444444444446,3.216666666666667,3.827777777777778,3.379166666666667,98.38055555555556,152.13212795549373,11.791666666666666,3.406944444444445,4.6375,3.6847222222222222,7.8902777777777775,10.668055555555556,14.9375,6.332865168539326,83.3,243.9208333333333,281.2347222222222,74.30737134909597,15.386111111111113,221.95416666666668,241.68472222222223,191.58333333333331,116.50694444444444,12.931944444444444,260.1,2155.955555555556,132.96527777777777,378.2638888888889,170.03333333333333,3.994444444444445,237.41805555555555,5.130555555555556,3.3694444444444445,17.227777777777778,12.568055555555556,4.545327754532775,5.441666666666666,15.161111111111111,65.66388888888889,0.0,0.0,0.0,0.0,0.0,0.0,0.0,0.0,0.0,0.0,0.0,0.0,0.0,0.0,0.0,0.0,0.0,0.0,0.0,0.0,0.0,0.0,0.0,0.0,0.2916666666666667,8.775675675675675,0.0,0.0,0.0,-1.0,0.0,0.0,0.0,11.125890736342043,28.70361990950226,2.6420765027322406,0.0,0.0,0.0,0.0,0.0,0.0,0.0,0.0,0.0,0.0,0.0,0.0,0.0,0.0,0.0,22.6743411927878,22.75156944444444,23.017555555555557,49.77322222222222,22.739361111111112,22.70169444444444,24.29065277777778,24.431875,23.936356050069545,22.964305555555555,23.46586111111111,23.322573018080668,23.351166666666668,23.735263888888888,20.631,22.27469444444445,21.766166666666667,21.093922114047288,21.847277777777776,22.8395,23.83794444444444,23.16504166666667,22.727625,22.369652777777777,22.566097222222226,24.74159722222222,21.218319444444447,21.738722222222226,22.23488888888889,21.551196105702363,22.818541666666665,23.235388888888888,23.40398611111111,24.508861111111116,25.21420833333333,22.881541666666667,24.079722222222223,22.181722222222223,22.29047222222222,22.250055555555555,21.182125,22.702527777777775,21.688027777777776,23.361416666666667,23.868513888888888,22.797708333333333,22.241,23.16118549511855,26.098875,24.06288888888889,23.848194444444445
28,2013-08-24 19:00:00,468.63194444444446,488.9847222222222,361.59583333333336,460.75555555555553,344.21527777777777,426.64722222222224,361.3722222222222,406.94166666666666,466.7236111111111,495.7013888888889,389.7329624478442,368.7458333333333,346.21944444444443,435.6158113730929,475.54027777777776,446.61944444444447,323.9861111111111,370.64166666666665,335.0986111111111,376.97083333333336,446.9013888888889,449.59583333333336,409.4694444444444,261.96666666666664,290.6930555555556,464.8541666666667,372.66527777777776,433.18055555555554,484.7763888888889,485.0111111111111,406.33472222222224,445.68194444444447,115.06666666666666,517.6263888888889,590.0350140056022,337.15416666666664,417.0194444444445,336.83472222222224,384.64166666666665,417.3375,319.81666666666666,343.7263888888889,399.8944444444445,199.012912482066,392.1430555555556,336.8430555555556,525.2847222222222,488.9513888888889,410.21527777777777,397.5327635327635,538.7013888888889,50.90805555555556,54.74643055555556,53.93463888888889,54.63634722222222,54.99336111111111,56.06583333333334,50.564375,51.644875,50.91121001390821,53.97868458274399,53.02591666666666,47.603319444444445,53.18640845070422,51.38162499999999,62.87283333333334,57.74494444444444,57.91670833333333,59.52612499999999,57.61125,58.01854166666666,57.31934722222222,57.01177777777777,59.96647222222222,59.67336111111111,59.235125,51.33341192787795,59.909875,57.70070833333334,56.04651388888889,58.78070833333334,52.822805555555554,54.16593055555556,52.04734722222221,50.64066666666667,47.46413888888889,53.28205555555556,50.34056944444444,56.25143055555555,55.14220833333333,56.217958333333335,56.15834722222223,51.453319444444446,58.64879166666666,52.76513888888889,50.59226388888889,53.77463888888889,55.864861111111104,51.764,43.689527777777776,49.660152777777775,52.03543055555556,109.05277777777778,69.49722222222222,87.34305555555555,162.3,214.0375,208.36527777777775,3.620833333333333,2.906944444444445,4.584144645340751,3.366336633663366,4.154166666666667,2.7694444444444444,3.2746478873239435,3.094444444444445,3.8125,3.3875,109.17777777777778,159.4111111111111,13.098611111111111,3.4138888888888888,4.65,3.619444444444445,3.5097222222222224,2.7916666666666665,4.351388888888889,6.335644937586685,98.71527777777776,294.93333333333334,335.2861111111111,83.15833333333333,14.175,214.025,211.2875,142.7902777777778,113.63888888888889,3.345833333333333,249.5847222222222,2184.863888888889,156.51666666666668,453.19444444444446,220.67638888888888,4.004166666666666,260.78333333333336,5.069444444444445,3.2736111111111112,15.995833333333334,11.452777777777778,3.1666666666666665,5.156944444444444,15.0,53.58611111111111,0.0,0.0,0.0,0.0,0.0,0.0,0.0,0.0,0.0,0.0,0.0,0.0,0.0,0.0,0.0,0.0,0.0,0.0,0.0,0.0,0.0,0.0,0.0,0.0,0.0,3.575757575757576,0.0,0.0,0.0,-1.0,0.0,0.0,0.0,0.0,26.087591240875916,0.0,0.0,0.0,0.0,0.0,0.0,0.0,0.0,0.0,0.0,0.0,0.0,0.0,0.0,0.0,0.0,22.748597222222223,22.839180555555554,23.14313888888889,59.204138888888885,22.792194444444444,22.86138888888889,24.31751388888889,24.454666666666668,23.93189151599444,22.948104667609616,23.463916666666663,23.32398611111111,23.357535211267603,23.74,20.615111111111112,22.31025,21.936291666666666,21.20730555555556,22.006486111111112,22.73475,23.81865277777778,23.04609722222222,22.593291666666666,22.438236111111117,22.379541666666668,24.77280555555556,21.451541666666667,21.977777777777774,22.464583333333334,21.726847222222226,24.014833333333332,22.986555555555555,23.42663888888889,25.02001388888889,25.95179166666667,23.16618055555556,25.19558333333333,22.8775,22.535805555555555,22.49661111111111,21.524833333333333,22.69823611111111,21.864125,23.39430555555556,23.88743055555556,23.139347222222224,22.86416666666667,23.411402777777777,26.40725,24.91370833333333,24.369819444444445
29,2013-08-24 20:00:00,465.31944444444446,486.38055555555553,361.7111111111111,463.06934812760056,342.26944444444445,423.7055555555556,361.50416666666666,405.41527777777776,464.0598052851182,492.69166666666666,387.4,368.1680555555556,346.52777777777777,434.31111111111113,471.9513888888889,443.1375,320.1986111111111,366.9861111111111,332.1611111111111,372.3245492371706,445.2680555555556,444.00138888888887,402.8027777777778,254.5680555555556,286.2972222222222,449.6638888888889,366.72222222222223,423.3023909985935,476.7791666666666,481.7861111111111,400.6694444444444,434.4222222222222,113.75277777777778,494.45972222222224,536.6055555555556,330.1305555555556,412.2166666666666,328.5236111111111,379.5152777777778,414.63194444444446,317.7083333333333,340.2611111111111,390.7236111111111,197.44909344490932,387.6041666666667,327.1861111111112,525.7527777777777,488.3027777777778,408.9458333333333,389.62638888888887,537.9805555555556,50.46549999999999,54.80283333333333,53.965125,54.50598611111111,54.95513888888888,55.86925104022192,50.55047222222222,51.37645340751043,51.18816666666668,54.31425,53.35147222222222,47.86013908205842,53.471694444444445,51.73134722222222,63.18541666666667,57.954625,57.78209722222222,59.465250000000005,58.072138888888894,57.862652777777775,58.14194444444444,57.20133333333333,60.46451388888889,59.88400000000001,59.50379166666667,51.65315277777778,59.62147222222222,57.52916666666667,55.81280555555556,58.73195833333334,50.74498611111111,54.96173611111111,53.186125,49.73598611111112,46.248305555555554,53.00556944444445,48.50373611111112,54.846944444444446,54.93797222222221,56.041,55.56433333333333,51.71409722222222,58.55151685393258,53.02697222222222,50.88088888888888,53.49720833333333,55.01683333333334,51.57511111111111,43.61973611111111,48.41718055555556,51.47200000000001,112.17222222222222,68.41111111111111,87.12222222222222,157.42361111111111,213.67222222222225,227.8876560332871,3.7083333333333335,2.956884561891516,4.808333333333334,3.4625,4.145833333333333,2.787204450625869,3.268055555555556,3.234722222222222,4.922222222222223,3.8041666666666663,113.50833333333334,182.35972222222225,13.956944444444444,3.426388888888889,4.638888888888889,3.6458333333333335,3.609722222222222,2.776388888888889,4.513888888888889,6.331944444444445,108.22222222222224,286.7027777777778,325.6166666666667,82.58333333333333,13.022222222222222,242.10416666666663,204.8375,123.38194444444444,110.28194444444443,5.1,251.99027777777775,2156.1666666666665,149.63055555555556,426.44166666666666,214.5055555555556,4.063888888888889,252.31601123595505,5.034722222222222,3.406944444444445,18.579166666666666,9.72638888888889,4.477777777777778,5.504166666666666,11.72222222222222,71.95138888888889,0.0,0.0,0.0,0.0,0.0,0.0,0.0,0.0,0.0,0.0,0.0,0.0,0.0,0.0,0.0,0.0,0.0,0.0,0.0,0.0,0.0,0.0,0.0,0.0,0.0,0.0,0.0,0.0,0.0,-1.0,0.0,0.0,0.0,0.0,28.258823529411764,3.075268817204301,0.0,0.0,0.0,0.0,0.0,0.0,0.0,0.0,0.0,0.0,0.0,0.0,0.0,0.0,0.0,22.84158333333333,22.928416666666667,23.261458333333334,55.46740277777778,22.89294444444444,22.99644937586685,24.354069444444445,24.485326842837274,23.93351388888889,22.940708333333337,23.45844444444445,23.329193324061198,23.358402777777776,23.72775,20.610652777777776,22.342777777777776,22.081555555555557,21.332666666666668,21.958791666666663,22.6795,23.72784722222222,22.952069444444447,22.48819444444445,22.37752777777778,22.27273611111111,24.787819444444445,21.61888888888889,22.146166666666662,22.66945833333333,21.87538888888889,24.859875,22.80813888888889,23.060180555555554,25.384777777777774,26.377819444444444,23.407875,25.878111111111117,23.412208333333336,22.727125,22.669958333333334,21.80705555555556,22.698194444444447,21.97119382022472,23.40095833333333,23.87834722222222,23.411305555555558,23.134569444444445,23.619375,26.550013888888888,25.37575,24.563902777777777
30,2013-08-24 21:00:00,470.6875,489.43055555555554,363.4513888888889,468.25138888888887,340.3361111111111,426.8847222222222,363.4047287899861,409.9069444444444,469.81589958159,497.3569444444444,390.7579972183588,370.4041666666666,348.2236111111111,435.625,477.9763888888889,447.0,325.7986111111111,375.6138888888889,336.4916666666667,378.2986111111111,456.36805555555554,448.8027777777778,408.62916666666666,255.92222222222225,291.6861111111112,450.3319444444445,369.9847222222222,427.31805555555553,480.4958333333333,486.49444444444447,403.28333333333336,438.125,124.71805555555557,513.8972222222222,585.7055555555555,507.40972222222223,417.22222222222223,334.5652777777778,385.1055555555556,418.82916666666665,322.62083333333334,345.60277777777776,395.3930555555556,199.78998609179416,394.9916666666667,335.2966573816156,556.4222222222222,492.65,413.24861111111113,392.7347222222222,538.6555555555556,50.123875000000005,54.68516666666667,53.86692094313454,54.279513888888886,54.686388888888885,55.58130555555556,50.48870833333333,51.14680555555555,51.38523611111111,54.49665277777778,53.550513888888894,48.03205555555556,53.67319444444444,51.94338888888888,63.340375,58.04813888888889,57.37648611111111,59.167875,58.250375000000005,57.54443055555555,58.21279166666667,57.06406944444444,60.554375,59.81550000000001,59.343291666666666,51.81334722222222,59.433416666666666,57.14197222222222,55.44951388888889,58.47705555555556,49.28680555555555,55.15258333333333,53.78125,49.16986111111112,45.44826388888889,52.92302777777778,47.26384722222223,53.8725,54.57606944444444,55.61271844660194,55.05151388888888,51.87968055555556,58.42245833333333,53.176,51.06623611111112,52.76491666666666,54.58481944444444,51.37880555555555,43.52970833333334,47.67679166666667,50.81677777777778,124.24305555555556,99.88333333333334,92.12066574202495,199.17916666666667,243.8486111111111,260.39444444444445,3.584722222222222,2.8777777777777778,5.118055555555555,3.4458333333333333,4.101388888888889,2.841666666666667,3.2569444444444446,3.290277777777778,6.381944444444445,4.441666666666666,193.65416666666667,214.23055555555555,14.979166666666666,3.4902777777777776,4.593055555555556,3.558333333333333,3.584722222222222,2.825,4.665277777777778,50.23611111111112,131.48333333333332,373.3597222222222,413.3930555555556,102.75277777777778,10.8875,215.7763888888889,191.63611111111112,119.8625,87.48611111111111,30.69305555555556,200.925,2131.2833333333333,170.6875,564.8557558945909,271.8027777777778,4.1,298.2055555555556,5.204166666666667,3.3430555555555554,37.44444444444444,22.17222222222222,4.748611111111111,5.463888888888889,11.973611111111111,93.50833333333334,0.0,0.0,0.0,0.0,0.0,0.0,0.0,0.0,0.0,0.0,0.0,0.0,0.0,0.0,0.0,0.0,0.0,0.0,0.0,0.0,0.0,0.0,0.0,0.0,0.0,0.0,0.0,0.0,0.0,-1.0,0.0,0.0,0.0,0.0,15.359102244389028,3.715469613259669,0.0,0.0,0.0,0.0,0.0,0.0,0.0,0.0,0.0,0.0,11.18421052631579,0.0,0.0,0.0,0.0,22.97865277777778,23.039055555555557,23.383536754507627,66.41966666666666,23.01545833333333,23.1355,24.394722222222224,24.521861111111114,23.91773611111111,23.707902777777782,23.45102777777778,23.32480555555556,23.35402777777778,23.720861111111116,20.6065,22.35890277777778,22.300361111111112,21.48625,21.983791666666665,22.64755555555556,23.662916666666664,22.869097222222223,22.38918055555556,22.324875,22.194916666666668,24.84019444444444,21.713041666666665,22.337083333333336,22.862541666666665,22.03927777777778,25.38468055555556,22.78901388888889,22.90408333333333,25.590916666666665,26.79994444444444,23.90176388888889,26.281222222222222,23.76408333333333,22.922805555555552,22.90180305131761,22.05358333333333,22.70125,22.04888888888889,23.41411111111111,23.87543055555556,23.850291666666667,24.06715277777777,23.774708333333333,26.682652777777776,25.596666666666664,24.78997222222222
31,2013-08-24 22:00:00,474.9486111111111,493.6375,366.84027777777777,470.075,343.3722222222222,431.2736111111111,365.9666666666666,412.0152777777778,471.7861111111111,500.3263888888889,394.0444444444444,374.3134535367545,350.9291666666667,439.81666666666666,480.5541666666667,450.0930555555556,330.6402777777778,378.0875,341.19193324061195,381.0083333333333,459.00694444444446,451.18194444444447,409.6833333333333,254.02777777777777,296.20972222222224,454.77222222222224,372.5597222222222,430.4819444444444,484.89166666666665,491.3310152990264,403.2625,441.69166666666666,130.43472222222223,468.8375,482.25520110957007,543.5152777777778,419.4689265536723,336.675,388.97083333333336,423.3333333333333,327.5930555555556,348.325,396.05694444444447,203.87916666666663,397.7638888888889,330.3952843273232,801.2277777777778,499.525,423.9166666666667,398.2371705963939,547.0125,49.59366666666667,54.57547222222222,53.674708333333335,54.06058252427184,54.45755555555556,55.29745833333333,50.46895833333333,51.032,51.58391666666667,54.70441666666667,53.75763888888889,48.208083333333335,53.880375,52.15730555555556,63.600208333333335,58.21270833333334,56.55163888888889,58.860097222222215,58.020500000000006,57.32452777777778,57.37908333333333,56.891347222222215,60.529375,59.86091666666667,59.09670833333333,51.43931944444444,59.30416666666667,56.76719444444444,55.08390277777777,58.13165277777778,48.69622222222222,55.66543055555556,54.47145833333333,48.84948611111111,44.514944444444446,52.33311111111111,46.863625,53.34893055555556,54.17680555555556,55.103375,54.52229166666667,52.04390277777778,58.419875,53.332125,51.230083333333326,51.19659722222222,55.00525,51.18223611111111,43.37973611111112,47.61695833333333,50.17672222222222,121.33333333333331,88.45833333333333,92.85,181.54230235783635,222.69861111111112,255.83194444444445,3.5902777777777777,2.897222222222222,4.823611111111111,3.3097222222222222,4.080555555555556,2.7736111111111112,3.3847222222222224,3.220833333333333,5.404166666666667,4.079166666666667,253.2097222222222,263.9888888888889,13.813888888888888,3.286111111111111,4.377777777777778,3.4763888888888888,3.484722222222222,2.6625,4.072222222222222,165.93194444444444,142.9611111111111,339.30833333333334,387.2888888888889,97.22361111111113,9.694444444444445,177.07916666666668,174.93194444444444,119.91944444444444,61.958333333333336,30.43611111111111,155.56666666666666,2160.9777777777776,185.46527777777777,534.9027777777778,334.4138888888889,4.0375,279.6861111111112,5.120833333333334,3.3,34.575,30.20694444444445,3.561111111111111,5.448611111111111,10.816666666666666,97.56944444444444,0.0,0.0,0.0,0.0,0.0,0.0,0.0,0.0,0.0,0.0,0.0,0.0,0.0,0.0,0.0,0.0,0.0,0.0,0.0,0.0,0.0,0.0,0.0,0.0,0.0,0.0,0.0,0.0,0.0,-1.0,0.0,0.0,0.0,0.0,0.0,8.976744186046512,0.0,0.0,0.0,0.0,0.0,0.0,0.0,0.0,0.0,0.0,28.030425963488845,0.0,0.0,0.0,0.0,23.26943055555556,23.1715,23.55013888888889,53.39919556171984,23.17066666666667,23.29730555555556,24.43354166666667,24.559194444444444,23.923513888888888,22.931541666666664,23.444458333333337,23.322291666666665,23.347388888888887,23.714958333333332,20.59901388888889,22.37038888888889,22.766194444444444,21.67605555555556,22.14113888888889,22.628652777777777,23.632680555555552,22.801625,22.307902777777777,22.23536111111111,22.139,25.27495833333333,21.81958333333333,22.527361111111112,23.06151388888889,22.238263888888888,25.502986111111117,22.642069444444445,22.704361111111112,25.584722222222226,27.051347222222223,24.290458333333333,26.28195833333333,23.943736111111114,23.13976388888889,23.14763888888889,22.303944444444443,22.715916666666665,22.10495833333333,23.431416666666664,23.89243055555556,24.52130555555556,23.82131944444444,23.940194444444444,26.846486111111112,25.542152777777776,25.00658333333333
32,2013-08-24 23:00:00,475.6430555555556,493.425,366.5763888888889,470.1138888888889,340.29027777777776,427.575,364.6777777777778,411.6333333333333,466.6875,496.0027777777778,391.8152777777778,373.2625,347.9263888888889,437.4,472.15833333333336,443.52222222222224,328.675,370.2791666666666,339.4,375.606993006993,449.3861111111111,447.175,404.72083333333336,250.0013888888889,292.44521497919555,455.1833333333333,365.02777777777777,428.5805555555556,482.2753824756607,486.4770514603616,401.77222222222224,434.9791666666667,122.53611111111113,452.65833333333336,452.3888888888889,521.1680555555556,412.1902777777778,333.97222222222223,385.2291666666667,417.69305555555553,327.3375,344.1763888888889,389.675,199.8347222222222,393.99305555555554,435.9333333333333,651.1902777777777,500.2069444444445,427.49861111111113,396.2,538.2069444444444,48.78644444444444,54.27726388888888,53.47223611111112,53.80980555555555,54.243208333333335,55.08743055555555,50.47359722222222,50.96225,51.76736111111112,54.87320833333333,53.95326388888888,48.37015277777778,54.07431944444445,52.36944367176634,63.82508333333333,58.35590277777778,54.736875000000005,58.29430555555556,57.77941666666667,57.233250000000005,56.68877777777777,56.80533333333333,60.528375,59.87270833333333,58.88608333333334,50.92125,59.18079166666666,56.54333333333333,54.86033333333334,57.829458333333335,48.86277777777777,56.255402777777775,55.12461752433936,49.221555555555554,44.59836111111111,51.77840277777777,47.25802777777778,53.47731944444444,53.981125000000006,54.89608333333334,54.221375,52.14920833333333,58.56554166666667,53.4915,51.35109722222222,49.572625,53.922152777777775,50.92886111111111,43.27019444444444,48.16919444444444,50.12223611111112,112.31666666666666,98.21666666666668,77.15972222222223,196.57361111111112,224.75694444444449,260.36805555555554,3.6805555555555554,2.9138888888888888,5.158333333333333,3.4166666666666665,4.170833333333333,2.7805555555555554,3.3041666666666667,3.2100139082058416,3.952777777777778,3.4138888888888888,381.50416666666666,341.3180555555556,12.584722222222222,3.311111111111111,4.413888888888889,3.393055555555556,3.4138888888888888,2.5902777777777777,3.888888888888889,133.79305555555555,156.45138888888889,327.4402777777778,356.5236111111111,93.64027777777778,9.65277777777778,154.17777777777778,161.38803894297635,124.12083333333334,63.87361111111111,28.08194444444445,138.40972222222223,2149.6819444444445,148.6611111111111,504.68194444444447,259.4472222222222,3.9444444444444446,261.7972222222222,4.970833333333333,3.254166666666667,53.36944444444445,29.343055555555555,3.1694444444444443,5.513888888888889,8.275,96.85277777777776,0.0,0.0,0.0,0.0,0.0,0.0,0.0,0.0,0.0,0.0,0.0,0.0,0.0,0.0,0.0,0.0,0.0,0.0,0.0,0.0,0.0,0.0,0.0,0.0,0.0,1.5333333333333334,0.0,0.0,0.0,-1.0,0.0,0.0,0.0,0.0,0.0,11.488664987405542,0.0,0.0,0.0,0.0,0.0,0.0,0.0,0.0,0.0,25.296969696969697,21.958847736625515,0.0,0.0,0.0,0.0,23.676597222222224,23.36598611111111,23.71134722222222,71.3535,23.34997222222222,23.43397222222222,24.472416666666668,24.599597222222226,23.934583333333336,22.94013888888889,23.441666666666663,23.319541666666662,23.34309722222222,23.70356050069541,20.620916666666663,22.38559722222222,23.700277777777774,21.974083333333333,22.2845,22.601263888888887,23.5875,22.725597222222223,22.234277777777777,22.16102777777778,22.08905555555556,25.543291666666665,21.923041666666663,22.64993055555556,23.195222222222224,22.40290277777778,25.283708333333333,22.50151388888889,22.541724617524338,25.319847222222226,26.84006944444444,24.52270833333333,25.973166666666668,23.883916666666664,23.231125,23.242444444444445,22.4245,22.73180555555556,22.11951388888889,23.428986111111108,23.907569444444444,25.475722222222224,23.84609722222222,24.111430555555557,26.953152777777778,25.255958333333336,24.983736111111117
33,2013-08-25 00:00:00,462.175,481.0180555555556,357.06666666666666,459.45972222222224,342.9125,415.65833333333336,353.53472222222223,400.2375,453.5625,482.06388888888887,380.31944444444446,360.7805555555556,336.9986111111112,421.975,458.253814147018,429.0652777777778,321.40277777777777,357.0361111111111,326.4138888888889,363.0,434.125,433.81388888888887,391.50416666666666,241.4958333333333,279.7125,441.0541666666667,352.3513888888889,416.1694444444444,468.84027777777777,467.44166666666666,388.49861111111113,426.2972222222222,113.14742698191934,434.9138888888889,426.6208333333333,401.2763888888889,395.8097222222222,321.8375,372.0541666666667,403.9166666666667,312.4486111111111,330.7986111111111,375.93194444444447,189.89583333333331,379.8333333333333,547.9916666666667,563.1583333333333,488.9041666666666,417.3125,382.3027777777778,521.2569444444445,48.27252777777778,54.11030555555556,53.44205555555556,53.70120833333333,54.11248611111111,55.19268055555556,50.63772222222223,51.06494444444445,52.159055555555554,55.33168758716876,54.34204166666666,48.70041666666667,54.41814763231199,52.75525,64.58837500000001,58.891416666666665,52.21961111111112,57.752,58.00570041608877,57.61633333333334,56.60266666666666,57.06245833333333,60.86625,60.24022222222222,59.10270833333333,51.268375000000006,59.50186111111112,56.70838888888889,55.03745833333333,57.94404166666666,50.03351388888888,57.12676388888888,56.04972144846796,50.24944444444444,45.38926388888889,51.39511111111111,48.63163888888889,54.363194444444446,54.32063888888889,55.21811111111112,54.40061111111111,52.51991666666666,59.194875,53.8874047954866,51.68844444444444,47.75416666666667,54.73666666666667,51.026250000000005,43.38581944444445,49.28504166666667,50.59866666666667,138.55277777777778,105.77777777777776,66.79166666666667,204.6236111111111,198.275,233.1305555555556,3.7416666666666663,2.816666666666667,5.372222222222222,3.500697350069735,4.1625,2.7569444444444446,3.266016713091922,3.083333333333333,4.134722222222222,3.5277777777777777,541.4986111111111,747.3236111111111,11.875173370319,3.125,4.375,3.3625,3.4277777777777776,2.5236111111111112,3.751388888888889,84.84722222222223,160.40277777777777,293.6041666666667,327.84583333333336,89.25277777777778,9.823611111111113,154.31527777777777,131.41782729805013,87.43055555555556,47.37361111111111,16.20277777777778,96.41805555555555,2140.8694444444445,132.11527777777778,473.8416666666666,291.8638888888889,3.969444444444445,234.75833333333333,4.960507757404796,3.2569444444444446,69.78611111111111,22.843055555555555,3.183333333333333,5.343055555555556,9.283333333333331,63.15138888888889,0.0,0.0,0.0,0.0,0.0,0.0,0.0,0.0,0.0,0.0,0.0,0.0,0.0,0.0,0.0,0.0,0.0,0.0,0.0,0.0,0.0,0.0,0.0,0.0,0.0,0.0,0.0,0.0,0.0,-1.0,0.0,0.0,0.0,0.0,0.0,5.485411140583555,0.0,0.0,0.0,0.0,0.0,0.0,0.0,0.0,0.0,26.29550561797753,9.515463917525771,0.0,0.0,0.0,0.0,24.118875,23.57825,23.89243055555556,79.25186111111111,23.60083333333333,23.581138888888887,24.52163888888889,24.65072222222222,23.967569444444447,22.96115760111576,23.450694444444444,23.31925,23.343272980501396,23.704055555555552,20.62472222222222,22.395416666666662,24.816930555555555,22.385444444444445,22.393495145631068,22.55963888888889,23.52648611111111,22.660944444444443,22.176069444444444,22.09019444444445,22.03615277777778,25.380152777777777,22.00180555555556,22.728777777777776,23.27936111111111,22.511680555555557,24.79820833333333,22.409972222222223,22.396044568245127,24.92730555555556,26.40693055555556,24.54715277777778,25.426277777777777,23.683861111111117,23.22158333333333,23.24308333333333,22.465875,22.717680555555557,22.09795833333333,23.41839210155148,23.90761111111111,26.818430555555555,23.44783333333333,24.15723611111111,26.984527777777775,24.912638888888885,24.864319444444448
34,2013-08-25 01:00:00,466.0805555555556,479.91527777777776,354.43055555555554,453.64166666666665,343.49583333333334,412.86944444444447,348.68194444444447,395.34583333333336,450.2458333333333,478.8222222222222,375.2652777777778,357.14722222222224,331.0236111111111,418.2888888888889,455.6791666666667,425.4958333333333,329.9875,356.475,320.12638888888887,359.25694444444446,441.98333333333335,430.3847222222222,389.4638888888889,241.00694444444449,275.8666666666667,433.7888888888889,351.3875,412.8986111111111,464.5875,463.8,390.2180555555556,426.1791666666667,109.56805555555556,429.8027777777778,414.74861111111113,401.6055555555556,390.97642163661584,322.2805555555556,368.99305555555554,400.9111111111111,309.95839112343964,327.68333333333334,374.0277392510402,186.49166666666667,374.4694444444444,366.5930555555556,612.2430555555555,481.23333333333335,410.54583333333335,380.9375,517.1458333333334,47.47626388888888,53.68120833333334,53.33784722222222,53.505333333333326,54.04280555555555,55.16113888888889,50.840069444444445,51.25406944444445,52.53424999999999,55.743944444444445,54.81879166666666,49.09119444444444,54.84138888888889,53.23591666666667,65.26729166666668,59.45443055555556,50.49487499999999,56.95080555555556,57.93444444444445,58.10755555555556,56.42861111111111,57.38941666666666,61.27258333333334,60.61383333333333,59.42041666666666,51.40193055555555,59.64334722222222,56.94629166666667,55.19129166666667,58.17016666666666,51.43229166666666,57.59095833333333,56.50320833333333,51.42377777777778,46.56445833333334,52.141263888888886,50.12608333333333,55.546902777777774,54.577041666666666,55.46720833333333,54.48045833333333,52.94336111111112,59.64519444444444,54.330957004160894,52.109,45.55156944444444,56.16601388888888,51.362208333333335,43.63098611111111,50.483,51.42111111111111,194.67777777777775,111.48194444444444,63.41666666666666,212.77083333333331,175.8347222222222,214.59444444444443,3.669444444444444,2.9194444444444443,5.938888888888889,3.488888888888889,4.169444444444444,2.7625,3.326388888888889,3.3027777777777776,5.809722222222222,4.4,634.0805555555555,624.4736111111112,12.995833333333334,3.261111111111111,4.165277777777778,3.3472222222222223,3.5,2.5569444444444445,3.730555555555556,165.62222222222223,200.44166666666663,238.7236111111111,294.05833333333334,86.55833333333334,8.76388888888889,78.8625,32.044444444444444,18.38888888888889,10.563888888888888,29.558333333333334,24.761111111111116,2160.197222222222,128.60972222222222,454.58472222222224,473.0472222222222,3.908333333333333,225.675,4.908460471567268,3.251388888888889,92.10277777777776,27.29583333333333,3.1319444444444446,5.425,7.268055555555556,39.97083333333333,0.0,0.0,0.0,0.0,0.0,0.0,0.0,0.0,0.0,0.0,0.0,0.0,0.0,0.0,0.0,0.0,0.0,0.0,0.0,0.0,0.0,0.0,0.0,0.0,0.0,0.0,0.0,0.0,0.0,-1.0,0.0,0.0,0.0,0.0,0.0,5.504043126684636,0.0,0.0,0.0,0.0,0.0,0.0,0.0,0.0,0.0,2.9642857142857144,27.16842105263158,0.0,0.0,0.0,0.0,24.65197222222222,23.91773611111111,24.13533333333333,58.68845833333334,23.864097222222224,23.81865277777778,24.588069444444443,24.704666666666668,24.020444444444447,23.004819444444447,23.45986111111111,23.331875,23.347541666666665,23.701875,20.6085,22.39744444444445,25.53286111111111,22.81908333333333,22.63801388888889,22.52951388888889,23.516597222222224,22.619416666666663,22.135944444444444,22.050527777777777,21.99648611111111,25.61859722222222,22.168305555555555,22.83538888888889,23.429569444444446,22.63588888888889,24.33376388888889,22.440819444444447,22.413097222222223,24.54888888888889,25.92840277777778,24.479569444444447,24.92227777777778,23.407305555555556,23.33933333333333,23.370166666666663,22.642333333333333,22.714958333333332,22.163666666666668,23.415589459084604,23.908069444444447,27.303472222222226,23.19472222222222,24.135805555555557,26.988805555555555,24.5975,24.622263888888888
35,2013-08-25 02:00:00,463.1430555555556,472.6555555555556,353.2375,448.03333333333336,338.0361111111111,408.4069444444444,343.8446601941748,390.0625,445.7107093184979,475.63055555555553,370.6281337047354,350.54027777777776,327.18194444444447,413.8861111111111,452.53472222222223,422.14166666666665,322.7125,349.5375,315.4458333333333,354.8125,437.25,426.19444444444446,384.5097222222222,237.54166666666663,272.6388888888889,430.13194444444446,348.6222222222222,410.1569444444444,462.6208333333333,458.1111111111111,385.9972222222222,428.3722222222222,104.86134453781511,424.1152777777778,410.2166666666666,521.5597222222223,390.1361111111111,315.45694444444445,366.2472222222222,396.5299026425592,308.5486111111111,322.1708333333333,368.8319444444445,183.21527777777777,369.85,304.0180555555556,543.8597222222222,477.8375,403.9125,379.2319444444444,505.8888888888889,46.94770833333333,53.328513888888885,53.09324786324786,53.23647222222223,53.89325,54.85881944444444,50.97372222222222,51.37376388888889,52.755402777777775,56.04809722222222,55.15270833333333,49.40388888888889,55.18405555555555,53.57597222222222,65.56244444444444,59.76916666666667,50.39273611111111,56.86736111111111,57.41234722222222,58.411319444444445,56.176027777777776,57.57523611111111,61.51891666666667,60.79529166666667,59.615625,51.34016666666666,59.40244444444445,56.97251388888889,55.08805555555556,58.04543055555556,52.60840277777778,57.671208333333325,56.60927777777778,52.46451388888889,47.748,52.6075,51.49348611111111,56.62694444444445,54.46236111111112,55.385013888888885,54.317097222222216,53.21015277777777,59.71376388888888,54.60465277777777,52.358694444444446,45.96858333333333,56.55225,51.640972222222224,43.84206944444445,51.52536111111112,52.2865,34.75,42.55972222222222,20.40883190883191,84.58611111111111,64.85972222222222,85.45,3.526388888888889,2.85,6.147222222222222,3.373611111111111,4.129166666666666,2.7111111111111112,3.2416666666666667,3.3152777777777778,5.605555555555555,4.305555555555555,125.97777777777776,145.79305555555555,6.620833333333334,3.2736111111111112,4.348611111111111,3.4458333333333333,3.3875,2.5972222222222223,3.636111111111111,99.3375,75.34861111111111,79.18194444444444,103.875,34.55555555555556,5.006944444444445,9.147222222222222,7.775,7.613888888888889,4.802777777777778,30.502777777777776,7.729166666666667,2165.511111111111,45.48888888888889,148.9152777777778,130.00555555555556,3.863888888888889,70.725,4.868055555555555,3.220833333333333,20.85833333333333,21.391666666666666,3.0708333333333333,5.411111111111111,4.134722222222222,13.052777777777775,0.0,0.0,0.0,0.0,0.0,0.0,0.0,0.0,0.0,0.0,0.0,0.0,0.0,0.0,0.0,0.0,0.0,0.0,0.0,0.0,0.0,0.0,0.0,0.0,0.0,0.0,0.0,0.0,0.0,-1.0,0.0,0.0,0.0,0.0,0.0,0.0,0.0,0.0,0.0,0.0,0.0,0.0,0.0,0.0,0.0,0.0,10.415617128463476,0.0,0.0,0.0,2.002724795640327,24.85170833333333,24.20265277777778,24.346638176638177,80.47744444444444,24.04427777777778,24.01320833333333,24.638125,24.75415277777778,24.04981944444444,23.01388888888889,23.47052777777777,23.328083333333336,23.345291666666668,23.701833333333333,20.60590277777778,22.393444444444444,25.314652777777777,22.845388888888888,22.905375,22.510527777777774,23.55534722222222,22.59091666666667,22.09811111111111,22.017222222222223,21.957555555555555,25.726930555555555,22.29986111111111,22.917902777777776,23.557875,22.778166666666664,23.930319444444446,22.496069444444444,22.485208333333333,24.19609722222222,25.47248611111111,24.54895833333333,24.47698611111111,23.09997222222222,23.48765277777778,23.473791666666667,22.77863888888889,22.70919444444445,22.204444444444444,23.42273611111111,23.91826388888889,26.67240277777778,23.055055555555555,24.127569444444443,26.988847222222223,24.28376388888889,24.31918055555556
36,2013-08-25 03:00:00,460.0111111111111,471.33472222222224,353.7027777777778,445.88194444444446,336.25,406.55,341.1430555555556,387.88055555555553,444.29027777777776,474.9569444444445,369.086230876217,349.25138888888887,324.90416666666664,411.88055555555553,452.11805555555554,420.72222222222223,315.3361111111111,349.24444444444447,312.06388888888887,355.5388888888889,434.3958333333333,425.5777777777778,384.4458333333333,235.34444444444443,271.7125,429.1347222222222,348.15277777777777,409.8224687933426,461.19444444444446,458.4861111111111,389.93611111111113,426.34027777777777,108.95138888888889,421.7763888888889,410.68194444444447,366.9583333333333,391.13194444444446,313.9291666666667,362.81805555555553,394.1361111111111,305.7972222222222,320.70416666666665,368.4791666666667,181.7236111111111,369.7791666666666,309.81388888888887,506.5541666666667,476.0375,396.8224687933426,376.6986111111111,497.3930555555556,47.25272600834492,53.92766666666667,53.44275,53.56004249291784,54.32502777777778,55.32465277777778,51.12301388888889,51.50826388888888,52.99016666666667,56.28768055555555,55.44909722222222,49.647347222222216,55.464333333333336,53.889625,66.03491666666666,60.142,52.6913730929265,57.64431944444445,57.75904166666667,58.738194444444446,55.97076388888888,57.80776388888889,61.75691666666666,60.982875,59.777875,51.956291666666665,60.01616147308781,57.53202777777778,55.73593055555556,58.33829166666666,53.91894444444444,57.91811111111111,57.21437677053824,53.63572222222222,48.969430555555554,52.16718055555556,53.06623611111112,57.77308333333334,55.25865277777778,56.39080555555555,55.06513888888889,53.477875,60.62156944444444,54.87390277777778,52.60023611111111,47.86729166666666,57.63025,51.96602777777778,44.020875,52.52793055555556,53.16916666666667,3.9262865090403336,17.480555555555554,3.5680555555555555,25.03399433427762,17.580555555555556,27.64027777777778,3.4680555555555554,2.8694444444444445,4.008333333333334,3.3069444444444445,4.05,2.7805555555555554,3.230555555555556,3.1125,3.6875,3.3,3.027739251040222,3.861111111111111,3.4347222222222222,3.3513888888888888,4.384722222222222,3.3694444444444445,3.5458333333333334,2.7069444444444444,3.744444444444445,6.145833333333333,4.148725212464589,3.6319444444444446,3.348611111111111,6.583333333333333,4.138888888888889,3.9875,3.678470254957507,4.627777777777778,3.279166666666667,24.66111111111111,3.390277777777778,2188.843055555556,4.081944444444445,3.8027777777777776,3.6944444444444446,3.665277777777778,3.051388888888889,4.834722222222222,3.156944444444445,4.095833333333333,5.173611111111111,2.9902777777777776,5.344444444444444,3.625,4.283333333333333,0.0,0.0,0.0,0.0,0.0,0.0,0.0,0.0,0.0,0.0,0.0,0.0,0.0,0.0,0.0,0.0,0.0,0.0,0.0,0.0,0.0,0.0,0.0,0.0,0.0,0.0,0.0,0.0,0.0,-1.0,0.0,0.0,0.0,0.0,0.0,3.4972826086956523,0.0,0.0,0.0,0.0,0.0,0.0,0.0,0.0,0.0,0.0,0.0,0.0,0.0,0.0,0.0,24.704756606397776,24.00594444444444,24.222930555555557,98.75405099150142,23.846763888888887,23.86002777777778,24.67501388888889,24.790166666666668,24.077375,23.047944444444447,23.48270833333333,23.33981944444444,23.35880555555556,23.70480555555556,20.59913888888889,22.38775,24.31495145631068,22.607055555555554,22.797416666666667,22.504402777777777,23.605194444444447,22.585680555555555,22.099777777777778,22.030361111111112,21.969388888888886,25.38022222222222,22.097082152974505,22.725638888888888,23.321277777777777,22.689902777777775,23.544291666666663,22.508333333333333,22.389405099150142,23.856583333333337,25.057694444444447,24.49755555555556,24.02575,22.813458333333333,23.177986111111117,23.04955555555556,22.45025,22.71702777777778,21.943291666666667,23.434111111111115,23.93351388888889,25.762194444444443,22.625097222222223,24.073652777777777,26.98305555555556,24.00551388888889,24.037736111111112
37,2013-08-25 04:00:00,460.38194444444446,472.02777777777777,352.25416666666666,448.80694444444447,339.1638888888889,408.0430555555556,341.6402777777778,389.225,446.9861111111111,476.682892906815,369.5152777777778,350.8777777777778,327.30833333333334,414.7944444444444,456.2458333333333,425.2972222222222,309.48055555555555,350.05833333333334,314.40694444444443,356.6,435.89166666666665,428.1958333333333,386.1,236.84166666666667,272.74444444444447,427.7138888888889,348.0888888888889,410.8319444444445,461.3333333333333,462.5375,397.1111111111111,428.00555555555553,110.475,422.65833333333336,411.3847222222222,395.2166666666666,398.0263888888889,317.5097222222222,364.0652777777778,397.28333333333336,305.7708333333333,322.90416666666664,375.4402777777778,182.51666666666668,370.06805555555553,308.7083333333333,551.4138888888889,480.8847222222222,394.3328671328672,379.11944444444447,499.4402777777778,47.89555555555556,54.38348611111111,54.05063888888889,54.20261838440112,54.79544285714285,56.17056944444444,51.33823611111111,51.67155555555557,53.293375000000005,56.65388888888889,55.7965,49.94105555555555,55.84113888888889,54.23781944444445,66.47675450762829,60.57222222222222,54.97847222222222,58.652625,58.20781944444444,59.09018030513176,55.83008333333333,58.03272222222222,62.00483333333334,61.14962500000001,59.993458333333336,52.68238888888889,61.01758333333334,58.478180555555554,56.70280555555555,58.99294444444444,55.27305555555555,58.08141666666667,57.578500000000005,54.75284722222223,50.13243055555555,52.54697222222222,54.51713888888889,58.83855555555556,56.33736111111112,57.60180555555556,56.427527777777776,53.78823611111111,61.68158333333333,55.17520833333334,52.87781944444444,49.86290277777778,58.68456944444444,52.59472222222222,44.29909722222222,53.64145833333333,53.96977777777777,3.8680555555555554,17.455555555555556,3.4819444444444443,25.011142061281337,18.094285714285714,27.506944444444443,3.441666666666667,2.786111111111111,3.986111111111111,3.270833333333333,4.098611111111111,2.7944444444444443,3.209722222222222,3.0972222222222223,3.7447988904299594,3.308333333333333,3.011111111111111,3.745833333333333,3.4541666666666666,3.366158113730929,4.416666666666667,3.3805555555555555,3.3569444444444443,2.6694444444444443,3.6847222222222222,6.1625,4.1375,3.495833333333333,3.0875,6.548611111111111,4.172222222222223,4.020833333333333,3.769444444444445,4.561111111111111,3.2597222222222224,28.429166666666667,3.3652777777777776,2174.1305555555555,4.041666666666667,3.529166666666667,3.583333333333333,3.718055555555555,2.980555555555556,4.763888888888889,3.1597222222222223,4.072222222222222,26.591666666666665,2.95,5.536111111111111,3.609722222222222,4.305555555555555,0.0,0.0,0.0,0.0,0.0,0.0,0.0,0.0,0.0,0.0,0.0,0.0,0.0,0.0,0.0,0.0,0.0,0.0,0.0,0.0,0.0,0.0,0.0,0.0,0.0,0.0,0.0,0.0,0.0,-1.0,0.0,0.0,0.0,0.0,0.0,5.085333333333334,0.0,0.0,0.0,0.0,0.0,0.0,0.0,0.0,0.0,0.0,9.806122448979592,0.0,0.0,0.0,0.0,24.455291666666668,23.854805555555554,24.02555555555556,73.33552924791086,23.676785714285717,23.61073611111111,24.671166666666668,24.801944444444448,24.07079166666667,23.03152777777778,23.47741666666667,23.338236111111108,23.331513888888885,23.698208333333334,20.57879334257975,22.35748611111111,23.58579166666667,22.32748611111111,22.71388888888889,22.48392510402219,23.63930555555556,22.582916666666662,22.09558333333333,22.03677777777778,21.95888888888889,25.19365277777778,21.8135,22.428194444444443,23.00393055555556,22.492444444444445,23.17948611111111,22.530625,22.355694444444445,23.561875,24.69368055555556,24.372416666666663,23.639555555555557,22.546958333333333,22.84233333333333,22.688111111111112,21.986847222222224,22.70276388888889,21.690319444444444,23.428875,23.92813888888889,24.966680555555552,22.492361111111112,23.929819444444448,26.90370833333333,23.70415277777778,23.804902777777777
38,2013-08-25 05:00:00,459.7361111111111,474.47222222222223,352.4458333333333,451.25495750708217,336.9861111111111,410.625,344.28194444444443,389.8305555555556,450.03472222222223,478.2763888888889,372.8013888888889,353.1277777777778,329.3013888888889,416.9625,457.4680555555556,427.4791666666667,308.3777777777778,348.5097222222222,314.40416666666664,359.5763888888889,437.1013888888889,430.1388888888889,389.8708333333333,238.7736111111111,276.915611814346,430.72777777777776,349.675,414.4291666666667,463.1069444444444,466.0152990264256,401.93611111111113,429.5763888888889,106.725,423.6972222222222,415.5416666666667,490.5388888888889,399.1680555555556,321.96944444444443,366.9638888888889,398.7305555555556,306.8152777777778,324.87638888888887,384.3222222222222,186.1555555555556,373.18194444444447,308.55555555555554,515.25,477.5208333333333,397.7166666666666,380.88194444444446,501.6347222222222,48.24838571428572,54.742333333333335,54.47291666666667,54.64698611111111,55.158388888888894,56.66777777777778,51.45119444444445,51.74793055555555,53.3905,56.89173611111112,55.958444444444446,50.09774787535411,56.090513888888886,54.42628294036061,66.39840277777778,60.64346740638003,56.40743055555556,59.32790277777777,58.62559722222223,59.14479166666667,55.77773611111111,58.02908333333334,62.000791666666665,61.09766666666667,60.01025,53.05244444444445,61.657625,59.08476388888889,57.334152777777774,59.60447222222222,56.12581944444444,58.29816666666667,57.455875000000006,55.493583333333326,50.943041666666666,53.07906944444444,55.29409722222222,59.47377777777778,57.01433333333333,58.31979166666667,57.91602777777778,53.86741666666667,62.20625,55.26386111111111,52.95170833333333,51.425,58.898583333333335,52.87134535367545,44.57015277777778,54.32123611111111,54.42191666666667,3.8842857142857135,17.4125,3.5069444444444446,24.966666666666665,18.125,27.556944444444444,3.531944444444445,2.8180555555555555,4.0569444444444445,3.2111111111111112,4.0569444444444445,2.746458923512748,3.270833333333333,3.158113730929265,3.695833333333333,3.323162274618585,3.1638888888888888,3.811111111111111,3.441666666666667,3.2847222222222223,3.397222222222222,3.4208333333333334,3.459722222222222,2.6041666666666665,3.655555555555555,6.152777777777778,4.1625,3.566666666666667,3.091666666666667,6.5569444444444445,4.102777777777778,3.9652777777777777,3.806944444444445,4.573611111111111,3.2152777777777777,30.40138888888889,3.3069444444444445,2155.909722222222,4.063888888888889,3.504166666666667,3.5458333333333334,3.65,2.9458333333333333,4.780555555555556,3.1958333333333333,4.136111111111111,16.559722222222224,2.9320388349514563,5.359722222222223,3.625,4.315277777777778,0.0,0.0,0.0,0.0,0.0,0.0,0.0,0.0,0.0,0.0,0.0,0.0,0.0,0.0,0.0,0.0,0.0,0.0,0.0,0.0,0.0,0.0,0.0,0.0,0.0,0.0,0.0,0.0,0.0,-1.0,0.0,0.0,0.0,0.0,0.0,0.0,0.0,0.0,0.0,0.0,0.0,0.0,0.0,0.0,0.0,0.0,3.638814016172507,0.0,0.0,0.0,0.0,24.2541,23.693277777777777,23.845625,63.76481944444444,23.50973611111111,23.41386111111111,24.646763888888888,24.78118055555556,24.04565277777777,22.969444444444445,23.463194444444444,23.315453257790367,23.29951388888889,23.67522884882108,20.577861111111112,22.329570041608875,23.087152777777774,22.05968055555556,22.534222222222223,22.46675,23.60320833333333,22.57165277777778,22.07827777777777,22.025972222222222,21.932291666666668,25.093722222222222,21.569347222222223,22.19738888888889,22.747027777777777,22.248416666666667,22.89263888888889,22.429791666666667,22.372680555555554,23.31330555555556,24.39997222222222,24.30708333333333,23.38536111111111,22.310944444444445,22.581791666666668,22.42073611111111,21.455972222222226,22.680763888888887,21.515875,23.40670833333333,23.913972222222224,24.333236111111116,22.319791666666667,23.84466019417476,26.769166666666667,23.475319444444445,23.630041666666667
39,2013-08-25 06:00:00,460.15833333333336,474.1791666666667,352.69166666666666,453.13630041724616,334.8388888888889,410.6388888888889,345.0055555555556,393.4472222222222,451.15277777777777,480.11944444444447,375.2288488210818,354.2013888888889,330.35277777777776,418.7944444444444,458.7027777777778,429.0194444444445,308.09444444444443,352.1277777777778,315.5236111111111,360.84583333333336,428.74861111111113,431.5319444444444,390.3625,238.68194444444444,276.6138888888889,429.6041666666667,353.11944444444447,414.575,463.0305555555556,464.68706536856746,402.74444444444447,429.8388888888889,108.74722222222222,424.24444444444447,419.86805555555554,417.53472222222223,401.2125,325.2013888888889,365.6569444444444,399.06388888888887,306.1875,324.40833333333336,390.2388888888889,185.46527777777777,374.34722222222223,307.8333333333333,497.4277777777778,474.49861111111113,396.4458333333333,382.10833333333335,499.2375,48.59111111111111,55.10122222222222,54.84745833333333,55.05723611111111,55.47922222222223,57.056888888888885,51.582708333333336,51.84113888888889,53.504375,57.03380555555555,56.09272222222223,50.21834722222222,56.27616666666666,54.59688888888889,66.49788888888888,60.77616666666667,57.55519444444444,60.08963888888889,59.21138888888888,59.257375,56.12109722222223,58.107375,62.069875,61.15820833333334,60.09775,53.364041666666665,62.308375,59.642763888888894,57.92473611111111,60.17176388888889,56.94811111111111,58.50066666666668,57.515875,56.226527777777775,51.68166666666667,53.30831944444444,56.12855555555555,60.10213888888889,57.677625,58.98726388888889,59.03609722222222,54.01780555555556,62.59158333333334,55.39375,53.054638888888896,52.78305555555556,60.07747222222222,53.13136111111111,44.832166666666666,54.96890277777778,54.98572222222222,3.861111111111111,17.418055555555554,3.518055555555556,25.0125,18.15833333333333,27.620833333333334,3.452777777777778,2.9277777777777776,3.975,3.254166666666667,4.084722222222222,2.8097222222222222,3.2916666666666665,3.1666666666666665,3.6666666666666665,3.230555555555556,3.827777777777778,3.725,3.4472222222222224,3.2444444444444445,2.923611111111111,3.272222222222222,3.422222222222222,2.6444444444444444,3.655555555555555,6.0569444444444445,4.0569444444444445,3.5277777777777777,3.158333333333333,6.590277777777778,4.0625,4.022222222222222,3.736111111111111,4.6125,3.230555555555556,16.62361111111111,3.2736111111111112,2180.1069444444443,4.025,3.4208333333333334,3.605555555555556,3.725,3.029166666666667,4.795833333333333,3.2152777777777777,4.170833333333333,3.4097222222222223,3.051388888888889,5.261111111111111,3.536111111111111,4.154166666666667,0.0,0.0,0.0,0.0,0.0,0.0,0.0,0.0,0.0,0.0,0.0,0.0,0.0,0.0,0.0,0.0,0.0,0.0,0.0,0.0,0.0,0.0,0.0,0.0,0.0,0.0,0.0,0.0,0.0,-1.0,0.0,0.0,0.0,0.0,0.0,3.658730158730159,0.0,0.0,0.0,0.0,0.0,0.0,0.0,0.0,0.0,0.0,0.0,0.0,0.0,0.0,0.0,24.077055555555557,23.535958333333333,23.69851388888889,90.62956944444444,23.373097222222224,23.288958333333333,24.604555555555557,24.74838888888889,24.01740277777777,22.94622222222222,23.44155555555556,23.296055555555554,23.278458333333337,23.648680555555558,20.56561111111111,22.30275,22.75736111111111,21.834625,22.347625,22.445847222222223,23.44330555555556,22.551416666666668,22.06098611111111,22.008972222222223,21.91109722222222,25.01958333333333,21.402944444444447,22.03770833333333,22.565375,22.06859722222222,22.66686111111111,22.358888888888888,22.344388888888886,23.098388888888888,24.157125,24.138625,23.153847222222225,22.13422222222222,22.37825,22.226041666666667,21.154666666666667,22.662333333333333,21.44338888888889,23.391777777777776,23.89911111111111,23.88351388888889,21.88952777777778,23.745083333333334,26.63520833333333,23.279569444444444,23.44408333333333
40,2013-08-25 07:00:00,460.8277777777778,476.725,353.3861111111111,453.59722222222223,337.00694444444446,414.0486111111111,346.9861111111111,396.25138888888887,452.25034770514605,481.675,376.7166666666666,356.3888888888889,331.39444444444445,421.2013888888889,461.1986111111111,431.0305555555556,310.7611111111111,354.7180555555556,318.0527777777778,361.9013888888889,431.3361111111111,432.74861111111113,391.40277777777777,240.70416666666668,277.5055555555556,431.48333333333335,355.6111111111111,415.7375,464.0374479889043,464.44444444444446,404.75,433.29583333333335,111.23194444444444,427.46527777777777,423.02222222222224,324.83194444444445,403.5944444444444,325.9166666666667,367.5916666666666,400.525,305.5375,327.04305555555555,390.3277777777778,187.90833333333333,377.47222222222223,311.95694444444445,498.31944444444446,475.4347222222222,398.55694444444447,385.5083333333333,500.2861111111111,49.22298611111111,55.536722222222224,55.31575,55.56397222222222,55.89211111111111,57.57122222222222,51.82548611111111,52.03908333333333,53.785513888888886,57.32530555555556,56.347027777777775,50.43724617524339,56.54952777777778,54.87736111111111,66.95843055555555,61.16137500000001,58.68970833333333,61.02970833333333,59.94198611111111,59.53731944444445,56.54093055555556,58.34069444444445,62.355125,61.42995833333333,60.36933333333333,53.706625,63.098708333333335,60.29433333333333,58.63506944444445,60.85275000000001,57.82901388888889,58.879138888888896,57.81343055555556,57.04855555555555,52.51815277777778,53.98694444444444,57.08751388888889,60.88965277777778,58.4,59.740569444444446,59.95865277777778,54.27980555555556,63.02920833333333,55.64108333333333,53.249944444444445,54.06786111111112,61.365625,53.55395833333333,45.20970873786408,55.75255555555555,55.68877947295423,3.754166666666667,17.461111111111112,3.341666666666667,25.0375,18.17361111111111,27.508333333333333,3.408333333333333,2.7875,4.016666666666667,3.3291666666666666,4.123611111111111,2.767732962447844,3.2597222222222224,3.165277777777778,3.702777777777778,3.3625,3.779166666666667,3.793055555555556,3.573611111111111,3.323611111111111,2.936111111111111,3.3194444444444446,3.433333333333333,2.626388888888889,3.705555555555556,6.095833333333333,4.108333333333333,3.5680555555555555,3.1875,6.5625,4.130555555555556,4.061111111111111,3.8041666666666663,4.588888888888889,3.248611111111111,3.1527777777777777,3.433333333333333,2170.1944444444443,4.061111111111111,3.488888888888889,3.5166666666666666,3.656944444444445,2.969444444444445,4.797222222222223,3.188888888888889,4.104166666666667,3.498611111111111,2.9944444444444445,5.251040221914009,3.606944444444444,4.323162274618586,0.0,0.0,0.0,0.0,0.0,0.0,0.0,0.0,0.0,0.0,0.0,0.0,0.0,0.0,0.0,0.0,0.0,0.0,0.0,0.0,0.0,0.0,0.0,0.0,0.0,0.0,0.0,0.0,0.0,-1.0,0.0,0.0,0.0,0.0,0.0,0.0,0.0,0.0,0.0,0.0,0.0,0.0,0.0,0.0,0.0,0.0,0.0,0.0,0.0,0.0,0.0,23.88856944444445,23.402736111111118,23.572791666666667,87.42283333333333,23.263194444444444,23.19708333333333,24.554680555555557,24.70415277777778,23.997166666666665,22.929166666666667,23.422291666666663,23.275535465924897,23.254902777777776,23.619791666666668,20.587916666666665,22.274597222222223,22.522319444444445,21.653222222222222,22.2025,22.43826388888889,23.31788888888889,22.54348611111111,22.040458333333333,21.99065277777778,21.89027777777778,24.96752777777777,21.284875,21.91173611111111,22.41751388888889,21.922416666666667,22.492652777777774,22.297444444444444,22.302888888888887,22.919597222222222,23.9415,23.74751388888889,22.94575,21.99020833333333,22.22395833333333,22.06588888888889,20.978944444444444,22.638125,21.39865277777778,23.37580555555555,23.88388888888889,23.559861111111108,21.620416666666667,23.624111111111112,26.50710124826629,23.10556944444444,23.273398058252425
41,2013-08-25 08:00:00,457.1333333333333,473.8044382801664,352.03333333333336,451.575,336.8208333333333,410.0194444444445,345.8902777777778,394.0125,449.46527777777777,478.13055555555553,374.0777777777778,354.5263888888889,328.3041666666667,418.3208333333333,456.43194444444447,427.4458333333333,307.40277777777777,351.94444444444446,319.55694444444447,360.24444444444447,430.5125,430.6638888888889,386.925,238.2625,274.65972222222223,430.22222222222223,352.9625,412.9527777777778,459.41527777777776,460.6611111111111,403.7069444444445,430.87916666666666,107.750346740638,425.7972222222222,419.7680555555556,309.3861111111111,398.81805555555553,323.6069444444444,364.05,397.4888888888889,300.9236111111111,324.22222222222223,386.875,185.425,375.8097222222222,306.6777777777778,493.9569444444445,473.8361111111111,395.025,382.2652777777778,497.09583333333336,50.61826388888889,56.45418055555556,56.263625,56.55159722222223,56.804319444444445,58.821583333333336,52.554625,52.68848611111111,54.753875,58.44979166666666,57.20968055555556,51.150763888888896,57.28461752433936,55.72034722222222,68.62816666666666,62.384625,60.593222222222224,62.814416666666666,61.36987499999999,60.603375,57.523916666666665,59.175,63.3522052704577,62.41704166666666,61.317083333333336,54.459138888888894,64.61802777777778,61.53083333333333,59.97244444444445,62.118875,59.380472222222224,59.81679166666666,58.70766666666666,58.39865277777778,53.81636111111111,55.27308333333334,58.70886111111111,62.54025000000001,59.65679166666666,61.04465277777778,61.276583333333335,55.04165277777778,64.254625,56.41579166666667,53.94108333333334,55.803875,63.22002777777777,54.370837988826814,45.91079166666666,57.068305555555554,56.86944444444445,3.795833333333333,17.525,3.341666666666667,25.01805555555556,18.181944444444444,27.616666666666667,3.4,2.8652777777777776,3.994444444444445,3.2222222222222223,4.166666666666667,2.7847222222222223,3.267037552155772,3.225,3.734722222222222,3.2694444444444444,3.8402777777777777,3.683333333333333,3.5791666666666666,3.326388888888889,2.955555555555556,3.341666666666667,3.3897364771151177,2.5791666666666666,3.665277777777778,6.230555555555555,4.033333333333333,3.5375,3.140277777777778,6.5875,4.143055555555556,3.9652777777777777,3.709722222222222,4.675,3.245833333333333,3.1,3.261111111111111,2162.3375,4.038888888888889,3.5069444444444446,3.636111111111111,3.6597222222222223,2.9055555555555554,4.786111111111111,3.213888888888889,4.1625,3.493055555555556,3.032122905027933,5.245833333333334,3.5388888888888888,4.270833333333333,0.0,0.0,0.0,0.0,0.0,0.0,0.0,0.0,0.0,0.0,0.0,0.0,0.0,0.0,0.0,0.0,0.0,0.0,0.0,0.0,0.0,0.0,0.0,0.0,0.0,0.0,0.0,0.0,0.0,-1.0,0.0,0.0,0.0,0.0,0.0,0.0,0.0,0.0,0.0,0.0,0.0,0.0,0.0,0.0,0.0,0.0,0.0,0.0,0.0,0.0,0.0,23.739527777777777,23.311444444444447,23.500361111111108,88.120125,23.201180555555556,23.152916666666663,24.50933333333333,24.673722222222224,23.98097222222222,22.90913888888889,23.41268055555556,23.269013888888885,23.2417107093185,23.61218055555556,20.57183333333333,22.283486111111117,22.351916666666664,21.53377777777778,22.125763888888887,22.434597222222223,23.23013888888889,22.589958333333332,22.047295423023577,21.99305555555556,21.88313888888889,24.943236111111112,21.233763888888888,21.853430555555555,22.33070833333333,21.83880555555556,22.386194444444445,22.27943055555556,22.28777777777778,22.796722222222225,23.793097222222222,23.524083333333333,22.79026388888889,21.872680555555554,22.13198611111111,21.976791666666667,20.921847222222222,22.630930555555555,21.390416666666667,23.37275,23.876402777777777,23.338166666666663,21.50347222222222,23.53917597765363,26.43177777777778,23.01523611111111,23.178069444444443
42,2013-08-25 09:00:00,455.20416666666665,472.0944444444444,351.55555555555554,450.44166666666666,334.77777777777777,408.5263888888889,346.1098748261474,392.61805555555554,449.2236111111111,476.4291666666667,373.89166666666665,353.93055555555554,329.6152777777778,417.9055555555556,458.56944444444446,427.5777777777778,306.53472222222223,353.0055555555556,316.6550764951321,360.06388888888887,431.4333333333333,429.9055555555556,388.4125,239.48266296809987,276.1694444444444,429.00138888888887,356.9631728045326,415.22777777777776,460.33472222222224,459.72777777777776,404.4486111111111,429.7236111111111,104.76388888888889,426.0430555555556,418.37638888888887,310.89722222222224,398.24861111111113,323.87780898876406,363.58472222222224,397.1555555555556,301.5513888888889,323.35,388.0194444444445,185.40416666666667,374.39722222222224,309.2083333333333,493.9347222222222,471.48333333333335,392.6152777777778,382.0513888888889,495.3513888888889,51.60575,57.26616666666666,57.051944444444445,57.37459722222222,57.62595833333334,59.66269444444444,53.23177777777777,53.309125,55.46019444444444,59.242666666666665,57.945194444444446,51.78280555555556,57.947875,56.43711111111112,69.38834722222222,63.13858333333333,61.65504166666666,63.869263888888895,62.300625,61.3295,58.28125,59.67977777777778,63.98706944444445,63.03091666666667,61.94295833333334,55.06161111111111,65.395375,62.37233333333334,60.77583333333333,63.00358333333334,60.3793888888889,60.55616666666667,59.36527777777778,59.347763888888885,54.77186111111111,56.28473611111112,59.88108333333333,63.432125,60.53040277777778,61.908625,62.08970833333333,55.56356944444444,64.94458333333333,56.97174999999999,54.47005555555556,57.03033333333333,64.21204166666666,55.09708333333334,46.53208333333333,57.94819444444444,57.74538888888889,3.751388888888889,17.45,3.451388888888889,25.05,18.225,27.5875,3.422222222222222,2.901388888888889,3.9930555555555554,3.293055555555556,4.109722222222223,2.8069444444444445,3.3208333333333333,3.136111111111111,3.675,3.2597222222222224,3.8055555555555554,3.713888888888889,3.4208333333333334,3.379166666666667,2.9541666666666666,3.386111111111111,3.441666666666667,2.6,3.654166666666667,6.144444444444445,4.073611111111111,3.5375,3.1791666666666667,6.604166666666667,4.156944444444444,4.020833333333333,3.755555555555556,4.583333333333333,3.248611111111111,3.095833333333333,3.338888888888889,2174.85,4.068055555555556,3.518055555555556,3.548611111111111,3.7625,2.9680555555555554,4.769444444444445,3.2069444444444444,4.623611111111111,3.4569444444444444,3.043055555555556,5.277777777777778,3.602777777777778,4.215277777777778,0.0,0.0,0.0,0.0,0.0,0.0,0.0,0.0,0.0,0.0,0.0,0.0,0.0,0.0,0.0,0.0,0.0,0.0,0.0,0.0,0.0,0.0,0.0,0.0,0.0,0.0,0.0,0.0,0.0,-1.0,0.0,0.0,0.0,0.0,0.0,0.0,0.0,0.0,0.0,0.0,0.0,0.0,0.0,0.0,0.0,0.0,0.0,0.0,0.0,0.0,0.0,23.603125,23.25375,23.45151388888889,88.84484722222223,23.15344444444444,23.121,24.471541666666663,24.647194444444445,23.97641666666667,22.90352777777778,23.406569444444443,23.26695833333333,23.239541666666664,23.616819444444445,20.57405555555556,22.291569444444445,22.244333333333334,21.44380555555556,22.065347222222226,22.42233333333333,23.18236111111111,22.632472222222223,22.05454166666667,22.002152777777777,21.88115277777778,24.930069444444445,21.199708333333334,21.814486111111112,22.279694444444445,21.77143055555556,22.29863888888889,22.250152777777775,22.27572222222222,22.709791666666664,23.691875000000003,23.37223611111111,22.654333333333334,21.803875,22.06383333333333,21.917402777777777,20.87677777777778,22.626291666666667,21.37184722222222,23.37205555555556,23.87558333333333,23.159305555555555,21.41876388888889,23.475847222222225,26.380166666666668,22.95234722222222,23.087763888888887
43,2013-08-25 10:00:00,455.6277777777778,473.7194444444444,351.3041666666667,451.0833333333333,337.9486111111111,409.5305555555556,346.9013888888889,391.55555555555554,451.19444444444446,479.1444444444445,374.1361111111111,354.3236111111111,330.1930555555556,419.0861111111111,457.35,427.1277777777778,307.3041666666667,352.0236111111111,316.90972222222223,362.2055555555556,433.7652777777778,431.4576976421637,389.0416666666667,239.7958333333333,276.425,429.73333333333335,354.85277777777776,415.02222222222224,462.025,460.4458333333333,405.50138888888887,432.3,104.77083333333331,426.0875,417.075,312.5777777777778,398.06944444444446,323.6158113730929,365.3305555555556,397.4958333333333,301.61805555555554,324.94166666666666,388.52777777777777,186.55,375.1432880844645,311.5097222222222,494.6277777777778,473.0722222222222,391.7291666666667,383.77777777777777,497.0472222222222,52.17363888888888,57.82273611111111,57.5585,57.89833333333334,58.18659722222222,60.067083333333336,53.70875,53.74893055555556,55.840125,59.65502777777778,58.385333333333335,52.17066666666666,58.38444444444445,56.89204166666666,69.52908333333333,63.47279166666666,62.28926183844011,64.40204166666666,62.81845833333333,61.681329561527576,58.75345833333333,59.96075,64.31470833333333,63.336666666666666,62.29216666666667,55.56,65.74465277777777,62.91383333333333,61.23466666666666,63.506708333333336,60.99191666666667,61.01254166666666,59.759375,59.92225,55.37704166666667,56.96097222222223,60.597027777777775,63.85597222222223,61.072625,62.42142259414226,62.533966712898746,55.87073611111112,65.25458333333333,57.305902777777774,54.80620833333334,57.82688888888889,64.75791666666667,55.65829166666667,47.03080555555555,58.508833333333335,58.27247222222222,3.893055555555556,17.459722222222222,3.423611111111111,25.051388888888887,18.20277777777778,27.627777777777776,3.401388888888889,2.859722222222222,3.925,3.2694444444444444,4.018055555555556,2.734722222222222,3.2944444444444443,3.2333333333333334,3.748611111111111,3.243055555555556,3.7924791086350975,3.776388888888889,3.520833333333333,3.272984441301273,2.9569444444444444,3.338888888888889,3.404166666666667,2.513888888888889,3.656944444444445,6.151388888888889,4.201388888888889,3.620833333333333,3.1708333333333334,6.565277777777778,4.180555555555555,4.025,3.751388888888889,4.5152777777777775,3.219444444444445,3.154166666666667,3.290277777777778,2212.7472222222223,4.075,3.4546722454672247,3.576976421636616,3.7125,2.875,4.834722222222222,3.219444444444445,4.829166666666667,3.5305555555555554,2.959722222222222,5.322222222222222,3.720833333333333,4.275,0.0,0.0,0.0,0.0,0.0,0.0,0.0,0.0,0.0,0.0,0.0,0.0,0.0,0.0,0.0,0.0,0.0,0.0,0.0,0.0,0.0,0.0,0.0,0.0,0.0,0.0,0.0,0.0,0.0,-1.0,0.0,0.0,0.0,0.0,0.0,0.0,0.0,0.0,0.0,0.0,0.0,0.0,0.0,0.0,0.0,0.0,0.0,0.0,0.0,0.0,0.0,23.478319444444445,23.200875,23.406541666666666,101.93583333333332,23.109625,23.09443055555556,24.42505555555556,24.61330555555556,23.965111111111117,22.890763888888888,23.401652777777777,23.26383333333333,23.23551388888889,23.60880555555556,20.57338888888889,22.28686111111111,22.128899721448462,21.370041666666665,22.00823611111111,22.412998585572844,23.141972222222225,22.63994444444445,22.052541666666663,21.999916666666667,21.872680555555554,24.897694444444443,21.16675,21.76745833333333,22.229263888888887,21.722694444444446,22.215902777777774,22.21388888888889,22.262347222222225,22.644972222222226,23.624847222222225,23.26313888888889,22.55680555555556,21.756027777777778,22.01009722222222,21.87073919107392,20.85171983356449,22.61908333333333,21.36088888888889,23.365875,23.872152777777774,23.019513888888888,21.33723611111111,23.411486111111117,26.31425,22.886305555555555,23.031569444444443
44,2013-08-25 11:00:00,450.7055555555556,471.21527777777777,347.2013888888889,446.7625,331.7680555555556,404.7888888888889,342.675,386.6555555555556,446.23333333333335,472.6801112656468,371.1041666666667,351.1347222222222,327.0305555555556,413.6152777777778,454.5,422.3361111111111,301.6333333333333,348.6611111111111,312.59553695955367,356.2732316227462,428.2194444444444,427.0125,384.4666666666666,236.68055555555557,272.54305555555555,425.9333333333333,352.8611111111111,410.47222222222223,456.9638888888889,454.28472222222223,401.24305555555554,426.4902777777778,101.10416666666669,422.4539106145251,410.1277777777778,307.3902777777778,393.9527777777778,320.5138888888889,359.35555555555555,394.1569444444444,297.4138888888889,320.5083333333333,383.86805555555554,183.6652777777778,370.87014925373137,308.09722222222223,488.625,467.40277777777777,386.5875,378.86944444444447,491.1763888888889,52.56594444444445,58.174375000000005,57.87469444444445,58.25606944444445,58.52148611111112,60.31873611111111,54.01994444444445,54.01223611111111,56.05134722222223,59.83216666666666,58.63833333333333,52.385138888888896,58.68238888888889,57.151833333333336,69.64404166666667,63.63183333333333,62.76704166666666,64.82566666666666,63.162958333333336,61.86987499999999,59.02254166666667,60.130875,64.53215277777778,63.54854166666667,62.53216666666666,55.91033333333333,66.04156726768377,63.327125,61.60908333333334,63.889625,61.50391666666667,61.39079166666667,60.05016666666667,60.399902777777775,55.86855555555556,57.47615277777778,61.12254166666666,64.35756944444444,61.47175000000001,62.84070833333333,62.88579166666666,56.11216666666667,65.50618055555556,57.53970833333334,54.99252427184466,58.42761111111111,65.16304166666667,56.08474999999999,47.417875,58.93470833333333,58.67854166666667,3.795833333333333,17.377777777777776,3.4277777777777776,25.14583333333333,18.105555555555554,27.586111111111112,3.395833333333333,2.8986111111111112,3.9444444444444446,3.3041666666666667,4.101388888888889,2.691666666666667,3.1958333333333333,3.2291666666666665,3.798611111111111,3.311111111111111,3.845833333333333,3.7430555555555554,3.475,3.238888888888889,3.0694444444444446,3.4625,3.4138888888888888,2.620833333333333,3.6805555555555554,6.138888888888889,4.1525658807212205,3.6013888888888888,3.066666666666667,6.601388888888889,4.144444444444445,3.984722222222222,3.7430555555555554,4.606944444444444,3.3125,3.066666666666667,3.4166666666666665,2174.188888888889,4.036111111111111,3.466666666666667,3.6041666666666665,3.745833333333333,2.926388888888889,4.793055555555555,3.216366158113731,4.945833333333334,3.638888888888889,3.129166666666667,5.322222222222222,3.629166666666667,4.476388888888889,0.0,0.0,0.0,0.0,0.0,0.0,0.0,0.0,0.0,0.0,0.0,0.0,0.0,0.0,0.0,0.0,0.0,0.0,0.0,0.0,0.0,0.0,0.0,0.0,0.0,0.0,0.0,0.0,0.0,-1.0,0.0,0.0,0.0,0.0,0.0,0.0,0.0,0.0,0.0,0.0,0.0,0.0,0.0,0.0,0.0,0.0,0.0,0.0,0.0,0.0,0.0,23.356402777777777,23.142541666666663,23.35736111111111,57.08708333333333,23.063291666666665,23.04694444444444,24.377736111111112,24.575555555555557,23.941222222222223,22.88009722222222,23.38622222222222,23.24856944444445,23.216819444444447,23.587319444444443,20.577875,22.274500000000003,22.039402777777777,21.29134722222222,21.95383333333333,22.41033333333333,23.109416666666664,22.628805555555555,22.04461111111111,21.98395833333333,21.858208333333334,24.8655,21.135284327323163,21.708388888888887,22.17563888888889,21.66393055555556,22.12666666666667,22.163569444444445,22.238527777777776,22.57690277777777,23.545055555555557,23.171888888888887,22.472,21.687597222222223,21.95808333333333,21.816194444444445,20.811902777777775,22.604305555555555,21.343777777777778,23.357333333333333,23.87675450762829,22.905486111111117,21.28675,23.35247222222222,26.24934722222222,22.82311111111111,22.97895833333333
45,2013-08-25 12:00:00,450.6958333333333,471.9888888888889,347.1138888888889,447.6791666666667,331.39693593314763,403.9471488178025,343.2388888888889,385.7791666666666,446.980528511822,474.7055555555556,370.80555555555554,349.4208333333333,325.2875,415.1111111111111,454.59583333333336,424.2583333333333,301.97222222222223,350.0097222222222,314.7111111111111,358.07916666666665,427.1972222222222,427.36944444444447,383.49305555555554,238.25,272.5027777777778,423.4222222222222,352.62916666666666,410.2138888888889,458.6208333333333,454.5430555555556,403.1777777777778,427.2650771388499,103.04166666666669,422.47009735744086,411.12361111111113,306.4638888888889,394.34583333333336,321.9736111111111,359.5361111111111,393.28472222222223,297.7944444444444,321.0652777777778,386.5472222222222,183.7902777777778,371.37361111111113,310.3597222222222,489.0180555555556,466.7583333333333,385.6166666666667,380.8444444444444,492.13055555555553,53.12461111111112,58.60193055555556,58.28859722222222,58.68598611111111,58.86501388888889,60.74458333333333,54.39406944444445,54.355875000000005,56.42663888888889,60.189347222222224,58.99594444444445,52.70666666666667,59.05134722222223,57.50726388888889,70.11162499999999,63.981569444444446,63.35916666666667,65.39125,63.5983309352518,62.19675,59.32256588072122,60.400638888888885,64.8395,63.857,62.85791666666666,56.22323611111111,66.44961057023643,63.75345833333333,62.0095,64.27966666666667,62.04988904299584,61.7928294036061,60.39381944444444,60.89695833333333,56.40225,57.97356944444444,61.707458333333335,64.7842024965326,61.879583333333336,63.24541666666666,63.24091666666666,56.34959722222222,65.79772222222222,57.80034722222222,55.17919444444444,58.98705555555556,65.702875,56.44705555555555,47.76298611111111,59.36520833333333,59.09876388888889,3.702777777777778,17.56388888888889,3.401388888888889,25.122222222222224,18.125,27.62638888888889,3.4125,2.855555555555556,3.9375,3.333333333333333,4.115277777777778,2.848611111111111,3.1777777777777776,3.1083333333333334,3.738888888888889,3.3625,4.018055555555556,3.7472222222222222,3.6733812949640288,3.3819444444444446,3.128987517337032,3.6152777777777776,3.5625,2.754166666666667,4.1875,6.0625,4.036161335187761,3.4402777777777778,3.075,6.561111111111111,4.122052704576976,3.955617198335645,3.640277777777778,4.568055555555556,3.3208333333333333,3.1597222222222223,3.488888888888889,2160.8127600554785,4.126388888888889,3.669444444444444,3.5527777777777776,3.7263888888888888,3.061111111111111,4.958333333333333,3.263888888888889,6.066666666666666,3.702777777777778,4.645833333333333,5.386111111111111,3.780555555555555,7.8375,0.0,0.0,0.0,0.0,0.0,0.0,0.0,0.0,0.0,0.0,0.0,0.0,0.0,0.0,0.0,0.0,0.0,0.0,0.0,0.0,0.0,0.0,0.0,0.0,0.0,0.0,0.0,0.0,0.0,-1.0,0.0,0.0,0.0,0.0,0.0,0.0,0.0,0.0,0.0,0.0,0.0,0.0,0.0,0.0,0.0,0.0,0.0,0.0,0.0,0.0,0.0,23.25922222222222,23.090972222222224,23.312763888888888,63.22536111111111,23.032541666666667,23.013986111111112,24.333861111111112,24.540333333333333,23.915305555555555,22.864097222222224,23.367055555555552,23.22758333333333,23.20068055555556,23.56602777777778,20.57263888888889,22.26815277777778,21.96913888888889,21.230569444444445,21.914805755395683,22.398152777777774,23.087933425797505,22.623125,22.03461111111111,21.975055555555556,21.842041666666667,24.83473611111111,21.1053685674548,21.666652777777777,22.134,21.62320833333333,22.050776699029125,22.11661581137309,22.212152777777774,22.509625,23.452416666666668,23.09068055555556,22.38133333333333,21.64127600554785,21.90908333333333,21.77115277777778,20.783722222222224,22.595791666666667,21.32918055555556,23.34241666666667,23.878888888888888,22.81648611111111,21.224944444444443,23.307694444444447,26.19431944444445,22.76711111111111,22.930652777777777
46,2013-08-25 13:00:00,450.3430555555556,472.7388888888889,346.5875,448.2861111111111,332.8430555555556,404.6477115117892,343.1638888888889,387.79583333333335,448.15277777777777,475.6638888888889,371.8277777777778,350.2486111111112,326.16805555555555,415.41527777777776,454.0513888888889,424.6833333333333,302.1236111111112,350.4472222222222,313.9611111111111,359.09722222222223,433.2611111111111,428.18055555555554,386.2319444444444,237.9361111111111,273.31388888888887,424.4180555555556,354.8513888888889,411.89166666666665,459.1875,453.3416666666666,404.2416666666667,426.7162726008345,101.01388888888889,424.7888888888889,413.43611111111113,308.90972222222223,394.7458333333333,321.75138888888887,360.3083333333333,394.52222222222224,297.3513888888889,321.2486111111112,386.7416666666667,184.08333333333331,370.475,310.61944444444447,489.8125,467.1208333333333,386.4861111111111,382.2388888888889,492.40833333333336,53.62198611111111,59.045922330097085,58.71527777777778,59.13773611111111,59.23594444444444,61.16983333333333,54.82920833333333,54.76616666666666,56.81625,60.638125,59.39808333333334,53.055902777777774,59.45259361997226,57.90738888888889,70.48675,64.38644444444444,63.88379166666667,65.85138888888889,63.983875,62.457,59.58572222222222,60.62733333333333,65.11425,64.09408333333334,63.10575,56.54204166666666,66.81581944444444,64.15854166666666,62.39295833333333,64.67875,62.561375000000005,62.159083333333335,60.7228987517337,61.38270833333334,56.93809722222223,58.43238888888889,62.23308333333333,65.19968055555555,62.19108333333334,63.57915277777777,63.55633333333333,56.53922222222222,65.98980555555556,58.01269444444444,55.37983333333334,59.349375,65.99155555555555,56.75884722222223,48.07226388888888,59.73264909847434,59.431125,4.440277777777778,18.042995839112344,4.0,26.27638888888889,19.731944444444444,29.059722222222224,3.430555555555556,2.870833333333333,3.9972222222222222,3.213888888888889,4.044444444444444,2.7597222222222224,3.115117891816921,3.158333333333333,3.736111111111111,3.359722222222222,4.873611111111111,4.959722222222222,3.611111111111111,3.488888888888889,3.172222222222222,3.536111111111111,3.5680555555555555,2.672222222222222,4.348611111111111,6.154166666666667,5.019444444444445,6.041666666666667,6.009722222222222,7.179166666666666,4.125,4.493055555555555,4.270457697642164,4.8875,3.4611111111111112,3.1527777777777777,3.906944444444445,2185.545833333333,5.483333333333333,7.927777777777778,7.136111111111111,3.8125,4.608333333333333,4.909722222222222,3.238888888888889,6.0569444444444445,3.695833333333333,4.565277777777778,5.425,3.773925104022192,7.958333333333333,0.0,0.0,0.0,0.0,0.0,0.0,0.0,0.0,0.0,0.0,0.0,0.0,0.0,0.0,0.0,0.0,0.0,0.0,0.0,0.0,0.0,0.0,0.0,0.0,0.0,0.0,0.0,0.0,0.0,-1.0,0.0,0.0,0.0,0.0,0.0,0.0,0.0,0.0,0.0,0.0,0.0,0.0,0.0,0.0,0.0,0.0,0.0,0.0,0.0,0.0,0.0,23.19625,23.05539528432732,23.28068055555556,55.46404166666667,23.001375000000003,22.993486111111118,24.28511111111111,24.49856944444445,23.89601388888889,22.843319444444443,23.352958333333333,23.213847222222224,23.17973647711512,23.55188888888889,20.577319444444445,22.256569444444445,21.908527777777778,21.19113888888889,21.89713888888889,22.41363888888889,23.113625000000003,22.632555555555555,22.038652777777777,21.99101388888889,21.852916666666665,24.812736111111107,21.071388888888887,21.632930555555557,22.09508333333333,21.582944444444443,21.97943055555556,22.08395833333333,22.179292649098475,22.444527777777772,23.36111111111111,23.02091666666667,22.30709722222222,21.580402777777778,21.89436111111111,21.749736111111112,20.763597222222224,22.607263888888887,21.34030555555556,23.35258333333333,23.88448611111111,22.777402777777777,21.22723611111111,23.28815277777778,26.16176388888889,22.73267683772538,22.912305555555555
47,2013-08-25 14:00:00,449.4861111111111,470.9263888888889,347.373092926491,446.40833333333336,334.6902777777778,404.2194444444444,343.40416666666664,388.8722222222222,446.0332871012483,473.2805555555556,370.3958333333333,349.2388888888889,325.9555555555556,414.40972222222223,452.5361111111111,424.9,328.6902777777778,374.244105409154,314.2888888888889,356.8361111111111,433.75416666666666,428.2527777777778,384.58472222222224,236.5375,272.4986111111112,427.0916666666666,357.6972222222222,412.9263888888889,463.4583333333333,465.0611961057024,407.45972222222224,425.8430555555556,102.24166666666666,423.4458333333333,410.8236111111111,308.5180555555556,394.7597222222222,320.6958333333333,360.4402777777778,394.7111111111111,296.6041666666667,320.6083333333333,384.6611111111111,184.62777777777777,370.1444444444445,310.0444444444444,489.40277777777777,466.2652777777778,386.1208333333333,381.3847222222222,491.29027777777776,54.02131944444445,59.41283333333333,59.05725,59.50438888888888,59.69329166666667,61.51170833333333,55.20406944444444,55.10213888888889,57.142152777777774,60.92719833564494,59.73020833333333,53.34463888888889,59.79741666666666,58.23905555555556,70.74352777777779,64.67933333333333,65.14369444444445,67.10894444444445,66.161375,62.636125,59.87083333333333,60.8245,65.28416666666666,64.18329166666666,63.273522884882105,56.82895833333333,66.96769444444445,64.43620396600566,62.680083333333336,64.92766666666667,63.00045833333333,62.49458333333333,61.037125,61.802375,57.40818055555555,58.84074999999999,62.69894590846047,65.62488888888889,62.43525,63.82540277777778,63.80209722222222,56.70261111111111,66.094875,58.20725,55.53616666666667,59.69719444444445,66.23872222222222,57.041597222222215,48.33836111111111,60.04654166666667,59.71473611111112,12.531944444444443,23.741666666666667,10.997222222222222,39.227777777777774,35.49166666666667,44.19722222222222,3.5055555555555555,2.855555555555556,4.016666666666667,3.264909847434119,3.968055555555555,2.8041666666666667,3.251388888888889,3.25,3.7222222222222223,3.2416666666666667,24.766666666666666,35.59583333333333,12.122222222222222,3.4680555555555554,3.145833333333333,3.548611111111111,3.605555555555556,2.702777777777778,4.242718446601942,64.4888888888889,17.581944444444446,33.77053824362606,44.10833333333333,20.64305555555556,4.4375,9.709722222222222,9.53888888888889,8.584722222222222,5.322222222222222,3.0055555555555555,9.155339805825244,2211.3875,19.641666666666666,52.86805555555556,43.78333333333333,3.755555555555556,21.919444444444444,4.736111111111111,3.1319444444444446,5.9625,3.844444444444445,3.011111111111111,5.201388888888889,4.0152777777777775,7.047222222222223,0.0,0.0,0.0,0.0,0.0,0.0,0.0,0.0,0.0,0.0,0.0,0.0,0.0,0.0,0.0,0.0,13.225941422594142,12.635371179039302,0.0,0.0,0.0,0.0,0.0,0.0,0.0,6.310626702997276,1.533149171270718,0.0,0.0,-1.0,0.0,0.0,0.0,0.0,0.0,0.0,0.0,0.0,0.0,0.0,0.0,0.0,0.0,0.0,0.0,0.0,0.0,0.0,0.0,0.0,0.0,23.132430555555555,23.029472222222225,23.25690277777778,66.25454166666667,22.969319444444444,22.972930555555557,24.242305555555557,24.47001388888889,23.872638888888886,22.836546463245494,23.341319444444444,23.20086111111111,23.169444444444444,23.53401388888889,20.56940277777778,22.24263888888889,21.985013888888886,21.34363888888889,22.07693055555556,22.432625,23.137833333333337,22.638194444444444,22.062194444444444,22.036416666666664,21.87624133148405,24.816625,21.13336111111111,21.652393767705384,22.121944444444445,21.61420833333333,21.92463888888889,22.05152777777778,22.15277777777778,22.392819444444445,23.288847222222223,22.96494444444444,22.246435506241333,21.51843055555556,21.891388888888887,21.751708333333333,20.766166666666667,22.622569444444444,21.369027777777777,23.357000000000003,23.900694444444444,22.74240277777778,21.21688888888889,23.27104166666667,26.134888888888888,22.706444444444443,22.891791666666663
48,2013-08-25 15:00:00,447.7805555555556,469.1,345.7555555555556,447.4958333333333,330.0763888888889,402.09722222222223,341.65694444444443,386.81666666666666,444.50694444444446,472.3781512605042,369.5388888888889,347.425,324.63194444444446,413.9456066945607,452.2361111111111,422.4263888888889,302.275,349.72222222222223,313.6625,355.6013888888889,429.8597222222222,426.2180555555556,383.76666666666665,234.2097222222222,270.3541666666667,479.8944444444445,375.9889042995839,456.025,512.1583333333333,518.6638888888889,404.5291666666666,425.4513888888889,99.56805555555556,422.81111111111113,411.5472222222222,308.43888888888887,395.1513888888889,320.08194444444445,360.84583333333336,392.23333333333335,292.55694444444447,319.1511789181692,382.43611111111113,183.03333333333333,368.7652777777778,308.3208333333333,488.4694444444444,465.4736111111111,385.3777777777778,380.6680555555556,490.2402777777778,54.295875,59.64881944444445,59.26675,59.73306944444444,60.32066666666666,61.671543810848405,55.46859722222222,55.34159500693482,57.36541666666666,61.020291666666665,59.90291666666666,53.52752777777778,59.968125874125874,58.42368055555556,71.02395833333334,65.15198611111111,65.92252777777777,68.11180555555555,67.0995138888889,62.74487499999999,59.99475,60.95579166666666,65.39387500000001,64.29054166666667,63.35104166666667,57.82313888888889,66.44988888888889,64.38559722222222,62.73545833333333,65.96355555555556,63.255,62.65466666666667,61.17245833333333,62.02158333333333,57.70113888888889,59.18118055555555,62.966625,65.78802777777777,62.55533333333333,63.85988888888889,63.80304166666667,56.84141666666667,66.03093055555556,58.35320833333333,55.67341666666667,59.88866666666667,66.510125,57.24458333333333,48.52759722222221,60.31679166666666,59.94991666666667,46.172222222222224,46.98333333333333,41.34027777777778,92.0625,101.62083333333334,108.34214186369958,3.484722222222222,2.854368932038835,4.048611111111111,3.1902777777777778,3.926388888888889,2.775,3.3146853146853146,3.1069444444444443,3.776388888888889,3.2888888888888888,46.11944444444445,69.71805555555555,7.068055555555556,3.3916666666666666,3.147222222222222,3.4944444444444445,3.5625,2.748611111111111,4.45,165.66944444444445,49.827777777777776,171.07083333333333,191.42222222222225,59.10833333333333,5.141666666666667,29.375,29.198611111111116,22.820833333333333,13.043055555555556,3.1638888888888888,28.718055555555555,2183.680555555556,82.83333333333333,246.79305555555555,179.47083333333333,3.8027777777777776,93.21666666666668,4.844444444444444,3.290277777777778,9.566666666666666,4.655555555555556,3.029166666666667,5.194444444444445,5.552777777777778,16.418055555555554,0.0,0.0,0.0,0.0,0.0,0.0,0.0,0.0,0.0,0.0,0.0,0.0,0.0,0.0,0.0,0.0,0.0,0.0,0.0,0.0,0.0,0.0,0.0,0.0,0.0,23.643734643734643,14.94572025052192,15.597872340425532,0.0,6.307086614173229,0.0,0.0,0.0,0.0,0.0,0.0,0.0,0.0,0.0,0.0,0.0,0.0,0.0,0.0,0.0,0.0,0.0,0.0,0.0,0.0,0.0,23.113888888888887,23.046375,23.28095833333333,65.5052361111111,22.95370833333333,23.00826147426982,24.21813888888889,24.44981969486824,23.877125,22.869930555555552,23.35055555555556,23.202611111111118,23.180825174825177,23.53947222222222,20.560263888888887,22.14313888888889,21.97551388888889,21.28148611111111,22.102875,22.46618055555556,23.164430555555555,22.66451388888889,22.094916666666663,22.06493055555556,21.916666666666668,25.12026388888889,21.61208333333333,22.258305555555555,22.7275,22.12294444444445,21.93123611111111,22.078569444444444,22.18133333333333,22.414444444444445,23.27225,22.93425,22.259111111111118,21.524041666666665,21.945055555555555,21.844444444444445,20.870875,22.62715277777778,21.438166666666667,23.36498611111111,23.909388888888888,22.757722222222224,21.221013888888887,23.255958333333336,26.12205555555556,22.6975,22.867
49,2013-08-25 16:00:00,448.8305555555556,467.40277777777777,346.21666666666664,447.25138888888887,330.5111111111111,405.7361111111111,341.75138888888887,387.1666666666667,445.5,473.191933240612,369.79027777777776,347.5027777777778,325.1041666666667,413.9207232267037,453.68055555555554,424.79027777777776,302.60555555555555,348.6902777777778,312.4875,356.1138888888889,430.27777777777777,426.9763888888889,384.5652777777778,232.6472222222222,270.55694444444447,480.6833333333333,352.7680555555556,419.4486111111111,471.03333333333336,467.2069444444445,403.3319444444445,424.38194444444446,105.00138888888888,423.6763888888889,411.06805555555553,309.5055555555556,394.07916666666665,317.8777777777778,363.1152777777778,394.2888888888889,295.6333333333333,319.13194444444446,381.2291666666667,184.01111111111112,371.6152777777778,307.3125,491.3263888888889,465.80694444444447,387.4138888888889,379.46527777777777,491.79583333333335,54.32323611111112,59.69868055555556,59.24816666666667,59.7175,60.04783333333334,61.4652990264256,55.68004166666666,55.54195833333333,57.477291666666666,61.160541666666674,60.04233009708737,53.65719054242003,60.11816666666667,58.5995,71.05731944444445,65.48545833333333,65.97455555555555,68.37377777777778,67.21636995827538,62.75270833333333,59.97091666666666,61.02016666666666,65.4345,64.23154166666667,63.398291666666665,59.48213888888889,67.40309722222223,64.74045833333334,62.805375000000005,66.92648611111112,63.24158333333334,62.492875000000005,61.032875,62.032250000000005,57.76676388888889,59.391125,62.87179166666667,65.78581944444444,62.22929166666666,63.477,63.02666666666666,57.00087499999999,65.69186111111111,58.51155555555555,55.86,59.81570833333333,66.44684722222223,57.459625,48.65181944444444,60.31451388888888,60.18679166666666,92.30694444444444,74.90138888888889,84.11111111111111,159.0388888888889,189.29444444444445,188.38247566063976,3.5444444444444443,2.906944444444445,4.206944444444445,3.3125,3.933425797503467,2.8164116828929067,3.261111111111111,3.147222222222222,3.830555555555556,3.3916666666666666,86.40277777777777,141.06666666666666,10.949930458970792,3.341666666666667,3.020833333333333,3.470833333333333,3.473611111111111,2.6152777777777776,4.0,117.64861111111112,105.89305555555556,309.47777777777776,350.2986111111111,86.68194444444444,6.243055555555555,60.61805555555556,61.451388888888886,48.91666666666666,26.44305555555556,3.216666666666667,66.07916666666667,2173.9666666666667,170.2888888888889,497.0,425.0097222222222,3.995833333333333,192.825,5.169444444444444,3.276388888888889,14.97638888888889,6.966666666666667,4.754166666666666,5.361111111111111,8.193055555555556,39.92638888888889,0.0,0.0,0.0,0.0,0.0,0.0,0.0,0.0,0.0,0.0,0.0,0.0,0.0,0.0,0.0,0.0,0.0,0.0,0.0,0.0,0.0,0.0,0.0,0.0,0.0,0.5833333333333334,0.0,0.0,0.0,0.0,0.0,0.0,0.0,0.0,0.0,0.0,0.0,0.0,0.0,0.0,0.0,0.0,0.0,0.0,0.0,0.0,0.0,0.0,0.0,0.0,0.0,23.17138888888889,23.15425,23.408416666666668,56.35612499999999,23.11618055555556,23.160152990264255,24.193819444444443,24.43675,23.87948611111111,22.86509722222222,23.352981969486823,23.20738525730181,23.188388888888888,23.538944444444446,20.563069444444444,22.08695833333333,21.999027777777776,21.241222222222223,22.13379694019472,22.497027777777777,23.183652777777777,22.677527777777776,22.1155,22.112819444444444,21.93676388888889,25.50633333333333,21.56673611111111,22.400472222222223,22.82197222222222,22.04798611111111,22.008444444444443,22.214986111111116,22.31508333333333,22.480555555555554,23.331958333333333,22.929388888888887,22.35948611111111,21.563277777777778,22.156569444444443,22.102888888888888,21.25647222222222,22.60758333333333,21.61058333333333,23.354333333333333,23.89009722222222,22.84513888888889,21.28902777777778,23.22697222222222,26.15368055555556,22.76930555555556,22.87325
50,2013-08-25 17:00:00,449.7069444444445,467.65833333333336,348.4902777777778,448.7180555555556,331.14166666666665,405.3222222222222,341.34166666666664,385.43194444444447,446.47083333333336,473.6125,369.9527777777778,348.05,324.1972222222222,412.5777777777778,452.5944444444444,423.65,301.4125,348.89166666666665,311.7583333333333,355.8884239888424,430.77222222222224,427.2861111111111,383.28472222222223,233.54289732770744,270.8180555555556,480.0652777777778,345.2944444444444,411.6347222222222,459.52222222222224,460.1222222222222,400.1347222222222,425.58472222222224,104.93194444444444,421.7680555555556,412.3847222222222,307.86805555555554,390.5027777777778,316.9680555555556,361.69444444444446,395.1055555555556,296.76944444444445,319.0930555555556,375.6402777777778,182.5638888888889,369.24861111111113,302.71944444444443,492.3333333333333,465.4194444444444,386.175,376.8208333333333,495.86805555555554,53.80356944444444,59.44691666666667,58.80940277777778,59.32470833333333,59.50658333333333,60.765744089012514,55.73420833333333,55.57481944444444,57.37329166666666,61.04508333333333,59.96595833333333,53.58358333333334,60.120000000000005,58.56447222222222,70.67558333333334,65.31462499999999,65.34840277777778,68.00865277777778,66.09979108635098,62.54658333333334,59.88091666666667,60.897625,65.26834722222222,64.10829166666667,63.224125,60.14319444444444,67.29280555555556,64.87944444444445,62.21070833333333,66.37134722222223,62.6375,61.72537499999999,60.62879166666667,61.40925000000001,57.25895833333333,59.30229166666667,61.826375,64.9576388888889,61.36375866851595,62.559250000000006,61.64779166666667,56.96463245492372,64.96618055555555,58.50358333333334,55.85469444444444,59.11981944444444,65.63393055555555,57.45506241331484,48.55622222222222,59.557027777777776,59.61906944444445,118.67083333333332,83.85138888888889,104.37083333333334,183.3375,228.89166666666668,227.4144645340751,3.686111111111111,2.8833333333333333,4.45,3.2875,4.044444444444444,2.745833333333333,3.261111111111111,3.236111111111111,3.915277777777778,3.3694444444444445,102.90277777777776,171.24166666666667,12.860724233983287,3.436111111111111,3.188888888888889,3.577777777777778,3.566666666666667,2.738888888888889,4.375,130.9611111111111,127.59583333333332,368.47777777777776,414.6444444444445,103.60138888888888,7.938888888888889,115.88888888888889,121.54305555555555,105.39166666666668,53.40833333333333,3.243055555555556,154.9638888888889,2185.115277777778,205.6740638002774,583.1694444444445,483.8375,4.048543689320389,255.6236111111111,5.190277777777778,3.2888888888888888,16.633333333333333,10.808333333333334,4.771151178918169,5.420833333333333,11.64861111111111,82.49861111111112,0.0,0.0,0.0,0.0,0.0,0.0,0.0,0.0,0.0,0.0,0.0,0.0,0.0,0.0,0.0,0.0,0.0,0.0,0.0,0.0,0.0,0.0,0.0,0.0,0.0,11.101604278074866,0.0,0.0,0.0,0.0,1.2348066298342542,0.0,0.0,0.0,0.0,0.0,0.0,0.0,0.0,0.0,0.0,0.0,0.0,0.0,0.0,0.0,0.0,0.0,0.0,0.0,0.0,23.30883333333333,23.30288888888889,23.603125,71.97070833333333,23.323777777777774,23.357218358831712,24.1615,24.41345833333333,23.865222222222226,22.848875,23.349319444444447,23.20965277777778,23.17893055555556,23.522569444444443,20.569916666666668,22.077402777777777,22.12518055555556,21.311694444444445,22.033690807799445,22.502472222222224,23.178847222222224,22.670569444444443,22.11105555555556,22.091652777777774,21.94968055555556,25.482777777777777,21.59493055555556,22.38856944444445,22.927319444444443,22.132444444444445,22.204680555555555,22.490305555555555,22.47856944444444,22.76723611111111,23.609291666666664,22.95638888888889,22.770791666666668,21.828888888888887,22.49214979195562,22.442055555555555,21.72625,22.613259361997223,21.85776388888889,23.35506944444445,23.89334722222222,23.079722222222223,21.526958333333333,23.25717059639389,26.22134722222222,23.086041666666667,23.201055555555552
51,2013-08-25 18:00:00,455.0097222222222,471.8513888888889,350.5208333333333,450.1902777777778,333.0527777777778,410.74861111111113,344.1083333333333,389.1736111111111,448.5027777777778,477.7819444444444,372.51666666666665,350.4736111111111,326.8805555555556,415.7819444444444,458.255944055944,428.7708333333333,306.45416666666665,354.675,316.24583333333334,359.7236111111111,440.0944444444444,430.1694444444444,388.9888888888889,237.8347222222222,275.9791666666667,465.89722222222224,348.90416666666664,413.2680555555556,464.2930555555556,466.4986072423399,454.37996545768567,434.995839112344,102.04166666666669,428.0097222222222,419.6972222222222,311.6666666666667,395.53472222222223,319.0027777777778,367.47222222222223,401.9277777777778,305.7375,321.96527777777777,375.47222222222223,186.9597222222222,373.56805555555553,305.2375,498.8569444444444,468.8875,390.8486111111111,381.7388888888889,504.125,53.02973611111111,58.925763888888895,58.21083333333334,58.583013888888885,59.15229166666667,59.9605,55.62929166666666,55.45911111111111,57.07819444444444,60.6605,59.69122222222222,53.39903899721449,59.961125,58.31258333333333,70.07077777777778,64.90455555555556,64.57256944444444,67.18556944444444,65.57520833333334,62.167875,59.625791666666665,60.62079166666667,64.93470833333333,63.83972222222222,62.89633333333333,61.797583333333336,66.64848611111111,64.13081944444444,61.38229166666667,65.52493055555556,61.962573402417966,60.74726388888889,59.68694444444444,60.02180555555555,56.00119444444445,58.94262500000001,59.89568055555556,63.42911111111111,60.27488888888889,61.40741666666666,60.358583333333335,56.75120833333334,63.85129166666667,58.2945,55.67851388888889,58.27531944444444,64.12175,57.21134722222222,48.31127777777778,57.97280555555555,58.264513888888885,111.43611111111112,72.08055555555555,90.61666666666666,159.24583333333334,211.92361111111111,212.35694444444445,3.683333333333333,2.8916666666666666,4.377777777777778,3.376388888888889,4.151388888888889,2.8091922005571037,3.2694444444444444,3.2847222222222223,5.102777777777778,4.020833333333333,89.7388888888889,154.61666666666667,12.4375,3.3916666666666666,3.176388888888889,3.536111111111111,3.620833333333333,2.793055555555556,4.418055555555555,166.36527777777778,102.14861111111112,329.74305555555554,375.2125,91.475,8.984455958549223,184.99444444444444,200.5861111111111,142.64583333333334,72.84861111111111,3.227777777777778,220.63194444444449,2176.575,178.49305555555554,511.0513888888889,301.44444444444446,4.045833333333333,265.33194444444445,4.973611111111111,3.279166666666667,13.468055555555557,11.83611111111111,3.2527777777777778,5.377777777777778,13.656944444444443,62.55416666666667,0.0,0.0,0.0,0.0,0.0,0.0,0.0,0.0,0.0,0.0,0.0,0.0,0.0,0.0,0.0,0.0,0.0,0.0,0.0,0.0,0.0,0.0,0.0,0.0,0.0,1.671270718232044,0.0,0.0,0.0,0.0,6.287292817679558,0.0,0.0,0.0,0.0,0.0,0.0,0.0,0.0,1.935656836461126,0.0,0.0,0.0,0.0,0.0,0.0,0.0,0.0,0.0,0.0,0.0,23.438069444444444,23.44158333333333,23.742486111111116,96.06752777777776,23.43981944444445,23.47827777777778,24.123500000000003,24.38286111111111,23.84448611111111,22.83634722222222,23.33988888888889,23.185306406685235,23.161527777777778,23.51247222222222,20.542791666666663,22.05358333333333,22.20043055555556,21.403375,22.030444444444445,22.49861111111111,23.185930555555554,22.65445833333333,22.100125,22.059472222222222,21.95036111111111,25.65290277777778,21.66390277777778,22.50736111111111,23.063458333333333,22.256541666666667,22.83718480138169,22.72726388888889,22.77991666666667,23.258861111111116,24.096666666666664,23.02208333333333,23.383041666666667,22.224208333333333,22.781611111111108,22.736777777777775,22.046347222222224,22.639347222222224,22.046569444444444,23.36872222222222,23.91138888888889,23.323083333333333,21.897069444444444,23.334416666666662,26.30570833333333,23.601819444444445,23.705041666666663
52,2013-08-25 19:00:00,459.3388888888889,475.81944444444446,354.7055555555556,454.6991643454039,337.46666666666664,413.4805555555556,347.4472222222222,392.45972222222224,452.6,480.5319444444444,376.7055555555556,353.3777777777778,330.3513888888889,420.4847222222222,460.90277777777777,430.95972222222224,308.3902777777778,356.7555555555556,320.3888888888889,362.97083333333336,438.93055555555554,433.6166666666667,392.3625,239.86666666666667,278.4458333333333,443.9236111111111,351.4347222222222,416.24444444444447,467.74444444444447,470.2611111111111,-1.0,439.7347222222222,95.9486111111111,433.9694444444444,421.6847222222222,313.45694444444445,398.7458333333333,323.2708333333333,372.4041666666666,485.41527777777776,309.28472222222223,331.2388888888889,377.0875,190.80555555555557,380.22083333333336,312.6041666666667,509.0208333333333,473.2888888888889,395.5777777777778,381.90833333333336,514.8819444444445,52.62945833333333,58.50483333333334,57.85579166666666,58.15145833333334,59.25354166666667,59.55623611111111,55.54931944444444,55.38732673267327,56.90070833333333,60.463027777777775,59.49695833333333,53.21841666666667,59.85133333333333,58.14915277777778,69.82969444444444,64.7135,64.04966666666667,66.61608333333334,65.15948611111111,61.922916666666666,59.37916666666667,60.42052777777778,64.71795744680851,63.65672222222223,62.659083333333335,62.245916666666666,66.29893055555554,63.61355555555556,60.83395833333333,64.79929166666668,-1.0,59.300875,57.70423611111112,57.974,54.00472222222223,58.53943055555556,57.267625,61.927208333333326,59.58184722222222,60.48506944444444,59.56022222222222,56.64151388888889,63.49308333333333,58.13338888888889,55.57665730337079,57.6555,62.34745833333333,56.89186111111111,48.08522222222222,55.81283333333333,57.356027777777776,104.41111111111113,61.92916666666667,83.15833333333333,145.4361111111111,199.5236111111111,194.7958333333333,3.6777777777777776,2.8741159830268743,4.669444444444444,3.406944444444445,4.165277777777778,2.823611111111111,3.338888888888889,3.3152777777777778,5.9125,4.359722222222223,91.80694444444444,142.9986111111111,12.545833333333333,3.370833333333333,3.033333333333333,3.3986111111111112,3.49645390070922,2.654166666666667,3.901388888888889,164.11944444444444,90.24861111111112,254.2513888888889,294.2625,76.43194444444444,-1.0,231.3375,227.4986111111111,150.38055555555556,87.04861111111111,3.3430555555555554,269.58194444444445,2176.723611111111,137.84166666666667,388.30694444444447,183.14166666666668,10.797222222222222,236.9,5.102777777777778,3.241573033707865,13.375,11.630555555555556,3.6777777777777776,5.351388888888889,15.065277777777778,54.52777777777778,0.0,0.0,0.0,0.0,0.0,0.0,0.0,0.0,0.0,0.0,0.0,0.0,0.0,0.0,0.0,0.0,0.0,0.0,0.0,0.0,0.0,0.0,0.0,0.0,0.0,1.2916666666666667,0.0,0.0,0.0,0.0,0.0583333333333333,0.0,0.0,0.0,0.0,0.0,0.0,0.0,0.0,22.21040189125296,0.0,1.450276243093923,0.0,0.0,0.0,0.0,0.0,0.0,0.0,0.0,0.0,23.50640277777778,23.51245833333333,23.797791666666665,69.108875,23.46775,23.51627777777778,24.09120833333333,24.35335219236209,23.831902777777778,22.818458333333336,23.323291666666663,23.17695833333333,23.144472222222223,23.49511111111111,20.56526388888889,22.04233333333333,22.286972222222225,21.47415277777778,22.076541666666667,22.499694444444444,23.198805555555555,22.65727777777778,22.102113475177305,22.06095833333333,21.969291666666667,25.581138888888887,21.699194444444444,22.551069444444444,23.12251388888889,22.32911111111111,-1.0,23.214402777777774,23.49802777777778,24.02872222222222,25.005333333333333,23.151958333333333,24.39005555555556,22.707652777777778,22.93756944444444,23.18831944444445,22.212819444444445,22.657027777777778,22.065875,23.38956944444444,23.909494382022476,23.54259722222222,22.46915277777778,23.44876388888889,26.393527777777777,24.387888888888888,24.07651388888889
53,2013-08-25 20:00:00,457.06805555555553,475.9109874826148,352.08472222222224,453.2055555555556,334.9291666666667,413.075,347.6708333333333,392.75694444444446,450.1321279554937,478.8222222222222,375.65277777777777,353.575,330.0236111111111,420.05,457.675,429.2694444444445,307.1847222222222,355.3958333333333,319.84444444444443,360.9638888888889,439.35,432.5416666666667,389.2,238.35972222222225,277.4055555555556,435.0472222222222,349.2958333333333,413.9486111111111,467.0375521557719,467.43611111111113,-1.0,429.20416666666665,99.36666666666666,436.3375,422.0152777777778,309.7611111111111,395.8375,318.0736111111111,371.23333333333335,479.0708333333333,308.95972222222224,333.93055555555554,376.1958333333333,193.21527777777777,380.8305555555556,308.55694444444447,507.575,474.81111111111113,396.2111111111111,378.5486111111111,526.7791666666667,52.38911111111111,58.22536111111111,57.59388888888888,57.89566666666666,59.281655076495134,59.30633333333333,55.53765277777778,55.38279166666667,56.837875,60.30344444444445,59.37325,53.11450000000001,59.778416666666665,58.052125,69.57447222222223,64.53306944444445,63.74941666666667,66.12283333333333,64.72725,61.74991666666667,59.26441666666666,60.28895833333334,64.5850980392157,63.46066666666667,62.50425,62.383833333333335,65.96395833333334,63.03008333333334,60.268125000000005,64.21127777777778,-1.0,58.875277777777775,56.6915,56.157944444444446,51.65675,57.98595833333333,54.393138888888885,60.19547222222222,59.006,59.146638888888894,58.88483333333333,56.48762306610408,63.297625,58.00933333333334,55.51529166666667,57.037277777777774,60.439166666666665,56.47481944444445,47.76793055555555,53.54973611111111,56.41047222222223,105.50416666666666,61.727777777777774,82.3236111111111,143.49444444444444,202.18219749652292,215.4430555555556,3.6486111111111112,2.998611111111111,4.730555555555555,3.4166666666666665,4.106944444444444,2.827777777777778,3.325,3.2125,4.969444444444444,3.8666666666666663,99.21805555555557,148.79444444444445,13.281944444444443,3.4138888888888888,3.109722222222222,3.488888888888889,3.515406162464986,2.6777777777777776,4.15,166.63333333333333,99.05555555555556,260.3430555555556,293.6763888888889,75.98611111111111,-1.0,240.15277777777777,201.65833333333333,118.97777777777776,76.99305555555556,3.3541666666666665,250.36944444444444,2173.948611111111,137.17361111111111,385.1625,193.8763888888889,11.855133614627286,231.61944444444444,5.219444444444444,3.3777777777777778,15.365277777777775,9.580555555555556,4.788888888888889,5.531944444444444,11.579166666666667,70.85694444444445,0.0,0.0,0.0,0.0,0.0,0.0,0.0,0.0,0.0,0.0,0.0,0.0,0.0,0.0,0.0,0.0,0.0,0.0,0.0,0.0,0.0,0.0,0.0,0.0,0.0,5.921621621621622,0.0,0.0,0.0,0.0,0.0,0.0,0.0,0.0,0.0,0.0,0.0,0.0,0.0,15.703125,0.0,0.0,0.0,0.0,0.0,0.0,0.0,0.0,0.0,0.0,0.0,23.54297222222222,23.558986111111118,23.833291666666668,60.64895833333333,23.459471488178025,23.541875,24.056236111111108,24.32236111111111,23.80547222222222,22.81661111111111,23.317527777777777,23.16870833333333,23.12948611111111,23.490236111111116,20.57188888888889,22.05136111111111,22.333180555555558,21.534291666666668,22.13561111111111,22.496041666666667,23.17730555555556,22.64069444444444,22.08245098039216,22.06052777777778,21.963555555555555,25.574388888888887,21.728194444444444,22.62038888888889,23.19579166666667,22.396583333333336,-1.0,23.141694444444447,23.5475,24.652152777777776,25.94765277777778,23.356486111111117,25.381208333333333,23.23063888888889,23.074361111111116,23.523402777777772,22.364569444444445,22.71291139240506,22.056986111111108,23.40584722222222,23.910569444444445,23.784694444444444,22.984388888888887,23.61220833333333,26.57701388888889,25.11394444444445,24.372333333333337
54,2013-08-25 21:00:00,455.1277777777778,473.2,351.7013888888889,453.2027777777778,329.5861111111111,412.2375,345.57916666666665,391.5486111111111,447.7652777777778,477.0722222222222,372.7680555555556,352.80555555555554,329.73055555555555,415.425,455.4527777777778,428.1638888888889,306.79027777777776,354.15833333333336,316.6861111111112,360.0208333333333,439.5492371705964,430.3513888888889,388.0263888888889,239.66666666666663,275.5625,438.0472222222222,348.3736111111112,412.0527777777778,465.09027777777777,464.0417246175243,-1.0,420.0375,102.5,434.0486111111111,419.1777777777778,320.63194444444446,393.87638888888887,314.8111111111112,367.6458333333333,405.2805555555556,308.2527777777778,326.47222222222223,373.56805555555553,187.725,375.15,359.2638888888889,513.1137309292649,476.4277777777778,397.35277777777776,374.7875,540.3708333333333,52.259083333333336,58.02831944444444,57.43109722222222,57.72323611111111,59.78034722222222,59.13175,55.57747222222222,55.423625,56.80825,60.254333333333335,59.32229166666667,53.06029166666667,59.75225,57.99529166666667,69.60679166666667,64.47518055555557,63.239,65.71120833333333,64.43247222222222,61.70129166666667,59.257625,60.300471567267685,64.58575,63.518166666666666,62.49125,62.449375,65.76395833333333,62.495375,59.71670833333333,63.68731944444445,-1.0,59.42629166666666,57.83730555555556,54.98148611111111,49.98788888888889,57.634625,52.60547222222223,58.80509722222222,58.505333333333326,58.46836111111112,58.29445833333334,56.44295833333334,63.167375,57.94716666666667,55.483875,56.106902777777776,59.50205555555556,55.9945,47.363013888888894,52.25368055555556,55.46168055555555,149.48194444444445,103.78472222222224,122.02222222222224,227.19166666666663,285.97222222222223,300.5,3.6416666666666666,2.9541666666666666,4.781944444444444,3.3694444444444445,4.1,2.75,3.2222222222222223,3.066666666666667,4.059722222222222,3.5375,211.67638888888888,245.5402777777778,16.477777777777778,3.4722222222222223,3.1930555555555555,3.5242718446601944,3.598611111111111,2.7666666666666666,4.625,65.1361111111111,157.6,424.5583333333333,478.37361111111113,118.37083333333334,-1.0,203.025,181.58194444444445,115.63472222222222,63.79861111111112,13.077777777777778,191.9055555555556,2162.208333333333,224.64027777777775,645.175,445.53472222222223,4.147222222222222,300.16805555555555,5.208333333333333,3.3777777777777778,200.28194444444443,9.73611111111111,4.4125,5.448611111111111,13.865277777777775,88.60416666666667,0.0,0.0,0.0,0.0,0.0,0.0,0.0,0.0,0.0,0.0,0.0,0.0,0.0,0.0,0.0,0.0,0.0,0.0,0.0,0.0,0.0,0.0,0.0,0.0,0.0,0.6416666666666667,0.0,0.0,0.0,0.0,0.0,0.0,0.0,0.0,0.0,2.7493261455525606,0.0,0.0,0.0,0.0,0.0,0.0,0.0,0.0,0.0,4.5422343324250685,0.0,0.0,0.0,0.0,0.0,23.602736111111117,23.613805555555555,23.873444444444445,65.31680555555555,23.41365277777778,23.58941666666667,24.023055555555555,24.290666666666667,23.80243055555556,22.811861111111117,23.310597222222224,23.159958333333336,23.120041666666665,23.483666666666664,20.567388888888885,22.057861111111112,22.481638888888888,21.622722222222222,22.20031944444444,22.490125,23.174444444444447,22.619153952843277,22.063069444444444,22.02784722222222,21.949625,25.470291666666668,21.78159722222222,22.722125,23.31370833333333,22.48045833333333,-1.0,22.92468055555556,23.08961111111111,24.997680555555554,26.50634722222222,23.61961111111111,25.933,23.66120833333333,23.22001388888889,23.559194444444444,22.535138888888888,22.707833333333333,22.111791666666665,23.42373611111111,23.91451388888889,24.289819444444444,23.186527777777776,23.80036111111111,26.75848611111111,25.459375,24.674847222222223
55,2013-08-25 22:00:00,456.9125,472.6166666666667,351.60555555555555,451.45,336.3180555555556,410.7861111111111,344.3847222222222,390.93194444444447,447.0236111111111,474.8902777777778,371.9125,350.72777777777776,325.8861111111111,415.8152777777778,454.5097222222222,425.4069444444444,307.2597222222222,350.9236111111111,315.2013888888889,358.10555555555555,439.0208333333333,429.7291666666667,386.09027777777777,237.2486111111111,272.87083333333334,427.14722222222224,348.3638888888889,410.93888888888887,464.2127351664255,462.65972222222223,-1.0,416.7944444444444,107.70833333333331,430.7166666666666,420.1402777777778,305.1791666666667,389.93888888888887,314.9166666666667,367.7638888888889,399.9041666666666,309.1875,324.12916666666666,371.8083333333333,185.07638888888889,372.0,322.57975034674064,517.1375,475.56388888888887,397.7416666666667,372.56666666666666,537.0361111111112,51.90602777777777,57.67681944444444,56.97511111111111,57.34341666666667,59.14556944444444,58.83325000000001,55.68316666666667,55.53595833333333,56.86529166666667,60.28708333333334,59.365833333333335,53.10641666666667,59.80866666666667,58.05973611111112,69.72311543810848,64.5222695035461,62.022333333333336,65.07772538141471,63.871625,61.73895833333333,59.307125000000006,60.34802777777778,64.63411111111112,63.520554785020806,62.532916666666665,63.37756944444444,65.34266666666667,61.83847434119279,58.966166666666666,63.138625,-1.0,60.26373611111111,59.05459722222222,54.501527777777774,49.31560332871013,56.99811111111111,52.138444444444445,57.912958333333336,57.83029166666666,57.99886111111111,57.523672316384186,56.45025,62.7815,57.93291666666666,55.48345833333333,54.01445214979195,59.420625,55.62695410292072,47.07927777777778,51.91016666666667,54.53280555555556,164.7111111111111,123.57916666666668,127.99861111111112,263.10555555555555,315.23055555555555,336.6902777777778,3.566666666666667,2.886111111111111,5.311111111111111,3.448611111111111,4.158333333333333,2.776388888888889,3.236111111111111,3.1819444444444445,4.043115438108484,3.575886524822695,324.6305555555556,342.6962552011096,17.252777777777776,3.455555555555556,3.216666666666667,3.504166666666667,3.488888888888889,2.791955617198336,4.669444444444444,6.470833333333333,186.61666666666667,485.94174757281553,531.4347222222223,132.03194444444443,-1.0,192.45277777777775,189.1611111111111,128.01944444444445,66.69486823855756,3.2333333333333334,169.99305555555554,2159.7986111111118,232.82638888888889,725.2597222222222,481.6779661016949,4.020833333333333,320.19166666666666,4.997222222222222,3.2291666666666665,164.62968099861305,8.759722222222223,3.243393602225313,5.355555555555555,13.488888888888887,107.15416666666668,0.0,0.0,0.0,0.0,0.0,0.0,0.0,0.0,0.0,0.0,0.0,0.0,0.0,0.0,0.0,0.0,0.0,0.0,0.0,0.0,0.0,0.0,0.0,0.0,0.0,0.0,0.0,0.0,0.0,0.0,0.0,0.0,0.0,0.0,0.0,0.0,0.0,0.0,0.0,0.0,0.0,0.0,0.0,0.0,0.0,4.376344086021505,0.0,0.0,0.0,0.0,0.0,23.846958333333337,23.822611111111108,24.110291666666665,81.71102777777779,23.63418055555556,23.74176388888889,23.992486111111116,24.264625,23.803236111111115,22.818513888888887,23.30309722222222,23.153333333333336,23.10545833333333,23.47201388888889,20.560904033379693,22.063716312056737,23.031513888888888,21.86158113730929,22.40140277777778,22.49993055555556,23.19697222222222,22.62363888888889,22.073944444444443,22.055131761442443,21.959722222222226,25.053666666666665,21.960291666666667,22.947101248266296,23.568458333333336,22.65805555555556,-1.0,22.65719444444445,22.694472222222224,25.03647222222222,26.590735090152563,23.755930555555555,25.906611111111108,23.92673611111111,23.525,23.762486111111112,22.854251412429377,22.728,22.298402777777778,23.45406944444445,23.94002777777778,25.07382801664355,23.113916666666668,23.947162726008344,26.87443055555556,25.46273611111111,24.97215277777778
56,2013-08-25 23:00:00,456.9291666666667,474.50416666666666,351.9277777777778,450.2458333333333,337.1,411.47083333333336,344.3861111111111,390.0500695410292,446.72777777777776,474.9958333333333,371.77222222222224,351.0541666666667,326.1763888888889,415.0,454.6847222222222,424.9263888888889,308.4458333333333,353.6236111111112,315.52777777777777,358.0444444444444,440.63055555555553,429.2206506364922,384.45416666666665,236.8583333333333,272.8611111111111,425.4111111111111,348.2638888888889,410.7361111111111,463.0138888888889,462.2638888888889,-1.0,417.3513888888889,108.34958217270194,428.1777777777778,417.9472222222222,339.42857142857144,388.2375,315.23055555555555,368.2583333333333,400.1736111111111,311.8097222222222,322.78303198887346,369.1958333333333,184.25277777777777,371.25138888888887,304.6777777777778,516.3069444444444,475.8597222222222,395.49305555555554,374.39722222222224,520.5763888888889,51.10480555555556,57.18785813630042,56.38188888888889,56.893097222222224,58.454625,58.42402777777778,55.71668055555556,55.52359722222222,56.812875,60.23679166666666,59.31166666666667,53.06156944444445,59.77566666666667,58.022333333333336,69.5423611111111,64.42311111111111,60.126375,63.93404166666667,63.05795833333334,61.61133333333333,59.22458333333333,60.24491666666666,64.51168055555556,63.36450000000001,62.39117812061711,63.69029166666667,64.62791666666666,61.19041666666666,58.36020833333333,62.35241666666666,-1.0,60.725201668984695,59.69210013908207,54.550763888888895,49.23405555555555,56.879666666666665,52.46819444444444,57.63111111111111,57.16901388888889,57.478,56.78747222222223,56.33659722222222,62.3085,57.826125000000005,55.42283333333334,52.058,59.95068055555555,55.367666666666665,46.85594444444444,52.17684722222222,54.02466666666667,139.2763888888889,126.79694019471488,104.73194444444444,255.38611111111112,269.99305555555554,294.25138888888887,3.575,2.9430555555555555,5.245833333333334,3.547222222222222,4.159722222222222,2.8069444444444445,3.3194444444444446,3.238888888888889,4.398611111111111,3.6319444444444446,347.06388888888887,375.8722222222222,14.615277777777775,3.4944444444444445,3.165277777777778,3.555555555555556,3.6347222222222224,2.830555555555556,4.50070126227209,6.359722222222223,173.26388888888889,412.3388888888889,459.1430555555556,119.775,-1.0,134.83866481223922,138.4547983310153,103.21111111111112,53.94444444444444,18.1875,119.79583333333332,2151.3527777777776,194.35694444444445,640.7527777777777,405.69305555555553,3.995833333333333,276.03194444444443,4.938888888888889,3.2777777777777777,188.2263888888889,7.104166666666667,3.225,5.413888888888889,9.581944444444444,81.1375,0.0,0.0,0.0,0.0,0.0,0.0,0.0,0.0,0.0,0.0,0.0,0.0,0.0,0.0,0.0,0.0,0.0,0.0,1.6821917808219178,0.0,0.0,0.0,0.0,0.0,0.0,1.2916666666666667,0.0,0.0,0.0,0.0,0.0,0.0,0.0,0.0,0.0,8.841075794621027,0.0,0.0,0.0,0.0,0.0,0.0,0.0,0.0,0.0,0.0,0.0,0.0,0.0,0.0,1.7506849315068491,24.18388888888889,24.00076495132128,24.2955,76.43981944444444,23.784875,23.84270833333333,23.96594444444444,24.256736111111117,23.80497222222222,22.80673611111111,23.297930555555556,23.14272222222222,23.099125,23.463500000000003,20.579541666666664,22.059013888888888,23.729097222222222,22.138125,22.571583333333333,22.503097222222223,23.208902777777777,22.62293055555556,22.074805555555557,22.061569444444444,21.972061711079945,24.879097222222224,22.07625,23.03356944444444,23.66759722222222,22.78313888888889,-1.0,22.446606397774687,22.430820584144644,24.845930555555555,26.39688888888889,23.874055555555557,25.55733333333333,23.88730555555556,23.693583333333336,23.846763888888887,23.015125,22.728791666666663,22.36290277777778,23.450222222222223,23.931375,25.706888888888887,22.786819444444443,23.9845,26.887444444444444,25.162180555555555,24.99395833333333
57,2013-08-26 00:00:00,460.1722222222222,473.45416666666665,350.3569444444444,449.05555555555554,338.19166666666666,407.4958333333333,343.12916666666666,389.57697642163663,444.6541666666666,472.4194444444444,370.5208333333333,348.3847222222222,324.9847222222222,412.0625869262865,453.3083333333333,422.7597222222222,312.1069444444444,351.9263888888889,463.0319444444444,355.0652777777778,446.4583333333333,426.4736111111111,383.5208333333333,235.9833333333333,271.71527777777777,422.00694444444446,346.4902777777778,410.6791666666667,463.47222222222223,459.9166666666667,-1.0,420.40972222222223,114.60555555555555,425.1902777777778,409.6722222222222,364.1736111111111,389.7652777777778,315.11944444444447,367.8375,398.15277777777777,311.65,321.1722222222222,367.81666666666666,183.34444444444443,369.1402777777778,299.9,522.6875,471.2861111111111,392.2263888888889,375.2944444444444,508.7611111111111,50.43356944444445,56.858,56.00320833333333,56.51929166666667,57.70303198887344,58.08761111111112,55.82830555555555,55.63,56.88656944444445,60.27875,59.38891666666666,53.13707350901526,59.83995833333333,58.10309722222222,69.70615277777777,64.55236111111111,57.526833333333336,62.81629166666667,62.57925,61.69491666666666,59.28177715091678,60.31458333333333,64.61747222222222,63.50729166666667,62.48579166666666,63.822402777777775,64.23706944444444,60.836875000000006,58.10265277777777,61.92875,-1.0,61.105210084033615,60.17770833333333,55.13444444444445,49.78681944444445,56.84101248266297,53.544847222222224,58.02872222222222,56.83631944444445,57.24636111111111,56.41093055555556,56.42729166666667,62.238,57.91279166666666,55.489861111111104,50.79702777777778,60.857875,55.407041666666665,46.92679166666667,52.968875,54.13872222222222,161.69583333333333,106.11805555555556,90.8013888888889,219.63888888888889,241.66203059805284,273.6333333333333,3.561111111111111,2.8805555555555555,5.3,3.348611111111111,4.094444444444444,2.7877947295423025,3.341666666666667,3.3847222222222224,5.855555555555555,4.3902777777777775,510.4888888888889,757.5833333333334,13.584722222222222,3.3944444444444444,3.2031029619181948,3.5097222222222224,3.475,2.8402777777777777,4.277777777777778,6.466666666666667,177.06527777777777,369.7680555555556,408.4125,102.92777777777778,-1.0,160.3249299719888,136.45555555555555,90.10555555555555,48.852777777777774,13.938973647711512,103.32222222222222,2158.580555555556,172.8875,574.7694444444444,419.7013888888889,4.001388888888889,248.26666666666668,4.963888888888889,3.268055555555556,230.2736111111111,15.01388888888889,3.188888888888889,5.381944444444445,9.884722222222225,61.84861111111111,0.0,0.0,0.0,0.0,0.0,0.0,0.0,0.0,0.0,0.0,0.0,0.0,0.0,0.0,0.0,0.0,0.0,0.0,12.588082901554404,0.0,0.0,0.0,0.0,0.0,0.0,0.0,0.0,0.0,0.0,0.0,0.0,0.0,0.0,0.0,0.0,4.189973614775726,0.0,0.0,0.0,0.0,0.0,0.0,0.0,0.0,0.0,1.371191135734072,3.81989247311828,0.0,0.0,0.0,1.703601108033241,24.53979166666667,24.18208333333333,24.476444444444446,78.148875,24.00001390820584,24.03076388888889,23.96230555555556,24.25411111111111,23.831375,22.83134722222222,23.3045,23.145783633841887,23.1,23.469194444444444,20.558708333333332,22.061569444444444,24.57858333333333,22.509777777777774,22.7255,22.518763888888888,23.230606488011283,22.639375,22.078055555555554,22.052125,21.97972222222222,24.79272222222222,22.201958333333334,23.126013888888888,23.77040277777777,22.89156944444445,-1.0,22.387016806722688,22.324,24.54659722222222,26.03118055555556,23.95514563106796,25.078027777777777,23.723736111111112,23.835375000000003,23.94913888888889,23.16768055555556,22.72848611111111,22.426069444444444,23.44780555555556,23.942569444444448,26.15348611111111,22.558347222222224,23.94656944444444,26.824027777777776,24.841944444444444,24.898138888888887
58,2013-08-26 01:00:00,463.7402777777778,471.9125,349.80694444444447,447.0777777777778,336.53472222222223,400.1055555555556,339.9638888888889,385.8722222222222,440.34583333333336,470.72777777777776,368.9375,346.2597222222222,322.02367688022287,409.30694444444447,447.8875,419.13194444444446,321.2527777777778,347.7402777777778,361.80027932960894,352.2888888888889,436.2375,424.2861111111111,380.16527777777776,233.72083333333333,268.93055555555554,419.0291666666666,344.2027777777778,406.99444444444447,459.3902777777778,455.4680555555556,-1.0,421.00138888888887,101.24861111111112,420.10833333333335,407.7027777777778,307.6898016997167,385.7416666666667,313.0527777777778,365.25138888888887,393.9041666666666,307.8597222222222,318.9055555555556,362.06388888888887,180.12222222222223,366.8,298.41805555555555,572.5902777777778,469.0541666666667,390.6833333333333,372.9069444444444,499.1541666666666,48.811083333333336,55.98652777777778,55.21122222222223,55.7595,56.54805555555556,56.88879166666667,55.60816666666666,55.38876388888888,56.44390277777778,59.814875,59.06013888888889,52.88384722222223,59.59365277777778,57.809263888888886,68.98206944444443,64.06075,54.035222222222224,60.74844444444444,61.641125,61.297625,59.042375,60.022125,64.24745833333333,63.172875000000005,62.16875,63.66741666666667,63.13454166666667,60.23072222222223,57.45155555555556,61.12725,-1.0,60.39483333333333,59.593944444444446,55.55130555555556,50.300240793201134,56.40719444444444,54.12444444444444,58.24704166666667,56.221,56.694541666666666,55.61768055555555,56.217041666666674,61.61679166666666,57.71213888888889,55.26568055555556,49.042736111111104,60.525194444444445,55.27170833333333,46.84351388888889,53.40134642356241,54.12283333333334,249.47083333333333,100.25416666666666,73.28333333333333,216.7263888888889,231.62777777777777,269.2472222222222,3.558333333333333,2.8152777777777778,5.595833333333333,3.3430555555555554,4.176388888888889,2.8291666666666666,3.3222222222222224,3.323611111111111,5.673611111111111,4.258333333333334,788.0527777777778,663.8069444444444,14.579166666666667,3.2805555555555554,2.9833333333333334,3.3027777777777776,3.501388888888889,2.591666666666667,3.7083333333333335,6.341666666666667,238.0055555555556,306.3847222222222,340.4111111111111,87.68333333333334,-1.0,110.75138888888888,38.3,21.247222222222224,11.987252124645892,3.1333333333333333,28.9,2159.9375,145.38611111111112,529.6819444444444,586.7736111111111,3.970833333333333,241.14166666666668,5.05,3.313888888888889,368.1958333333333,31.4875,4.755555555555556,5.479166666666667,8.043478260869565,53.25,0.0,0.0,0.0,0.0,0.0,0.0,0.0,0.0,0.0,0.0,0.0,0.0,0.0,0.0,0.0,0.0,0.0,0.0,0.0,0.0,0.0,0.0,0.0,0.0,0.0,0.0,0.0,0.0,0.0,0.0,0.0,0.0,0.0,0.0,0.0,0.0,0.0,0.0,0.0,0.0,0.0,0.0,0.0,0.0,0.0,0.0,9.878048780487806,0.0,0.0,0.0,0.0,25.085638888888887,24.46438888888889,24.658652777777775,79.10722222222222,24.228194444444444,24.32004166666667,23.963875,24.263333333333332,23.854138888888887,22.83725,23.30834722222222,23.14798611111111,23.09715277777778,23.46125,20.55425,22.041444444444444,25.586277777777777,22.946736111111115,22.973305555555555,22.515416666666667,23.21098611111111,22.62356944444444,22.071666666666665,22.032722222222223,21.96390277777778,24.731861111111108,22.37155555555556,23.14795833333333,23.85884722222222,22.98143055555556,-1.0,22.470680555555557,22.367569444444445,24.20186111111111,25.612039660056656,23.773666666666667,24.64405555555556,23.453166666666664,23.951194444444447,24.03383333333333,23.346,22.71195833333333,22.48976388888889,23.42055555555556,23.94043055555556,26.739347222222225,22.68715277777778,23.91552777777778,26.77070833333333,24.5309396914446,24.71845833333333
59,2013-08-26 02:00:00,463.975,472.99861111111113,349.2027777777778,444.3958333333333,337.3041666666667,401.7944444444444,339.0708333333333,383.99305555555554,441.4402777777778,469.9861111111111,366.8388888888889,344.40694444444443,320.1138888888889,409.5194444444445,450.02777777777777,420.43888888888887,323.2319444444444,349.0305555555556,321.6361111111111,352.34396671289875,427.76666666666665,423.3236111111111,380.0513888888889,233.96944444444443,268.2916666666667,418.03472222222223,345.1138888888889,406.80555555555554,457.7583333333333,456.15277777777777,-1.0,426.125,101.48472222222222,419.00416666666666,406.2416666666667,300.5472222222222,387.8430555555556,313.725,368.20665742024966,397.4791666666667,314.54027777777776,319.0180555555556,361.5263888888889,180.83055555555555,365.32916666666665,302.6513888888889,578.5694444444445,469.5963938973648,390.4611111111111,376.9875,502.4055555555556,47.84388888888888,55.09913888888889,54.52881944444445,54.938875,55.85694019471488,55.90793055555555,55.475625,55.23433333333333,56.23125,59.64376388888889,58.881125,52.73661111111111,59.452375,57.64245833333333,68.89319444444445,63.92333333333334,52.88236111111112,60.09183333333333,60.35102777777777,61.244666666666674,59.01913888888889,60.001916666666666,64.238,63.06879166666666,62.156375,63.43105409153953,62.28179166666666,59.79179166666666,56.843069444444446,60.46576388888889,-1.0,60.38886111111112,59.50708333333333,56.23543055555556,51.05381944444444,56.53865277777778,55.07222222222222,59.00919034090909,55.45115277777778,56.04595833333333,54.83638888888888,56.171125,61.105291666666666,57.68156944444444,55.197833333333335,48.19130555555555,60.32138888888889,55.12608333333333,46.797,54.12172222222223,54.56130555555556,47.35833333333333,53.21111111111111,29.00138888888889,115.34861111111113,105.28511821974963,130.7513888888889,3.408333333333333,2.9166666666666665,5.047222222222223,4.255555555555556,4.125,2.827777777777778,3.251388888888889,3.151388888888889,3.7263888888888888,3.275,263.45972222222224,246.98472222222225,9.865277777777775,3.3513888888888888,3.084722222222222,3.4916666666666667,3.4722222222222223,2.698611111111111,4.029166666666667,6.21497919556172,167.36388888888888,134.2486111111111,171.01111111111112,52.68611111111111,-1.0,12.206944444444444,10.031944444444443,8.9875,5.715277777777778,3.1777777777777776,9.88888888888889,2172.2741477272725,64.98333333333333,241.36666666666667,246.15694444444443,3.863888888888889,107.63055555555556,5.018055555555556,3.213888888888889,163.85,28.87361111111111,4.725,5.581944444444445,4.663888888888889,24.83888888888889,0.0,0.0,0.0,0.0,0.0,0.0,0.0,0.0,0.0,0.0,0.0,0.0,0.0,0.0,0.0,0.0,0.0,0.0,0.0,0.0,0.0,0.0,0.0,0.0,0.0,0.0,0.0,0.0,0.0,0.0,0.0,0.0,0.0,0.0,0.0,0.0,0.0,0.0,0.0,0.0,0.0,0.0,0.0,0.0,0.0,5.008152173913044,6.487738419618529,0.0,0.0,0.0,0.0,25.33084722222222,24.78633333333333,24.87747222222222,87.05402777777778,24.47122392211405,24.617708333333333,23.967916666666667,24.276958333333333,23.88308333333333,22.84409722222222,23.31844444444444,23.14725,23.099222222222224,23.459486111111115,20.57858333333333,22.055125,25.642736111111116,23.00851388888889,23.352666666666668,22.49713888888889,23.16320833333333,22.596708333333336,22.044472222222225,22.040791666666664,21.93756944444445,24.701666666666668,22.58145833333333,23.256972222222224,24.060194444444445,23.160569444444445,-1.0,22.46748611111111,22.415416666666665,23.884111111111118,25.223819444444448,23.623763888888888,24.210708333333333,23.17291193181818,24.236013888888888,24.271819444444443,23.61288888888889,22.72929166666667,22.657319444444447,23.423819444444447,23.95813888888889,26.837111111111117,22.748291666666667,23.95247222222222,26.772388888888887,24.23938888888889,24.47868055555556
60,2013-08-26 03:00:00,466.5819444444445,474.0986111111111,355.2680555555556,446.0097222222222,339.475,405.2402777777778,340.7263888888889,385.9402777777778,441.7236111111111,471.9138888888889,368.5763888888889,345.7527777777778,323.6722222222222,411.61805555555554,452.1511789181692,422.6986111111111,317.74305555555554,349.2861111111111,311.18888888888887,354.22083333333336,431.4138888888889,425.84722222222223,381.1680555555556,236.54861111111111,270.43055555555554,419.7680555555556,346.5472222222222,408.6277777777778,459.95416666666665,458.7763888888889,-1.0,428.2736111111111,109.41944444444444,420.9194444444444,410.34722222222223,302.33194444444445,393.1986111111111,312.8013888888889,364.68888888888887,398.2013888888889,312.2986111111111,321.00138888888887,364.93611111111113,182.27916666666667,367.675,386.36805555555554,548.9666666666667,472.5138888888889,393.0748959778086,377.3013888888889,504.1430555555556,47.93476388888889,55.26506944444444,54.66558333333334,54.96170833333333,56.02433333333333,56.20648611111111,55.46199140401146,55.20805555555556,56.165013888888886,59.47325,58.84779166666666,52.72713888888889,59.42570833333333,57.65029166666667,69.0424861111111,63.915333333333336,54.557472222222216,60.26583333333333,60.04441666666667,61.303625,58.99636111111111,60.052416666666666,64.33225,63.221875,62.263916666666674,63.349125,62.52275,60.00966666666667,57.26168055555555,60.42163888888889,-1.0,60.51534722222223,59.903000000000006,57.04911111111111,52.01669444444444,56.80083333333333,56.23086111111111,59.7895,55.696527777777774,56.59718055555556,55.214381084840056,56.116625,61.53533333333333,57.698972222222224,55.141875,49.76268055555556,60.28047222222222,55.090375,46.72387500000001,54.8335,55.153055555555554,3.904166666666667,17.405555555555555,3.55,24.929166666666667,17.352777777777778,27.7125,3.35243553008596,2.845833333333333,3.9305555555555554,3.216666666666667,4.084722222222222,2.8041666666666667,3.311111111111111,3.301388888888889,5.3277777777777775,4.173611111111111,3.395833333333333,3.938888888888889,3.547222222222222,3.4347222222222222,3.1791666666666667,3.547222222222222,3.5902777777777777,2.754166666666667,4.240277777777778,6.113888888888889,4.105555555555555,3.5680555555555555,3.2805555555555554,6.618055555555555,-1.0,4.027777777777778,3.794444444444444,4.631944444444445,3.2916666666666665,3.123611111111111,3.415277777777778,2161.643055555556,4.168055555555555,3.6666666666666665,3.6828929068150207,3.738888888888889,2.9347222222222222,4.777777777777778,3.202777777777778,8.508333333333333,27.3625,3.243055555555556,5.277777777777778,3.6375,4.733333333333333,0.0,0.0,0.0,0.0,0.0,0.0,0.0,0.0,0.0,0.0,0.0,0.0,0.0,0.0,0.0,0.0,0.0,0.0,0.0,0.0,0.0,0.0,0.0,0.0,0.0,0.0,0.0,0.0,0.0,0.0,0.0,0.0,0.0,0.0,0.0,0.0,0.0,0.0,0.0,0.0,0.0,0.0,0.0,0.0,0.0,1.771978021978022,10.102094240837696,0.0,0.0,0.0,0.0,25.18325,24.55120833333333,24.71761111111111,94.60195833333334,24.20705555555556,24.36898611111111,23.985401146131807,24.29909722222222,23.92051388888889,22.90776388888889,23.338805555555552,23.1585,23.107222222222223,23.46522222222222,20.553291666666667,22.078875,24.71875,22.816875000000003,23.227125,22.502972222222223,23.185694444444444,22.60593055555556,22.043916666666664,22.019625,21.92377777777778,24.6748959778086,22.33736111111111,23.04761111111111,23.806444444444445,23.07661111111111,-1.0,22.46558333333333,22.32175,23.58393055555556,24.827291666666667,23.505458333333333,23.79513888888889,22.93425,23.943402777777777,23.88361111111111,23.28303198887344,22.77434722222222,22.43576388888889,23.444291666666665,24.00156944444445,26.263819444444444,22.745166666666663,23.97797222222222,26.806986111111108,24.010902777777776,24.23731944444444
61,2013-08-26 04:00:00,461.0361111111111,468.975,351.2055555555556,442.7680555555556,333.2236111111111,403.3041666666667,339.4277777777778,384.1736111111111,440.3305555555556,469.56666666666666,367.6333333333333,345.2236111111111,319.995839112344,409.75416666666666,448.0597222222222,418.54027777777776,306.5097222222222,344.1694444444444,307.8666666666667,352.3041666666667,434.09722222222223,422.3097222222222,378.4513888888889,235.3083333333333,267.53472222222223,416.5472222222222,341.55833333333334,409.00694444444446,457.1736111111111,453.2767732962448,-1.0,421.39722222222224,103.59722222222224,415.3666666666667,408.1722222222222,318.7416666666667,391.55555555555554,309.0263888888889,359.8361111111111,392.625,303.4402777777778,318.1816901408451,363.5097222222222,180.21944444444443,364.6041666666667,307.6722222222222,499.3027777777778,468.1041666666667,391.9625,374.16527777777776,501.9236111111111,48.04326388888889,55.37833333333334,54.98461111111111,55.29788888888889,56.28508333333333,56.61770833333333,55.32493741307371,55.03036111111111,55.88026388888889,59.142375,58.64041666666667,52.56390277777778,59.2655,57.48716666666667,68.69941666666666,63.59661111111111,56.40598611111111,60.53037500000001,60.75559722222222,61.05354166666666,58.71875,59.85391666666666,64.10591666666667,63.010666666666665,62.095375,63.06316666666668,62.95316666666667,60.25675,57.73184722222222,60.573356449375865,-1.0,60.16958333333333,59.80108333333333,57.643097222222224,52.66204166666667,56.96963888888889,57.01654166666667,60.34301388888889,56.42704166666667,57.57005555555556,56.09148611111112,55.93120833333334,62.11591666666666,57.53508333333333,54.96963888888889,50.73697222222223,60.411319444444445,55.00018030513176,46.60651388888889,55.26631944444444,55.525916666666674,3.841666666666667,17.45138888888889,3.522222222222222,25.0125,17.679166666666667,27.42083333333333,3.3949930458970794,2.918055555555556,3.920833333333333,3.2402777777777776,4.1194444444444445,2.7527777777777778,3.1819444444444445,3.325,5.8375,4.3694444444444445,3.188888888888889,3.820833333333333,3.576388888888889,3.386111111111111,3.1083333333333334,3.4972222222222222,3.4791666666666665,2.6013888888888888,4.0,6.095833333333333,4.051388888888889,3.563888888888889,3.188888888888889,6.574202496532593,-1.0,4.005555555555556,3.754166666666667,4.586111111111111,3.2222222222222223,12.470833333333331,3.311111111111111,2154.6027777777776,4.148611111111111,3.6013888888888888,3.5388888888888888,3.7569444444444446,2.925,4.802777777777778,3.063888888888889,4.290277777777778,5.384722222222222,3.073509015256588,5.35,3.669444444444444,4.141666666666667,0.0,0.0,0.0,0.0,0.0,0.0,0.0,0.0,0.0,0.0,0.0,0.0,0.0,0.0,0.0,0.0,0.0,0.0,0.0,0.0,0.0,0.0,0.0,0.0,0.0,0.0,0.0,0.0,0.0,0.0,0.0,0.0,0.0,0.0,0.0,3.3058510638297878,0.0,0.0,0.0,0.0,0.0,0.0,0.0,0.0,0.0,0.0,0.0,0.0,0.0,0.0,0.0,24.918666666666663,24.326208333333334,24.437236111111112,150.60841666666667,23.86115277777777,24.053916666666662,23.9732545201669,24.30208333333333,23.92758333333333,22.92166666666667,23.340847222222223,23.15673611111111,23.104333333333333,23.45645833333333,20.53548611111111,22.081777777777777,23.85025,22.518,22.872597222222225,22.508347222222223,23.202527777777775,22.60833333333333,22.042277777777777,22.012847222222224,21.91229166666667,24.64023611111111,21.989819444444443,22.75173611111111,23.43161111111111,22.8224826629681,-1.0,22.496430555555555,22.283541666666665,23.30993055555556,24.50326388888889,23.39356944444444,23.44405555555556,22.650319444444445,23.509541666666664,23.351180555555555,22.790791666666664,22.76731944444445,22.097916666666663,23.434541666666664,23.995902777777776,25.382430555555555,22.445194444444446,23.92647711511789,26.748930555555557,23.778569444444443,23.986194444444447
62,2013-08-26 05:00:00,455.20665742024966,465.2841225626741,350.1152777777778,445.59722222222223,333.46944444444443,403.2638888888889,338.9486111111111,382.9972222222222,440.00694444444446,468.20972222222224,366.7388888888889,344.00416666666666,320.62638888888887,410.4194444444444,448.36805555555554,418.8847222222222,299.9888888888889,344.4625,306.5888888888889,351.89166666666665,433.5194444444445,422.5986111111111,379.05,236.07222222222225,266.6347222222222,416.9041666666666,342.1791666666667,408.9291666666667,455.6152777777778,456.00416666666666,-1.0,422.59722222222223,100.42777777777778,415.50694444444446,411.90833333333336,315.24305555555554,392.3708333333333,312.8736111111112,361.0097222222222,392.8888888888889,304.5541666666667,317.84444444444443,367.9888888888889,179.4375,365.03472222222223,300.46666666666664,493.1666666666667,466.1847222222222,390.5722222222222,373.3208333333333,497.24444444444447,48.254375,55.3905,55.205666666666666,55.57729166666667,56.48045833333333,56.91038888888888,55.16163888888889,54.84286111111111,55.57401388888889,58.80375,58.37472222222223,52.37048611111111,59.0644645340751,57.244666666666674,68.170875,63.184625,57.56022222222222,60.86441666666666,60.91558333333334,60.777375,58.41008333333333,59.617333333333335,63.82297222222223,62.74191666666667,61.86237499999999,62.72133333333333,63.32779166666667,60.42466666666667,58.149458333333335,60.73333333333333,-1.0,60.02975,59.54355555555556,58.07641666666666,53.157777777777774,56.900444444444446,57.64470833333333,60.67175,57.02893055555556,58.31084722222222,56.967666666666666,55.74322222222223,62.56516666666666,57.32363888888889,54.79444444444445,52.00797222222222,60.99870833333333,54.96704166666666,46.61441666666666,55.69795833333333,55.88897222222222,3.9347222222222222,17.477777777777778,3.451388888888889,24.98611111111111,18.191666666666663,27.565277777777776,3.370833333333333,2.863888888888889,3.956944444444445,3.2875,4.065277777777778,2.813888888888889,3.286509040333797,3.1930555555555555,4.331944444444445,3.5902777777777777,3.313888888888889,3.888888888888889,3.5541666666666667,3.455555555555556,3.113888888888889,3.531944444444445,3.498611111111111,2.7888888888888888,4.251388888888889,6.109722222222223,4.1625,3.5277777777777777,3.0791666666666666,6.636111111111111,-1.0,4.022222222222222,3.734722222222222,4.575,3.338888888888889,3.1125,3.408333333333333,2179.748611111111,4.213888888888889,3.558333333333333,3.676388888888889,3.683333333333333,3.025,4.926388888888889,3.2222222222222223,15.065277777777778,4.873611111111111,4.586111111111111,5.502777777777778,3.693055555555556,7.6375,0.0,0.0,0.0,0.0,0.0,0.0,0.0,0.0,0.0,0.0,0.0,0.0,0.0,0.0,0.0,0.0,0.0,0.0,0.0,0.0,0.0,0.0,0.0,0.0,0.0,0.0,0.0,0.0,0.0,0.0,0.0,0.0,0.0,0.0,0.0,0.0,0.0,0.0,0.0,0.0,0.0,0.0,0.0,0.0,0.0,0.0,0.0,0.0,0.0,0.0,0.0,24.639680555555557,24.12848611111111,24.20498611111111,78.66622222222222,23.62626388888889,23.801069444444444,23.950097222222222,24.283291666666667,23.918166666666668,22.919791666666665,23.333277777777777,23.141541666666665,23.09500695410292,23.45405555555556,20.547083333333333,22.085930555555557,23.31327777777778,22.220819444444444,22.77469444444444,22.491208333333333,23.189541666666667,22.58961111111111,22.035875,21.99376388888889,21.89570833333333,24.60318055555556,21.69661111111111,22.50611111111111,23.104569444444447,22.59223611111111,-1.0,22.43425,22.27415277777778,23.078361111111107,24.22427777777778,23.33063888888889,23.148069444444445,22.42923611111111,23.161125,22.98220833333333,22.32998611111111,22.743319444444445,21.842680555555557,23.41048611111111,23.96690277777778,24.679250000000003,22.08084722222222,23.817402777777776,26.611819444444443,23.52583333333333,23.751069444444447
63,2013-08-26 06:00:00,451.2472222222222,465.15625,346.9736111111111,443.4263888888889,325.10555555555555,400.25,337.21944444444443,383.18888888888887,438.62638888888887,467.1055555555556,365.6,342.3333333333333,319.5777777777778,406.84722222222223,446.9402777777778,417.2791666666666,297.6,338.56666666666666,305.6958333333333,351.0472222222222,427.0722222222222,420.2319444444444,377.72777777777776,234.65,265.5305555555556,414.4236111111111,342.4638888888889,406.18194444444447,453.44444444444446,454.8541666666667,-1.0,419.2625,99.52222222222224,415.68888888888887,409.18194444444447,302.55555555555554,389.04583333333335,313.3638888888889,357.1791666666667,390.3986111111111,299.0527777777778,314.9013888888889,368.1388888888889,179.23611111111111,363.025,298.6736111111111,484.69444444444446,464.2319444444444,387.12361111111113,371.97777777777776,496.3541666666667,48.23815277777778,55.33805555555556,55.27775,55.663041666666665,56.42508333333333,56.9725,54.90915277777777,54.57808333333333,55.120861111111104,58.318305555555554,57.996,52.04169444444444,58.75383333333333,56.88898611111111,67.4731388888889,62.66791666666667,58.187625,60.97229166666667,60.82016666666667,60.30555555555556,57.95894444444445,59.23675,63.40054166666667,62.3425,61.475458333333336,62.098333333333336,63.42875,60.553250000000006,58.32966666666667,60.761291666666665,-1.0,59.83070833333333,59.18586111111111,58.23875,53.373375,56.77850000000001,57.79658333333334,60.685,57.32791666666667,58.65395833333333,57.82761111111111,55.462777777777774,62.64054166666667,56.99861111111111,54.48893055555556,52.85330555555555,61.232875,54.86051388888889,46.50268055555556,55.83795833333333,55.89006944444444,3.826388888888889,17.440277777777776,3.4611111111111112,25.02638888888889,18.18611111111111,27.636111111111116,3.3847222222222224,2.8986111111111112,3.943055555555556,3.208333333333333,4.116666666666666,2.7916666666666665,3.238888888888889,3.248611111111111,4.395833333333333,3.7625,4.025,3.806944444444445,3.6458333333333335,3.323611111111111,3.161111111111111,3.558333333333333,3.522222222222222,2.727777777777778,4.297222222222223,6.127777777777778,4.088888888888889,3.4902777777777776,3.1875,6.5777777777777775,-1.0,4.075,3.7569444444444446,4.526388888888889,3.263888888888889,3.129166666666667,3.313888888888889,2184.705555555556,4.138888888888889,3.619444444444445,3.730555555555556,3.783333333333333,3.055555555555556,4.8694444444444445,3.202777777777778,5.586111111111111,4.8375,4.7027777777777775,5.397222222222222,3.720833333333333,7.7972222222222225,0.0,0.0,0.0,0.0,0.0,0.0,0.0,0.0,0.0,0.0,0.0,0.0,0.0,0.0,0.0,0.0,0.0,0.0,0.0,0.0,0.0,0.0,0.0,0.0,0.0,0.0,0.0,0.0,0.0,0.0,0.0,0.0,0.0,0.0,0.0,0.0,0.0,0.0,0.0,0.0,0.0,0.0,0.0,0.0,0.0,0.0,0.0,0.0,0.0,0.0,0.0,24.419166666666666,23.944416666666665,23.993583333333333,62.26204166666666,23.42448611111111,23.581111111111117,23.903513888888888,24.245416666666667,23.912847222222226,22.908708333333333,23.316472222222224,23.12454166666667,23.07645833333333,23.428361111111112,20.54311111111111,22.056708333333333,22.91461111111111,21.960625,22.58465277777778,22.486361111111112,23.18688888888889,22.56951388888889,22.017333333333333,21.970069444444444,21.87033333333333,24.547638888888887,21.459791666666664,22.260236111111112,22.84158333333333,22.36125,-1.0,22.34158333333333,22.23588888888889,22.885777777777776,24.00843055555556,23.194277777777778,22.953666666666667,22.252416666666665,22.884375,22.702902777777776,21.850402777777777,22.70748611111111,21.662069444444445,23.38031944444444,23.938819444444444,24.184597222222223,21.849694444444445,23.71133333333333,26.51513888888889,23.331138888888887,23.63186111111111
64,2013-08-26 07:00:00,446.4513888888889,462.2944444444444,343.54305555555555,439.9222222222222,323.125,398.71527777777777,335.92011412268187,380.7111111111111,436.34583333333336,465.31388888888887,363.41527777777776,340.40277777777777,318.0625,404.8444444444444,443.825,415.25138888888887,296.66805555555555,337.49444444444447,304.9013888888889,348.8430555555556,420.3638888888889,419.1777777777778,376.475,233.11527777777775,264.0236111111111,412.3847222222222,343.3,402.95,451.7694444444445,453.408077994429,-1.0,416.64722222222224,95.02361111111112,413.6013888888889,406.4958333333333,299.97222222222223,386.13194444444446,311.62083333333334,355.2680555555556,389.2583333333333,293.9166666666667,314.13194444444446,370.68055555555554,176.98194444444445,362.3847222222222,297.28472222222223,497.5944444444444,463.18611111111113,381.89722222222224,371.6222222222222,493.24444444444447,48.02061111111112,55.12478873239437,55.120666666666665,55.49269444444444,56.14736111111111,56.70119444444445,54.499805555555554,54.17198611111111,54.51908333333333,57.63790277777778,57.42669444444444,51.584069444444445,58.28588888888888,56.35070833333334,66.42343532684284,61.97529166666666,58.27041666666666,60.75041666666667,60.51975,59.5885,57.27093055555555,58.603,62.70645833333334,61.58929166666667,60.87875,61.43241666666666,63.13004166666666,60.34795833333333,58.215500000000006,60.571708333333326,-1.0,59.396027777777775,58.70752777777778,58.11052777777778,53.28938888888889,56.46736111111111,57.70291666666667,60.314027777777774,57.31824684431978,58.61826388888889,58.27540277777778,54.97541666666667,62.23608333333334,56.474291666666666,54.0368951048951,53.24480555555556,61.10424999999999,54.597388888888894,46.232125,55.61951388888888,55.61965277777778,3.820833333333333,17.519718309859154,3.4875,25.03333333333333,18.24861111111111,27.558333333333334,3.393055555555556,2.852777777777778,3.808333333333333,3.2555555555555555,4.052777777777778,2.776388888888889,3.301388888888889,3.270833333333333,5.86509040333797,4.365277777777778,3.831944444444445,3.7472222222222222,3.6319444444444446,3.3652777777777776,2.9902777777777776,3.406944444444445,3.3569444444444443,2.6319444444444446,3.8055555555555554,6.158333333333333,4.161111111111111,3.576388888888889,3.1625,6.497222222222222,-1.0,3.998611111111111,3.797222222222222,4.680555555555555,3.334722222222222,3.1638888888888888,3.401388888888889,2178.9319444444445,4.11921458625526,3.5375,3.577777777777778,3.7222222222222223,3.051388888888889,4.823611111111111,3.155244755244756,4.673611111111111,13.7875,3.466666666666667,5.338888888888889,3.605555555555556,5.298611111111111,0.0,0.0,0.0,0.0,0.0,0.0,0.0,0.0,0.0,0.0,0.0,0.0,0.0,0.0,0.0,0.0,0.0,0.0,0.0,0.0,0.0,0.0,0.0,0.0,0.0,0.0,0.0,0.0,0.0,0.0,0.0,0.0,0.0,0.0,0.0,0.0,0.0,0.0,0.0,0.0,0.0,0.0,0.0,0.0,0.0,0.0,1.8442622950819672,0.0,0.0,0.0,0.0,24.19490277777778,23.763943661971837,23.811430555555557,60.54975,23.282041666666665,23.40833333333333,23.8585,24.20005555555556,23.87636111111111,22.8815,23.295430555555555,23.09938888888889,23.05773611111111,23.40958333333333,20.56201668984701,22.008944444444445,22.623125,21.732875,22.378041666666668,22.47925,23.182916666666667,22.566875,22.002736111111112,21.98252777777778,21.85165277777778,24.491291666666665,21.277652777777774,22.06395833333333,22.629069444444443,22.142625,-1.0,22.24986111111111,22.164041666666662,22.71536111111111,23.82780555555556,23.076,22.74815277777778,22.108944444444447,22.663001402524543,22.483083333333333,21.49745833333333,22.680805555555555,21.54870833333333,23.356041666666663,23.906335664335664,23.834875,21.727347222222225,23.607291666666665,26.430319444444446,23.179694444444447,23.509
65,2013-08-26 08:00:00,447.4186369958275,461.0541666666667,343.2583333333333,439.743411927878,321.35555555555555,397.55555555555554,336.0458333333333,381.06944444444446,436.8388888888889,463.95972222222224,362.14166666666665,340.9819444444444,317.4263888888889,404.6388888888889,446.09027777777777,414.7388888888889,296.9916666666667,341.4375,305.90972222222223,348.8195804195804,420.76666666666665,420.4,377.31944444444446,234.81944444444449,264.58194444444445,411.85833333333335,346.66805555555555,404.0534458509142,450.3263888888889,450.1625,-1.0,416.5208333333333,93.91944444444444,413.97222222222223,403.0944444444444,301.2083333333333,386.5430555555556,313.2111111111111,356.1861111111112,388.1791666666667,293.14722222222224,312.55555555555554,377.1041666666667,176.91805555555555,361.1625,298.9263888888889,539.1694444444445,466.9847222222222,382.4013888888889,371.8625,492.92083333333335,48.28636111111111,55.13454166666667,55.16604166666667,55.526513888888886,56.194541666666666,56.805166666666665,54.291222222222224,53.95888888888889,54.33713888888889,57.38336111111111,57.123666666666665,51.31369958275383,58.02158333333333,56.041138888888895,66.26970833333334,61.754375,58.717333333333336,61.073125000000005,60.604958333333336,59.355625,56.97181944444444,58.29773611111112,62.46104166666666,61.42783333333333,60.66725,60.81470833333333,63.30725,60.484722222222224,58.42138888888889,60.75620833333333,-1.0,59.29375,58.59022222222222,58.26188888888888,53.49411111111112,56.39731944444444,57.98208333333333,60.494708333333335,57.551875,58.89575000000001,58.700291666666665,54.78637500000001,62.315583333333336,56.23091666666667,53.81722222222223,53.84175,60.76183333333333,54.5229861111111,46.05523611111112,55.73479166666666,55.684875,3.8847222222222224,17.37638888888889,3.493055555555556,25.07638888888889,18.12638888888889,27.648611111111112,3.4763888888888888,2.879166666666667,3.8652777777777776,3.265277777777778,4.047222222222223,2.769123783031989,3.245833333333333,3.2916666666666665,5.148611111111111,3.9916666666666663,3.8,3.783333333333333,3.290277777777778,3.2944444444444443,2.908333333333333,3.3430555555555554,3.375,2.5972222222222223,3.730555555555556,6.15,4.025,3.5625,3.2694444444444444,6.580555555555556,-1.0,4.036111111111111,3.875,4.4944444444444445,3.348611111111111,3.1013888888888888,3.4791666666666665,2213.222222222222,4.198611111111111,3.5791666666666666,3.5819444444444444,3.7263888888888888,2.9722222222222223,4.844444444444444,3.2152777777777777,5.568055555555556,28.40138888888889,4.636111111111111,5.547222222222223,3.7736111111111112,7.913888888888889,0.0,0.0,0.0,0.0,0.0,0.0,0.0,0.0,0.0,0.0,0.0,0.0,0.0,0.0,0.3157894736842105,0.0,0.0,0.0,0.0,0.0,0.0,0.0,0.0,0.0,0.0,0.0,0.0,0.0,0.0,0.0,0.0,0.0,0.0,0.0,0.0,0.0,0.0,0.0,0.0,0.0,0.0,0.0,0.0,0.0,0.0,0.0,1.2916666666666667,0.0,0.0,0.0,0.0,23.99158333333333,23.60551388888889,23.668847222222222,46.52013888888889,23.13323611111111,23.28056944444444,23.817680555555555,24.165847222222222,23.829569444444445,22.86051388888889,23.27451388888889,23.08606397774687,23.030194444444447,23.400791666666667,20.55373611111111,21.99783333333333,22.408305555555557,21.552958333333333,22.20934722222222,22.45048611111111,23.142569444444447,22.57645833333333,21.979305555555555,21.937722222222224,21.824388888888887,24.45226388888889,21.159791666666667,21.915333333333333,22.474486111111112,21.973861111111116,-1.0,22.175430555555558,22.098916666666664,22.581180555555555,23.665277777777774,22.98725,22.59381944444444,21.99509722222222,22.488041666666668,22.306416666666667,21.30776388888889,22.655041666666666,21.49502777777778,23.33145833333333,23.87913888888889,23.565736111111114,22.055166666666665,23.525347222222223,26.395375,23.069194444444445,23.390916666666666
66,2013-08-26 09:00:00,447.9763888888889,463.5625,344.0986111111111,440.3958333333333,323.1111111111111,399.4791666666667,336.7027777777778,381.1958333333333,438.46527777777777,465.7388888888889,365.4902777777778,341.81944444444446,318.56944444444446,407.3708333333333,446.75,418.1847222222222,296.93888888888887,344.2680555555556,305.6388888888889,349.86944444444447,422.2291666666667,421.11805555555554,377.7625,235.64027777777775,266.5458333333333,413.3980582524272,350.85555555555555,406.1763888888889,450.5138888888889,449.9111111111111,197.25787965616047,417.5736111111111,96.80972222222222,417.1166666666667,405.3027777777778,304.0152777777778,387.6361111111111,315.3888888888889,356.15694444444443,389.26666666666665,294.3805555555556,314.7763888888889,377.9180555555556,178.50972222222222,363.1458333333333,298.7916666666667,519.6347222222222,466.29583333333335,383.09722222222223,373.1694444444444,493.81944444444446,48.52098611111112,55.18825,55.228638888888895,55.591625,56.24029166666667,56.905166666666666,54.14158333333334,53.79670833333333,54.14568055555556,57.17729166666667,56.88454166666666,51.10729166666667,57.804,55.80184722222222,66.07833333333333,61.53808333333333,59.11434722222222,61.28716101694915,60.62270833333333,59.185833333333335,56.757444444444445,58.040083333333335,62.254583333333336,61.193958333333335,60.49363888888889,60.20088888888889,63.370333333333335,60.569375,58.5585,60.89758333333334,29.095260492040524,59.28605006954103,58.54322222222223,58.39179166666667,53.657583333333335,56.34255555555556,58.190013888888885,60.592638888888885,57.74684722222223,59.09862690707351,58.994277777777775,54.63147222222223,62.177875,56.03865277777778,53.62230555555555,54.32448611111111,59.81340277777778,54.32245833333333,45.87688888888889,55.778875,55.72568055555556,3.719444444444445,17.443055555555556,3.4291666666666667,25.066666666666663,18.198611111111116,27.58333333333333,3.4458333333333333,2.8652777777777776,3.941666666666667,3.3069444444444445,4.055555555555555,2.772222222222222,3.2555555555555555,3.091666666666667,3.725,3.3152777777777778,3.7888888888888888,3.731638418079096,3.5,3.345833333333333,3.026388888888889,3.327777777777778,3.422222222222222,2.573611111111111,3.665277777777778,6.130555555555556,4.0777777777777775,3.5069444444444446,3.1527777777777777,6.630555555555556,1.531837916063676,3.9902642559109873,3.676388888888889,4.447222222222222,3.2666666666666666,3.020833333333333,3.397222222222222,2175.476388888889,4.166666666666667,3.5825242718446604,3.5902777777777777,3.8541666666666665,3.063888888888889,4.913888888888889,3.1416666666666666,5.590277777777778,21.604166666666668,4.5625,5.433333333333334,3.658333333333333,7.65,0.0,0.0,0.0,0.0,0.0,0.0,0.0,0.0,0.0,0.0,0.0,0.0,0.0,0.0,0.975,0.0,0.0,0.0,0.0,0.0,0.0,0.0,0.0,0.0,0.0,0.0,0.0,0.0,0.0,0.0,-0.5,0.0,0.0,0.0,0.0,0.0,0.0,0.0,0.0,0.0,0.0,0.0,0.0,0.0,0.0,0.0,2.073170731707317,0.0,0.0,0.0,0.0,23.80444444444445,23.46690277777778,23.54022222222222,74.97122222222222,23.029541666666667,23.15711111111111,23.779680555555554,24.13083333333333,23.800916666666662,22.83680555555556,23.25813888888889,23.067680555555555,23.010597222222223,23.38658333333333,20.528652777777776,21.978597222222223,22.192416666666663,21.393757062146893,22.057666666666663,22.405166666666663,23.09563888888889,22.56501388888889,21.95383333333333,21.921388888888888,21.785708333333336,24.419583333333332,21.04986111111111,21.79158333333333,22.336125,21.826541666666667,10.47022431259045,22.076272600834493,22.016180555555557,22.46320833333333,23.529138888888887,22.91036111111111,22.45713888888889,21.880277777777778,22.342805555555557,22.167031900138696,21.149361111111112,22.62315277777778,21.46180555555556,23.307916666666667,23.86176388888889,23.347111111111115,22.12881944444445,23.530402777777777,26.37822222222222,22.99177777777778,23.30048611111111
67,2013-08-26 10:00:00,444.1388888888889,461.4583333333333,342.6638888888889,438.1,320.7361111111111,394.9958333333333,336.8361111111111,379.91527777777776,435.3319444444445,464.5833333333333,363.1680555555556,340.63194444444446,318.36805555555554,405.0097222222222,444.4736111111111,414.4569444444445,292.30833333333334,341.19444444444446,302.7319444444444,349.1513888888889,418.3375,420.12361111111113,376.1111111111111,235.75,264.85555555555555,412.6486111111111,346.3305555555556,402.8083333333333,448.3708333333333,445.0527777777778,395.51575931232094,417.6097222222222,94.94583333333334,414.7291666666667,402.3569444444444,301.9611111111111,386.4493758668516,313.47083333333336,354.0263888888889,385.525,291.59583333333336,313.5263888888889,376.06666666666666,177.24444444444444,361.9375,296.1736111111111,482.1486111111111,461.2916666666667,379.7472222222222,371.1513888888889,489.6041666666667,48.87755555555556,55.295750000000005,55.34555555555556,55.72197222222222,56.327527777777775,57.10461002785515,54.0485,53.70993055555556,54.080152777777776,57.11291666666667,56.74445833333333,50.97434722222222,57.64759722222222,55.654875,66.01131944444445,61.42404166666666,59.544694444444445,61.62695833333334,60.74770833333333,59.16741666666667,56.67851388888889,57.91095833333333,62.16283333333333,61.128166666666665,60.44277777777777,59.685638888888896,63.57472222222223,60.73595833333333,58.810375,61.12125,59.19052098408105,59.42808333333333,58.603625,58.59542302357836,53.864125,56.35430362116992,58.48894444444444,60.813125,57.98052777777777,59.33470833333333,59.31058333333333,54.54958333333333,62.23566666666667,55.922,53.50583333333333,54.80033333333333,60.35122222222222,54.08806944444445,45.76716666666667,55.89570833333333,55.84563888888889,3.7597222222222224,17.456944444444446,3.3833333333333333,25.04722222222222,18.15972222222222,27.629526462395543,3.4472222222222224,2.8513888888888888,3.8958333333333335,3.2805555555555554,4.081944444444445,2.7569444444444446,3.243055555555556,3.1819444444444445,3.751388888888889,3.254166666666667,3.806944444444445,3.763888888888889,3.448611111111111,3.3,2.993055555555556,3.3208333333333333,3.423611111111111,2.580555555555556,3.7375,6.166666666666667,4.115277777777778,3.555555555555556,3.175,6.605555555555555,4.063675832127352,4.013888888888889,3.713888888888889,4.5325936199722605,3.2805555555555554,3.1727019498607243,3.3319444444444444,2190.6847222222223,4.166666666666667,3.6791666666666663,3.6319444444444446,3.790277777777778,2.9097222222222223,4.9375,3.251388888888889,5.977777777777778,3.7222222222222223,4.7,5.434722222222222,3.7625,7.820833333333334,0.0,0.0,0.0,0.0,0.0,0.0,0.0,0.0,0.0,0.0,0.0,0.0,0.0,0.0,0.0,0.0,0.0,0.0,0.0,0.0,0.0,0.0,0.0,0.0,0.0,0.0,0.0,0.0,0.0,-1.0,-1.0,0.0,0.0,0.0,0.0,0.0,0.0,0.0,0.0,0.0,0.0,0.0,0.0,0.0,0.0,0.0,0.0,0.0,0.0,0.0,0.0,23.62865277777778,23.342041666666667,23.433375,55.552027777777774,22.947416666666665,23.04869080779944,23.750569444444444,24.101222222222223,23.76763888888889,22.80575,23.246,23.051819444444448,22.998222222222225,23.371486111111118,20.541277777777776,21.97298611111111,22.03875,21.261666666666667,21.93572222222222,22.359944444444444,23.046972222222223,22.552333333333333,21.93059722222222,21.89275,21.752416666666665,24.389805555555554,20.956722222222226,21.689194444444443,22.20883333333333,21.701569444444445,21.9404486251809,21.974222222222224,21.94677777777778,22.35701803051317,23.41775,22.847506963788295,22.342444444444443,21.778805555555557,22.226819444444445,22.053611111111117,21.028194444444445,22.60472222222222,21.40652777777778,23.295041666666663,23.852097222222223,23.166194444444443,21.721805555555555,23.534916666666668,26.32551388888889,22.91026388888889,23.21586111111111
68,2013-08-26 11:00:00,442.3777777777778,460.74861111111113,340.64166666666665,438.9,320.22222222222223,396.8513888888889,335.7625,379.2736111111111,437.4277777777778,464.18611111111113,362.42083333333335,341.3875,318.1388888888889,405.2361111111111,443.56666666666666,413.3222222222222,291.18888888888887,340.2013888888889,299.5861111111111,349.6236111111112,416.675,418.0819444444445,375.4847222222222,234.53194444444443,264.325,412.44444444444446,346.9916666666667,400.72083333333336,449.7180555555556,443.57162726008346,395.7472222222222,416.2916666666667,92.30277777777778,412.5083333333333,403.8722222222222,301.3180555555556,385.6097222222222,314.6509040333797,353.8027777777778,386.14166666666665,289.2736111111111,313.0513888888889,376.2680555555556,177.5638888888889,361.23333333333335,295.34027777777777,480.475,457.575,378.14166666666665,372.0319444444444,483.7402777777778,49.08576388888889,55.38008333333334,55.398125,55.80357836338418,56.432208333333335,57.16639275766017,53.92697222222222,53.587899860917936,53.92038834951456,57.036402777777774,56.56829166666667,50.82298611111111,57.489125,55.49479166666666,65.72344444444444,61.26208333333333,59.74909722222222,61.70458333333334,60.697625,59.004597222222216,56.58502777777778,57.757777777777775,61.99629166666667,60.91170833333334,60.288,59.17216666666666,63.529541666666674,60.76145833333333,58.871,61.15712499999999,59.243625,59.41579166666667,58.580597222222224,58.67491666666667,53.98811111111112,56.30239221140473,58.582125,60.85779166666667,58.07441666666667,59.42095833333334,59.42695833333334,54.38213888888889,62.12095833333333,55.71758333333334,53.32940277777777,55.04780555555556,60.89525,53.98825,45.71358333333333,55.932541666666665,55.84940111420613,3.795833333333333,17.569444444444443,3.4875,25.09431345353676,18.26805555555556,27.598885793871865,3.341666666666667,2.917941585535466,3.807212205270458,3.283333333333333,4.045833333333333,2.7333333333333334,3.2694444444444444,3.1,3.75,3.308333333333333,3.781944444444445,3.716666666666667,3.5277777777777777,3.338888888888889,3.013888888888889,3.375,3.4194444444444443,2.4902777777777776,3.7125,6.079166666666667,4.076388888888889,3.5458333333333334,3.1347222222222224,6.629166666666666,4.144444444444445,4.0777777777777775,3.7472222222222222,4.497222222222222,3.2694444444444444,3.132127955493741,3.3152777777777778,2179.8319444444446,4.195833333333334,3.6416666666666666,3.609722222222222,3.731944444444444,2.988888888888889,4.911111111111111,3.248611111111111,6.293055555555555,3.640277777777778,4.680555555555555,5.429166666666666,3.691666666666667,7.796657381615599,0.0,0.0,0.0,0.0,0.0,0.0,0.0,0.0,0.0,0.0,0.0,0.0,0.0,0.0,0.0,0.0,0.0,0.0,0.0,0.0,0.0,0.0,0.0,0.0,0.0,0.0,0.0,0.0,0.0,-1.0,-1.0,0.0,0.0,0.0,0.0,0.0,0.0,0.0,0.0,0.0,0.0,0.0,0.0,0.0,0.0,0.0,0.0,0.0,0.0,0.0,0.0,23.457875,23.22756944444444,23.331694444444445,68.52395284327322,22.821583333333333,22.94725626740947,23.72273611111111,24.073824756606395,23.73968099861304,22.750527777777776,23.229875,23.04093055555556,22.97895833333333,23.351972222222223,20.51076388888889,21.93893055555556,21.86997222222222,21.14426388888889,21.825972222222223,22.324666666666666,22.99886111111111,22.510388888888887,21.89763888888889,21.875541666666667,21.71468055555556,24.35251388888889,20.872402777777776,21.592111111111112,22.097472222222223,21.592680555555557,21.833402777777778,21.88820833333333,21.865319444444445,22.25909722222222,23.29934722222222,22.78267037552156,22.24175,21.66786111111111,22.121222222222222,21.94822222222222,20.91722222222222,22.580388888888887,21.346194444444446,23.28451388888889,23.83613888888889,23.015833333333337,21.431833333333334,23.46230555555556,26.244416666666663,22.802069444444445,23.1274930362117
69,2013-08-26 12:00:00,442.37361111111113,460.5541666666667,340.55833333333334,438.77777777777777,321.1847222222222,396.68888888888887,336.43689320388347,380.06111111111113,437.4069444444444,465.2527777777778,363.2055555555556,340.87916666666666,317.4430555555556,407.7694444444445,459.19166666666666,410.9736111111111,293.1083333333333,342.77916666666664,304.92350486787205,352.2319444444444,416.8263888888889,422.90277777777777,372.66527777777776,237.02777777777777,263.2138888888889,415.19444444444446,351.0388888888889,398.9805825242718,450.9402777777778,446.6055555555556,391.7357440890125,417.1333333333333,94.275,413.7388888888889,403.3777777777778,303.4291666666667,386.0138888888889,313.775,354.4361111111112,387.5236111111111,290.0361111111111,314.6722222222222,378.9513888888889,176.85694444444445,362.5430555555556,295.40694444444443,482.19305555555553,459.78333333333336,378.9428969359332,374.39722222222224,485.06944444444446,49.61143055555555,55.614652777777785,55.64059722222223,56.05408333333334,56.846375,57.49522222222222,53.95332871012482,53.60460361613352,54.041555555555554,57.13162499999999,56.58422222222222,50.82004219409282,57.478,55.57108333333333,63.93354166666667,61.69675,60.3595,61.60004166666666,60.91679166666666,59.138930555555554,56.62223922114048,57.42069209039548,61.551458333333336,60.81004166666667,59.98265277777778,58.237208333333335,63.93508333333334,60.90329166666667,59.09470833333334,61.385291666666674,59.23761111111112,59.65947222222222,58.77320833333333,59.01036111111111,54.35802777777778,56.461194444444445,58.99699280575539,61.375,58.41290681502086,59.763,59.84072222222222,54.43606944444445,62.413125,55.73963888888889,53.34887500000001,55.08165277777778,61.715625,54.067388888888885,45.78136111111111,56.27604166666666,55.912277777777774,3.772222222222222,17.51388888888889,3.423611111111111,24.997222222222224,18.09722222222222,27.68055555555556,3.3550624133148403,2.9791376912378302,4.013888888888889,3.2666666666666666,4.051388888888889,2.69760900140647,3.2916666666666665,3.183333333333333,3.7472222222222222,3.298611111111111,3.8222222222222224,3.748611111111111,3.469444444444445,3.25,2.9749652294853965,3.382768361581921,3.45,2.5444444444444443,3.6847222222222222,6.151388888888889,4.025,3.563888888888889,3.123611111111111,6.6625,4.134722222222222,4.0569444444444445,3.758333333333333,4.470833333333333,3.2666666666666666,3.109722222222222,3.341007194244604,2183.6625,4.1390820584144645,3.5388888888888888,3.518055555555556,3.656944444444445,3.004166666666667,4.972222222222222,3.180555555555556,5.584722222222222,3.701388888888889,4.118055555555555,5.366666666666666,3.6527777777777777,6.648611111111111,0.0,0.0,0.0,0.0,0.0,0.0,0.0,0.0,0.0,0.0,0.0,0.0,0.0,0.0,0.0,0.0,0.0,0.0,0.0,0.0,0.0,0.0,0.0,0.0,0.0,0.0,0.0,0.0,0.0,-1.0,-1.0,0.0,0.0,0.0,0.0,0.0,0.0,0.0,0.0,0.0,0.0,0.0,0.0,0.0,0.0,0.0,0.0,0.0,0.0,0.0,0.0,23.29629166666667,23.11491666666667,23.23988888888889,55.35694444444445,22.71219444444445,22.875916666666665,23.69621359223301,24.044853963838666,23.709236111111117,22.743944444444445,23.21377777777777,23.02139240506329,22.96079166666667,23.36386111111111,21.654416666666663,21.799819444444445,21.767875,21.5125,21.867902777777772,22.29808333333333,22.96685674547983,22.824703389830507,22.16433333333333,22.03677777777778,21.96275,24.45758333333333,20.8065,21.61575,22.10675,21.584125,22.10155555555556,21.82925,21.813819444444444,22.19155555555556,23.18926388888889,22.727319444444444,22.154374100719423,21.574180555555557,22.019276773296244,21.859625,20.814555555555557,22.55858333333333,21.29701388888889,23.26395833333333,23.810069444444444,23.120194444444447,21.259777777777774,23.37908333333333,26.16906944444444,22.70611111111111,23.18048611111111
70,2013-08-26 13:00:00,444.0472878998609,464.3333333333333,341.4,440.6069444444444,325.0458333333333,401.1680555555556,336.1777777777778,381.3027777777778,438.5472222222222,468.9902777777778,365.44444444444446,343.45618915159946,319.7680555555556,407.4798331015299,477.725,419.3532684283728,294.96527777777777,349.65416666666664,305.2527777777778,354.8888888888889,424.2625,428.8,376.9611111111111,236.80972222222223,261.3722222222222,419.6694444444444,352.7319444444444,406.9458333333333,454.4255910987482,456.25418994413405,386.48333333333335,419.8486111111111,96.44444444444444,417.1847222222222,404.15672676837727,303.2486111111112,390.2597222222222,314.9263888888889,355.425,389.93055555555554,291.84166666666664,316.1402777777778,380.0180555555556,178.87916666666666,363.4166666666667,287.2138888888889,485.7736111111111,462.09722222222223,399.6125,377.7458333333333,489.1097222222222,50.66633333333333,56.22451388888889,56.25606102635229,56.70269444444445,57.223792134831456,58.34258333333333,54.29376388888889,53.93998611111111,54.62227777777778,57.732375,57.023375,51.17254166666668,57.789458333333336,55.78901388888888,60.24086111111111,63.79491666666667,61.18141666666667,59.05613888888889,60.37302777777778,59.832371705963936,57.05620833333334,56.11479166666667,60.040875,59.5315,58.72693055555556,57.425636363636364,64.99641666666666,61.00375,59.258805555555554,61.348125,57.92680555555556,60.28054166666666,59.34044444444445,59.71481944444445,55.11933333333333,57.05229166666667,59.94318055555555,62.549375000000005,59.29754166666668,60.71597222222222,60.83636111111111,54.93720833333334,63.381969486823856,56.24130555555556,53.78198611111111,54.05188888888889,63.088416666666674,54.53359722222223,46.34206944444445,57.191138888888894,55.99634722222223,4.822222222222222,18.259722222222223,4.300970873786408,26.83888888888889,20.32443820224719,29.6875,3.3541666666666665,2.9055555555555554,3.8152777777777778,3.176388888888889,4.058333333333334,2.7736111111111112,3.281944444444445,3.161111111111111,3.8152777777777778,3.3472222222222223,4.936111111111111,5.3902777777777775,3.629166666666667,3.4729542302357834,3.2069444444444444,16.93888888888889,3.533333333333333,2.708333333333333,4.281944444444444,11.81958041958042,5.068055555555556,7.376388888888889,7.427777777777778,7.613888888888889,4.205555555555556,4.4944444444444445,4.25,4.95,3.480555555555556,3.0875,3.875,2187.1736111111118,6.226388888888889,9.95138888888889,8.129166666666666,3.852777777777778,5.46879334257975,4.906944444444444,3.205555555555556,6.084722222222222,3.776388888888889,4.669444444444444,14.376388888888888,3.7527777777777778,8.140277777777778,0.0,0.0,0.0,0.0,0.0,0.0,0.0,0.0,0.0,0.0,0.0,0.0,0.0,0.0,0.0,0.0,0.0,0.0,0.0,0.0,0.0,0.0,0.0,0.0,0.0,0.0,0.0,0.0,0.0,-1.0,-1.0,0.0,0.0,0.0,0.0,0.0,0.0,0.0,0.0,0.0,0.0,0.0,0.0,0.0,0.0,0.0,0.0,0.0,5.334239130434782,0.0,0.0,23.15690277777778,23.01533333333333,23.16633841886269,53.73690277777778,22.72751404494382,22.830986111111116,23.68802777777778,24.033236111111112,23.696694444444443,22.75179166666667,23.21027777777778,23.01781944444445,22.968902777777775,23.49088888888889,22.951097222222224,21.48438888888889,21.867375,22.946347222222222,22.415388888888888,22.28950069348128,23.026736111111116,23.63081944444444,22.913041666666665,22.721416666666663,22.67822222222222,24.75352777777778,20.785958333333333,21.84186111111111,22.37984722222222,21.881694444444445,22.983861111111118,21.878652777777777,21.84016666666667,22.257416666666668,23.161277777777777,22.747638888888886,22.13556944444445,21.51236111111111,21.95833333333333,21.786625,20.742833333333333,22.551388888888887,21.27721220527046,23.263638888888888,23.81361111111111,23.85476388888889,21.19286111111111,23.334722222222226,26.11352777777778,22.65826388888889,23.395805555555555
71,2013-08-26 14:00:00,444.1638888888889,468.7069444444445,342.7583333333333,439.10277777777776,326.356050069541,403.0375,338.46666666666664,383.6277777777778,441.4888888888889,469.9236111111111,367.6361111111111,345.6138888888889,320.75416666666666,412.74305555555554,478.2,423.8875,295.4430555555556,348.99444444444447,305.64444444444445,380.8097222222222,428.7055555555556,432.9236111111111,381.59722222222223,302.8430555555556,299.1525658807212,423.5430555555556,354.30555555555554,409.1402777777778,456.6958333333333,454.7819444444444,387.0194444444445,424.425,98.08055555555556,418.8597222222222,406.4347222222222,305.83194444444445,391.9222222222222,323.2708333333333,357.6333333333333,401.6486111111111,292.61805555555554,318.5708333333333,382.09583333333336,180.53472222222223,366.3097222222222,292.81666666666666,487.375,461.87916666666666,434.6972222222222,379.7652777777778,492.6055555555556,50.90951388888889,56.56952777777777,56.49594444444445,56.99022222222222,57.321625,58.48761111111112,54.41738888888889,54.055125,54.688,57.84109722222222,57.17754166666667,51.32834722222222,57.89348611111111,55.61591666666666,58.823625,63.8952427184466,60.420346740638,56.86847222222222,59.382444444444445,59.79768055555556,56.885375,54.99580555555556,59.01448611111111,58.49502777777778,57.76738888888888,56.11061196105703,64.73969444444445,60.958875,58.94225,61.005625,56.39998611111111,60.18599167822469,59.23847222222222,59.49906944444445,55.18080555555556,57.12430555555556,60.06866666666667,62.51645833333333,59.45397222222222,60.90608333333333,60.94525,54.93598611111111,63.22620833333334,56.245000000000005,53.84448611111111,53.02220833333333,62.90141666666666,54.74236111111111,46.93698611111111,57.27748611111111,55.89605113636364,13.6625,24.49861111111111,12.305555555555555,41.33472222222223,37.92638888888889,46.55833333333333,3.376388888888889,2.863888888888889,3.918055555555556,3.2527777777777778,3.9472222222222224,2.7597222222222224,3.1958333333333333,3.183333333333333,3.844444444444445,3.2968099861303743,14.346740638002776,21.279166666666665,4.340277777777778,21.79861111111111,3.2291666666666665,3.595833333333333,3.588888888888889,43.40138888888889,19.886111111111116,165.92628650904032,15.473611111111111,38.206944444444446,43.11805555555556,17.009722222222223,4.519444444444445,9.382801664355062,9.175,8.473611111111111,5.365277777777778,3.140277777777778,8.869444444444444,2186.05,54.35138888888889,67.10833333333333,47.67777777777778,3.8361111111111112,25.5375,4.979166666666667,3.2180555555555554,10.844444444444443,3.9375,4.713888888888889,27.231944444444444,4.168055555555555,10.803977272727272,0.0,0.0,0.0,0.0,0.0,0.0,0.0,0.0,0.0,0.0,0.0,0.0,0.0,0.0,0.0,0.0,0.0,0.0,0.0,9.99755501222494,0.0,0.0,0.0,18.62686567164179,8.449197860962567,0.0,0.0,0.0,0.0,-1.0,-1.0,0.0,0.0,0.0,0.0,0.0,0.0,8.3248730964467,0.0,3.2054794520547945,0.0,0.0,0.0,0.0,0.0,0.0,0.0,0.0,7.738544474393531,0.0,0.0,23.060458333333333,22.94677777777778,23.112152777777776,51.37199999999999,22.71320833333333,22.794791666666665,23.69176388888889,24.043111111111116,23.693666666666665,22.735041666666667,23.215708333333332,23.02759722222222,22.98658333333333,23.61133333333333,22.95526388888889,21.35115117891817,22.045714285714286,22.96325,22.541166666666665,22.387972222222224,23.185222222222222,24.126597222222223,23.43933333333333,23.41447222222222,23.18130555555556,25.17033333333333,20.791319444444444,21.848277777777778,22.403375,21.99305555555556,23.323555555555554,21.9525520110957,21.896291666666663,22.37026388888889,23.174,22.77261111111111,22.116208333333333,21.48195833333333,21.91795833333333,21.77970833333333,20.703777777777777,22.549152777777778,21.275666666666663,23.27515277777778,23.81358333333333,24.293819444444445,21.17188888888889,23.32472222222222,26.04347222222222,22.642791666666668,23.35147727272727
72,2013-08-26 15:00:00,446.4402777777778,469.2916666666667,344.03472222222223,439.7069444444445,331.2875,403.49444444444447,339.2125,384.4847222222222,443.0652777777778,472.00416666666666,369.81666666666666,347.4361111111112,322.4236111111111,413.0486111111111,480.1458333333333,425.3222222222222,298.45416666666665,347.5695067264574,346.4166666666667,427.50694444444446,438.19444444444446,441.6569444444444,388.5541666666667,268.2180555555556,304.51944444444445,428.5916666666666,369.2138888888889,411.0930555555556,566.6736111111111,459.7388888888889,398.8902777777778,427.3847222222222,98.6297335203366,421.5944444444444,409.13055555555553,307.83194444444445,394.3249299719888,319.41805555555555,360.7527777777778,439.2736111111111,293.70972222222224,319.825,383.7888888888889,182.05277777777775,367.56666666666666,309.20416666666665,489.2652777777778,465.2883263009845,454.15833333333336,381.7597222222222,496.3430555555556,50.01711111111111,56.06847222222223,55.86031944444444,56.36398611111111,56.62634722222222,57.39020833333333,53.86541666666666,53.523625,53.83422222222222,56.86906944444445,56.47947222222222,50.74127955493742,57.349069444444446,54.76741666666667,57.21366666666666,62.61216666666667,59.06208333333333,57.16816143497758,58.38113888888888,58.20898611111112,55.877805555555554,53.674680555555554,57.56529166666667,56.45015277777778,56.60640277777778,54.032250000000005,63.452420027816416,60.05891666666666,57.92655555555556,60.03543055555556,55.80741666666667,59.21986111111112,58.36077777777778,58.46706944444445,54.5,56.39880555555556,59.10558333333333,61.31016666666667,58.62645833333334,59.662708333333335,59.94455555555556,54.30998611111112,62.084583333333335,55.59036161335188,53.23111111111111,51.67897222222222,61.70158333333333,54.289875,46.526944444444446,56.41415277777778,55.025513888888895,46.145833333333336,47.391666666666666,41.984722222222224,94.48333333333332,104.59444444444443,109.82083333333334,3.4902777777777776,2.904166666666667,4.416666666666667,3.3805555555555555,4.0569444444444445,2.74547983310153,3.2569444444444446,3.0972222222222223,3.8041666666666663,3.361111111111111,46.56388888888889,53.937219730941706,7.134722222222222,40.25138888888889,3.2152777777777777,13.719444444444443,3.6347222222222224,17.23611111111111,16.444444444444443,165.91805555555555,52.888734353268426,154.0861111111111,186.82361111111112,46.69444444444444,5.248611111111111,30.966666666666665,30.730555555555554,24.275,13.848611111111111,3.136111111111111,31.066666666666663,2202.273611111111,84.41944444444445,254.29166666666663,191.1513888888889,3.9291666666666663,94.06666666666666,5.1210013908205845,3.2041666666666666,24.43888888888889,5.141666666666667,4.684722222222222,26.75138888888889,5.836111111111111,22.05555555555556,0.0,0.0,0.0,0.0,0.0,0.0,0.0,0.0,0.0,0.0,0.0,0.0,0.0,0.0,0.0,0.0,0.0,5.813953488372093,10.528301886792454,21.41309823677582,0.0,9.200495049504951,0.0,0.5833333333333334,2.568681318681319,7.589531680440771,8.08780487804878,0.0,0.0,-1.0,0.0,0.0,0.0,0.0,0.0,0.0,0.0,0.0,0.0,18.356589147286822,0.0,0.0,0.0,0.0,0.0,0.0,0.0,0.0,12.648793565683649,0.0,0.7894736842105263,23.034972222222223,22.928166666666662,23.110611111111112,58.33840277777778,22.72611111111111,22.817555555555558,23.695013888888887,24.041722222222223,23.68830555555556,22.725319444444445,23.216388888888886,23.034826147426983,22.98894444444445,23.64275,22.940125,21.291541666666667,22.075541666666663,22.50627802690583,22.441347222222223,22.801569444444446,23.322791666666667,24.044888888888888,23.47208333333333,23.60305555555556,23.274819444444443,25.457638888888887,20.95111265646732,21.872652777777777,22.56193055555556,21.989125,22.76138888888889,22.012541666666667,21.953319444444443,22.44026388888889,23.18676388888889,22.790416666666665,22.1395,21.49226388888889,21.95201388888889,22.161319444444445,20.78765277777778,22.54215277777778,21.330263888888886,23.269360222531297,23.819972222222223,24.574,21.182625,23.31923611111111,26.045972222222225,22.661305555555558,23.39315277777778
73,2013-08-26 16:00:00,459.8567454798331,475.0444444444444,351.28472222222223,489.3611111111111,346.4125,413.70416666666665,384.66203059805287,392.48333333333335,451.9555555555556,479.9069444444444,376.325,354.1625,330.7083333333333,420.91527777777776,492.3958333333333,437.9375,321.18888888888887,,390.66527777777776,384.7583333333333,707.3131170662906,513.9333333333333,399.1541666666666,286.075,311.61474269819195,453.3101529902642,409.5416666666667,420.05841446453405,636.7524339360223,469.44444444444446,412.7819444444444,436.95,107.28194444444443,479.7864077669903,416.4478442280946,354.61944444444447,403.8066759388039,328.6694444444444,372.5736111111111,463.9347222222222,303.3022284122563,330.6972222222222,396.00416666666666,190.3361111111111,380.93055555555554,339.0888888888889,502.3888888888889,475.1041666666667,467.7805555555556,390.5888888888889,566.8027777777778,49.41831944444445,55.72843055555556,55.47938803894298,55.9933240611961,56.10931849791377,56.91193055555555,53.58484005563282,53.214875,53.59364394993046,56.57504166666666,56.115569444444446,50.41223611111111,57.041875000000005,54.31901388888889,57.033791666666666,62.5720445062587,58.740236439499306,,58.07094444444445,57.28294853963839,56.19327777777778,54.01593055555556,57.58998611111111,56.66308333333333,56.262722222222216,53.02476388888889,61.53629166666666,59.61015277777778,56.87115277777778,59.75391666666667,56.54444444444445,58.70749652294855,57.91004166666667,58.12757997218358,54.17319888734353,56.27981944444445,58.66766666666667,61.13016666666667,57.99979166666667,58.241988873435325,59.15638888888888,54.06670833333333,61.47915159944368,55.305924895688456,52.946000000000005,50.73415277777777,61.45329166666667,54.04229166666666,46.277125,55.97188888888889,55.277430555555554,66.27361111111111,60.516666666666666,59.9221140472879,112.46453407510432,144.89568845618916,148.01666666666668,34.0904033379694,2.886111111111111,5.027816411682893,3.8625,4.145833333333333,2.7875,3.2416666666666667,3.1625,3.8097222222222222,3.318497913769124,77.56606397774686,,8.997222222222222,20.689847009735743,33.6125,41.3,3.5625,41.65,18.426388888888887,166.75972222222222,74.7388888888889,221.8486111111111,273.87638888888887,64.80833333333334,5.766666666666667,44.84979137691238,44.456944444444446,51.442280945758,19.14742698191933,15.452777777777778,45.0125,2182.913888888889,120.88472222222222,369.8470097357441,282.7472222222222,3.984722222222222,135.59388038942976,5.034770514603617,3.219444444444445,61.32222222222222,5.833333333333333,4.6875,26.681944444444444,6.8875,55.65833333333333,0.0,0.0,0.0,12.137566137566138,0.0,0.0,16.839080459770116,0.0,0.0,0.0,0.0,0.0,0.0,0.0,0.0,0.0,3.922872340425532,,13.123684210526315,2.402173913043478,2.569060773480663,24.961165048543688,0.0,13.878947368421052,14.945454545454544,9.756830601092895,18.52340425531915,0.0,0.0,-1.0,-1.0,0.0,0.0,13.48723897911833,0.0,17.134469696969695,0.0,0.0,0.0,12.594059405940596,0.0,0.0,0.0,0.0,0.0,15.033464566929132,0.0,0.0,12.183288409703504,0.0,2.184065934065934,23.242347222222225,22.992361111111112,23.18360222531293,59.27749652294853,22.865694444444443,22.909416666666665,23.760097357440888,24.043625,23.6578859527121,22.704944444444443,23.206819444444445,23.032541666666667,22.98288888888889,23.64709722222222,22.941333333333336,21.31180806675939,22.161474269819195,,22.44826388888889,22.88490959666203,23.50448611111111,23.882805555555557,23.09008333333333,23.181638888888887,23.000597222222225,25.50445833333333,21.78956944444445,21.93265277777778,23.05111111111111,21.985958333333333,22.45173611111111,22.07164116828929,22.019402777777778,22.51781641168289,23.221682892906813,22.854666666666667,22.198833333333333,21.47502777777778,22.12345833333333,22.63958275382476,21.020694444444445,22.54498611111111,21.47125173852573,23.27265646731572,23.822097222222222,24.84272222222222,21.222819444444443,23.254722222222224,26.02290277777778,22.734319444444445,23.31945833333333
74,2013-08-26 17:00:00,462.54583333333335,480.6986111111111,357.0375,682.5375,356.05555555555554,418.6541666666666,664.6083333333333,402.9625,456.3193863319386,484.2180555555556,381.7625,359.2125,336.9055555555556,426.7819444444444,505.7443820224719,437.39166666666665,316.6361111111111,,349.4583333333333,377.1664355062413,1060.1722222222222,539.7041666666667,402.59583333333336,357.2708333333333,414.77222222222224,451.36805555555554,381.0861111111111,422.1569444444444,537.9375,473.725,417.4888888888889,441.0930555555556,113.37222222222222,704.825,426.54027777777776,512.4083333333333,409.4805555555556,340.48055555555555,379.81805555555553,441.249653259362,310.3875,334.34722222222223,396.7319444444444,193.2875,386.2347222222222,361.9472222222222,507.43055555555554,480.7347222222222,496.90833333333336,393.7680555555556,510.21527777777777,49.05986111111111,55.33947222222222,54.97188888888889,55.742069444444446,55.61052777777778,56.22654166666667,54.05733333333333,52.94009722222223,53.30583333333333,56.22544444444444,55.82451388888889,50.15733333333333,56.77952843273232,53.967666666666666,56.52942896935933,62.299708333333335,58.08711111111111,,57.59229166666666,56.79626388888889,56.29252777777778,53.34280555555556,57.55606944444445,56.02941666666667,55.99384722222222,52.28973611111111,59.745875,58.86456944444444,55.55518723994452,59.31740277777778,56.72251388888889,58.16688888888889,57.32109722222223,57.70980141843971,53.78076388888889,56.307343532684285,58.064013888888894,60.75694444444444,57.16718055555556,56.988125,57.88959722222223,53.78336111111111,60.69441666666667,54.99863888888888,52.64680555555555,49.90670833333333,61.033166666666666,53.84866666666667,46.08623611111112,55.38720833333333,54.77566063977746,111.30416666666666,89.19166666666666,100.35277777777776,163.48472222222222,225.4833333333333,224.48472222222225,39.65833333333333,2.904166666666667,5.122222222222222,3.883333333333333,4.048611111111111,2.8777777777777778,3.320388349514563,3.3194444444444446,35.24791086350975,3.779166666666667,115.22638888888888,,12.755555555555556,8.316666666666666,66.3236111111111,43.60416666666666,3.4902777777777776,49.35416666666666,7.633333333333334,166.68194444444444,123.87916666666666,369.4263888888889,429.7350901525659,103.42916666666666,7.168055555555555,81.21111111111111,81.58611111111111,104.8340425531915,35.06944444444444,33.38386648122392,88.91527777777777,2183.893055555556,199.57777777777775,599.3208333333333,495.7805555555556,4.072222222222222,237.29444444444445,5.138888888888889,3.3652777777777776,124.0,8.011111111111111,4.719444444444444,26.969444444444445,9.820833333333333,50.133518776077885,0.0,0.0,0.0,10.879679144385026,0.0,0.0,28.97553956834532,0.0,0.0,0.0,0.0,0.0,0.0,0.0,14.997542997542997,0.0,0.0,,0.1638888888888889,4.133152173913044,11.322077922077922,18.92093023255814,0.0,18.922666666666668,23.350617283950616,9.81868131868132,2.8579234972677594,0.0,0.0,-1.0,-1.0,0.0,0.0,26.732075471698117,0.0,13.593667546174142,0.0,7.464824120603015,0.0,4.956989247311828,0.0,0.0,0.0,0.0,0.0,0.0,0.0,0.0,12.831632653061224,0.0,0.0,23.243486111111118,23.116972222222223,23.331541666666663,58.00320833333333,23.006236111111114,23.07081944444445,24.06977777777778,24.07405555555556,23.666333333333338,22.725444444444445,23.210819444444446,23.039180555555557,22.981553398058253,23.671208333333333,22.964561891515995,21.24313888888889,22.24758333333333,,22.49608333333333,22.840027777777777,24.077986111111112,23.995097222222224,23.032875,23.487458333333336,23.338819444444447,25.54755555555556,22.079652777777778,22.126236111111112,23.29975034674064,22.077111111111112,22.334305555555552,22.16886111111111,22.133125,22.94655319148936,23.298597222222224,23.25563888888889,22.32523611111111,21.52495833333333,22.37818055555556,22.898097222222223,21.42072222222222,22.560972222222222,21.588375,23.290166666666668,23.853069444444444,25.040888888888887,21.244444444444444,23.175319444444444,26.004583333333333,22.85483333333333,23.257663421418638
75,2013-08-26 18:00:00,541.5222222222222,484.1208333333333,358.56944444444446,776.0652777777777,366.72083333333336,419.9805555555556,711.0638888888889,409.8785310734463,458.0263888888889,487.0597222222222,384.43194444444447,360.6958333333333,339.0027777777778,429.9055555555556,505.6138888888889,439.1069444444444,335.9347222222222,,396.8191933240612,461.6208333333333,505.7597222222222,558.5354659248957,404.40277777777777,280.7527777777778,432.7375,455.25555555555553,394.4075104311544,423.5875,492.1875,479.7760778859527,415.9652294853964,443.87916666666666,138.16944444444445,711.6263888888889,434.06388888888887,511.5513888888889,411.31666666666666,387.4583333333333,384.27222222222224,518.0013908205841,317.43055555555554,338.47083333333336,393.3555555555556,196.7277777777778,386.8236111111111,374.7284122562674,514.6736111111111,483.61805555555554,543.8347222222222,395.9,513.5444444444445,49.04386111111111,54.94195833333333,54.47291666666667,55.346833333333336,55.16326388888889,55.70002777777778,53.47295833333333,52.72036111111112,53.03748611111111,55.92918055555556,55.590139082058414,49.94679166666667,56.55319602272727,53.67395833333333,56.44055555555556,62.54858333333334,57.87383333333334,,57.60925,56.58119444444444,54.29768055555556,53.14091666666666,57.47391666666667,55.81019444444444,55.68831944444444,51.92204166666667,59.35697222222222,58.24029166666667,55.226875,58.79390277777778,56.610693481276,57.36494444444445,56.802628650904026,56.76211111111111,53.14977777777777,55.11243055555555,57.08326388888889,59.54165277777778,56.30030555555556,56.150777777777776,56.71668984700974,53.60534722222222,60.16020833333333,54.82763888888889,52.41523611111111,49.71826388888889,60.20163888888889,53.86072222222222,46.11940277777778,54.63791666666667,54.36208333333333,112.025,69.51527777777778,74.79027777777777,127.67777777777778,195.7555555555556,186.70416666666668,40.15416666666667,2.9819444444444443,5.354166666666667,3.8986111111111112,4.5326842837274,3.448611111111111,3.46875,3.938888888888889,44.80277777777778,4.465277777777778,107.8236111111111,,11.580555555555556,40.15972222222222,67.24861111111112,43.763888888888886,3.395833333333333,14.126388888888888,7.545833333333333,166.76111111111112,93.80555555555556,262.8180555555556,309.21666666666664,77.68472222222222,13.10124826629681,184.51527777777775,206.7357440890125,187.29305555555555,73.56944444444444,33.418055555555554,220.24722222222223,2159.623611111111,139.17222222222222,415.1347222222222,254.24478442280943,4.061111111111111,230.9138888888889,5.151388888888889,3.986111111111111,118.15833333333332,25.030555555555555,4.831944444444445,27.363888888888887,14.16388888888889,67.08611111111111,8.79643765903308,0.0,0.0,15.107969151670952,0.0,0.0,29.3943661971831,0.0,0.0,0.0,0.0,0.0,0.0,0.0,10.29639175257732,0.0,4.419354838709677,,10.118598382749326,21.94191919191919,0.1246537396121883,22.47826086956522,0.0,0.0,23.365239294710328,13.683923705722073,3.3873626373626373,0.0,0.0,-1.0,-1.0,0.4570637119113573,10.12735849056604,27.163522012578618,0.0,14.921760391198044,0.0,23.720682302771856,0.0,21.43254817987152,0.0,0.0,0.0,0.0,0.8342541436464088,10.30317848410758,2.8925619834710745,0.0,16.31313131313131,0.0,0.0,23.495166666666663,23.243027777777776,23.49083333333333,64.40966666666667,23.1725,23.21806944444444,24.342875,24.11793055555556,23.745222222222225,22.787416666666665,23.226954102920725,23.057305555555555,23.00348011363636,23.704319444444444,22.95190277777777,21.204361111111112,22.33408333333333,,22.39575,23.05547222222222,23.818347222222226,24.012888888888888,23.02115277777778,23.34045833333333,23.58636111111111,25.58838888888889,22.143569444444445,22.301430555555555,23.250236111111107,22.25151388888889,22.4747572815534,22.42618055555556,22.424436717663426,23.453152777777778,23.615625,23.6095,22.75823611111111,22.08483333333333,22.67551388888889,23.27263888888889,21.78682892906815,22.59402777777778,21.72833333333333,23.313930555555554,23.89825,24.864277777777776,21.629166666666663,23.092291666666668,26.012236111111115,23.168833333333332,23.41091666666667
76,2013-08-26 19:00:00,526.4472222222222,603.4069444444444,383.4222222222222,881.8041666666667,381.0625,452.14484679665736,584.5875,434.78472222222223,489.3888888888889,518.6425591098748,406.6462395543176,382.6055555555556,359.2013888888889,452.2652777777778,578.2698191933241,486.81388888888887,360.4569444444445,,438.7055555555556,496.0416666666667,487.7180555555556,566.1791666666667,431.4847222222222,359.8626907073509,400.3486111111111,491.0375,417.5194444444445,457.00138888888887,533.2944444444445,514.6361111111111,453.56944444444446,490.3888888888889,189.6990291262136,612.875,461.8597222222222,495.1208333333333,440.7652777777778,416.56111111111113,411.81666666666666,534.3638888888889,348.2628650904033,363.425,430.49444444444447,215.28333333333333,426.06388888888887,587.5521557719054,562.3208333333333,517.7736111111111,612.8861111111111,427.49861111111113,581.4875,48.58444444444444,55.03779166666666,54.518375000000006,55.466125,55.203375,55.93477777777778,53.08954166666667,52.77218358831711,53.05323611111111,56.100458333333336,55.705875000000006,50.029875,56.52197496522949,53.70873611111112,57.50051388888889,62.51070833333333,58.25340277777777,,58.30209722222222,56.413944444444446,54.64894444444444,53.40132127955494,57.76811111111111,56.34497222222222,54.90376388888889,51.92868055555556,59.90613888888889,58.25870833333333,55.68048611111111,58.812,55.80625,56.96715277777778,55.32145833333333,54.56118055555556,51.72266666666667,54.39555555555556,55.00780555555556,52.36333333333333,56.092625000000005,55.60530555555555,56.520833333333336,53.71868055555555,60.51555555555555,54.96730180806676,52.45845833333334,50.97095833333333,58.91429166666667,54.27394444444444,46.69905555555555,53.36558333333333,54.275055555555554,110.65694444444443,53.425,83.16944444444445,122.09305555555557,200.2736111111111,195.5,7.495833333333334,2.9819193324061195,5.340277777777778,3.95,4.540277777777778,3.4722222222222223,3.3518776077885954,3.911111111111111,25.25,4.380555555555556,92.95555555555556,,12.473611111111111,40.425,67.22916666666667,37.10431154381085,3.525,38.70555555555556,8.55,166.41666666666666,91.68472222222222,247.35972222222225,247.18194444444444,73.69583333333334,15.497222222222222,234.02777777777777,247.82638888888889,188.80972222222223,87.85138888888889,24.84027777777778,272.5263888888889,2173.7291666666665,135.20138888888889,369.8222222222222,175.81527777777777,4.009722222222222,228.67777777777775,5.168289290681502,32.94305555555555,123.5375,14.319444444444445,6.468055555555556,42.665277777777774,15.448611111111113,77.12083333333334,0.0,24.382608695652173,0.0,15.447368421052632,0.0,0.0,7.480093676814988,0.0,0.0,0.0,0.0,0.0,0.0,0.0,19.03125,0.0,0.0,,2.268698060941828,20.007772020725387,0.0,11.73934837092732,0.0,15.936386768447838,21.070496083550918,7.493112947658402,2.727272727272727,0.0,0.0,-1.0,-1.0,2.6842105263157894,26.910873440285204,18.305084745762716,0.0,7.514435695538058,0.0,27.68918918918919,0.0,20.95671981776765,0.0,0.0,0.0,0.0,3.5395095367847413,19.55844155844156,2.341530054644809,0.0,18.438515081206496,0.0,6.723785166240409,23.82051388888889,23.461236111111116,23.56948611111111,58.36059722222222,23.213375000000003,23.283069444444447,24.46318055555556,24.17956884561892,23.88608333333333,22.86633333333333,23.27370833333333,23.101347222222223,23.068219749652293,23.78,22.889611111111112,21.50161111111111,22.39538888888889,,22.367875,23.273416666666662,23.616291666666665,24.01461752433936,23.024125,23.33198611111111,23.68140277777778,25.640402777777776,22.022569444444443,22.40491666666667,23.27098611111111,22.36145833333333,23.10308333333333,22.76140277777777,23.37968055555556,24.435666666666663,24.58211111111111,23.87425,23.904791666666668,24.783430555555555,22.87825,23.564055555555555,21.946,22.64675,21.794777777777774,23.35700973574409,24.01818055555556,24.64015277777778,22.342875,23.089875,26.147944444444445,23.953916666666665,23.733875
77,2013-08-26 20:00:00,550.9194444444445,846.173852573018,429.3777777777778,757.3041666666667,394.1486111111111,493.4291666666667,473.0888888888889,532.1902777777777,541.3027777777778,568.7618384401114,446.6453407510432,420.11805555555554,395.1722222222222,497.2694444444445,608.6763888888889,525.0027777777777,393.00694444444446,,421.7579972183588,540.9458333333333,548.7888888888889,600.8916666666667,471.3611111111111,332.6638888888889,393.1694444444444,522.9208333333333,449.8597222222222,495.525,555.7208333333333,558.8760445682451,486.9151599443672,519.0306406685237,185.86666666666667,666.0583333333333,506.561797752809,412.6592489568845,483.5194444444445,445.4645340751043,444.4958333333333,608.9944444444444,384.0722222222222,400.297635605007,460.6513888888889,244.9597222222222,456.75,542.0677165354331,627.115438108484,561.9833333333333,649.0514603616134,464.6666666666667,894.0472878998609,48.89098611111111,55.14817802503477,55.00830555555556,55.58972222222222,55.92773611111112,56.40409722222222,53.07150000000001,53.208444444444446,53.307200557103066,56.58348611111112,56.08286509040334,50.32895833333333,56.73686111111111,54.04983310152991,57.833625,62.57475,58.792375,,58.90584722222222,56.63011126564673,55.309000000000005,53.91264255910988,58.298388888888894,56.538887343532686,55.22766342141864,52.32852777777778,60.36392211404729,58.48209722222222,56.04223611111112,59.12423611111111,55.53034722222222,57.00651388888889,53.800500695410285,52.77895833333333,50.05748611111111,54.13652777777778,52.84293055555556,50.82433936022253,56.13931944444444,55.57868055555556,56.57141863699582,54.0278859527121,60.946250000000006,55.29038081805359,52.63666666666667,51.649375000000006,57.79676388888889,54.82698611111111,46.96924895688456,51.93118055555555,54.22431944444445,106.0875,57.107093184979135,81.69722222222222,114.49444444444444,202.59166666666667,215.77916666666667,3.879166666666667,9.995833333333334,20.720055710306408,3.959722222222222,4.564673157162726,3.3694444444444445,3.4722222222222223,3.9847009735744088,39.97638888888889,4.368055555555555,95.15555555555557,,13.22222222222222,29.92628650904033,67.12222222222222,43.52433936022253,3.6152777777777776,5.164116828929068,21.898470097357443,166.45,99.6981919332406,251.48611111111111,248.63472222222225,73.07916666666667,13.404166666666669,241.63194444444449,210.6509040333797,158.34583333333333,77.11111111111111,5.1375,252.55277777777775,2113.69123783032,132.75416666666666,365.7583333333333,184.04867872044505,3.9944367176634215,221.13333333333333,5.02820874471086,3.361111111111111,130.63611111111112,24.195833333333333,8.411111111111111,55.64534075104312,11.954166666666667,99.96666666666668,0.0,27.98567335243553,0.0,16.25,0.0,0.0,0.0,4.784366576819407,1.6115702479338845,0.0,0.0,0.0,0.0,0.0,21.016470588235293,0.0,0.0,,0.0,14.124121779859484,5.826923076923077,20.022332506203472,0.0,0.0,2.4498567335243555,10.208219178082192,2.8846153846153846,0.0,0.0,-1.0,-1.0,2.0165289256198347,1.8547945205479448,24.3382084095064,0.0,0.0,0.0,27.95519348268839,0.0,24.970982142857142,0.0,0.0,0.0,0.0,0.0,7.957333333333334,6.314666666666667,0.0,24.463470319634705,0.0,10.889447236180905,23.82088888888889,23.970737134909594,23.58198611111111,59.88818055555555,23.140569444444445,23.36188888888889,24.247666666666667,24.35798611111111,24.034289693593312,22.92661111111111,23.325271210013906,23.155458333333332,23.132986111111112,23.840931849791374,23.03225,21.769291666666668,22.46330555555556,,22.412444444444446,23.353699582753823,23.58668055555556,24.06474269819193,23.033611111111117,23.349819193324063,23.60004172461753,25.626541666666668,22.09315716272601,22.528291666666664,23.263,22.468805555555555,23.327055555555557,22.94415277777778,23.86927677329624,25.104333333333333,25.339152777777777,23.881361111111108,24.760347222222222,25.29116828929068,23.05245833333333,23.774611111111117,22.12732962447844,22.698859527121,21.902277777777776,23.41021156558533,24.081486111111108,24.622569444444444,23.014444444444447,23.153597222222224,26.348303198887344,24.72741666666667,24.39238888888889
78,2013-08-26 21:00:00,563.1708333333333,665.6847222222223,444.50694444444446,863.6888888888889,405.3444444444444,506.14166666666665,450.325,503.04583333333335,550.7944444444445,586.0139082058414,463.44444444444446,436.7402777777778,411.9263888888889,514.6708333333333,598.4347222222223,532.3991655076495,452.9930458970793,,426.65833333333336,480.7416666666667,574.9847222222222,611.8583333333333,483.2166666666666,354.00694444444446,364.15277777777777,545.4986111111111,460.1070422535211,506.18888888888887,591.3194444444445,570.5694444444445,503.9861111111111,524.3254520166898,209.9986111111111,541.5810055865921,524.8652777777778,417.14722222222224,493.1736111111111,460.7107093184979,454.8444444444444,541.7111111111111,394.3555555555556,413.9513212795549,467.0125173852573,255.62222222222223,471.2861111111111,442.1833333333333,639.5417256011316,690.1152777777778,670.4513888888889,475.325,811.6777777777778,48.64402777777777,54.59859722222222,55.03265277777778,56.28141666666667,55.919,56.15808333333333,53.02194444444445,52.913838664812246,53.037666666666674,56.485754583921015,56.08420833333333,50.342125,56.696125,54.06059722222222,57.41036111111111,61.76875,58.07919444444444,,59.20295833333333,56.74322222222223,55.42148817802504,53.597,58.314631432545205,56.78834722222222,55.48579972183588,52.05340277777778,59.7905,58.119722222222215,55.79666666666667,58.85491666666667,55.83426388888888,56.49315277777778,54.321625,52.08134722222222,49.31643055555556,53.80761111111112,52.05130555555556,50.89151388888889,55.73106944444445,54.899791666666665,56.09858333333334,53.89431944444444,60.37626388888889,55.19291666666667,52.61048611111112,51.36668984700974,56.08479166666667,55.03322222222222,46.50723611111111,50.55253814147018,52.72338888888888,104.74583333333334,54.766666666666666,75.72916666666667,113.225,198.09166666666667,223.20277777777775,3.8027777777777776,2.9360222531293463,5.580555555555556,4.0,4.656944444444444,3.4458333333333333,3.533333333333333,3.9375,13.095833333333331,4.525,137.50972222222222,,13.094444444444443,25.119444444444444,66.06675938803895,42.33055555555556,3.563282336578581,40.42777777777778,12.189151599443672,166.3986111111111,113.47638888888888,248.8430555555556,241.43194444444444,70.63333333333334,10.956944444444444,220.75416666666663,199.54444444444445,135.6513888888889,75.51805555555555,18.11111111111111,207.93055555555557,2137.0472222222224,126.65555555555557,360.1041666666667,188.38194444444449,3.981944444444444,212.00694444444449,5.155555555555556,3.341666666666667,181.47426981919327,19.8625,19.011111111111116,56.1625,9.561719833564494,127.9375,0.0,5.769230769230769,0.0,22.65586034912718,0.0,0.0,0.0,0.0,0.0,0.0,0.0,0.0,0.0,0.0,4.5353260869565215,0.0,6.7077747989276135,,0.0,10.693877551020408,10.307881773399014,10.459239130434783,0.0,6.233695652173913,1.5248618784530388,11.23224043715847,2.81767955801105,0.0,0.0,-1.0,-1.0,0.0,16.733333333333334,1.533149171270718,8.920212765957446,5.9013333333333335,0.0,25.75635593220339,0.0,11.4875,0.0,0.0,0.0,0.0,0.0,3.1939890710382515,5.774611398963731,4.803867403314917,26.806552262090484,0.0,12.929742388758784,23.89931944444444,23.846402777777776,23.54638888888889,72.19359722222222,23.033319444444448,23.439402777777776,24.17036111111111,24.44344923504868,24.12661111111111,22.97184767277856,23.37363888888889,23.20458333333333,23.186902777777775,23.878888888888888,22.957097222222224,21.913291666666662,22.789305555555558,,22.99980555555556,23.135472222222223,23.5846314325452,24.13527777777778,23.02513212795549,23.26375,23.32126564673157,25.621791666666663,22.207375,22.64236111111111,23.36151388888889,22.55475,22.990430555555555,22.921152777777777,23.368458333333333,24.74626388888889,25.356736111111108,23.964194444444445,24.642263888888888,25.184625,23.159916666666668,23.84831944444445,22.28261111111111,22.753375,21.994875,23.46101388888889,24.09341666666667,24.612002781641166,23.42451388888889,23.346611111111116,26.448277777777776,25.09963938973648,24.861194444444447
79,2013-08-26 22:00:00,592.9568845618916,621.9333333333333,468.15,949.4819444444444,408.4263888888889,530.7722222222222,459.62638888888887,509.3319444444445,653.5486111111111,614.3986111111111,485.6736111111111,457.9875,432.6486111111111,540.8581363004173,663.2194444444444,558.075,454.87638888888887,,453.3361111111111,540.2,859.595271210014,654.725,504.37916666666666,344.98055555555555,596.9597222222222,584.5805555555555,467.37916666666666,529.2430555555555,756.635605006954,593.9277777777778,530.5777777777778,539.7402777777778,288.6694444444444,567.4194444444445,652.2458333333333,576.3708333333333,514.4125,467.63055555555553,470.75416666666666,512.2833333333333,414.6222222222222,432.5361111111111,486.04027777777776,275.2763888888889,490.66203059805287,509.6277777777778,743.9833333333333,793.759388038943,559.8125,495.4875,644.2055555555555,47.89606944444444,54.596875,54.79906944444445,55.67083333333333,55.43473611111112,55.606138888888886,52.786402777777774,52.562875000000005,52.72625,56.12663888888889,55.82029166666667,50.10945757997218,56.46251388888889,53.75259722222223,57.13565277777778,61.28787499999999,56.430375000000005,,58.73831710709318,56.410513888888886,55.44906944444445,53.24772222222222,57.986069444444446,56.46904166666666,55.77836111111111,51.62222222222222,59.59844444444444,57.49981944444445,54.754263888888886,58.35730555555556,56.09590277777778,56.63125,54.172555555555554,52.97606944444444,49.37002777777778,53.46661111111111,52.77701388888889,50.560638888888896,55.15845833333333,54.42248611111111,55.40163888888889,53.59527503526093,59.75384722222222,54.90593055555557,52.36712898751733,50.452875,55.51734722222222,54.386375,45.87780555555556,49.88216666666666,51.50566666666667,98.58472222222224,57.87916666666667,69.03194444444445,108.05,188.44861111111112,222.3138888888889,3.768055555555556,2.870833333333333,29.0375,3.995833333333333,4.694444444444445,3.4728789986091795,3.4763888888888888,3.956944444444445,49.59305555555556,4.545833333333333,201.96666666666667,,12.127955493741307,28.90833333333333,24.488888888888887,42.37916666666667,3.619444444444445,2.793055555555556,12.511111111111113,166.29166666666666,114.40972222222224,240.02916666666667,245.6486111111111,67.06944444444444,9.740277777777775,191.6930555555556,204.63611111111112,135.80694444444444,98.25277777777778,18.620833333333334,166.66805555555555,2121.501388888889,116.14305555555556,333.3777777777778,187.1555555555556,3.98589562764457,198.29305555555555,5.076388888888889,3.381414701803051,254.06527777777777,29.54583333333333,20.579166666666666,4.465277777777778,8.17361111111111,119.3125,0.0,8.783505154639176,0.0,27.18773946360153,0.0,0.0,0.0,0.0,10.188481675392673,0.0,0.0,0.0,0.0,0.0,24.918976545842217,0.0,4.099195710455764,,0.0,10.54126213592233,19.83668341708543,16.221662468513856,0.0,0.0,25.885922330097088,8.857142857142858,0.0,0.0,0.0,-1.0,-1.0,0.0,29.69541778975741,8.632754342431761,28.504608294930875,19.05330490405117,0.0,28.16412859560068,0.0,0.0,0.0,0.0,0.0,0.0,0.0,18.24468085106383,18.930803571428573,11.504043126684635,1.450276243093923,0.0,0.0,24.14998611111111,23.556541666666664,23.53383333333333,98.62959722222222,23.01373611111111,23.52808333333333,24.146541666666664,24.452486111111117,24.266555555555552,23.0125,23.41276388888889,23.245173852573014,23.229305555555552,23.928361111111112,22.98220833333333,21.904333333333334,23.43430555555556,,22.33951321279555,23.27083333333333,24.06895833333333,24.20226388888889,23.035625000000003,23.213847222222224,23.531444444444443,25.649069444444443,22.063458333333333,22.74459722222222,23.931847222222224,22.62661111111111,22.760847222222225,22.65791666666667,23.433805555555555,24.109333333333336,25.44465277777778,24.28363888888889,24.04643055555556,25.13133333333333,23.25648611111111,23.768861111111114,22.424819444444445,22.778377997179128,22.060666666666663,23.48338888888889,24.105977808599167,24.984666666666666,23.51748611111111,23.64758333333333,26.282430555555557,25.078138888888887,24.79063888888889
80,2013-08-26 23:00:00,593.4111111111112,686.0027816411683,468.2986111111111,685.2625,405.5388888888889,530.6894150417827,463.8317107093185,512.5041666666667,903.4504881450488,619.0958333333333,490.9486111111111,465.62916666666666,440.7527777777778,554.7291666666666,613.3908205841446,551.4819444444445,484.0305555555556,,450.7190542420028,481.4458333333333,878.913769123783,635.7263888888889,508.8236111111111,344.2027777777778,535.0402777777778,585.4347222222223,522.3638888888889,530.6972222222222,682.3375,598.1069444444445,526.9944367176635,525.7013888888889,268.1375,585.0917941585535,713.6958333333333,806.5736111111111,511.5625,459.7263888888889,473.06666666666666,508.1611111111111,416.1833333333333,436.6912378303199,483.1601671309192,279.9847222222222,497.9707520891365,438.9861303744799,713.4019471488178,701.904033379694,505.3361111111111,497.7763888888889,637.4895688456189,46.92559722222222,54.212280945758,54.3161752433936,54.380805555555554,54.72116828929069,54.94813630041725,52.47570833333334,52.24893055555556,52.04881944444445,55.68529166666666,55.47001390820584,49.805952712100144,56.15443055555556,53.40145833333334,56.717013888888886,60.82025,54.16463888888889,,57.666916666666665,56.10130555555556,54.22798611111112,53.09685674547983,57.590555555555554,56.37417246175243,54.84298611111111,51.36212795549375,59.00297635605007,56.81855555555556,53.47754166666667,57.73009722222222,55.852250000000005,57.48394444444445,54.01264255910987,54.20037868162693,48.97291666666667,52.737875,54.57245833333333,48.50214186369959,54.535222222222224,54.32119444444445,54.711194444444445,53.271696801112654,59.10115277777778,54.56740277777778,52.048541666666665,49.23991655076495,55.00711511789181,53.44195833333333,45.83216968011127,50.00344444444445,51.059875,91.36666666666666,56.75938803894298,61.08901251738526,124.62222222222222,187.55215577190543,225.0083449235049,3.716666666666667,2.8833333333333333,51.797222222222224,4.061111111111111,4.559109874826148,3.458970792767733,3.515277777777778,14.281944444444443,6.3069444444444445,4.443055555555556,165.75,,10.911111111111111,3.473611111111111,23.877777777777776,25.897079276773297,3.588888888888889,2.8052851182197496,5.475,166.59388038942976,128.2739916550765,228.44722222222225,224.8736111111111,71.84027777777777,9.40277777777778,150.1888888888889,175.65368567454797,145.56381486676017,96.40972222222224,33.03888888888889,137.71666666666667,2142.144645340751,104.94583333333334,323.56388888888887,183.25694444444449,3.959666203059805,182.3583333333333,5.065277777777778,3.359722222222222,352.5757997218359,18.01664355062413,13.9625,4.300417246175243,7.581944444444445,108.24305555555556,0.0,19.478365384615383,0.0,3.0080862533692723,0.0,0.0,0.0,0.0,17.91392405063291,0.0,0.0,0.0,0.0,1.5289256198347108,0.0,0.0,27.07801418439716,,0.0,0.0,22.752969121140143,6.737127371273712,0.0,0.0,21.663390663390665,9.046448087431694,14.015503875968992,0.0,0.0,-1.0,-1.0,0.0,24.752598752598757,12.097727272727273,28.91685393258427,24.737354085603112,0.0,27.66804979253112,0.0,0.0,0.0,0.0,0.0,0.0,0.0,5.845528455284553,5.636604774535809,1.4972222222222222,0.0,0.0,0.0,24.46172222222222,23.68596662030598,23.57084840055633,75.3818611111111,23.05296244784423,23.626606397774687,24.15018055555556,24.464777777777776,24.81211111111111,23.050319444444444,23.45343532684284,23.287065368567458,23.271861111111114,23.970097222222225,22.87538888888889,21.86673611111111,24.21045833333333,,22.557916666666667,23.062736111111107,24.35225,24.12767732962448,23.049,23.087510431154374,23.849,25.63527777777778,22.301084840055637,22.836902777777777,24.098777777777777,22.735625,22.685111111111112,22.159569444444443,23.25582753824757,23.376830294530155,25.337819444444445,24.81733333333333,23.17458333333333,25.66471488178025,23.35811111111111,23.61340277777778,22.529097222222223,22.79673157162726,22.10525,23.494875,24.12558333333333,25.30668984700973,23.35909847434119,23.69105555555556,25.932976356050077,24.73658333333333,24.701055555555552
81,2013-08-27 00:00:00,579.6986111111111,592.1833333333333,447.7402777777778,564.0916666666667,416.69444444444446,514.9166666666666,455.00416666666666,503.9819444444444,921.8291666666668,600.9666666666667,482.6833333333333,456.7888888888889,432.2111111111111,538.0694444444445,585.5180555555555,526.3402777777778,461.4763888888889,,440.22777777777776,459.24305555555554,753.3222222222222,547.7180555555556,492.3097222222222,381.6152777777778,467.2888888888889,553.8347222222222,464.20943134535366,512.7597222222222,576.05,576.575,502.8444444444444,509.28472222222223,218.78720445062584,525.1833333333333,624.5166666666667,683.3888888888889,494.2611111111111,451.81666666666666,460.2461752433936,491.7291666666667,401.6541666666666,423.71866295264624,462.33800841514727,267.6434540389972,485.05,420.75138888888887,644.0333333333333,583.6333333333333,486.4236111111111,483.9916666666667,618.1180555555555,45.91077777777778,53.85469444444445,54.00425,54.226958333333336,54.38981944444444,54.402875,52.20251388888889,51.97026425591099,51.21623611111112,55.25879166666667,55.17543175487465,49.56143055555555,55.88458333333334,53.03854166666667,56.552083333333336,60.69383333333333,51.52245833333333,,57.10109722222222,56.165416666666665,53.46519444444445,52.93888888888889,57.33752777777779,56.13180555555556,54.13183333333333,51.28022222222223,58.119375,56.36234722222222,53.476819444444445,57.25513888888889,55.79705555555555,57.944541666666666,54.30129166666666,55.72965277777777,49.2280528511822,51.80520833333333,56.211643454039,48.748666666666665,54.03529819694868,54.23275382475661,54.25002777777778,53.03745833333333,58.81283333333333,54.32955555555555,51.81220833333334,47.750347222222224,55.32506944444445,52.98293055555556,46.06459722222223,50.55605555555556,50.932875,128.76527777777778,63.40555555555556,51.82222222222222,127.86666666666666,173.61527777777778,212.2333333333333,3.6125,2.8456189151599443,51.65972222222222,3.8333333333333335,4.594707520891365,3.1527777777777777,3.5055555555555555,3.5375,6.043055555555555,4.373611111111111,259.4611111111111,,10.376388888888888,3.408333333333333,18.131944444444443,3.65,3.580555555555556,38.797222222222224,16.122222222222224,165.93055555555554,155.28055555555557,216.25972222222225,206.71527777777777,63.275,10.470833333333331,173.3736111111111,185.62222222222223,101.63888888888889,88.75660639777469,30.925,109.6267409470752,2143.475,94.10957004160888,316.83310152990265,221.8180555555556,3.876388888888889,175.26111111111112,5.031944444444444,3.397222222222222,243.20138888888889,17.7875,4.854166666666667,4.447222222222222,8.944444444444445,77.30694444444444,0.0,0.0,0.0,0.0,0.0,0.0,0.0,0.0,22.58780487804878,0.0,0.0,0.0,0.0,0.0,0.0,0.0,25.096267190569744,,0.0,0.0,17.932038834951456,0.0,0.0,14.243523316062175,10.5,4.118457300275482,3.293956043956044,0.0,0.0,-1.0,-1.0,0.0,12.59438775510204,0.0,27.602409638554217,14.984615384615385,0.0,28.53008130081301,0.0,0.0,0.0,0.0,0.0,0.0,0.0,2.8579234972677594,2.3076923076923075,0.0,0.0,0.0,0.0,24.893402777777776,23.640722222222223,23.634486111111112,62.012791666666665,23.250541666666667,23.764444444444447,24.185194444444445,24.51332406119611,25.151527777777776,23.133916666666668,23.49512534818941,23.32236111111111,23.310902777777777,24.019569444444446,22.893625,21.84698611111111,25.06816666666667,,22.67183333333333,22.923805555555557,24.280402777777777,23.90968055555556,23.05936111111111,23.257986111111112,23.86116666666667,25.59636111111111,22.45020833333333,22.90761111111111,23.80519444444445,22.828625,22.663138888888888,22.003972222222224,23.02244444444445,22.860875000000004,24.96735744089012,24.86145833333333,22.621877607788598,25.52983333333333,23.45506241331484,23.56572222222222,22.60001388888889,22.829138888888888,22.143125,23.51513888888889,24.153472222222224,25.67409722222222,23.037847222222226,23.49423611111111,25.714694444444447,24.38083333333333,24.64208333333333
82,2013-08-27 01:00:00,533.1527777777778,540.0486111111111,407.5930555555556,511.0180555555556,395.3861111111111,470.94305555555553,426.7472222222222,479.2708333333333,728.3333333333334,555.6333333333333,453.90833333333336,430.53333333333336,406.2586926286509,499.1375,539.4680555555556,487.9625,392.8013888888889,,450.49305555555554,421.55153203342616,550.0236111111111,499.9555555555556,454.74305555555554,339.6041666666667,396.8319444444445,501.00694444444446,407.4784422809458,476.019471488178,527.3222222222222,537.1949860724234,463.78472222222223,482.4125,178.8375,486.8430555555556,577.5402777777778,596.4055555555556,456.5986111111111,453.93055555555554,431.0375,459.6902777777778,369.59583333333336,392.1847222222222,427.9902777777778,238.05277777777775,451.9916666666667,399.1222222222222,580.2875,535.0819444444444,449.7166666666666,449.9166666666667,578.0388888888889,44.7755,53.82616666666667,53.68047222222223,54.43397222222222,54.08938888888889,53.81338888888889,52.03019444444444,51.812041666666666,50.57130555555556,55.10186111111111,55.03630555555556,49.43791666666667,55.72738888888889,52.89581944444444,56.50325,60.77558333333333,48.55918055555556,,56.38969444444445,56.3009396914446,53.98816666666667,53.13584722222222,57.34079166666667,55.921083333333335,54.12752777777778,51.22980555555556,58.20219444444445,56.158111111111104,53.57968055555556,57.03136111111111,55.90722222222222,57.52026388888889,53.686388888888885,56.21791666666667,49.98741666666667,52.02530555555556,56.447652777777776,51.52394444444444,53.57409722222222,54.01005555555555,53.63830555555556,52.95009722222222,58.54130555555555,54.22816666666667,51.72454166666667,47.27434722222222,55.92044444444445,53.29584144645341,46.51669444444444,51.23413888888889,51.18606944444445,214.55972222222223,71.58611111111111,54.01111111111111,157.44583333333333,179.66944444444445,218.45416666666668,3.5791666666666666,6.570833333333334,26.10833333333333,3.988888888888889,4.580555555555556,3.2263888888888888,3.3847222222222224,3.629166666666667,5.725,7.793055555555555,543.0375,,12.884722222222225,3.436185133239832,5.838888888888889,3.6180555555555554,3.5861111111111112,42.25,12.947222222222225,165.70277777777778,214.7333333333333,216.63333333333333,223.41805555555555,69.80972222222222,9.838888888888889,106.7611111111111,74.01666666666667,17.354166666666668,42.40694444444444,30.877777777777776,21.169444444444444,2176.133333333333,109.35,399.4611111111111,495.4611111111111,3.9305555555555554,207.0458333333333,5.188888888888889,3.3194444444444446,133.82638888888889,10.290277777777778,4.82058414464534,4.3902777777777775,7.3180555555555555,50.87638888888889,0.0,0.0,0.0,0.0,0.0,0.0,0.0,2.0760869565217392,4.8975741239892185,0.0,0.0,0.0,0.0,0.0,0.0,2.5824175824175826,0.0,,7.684782608695652,0.0,0.0,0.0,0.0,6.962466487935657,21.321608040201006,0.0,0.0,0.0,0.0,-1.0,-1.0,0.0,7.62125340599455,0.0,27.89423076923077,3.324324324324324,0.0,29.260188087774296,0.0,0.0,0.0,0.0,0.0,0.0,0.0,1.950413223140496,4.420634920634921,0.0,0.0,0.0,0.0,25.381638888888887,23.65888888888889,23.776680555555554,124.47015277777776,23.445486111111112,24.05386111111111,24.219930555555557,24.565708333333337,25.192319444444447,23.172069444444443,23.529472222222225,23.357722222222225,23.342041666666667,24.045291666666667,22.925666666666665,21.835097222222224,26.119097222222223,,23.00748611111111,22.864838709677414,23.79813888888889,23.778375,23.042041666666663,23.331361111111107,23.72208333333333,25.62218055555556,22.388444444444445,23.006888888888888,23.80638888888889,22.945527777777777,22.67275,22.23536111111111,23.31511111111111,22.779560185185183,24.703236111111117,24.54083333333333,22.693875,24.589222222222222,23.662222222222223,23.746666666666663,22.885638888888888,22.85513888888889,22.30658333333333,23.53472222222222,24.17743055555556,25.81481944444444,22.782180555555552,23.3087899860918,25.516416666666665,24.09638888888889,24.494847222222223
83,2013-08-27 02:00:00,497.06944444444446,499.2865090403338,369.88595271210016,469.9694444444444,358.6722222222222,432.98609179415854,394.1736111111111,445.3444444444444,504.7705146036161,513.3059805285118,421.1182197496522,397.6069444444444,375.50694444444446,461.44305555555553,497.3008356545961,529.2753824756606,350.6138888888889,,409.3796940194715,386.0027816411682,490.2809457579973,462.3986111111111,420.8027777777778,274.87638888888887,344.43055555555554,460.8944444444445,372.1375,440.45,491.6402777777778,498.0571030640669,425.05702364395,454.525,136.13611111111112,490.9513888888889,571.1305555555556,548.5229485396384,422.5194444444445,383.182197496523,399.9680111265647,427.4013888888889,338.2013888888889,357.26666666666665,388.6383866481224,209.1375,410.3866481223922,342.6222222222222,623.682892906815,495.3449235048679,415.9318497913769,416.1902777777778,531.7872044506258,44.02258333333333,53.41268802228412,53.02954166666666,54.21636111111111,53.61806675938804,52.62458333333333,51.80865277777777,51.55656944444445,50.34493055555556,54.868180555555554,54.81717663421419,49.26189151599443,55.52611111111111,52.644033379694015,56.06359722222222,60.04190277777778,47.534375,,54.82930458970792,56.20241666666666,54.04091794158553,53.0733147632312,57.06186369958275,55.76253129346315,53.77649513212796,51.35041724617524,57.39279554937413,55.46997218358831,52.999208333333335,56.381335187760776,55.57219444444445,56.80016666666667,53.14311543810849,-1.0,50.00784422809458,52.15038942976356,55.726995827538246,52.50065368567455,52.52730555555555,52.931152777777775,52.3985,52.77515994436718,57.571333333333335,54.07693055555556,51.63048611111112,47.14938803894298,56.62045833333334,53.358762169680105,46.50972183588317,51.736875000000005,51.47213888888889,38.09444444444444,39.49025069637883,22.780555555555555,72.36944444444444,87.4269819193324,112.54722222222222,3.536111111111111,2.798611111111111,5.138888888888889,5.255555555555556,4.304589707927677,2.831710709318498,3.2875,3.258692628650904,3.8097222222222222,42.28611111111111,140.37916666666666,,8.876216968011127,3.230555555555556,4.9694019471488176,3.502785515320334,3.484005563282337,2.713490959666203,8.648122392211405,11.518776077885953,153.72322670375522,110.02364394993046,127.0125,44.71766342141864,5.505555555555556,10.005555555555556,17.417246175243395,-1.0,38.37134909596662,30.759388038942976,7.700973574408901,2153.703755215577,58.68055555555556,207.66805555555555,210.87916666666663,3.8331015299026423,103.01527777777778,5.091666666666667,3.3833333333333333,59.578581363004176,28.20138888888889,4.817802503477052,4.171070931849791,4.298611111111111,22.040277777777774,0.0,0.0,0.0,0.0,0.0,0.0,0.0,0.0,0.0,0.0,0.0,0.0,0.0,0.0,0.0,8.642076502732241,0.0,,0.0,0.0,0.0,0.0,0.0,0.0,11.10372340425532,2.815934065934066,0.0,0.0,0.0,-1.0,-1.0,0.0,7.7226463104325695,0.0,27.96875,5.549222797927461,0.0,20.468131868131863,0.0,0.0,0.0,0.0,0.0,0.0,0.0,2.302452316076294,16.21689497716895,0.0,0.0,0.0,0.0,25.45330555555556,23.686392757660165,23.87348611111111,75.02215277777778,23.478929068150208,24.372027777777777,24.237347222222223,24.612583333333337,24.852375,23.16466666666667,23.54682892906815,23.371223922114048,23.36252777777778,24.068901251738527,22.947388888888888,22.18733333333333,26.043416666666666,,23.48504867872045,22.818944444444444,23.6959388038943,23.70928969359332,23.059777468706532,23.20835883171071,23.684881780250347,25.42236111111111,22.58553546592489,23.236745479833104,24.00234722222222,23.143421418636997,22.698013888888887,22.409097222222226,23.38087621696801,-1.0,24.728998609179417,24.368205841446457,22.89815020862309,23.978261474269814,23.968944444444443,24.07793055555556,23.282375,22.83802503477052,22.540166666666668,23.50220833333333,24.129986111111112,25.58837273991655,22.687125,23.21606397774687,25.501432545201663,23.812277777777776,24.24670833333333
84,2013-08-27 03:00:00,470.9638386648122,473.029207232267,349.62916666666666,449.05694444444447,332.40416666666664,405.9333333333333,362.93055555555554,407.1847222222222,457.59722222222223,484.1766342141864,387.8344923504868,367.4902506963789,344.81944444444446,428.4206128133705,480.9207232267037,429.3727399165508,322.0097222222222,,346.0611111111112,360.02222222222224,450.59722222222223,436.383008356546,393.32451253481895,245.61196105702365,273.80945757997216,428.5549374130737,350.9233983286908,412.81111111111113,464.2573018080668,464.5430555555556,397.62638888888887,432.2757660167131,103.557719054242,447.7260083449235,498.6050069541029,414.22253129346313,398.3263888888889,336.9457579972184,368.8625,401.2103064066852,313.9694019471488,329.70055710306406,368.614742698192,186.3272980501393,379.67083333333335,308.686797752809,505.9930458970793,470.0152777777778,391.0652777777778,384.0069637883008,500.3361111111111,44.55676880222841,53.788066759388045,53.718859527121005,54.38827777777777,54.399429763560505,53.05718662952646,51.75783031988873,51.4800417827298,50.69659248956884,54.97816411682892,54.81194444444444,49.21997222222222,55.493574408901246,52.59974965229485,56.2408774373259,59.38180806675939,49.73397774687066,,54.68158333333333,56.45275,54.08108484005564,53.2707371349096,57.14009735744089,56.05150208623088,54.25571627260084,52.02023643949931,57.87514603616134,55.65888888888889,53.40542538354254,56.34027777777778,55.69741307371349,56.84325,54.05233333333334,-1.0,49.86022222222222,52.16366666666667,55.71111111111111,54.30098611111111,52.97412256267409,53.53676388888889,52.561128133704734,52.8652990264256,58.07787204450626,54.20887343532684,51.66860724233984,48.72720833333333,56.86356545961003,53.57827538247566,46.52134722222223,52.457130919220056,52.44051532033426,3.948467966573816,17.69401947148818,3.4965229485396385,3.841666666666667,18.43949930458971,27.81615598885794,3.5396383866481225,2.9094707520891365,3.8998609179415857,3.74547983310153,4.138888888888889,2.816666666666667,3.318497913769124,3.1043115438108484,3.814763231197772,3.325452016689847,3.144645340751043,,3.6041666666666665,3.35,5.184979137691238,3.474269819193324,3.534075104311544,2.6495132127955494,3.929068150208623,6.146036161335188,4.228094575799722,3.831944444444445,3.5467224546722456,6.751388888888889,4.172461752433936,4.065277777777778,3.7777777777777777,-1.0,36.66666666666666,10.926388888888887,3.3569444444444443,2164.3944444444446,4.413649025069638,4.323611111111111,3.857938718662953,3.7621696801112656,3.379694019471488,5.00278164116829,3.253481894150418,5.790277777777778,6.635097493036212,4.680111265646731,4.2875,3.6977715877437327,7.1754874651810585,0.0,0.0,0.0,0.0,0.0,0.0,0.0,0.0,0.0,0.0,0.0,0.0,0.0,0.0,0.0,0.0,0.0,,0.0,0.0,0.0,0.0,0.0,0.0,0.0,0.0,0.0,0.0,0.0,-1.0,-1.0,0.0,0.0,0.0,26.6479217603912,0.1833333333333333,0.0,19.52400835073069,0.0,0.0,0.0,0.0,0.0,0.0,0.0,0.0,0.0,0.0,0.0,0.0,0.0,25.171532033426185,23.513004172461752,23.61588317107093,64.12109722222223,23.211891515994434,24.12825905292479,24.23225312934631,24.60540389972145,24.61941585535466,23.13689847009736,23.540097222222222,23.378916666666665,23.3567454798331,24.063254520166897,22.99699164345404,22.37027816411683,24.975479833101527,,23.43933333333333,22.76509722222222,23.63335187760779,23.65739916550765,23.06051460361613,23.086495132127958,23.354005563282332,25.195666666666668,22.368609179415856,23.08347222222222,23.771504178272977,23.095194444444445,22.73529902642559,22.45043055555556,22.980833333333333,-1.0,24.7895,24.167125,22.98334722222222,23.44383333333333,23.636796657381616,23.695277777777772,23.025891364902503,22.827134909596666,22.327913769123786,23.475062586926285,24.138454038997214,24.93388888888889,22.477590529247912,23.216509040333797,25.60120833333333,23.60598885793872,23.90197771587744
85,2013-08-27 04:00:00,475.6216968011127,478.7858136300417,355.26944444444445,456.25694444444446,339.62083333333334,417.2472222222222,355.975,402.1125,453.96527777777777,485.7162726008345,382.172461752434,360.21059972106,338.12638888888887,425.136680613668,490.0375521557719,432.6981919332406,322.1166666666667,,328.0083333333333,363.87916666666666,437.4555555555556,441.0557880055788,397.3682008368201,247.62865090403335,269.1502086230876,434.11682892906816,356.697350069735,417.4666666666666,469.1555555555556,471.5138888888889,407.72083333333336,439.0334728033473,112.07093184979138,439.2944444444444,458.7844228094576,327.1255230125523,406.93194444444447,355.4923291492329,373.9680555555556,404.2817294281729,318.1098748261474,332.63458856345886,381.6592489568845,187.6429567642957,379.0361111111111,315.9442896935933,509.2865090403338,474.27777777777777,394.8086592178771,388.8870292887029,504.23333333333335,44.12566248256625,53.18486787204451,53.17059805285119,53.86523611111112,53.78886111111112,52.70822873082288,51.27972183588317,50.99013947001395,50.20979137691237,54.11018080667594,54.22090277777778,48.733263888888885,55.01054242002782,51.98510460251046,54.367880055788,57.96423611111111,50.50152990264256,,54.01798882681564,55.71279166666667,53.81448324022346,52.58899860917941,56.32002793296089,55.326564673157165,53.88966480446928,51.06396383866481,57.30806675938804,55.39275,53.27340751043116,55.78243055555556,54.63189151599444,55.75825,53.72444444444445,-1.0,49.187041666666666,51.76431944444444,54.68658333333333,53.01361111111112,53.09704323570433,53.71765277777778,52.69414225941422,52.22922114047287,57.528678720445065,53.58611961057024,51.07181311018131,48.81475,56.16557262569833,53.05426183844011,45.91983333333333,52.15190542420028,52.33557880055788,3.8270571827057194,17.3643949930459,3.443671766342142,3.6125,18.2,27.502092050209207,3.446453407510431,2.868898186889819,3.219749652294854,3.2878998609179417,4.106944444444444,2.793055555555556,3.283727399165508,3.228730822873082,3.822873082287308,3.3361111111111112,2.9833101529902644,,3.5237430167597767,3.4125,5.217877094972067,3.4367176634214185,3.446927374301676,2.5910987482614742,3.79608938547486,6.17663421418637,4.119610570236439,3.591666666666667,3.164116828929068,6.643055555555556,4.161335187760779,4.008333333333334,3.7472222222222222,-1.0,16.648611111111112,3.136111111111111,3.3180555555555555,2165.833333333333,3.96931659693166,3.5027777777777778,3.591352859135286,3.751043115438109,2.873435326842837,4.859527121001391,3.2189679218967924,4.563888888888889,4.807262569832402,3.1406685236768803,4.061111111111111,3.489568845618915,6.933054393305439,0.0,0.0,0.0,0.0,0.0,0.0,0.0,0.0,0.0,0.0,0.0,0.0,0.0,0.0,0.0,0.0,0.0,,0.0,0.0,0.0,0.0,0.0,0.0,0.0,0.0,0.0,0.0,0.0,-1.0,-1.0,0.0,0.0,0.0,3.024725274725274,0.0,0.0,28.16955684007707,0.0,0.0,0.0,0.0,0.0,0.0,0.0,2.467391304347826,0.0,0.0,0.0,0.0,0.0,24.9042119944212,23.400681502086236,23.45109874826148,62.40447222222223,23.10826388888889,23.84433751743375,24.20696801112657,24.58648535564853,24.440152990264256,23.112948539638385,23.50986111111111,23.35127777777778,23.33538247566064,24.040278940027896,23.013640167364017,22.38556944444444,24.119040333796946,,23.224008379888268,22.68813888888889,23.52367318435754,23.609179415855355,23.04477653631285,23.028428372739917,23.139888268156422,25.20758333333333,22.01545201668985,22.73475,23.34888734353268,22.854972222222223,22.69397774687065,22.41111111111111,22.698138888888888,-1.0,24.651791666666668,23.819166666666664,22.970125000000003,23.499152777777777,23.21094839609484,23.202166666666667,22.49276150627615,22.80509040333797,21.973727399165508,23.447941585535464,24.13239888423989,24.41875,22.156424581005588,23.20135097493036,25.672777777777775,23.362906815020864,23.46426778242678
86,2013-08-27 05:00:00,474.1541666666666,484.8117154811716,359.2625,459.9513888888889,344.6041666666667,422.1736111111111,355.0861111111111,402.7819444444444,458.55694444444447,491.73919107391913,384.50069735006974,363.8958333333333,339.91805555555555,429.5152777777778,484.9205020920502,437.26359832635984,319.9638888888889,,327.3305555555556,371.07391910739193,439.1430555555556,445.0875,404.2083333333333,248.8038942976356,274.5257301808067,441.3588317107093,361.5722222222222,422.15,471.61944444444447,472.6763888888889,415.2663877266388,442.3083333333333,118.74269819193324,435.925,433.31388888888887,320.3226703755216,413.43194444444447,356.0667593880389,378.87361111111113,411.0777777777778,318.567454798331,338.82916666666665,391.07093184979135,191.3805555555556,385.70416666666665,319.69401947148816,536.723849372385,479.0013947001395,403.6694444444444,393.11404728789984,506.6486111111111,43.984319444444445,52.71432357043236,52.78097222222223,53.52988888888888,53.18106944444445,52.53354166666667,50.69831710709318,50.43931944444444,49.80072322670376,53.38685674547983,53.54055788005579,48.119235048678725,54.42693055555556,51.250919220055714,54.642486111111104,57.038916666666665,51.27270833333333,,53.76730180806676,55.054125,53.3291933240612,52.08732217573222,55.639749652294846,54.64852161785216,53.623583333333336,50.89563458856345,57.4250495049505,55.29675,53.49521557719054,55.54823611111111,54.10484005563282,55.15398611111112,53.56168758716876,-1.0,49.05511111111111,51.36965277777778,54.17740277777778,51.44553695955369,53.18087500000001,53.89719444444445,53.44716666666667,51.72037656903766,57.6182892906815,52.98294853963839,50.50264255910988,48.99603905160391,56.47343055555556,52.49033333333333,45.121319444444445,51.985159944367176,52.63034722222222,3.859722222222222,17.24407252440725,3.404166666666667,3.5902777777777777,18.156944444444445,27.508333333333333,3.458970792767733,2.8569444444444443,3.478442280945758,3.258692628650904,4.157601115760111,2.710709318497914,3.334722222222222,3.043175487465181,3.7430555555555554,3.361111111111111,2.969444444444445,,3.545201668984701,3.418055555555556,5.169680111265647,3.4435146443514646,3.489568845618915,2.497907949790795,3.733333333333333,6.0781032078103205,4.169731258840169,3.5277777777777777,3.129346314325452,6.606944444444444,4.133518776077886,3.983333333333333,3.7503486750348674,-1.0,3.2583333333333333,3.098611111111111,3.3180555555555555,2148.6931659693164,4.002777777777778,3.4277777777777776,3.594444444444445,3.702928870292887,2.951321279554937,4.812239221140473,3.1710709318497914,4.467224546722455,17.934722222222224,2.995833333333333,4.072222222222222,3.6216968011126567,7.025,0.0,0.0,0.0,0.0,0.0,0.0,0.0,0.0,0.0,0.0,0.0,0.0,0.0,0.0,0.0,0.0,0.0,,0.0,0.0,0.0,0.0,0.0,0.0,0.0,0.0,0.0,0.0,0.0,-1.0,-1.0,0.0,0.0,0.0,0.0,0.0,0.0,23.21344537815126,0.0,0.0,0.0,0.0,0.0,0.0,0.0,0.0,5.711956521739131,0.0,0.0,0.0,0.0,24.63354166666667,23.39428172942817,23.43043055555556,61.58269444444444,23.14245833333333,23.591097222222224,24.1798331015299,24.546291666666665,24.29052851182197,23.067663421418636,23.470139470013947,23.32958275382476,23.305402777777772,24.003621169916432,22.46988888888889,22.376347222222225,23.600819444444443,,22.96104311543811,22.639652777777776,23.43997218358832,23.48670850767085,22.941321279554938,22.94012552301255,22.90959722222222,25.02908333333333,21.711117397454032,22.412305555555555,22.95934631432545,22.578902777777778,22.57066759388039,22.37177777777778,22.541087866108786,-1.0,24.28827777777778,23.619875,22.820611111111116,23.81755927475593,22.86145833333333,22.819208333333336,21.867902777777772,22.753723849372385,21.69200278164117,23.401196105702365,24.074812239221146,24.098926080892607,21.890819444444443,23.219763888888888,25.81797222222222,23.156550764951323,23.070305555555557
87,2013-08-27 06:00:00,470.1222222222222,484.2684283727399,358.6309192200557,458.7799442896936,343.34027777777777,418.6908077994429,354.4375,399.6378830083565,456.1643454038997,489.0681502086231,382.7437325905293,360.1138888888889,340.16805555555555,427.33472222222224,468.51114206128136,435.1418636995828,314.1152777777778,,326.3454038997215,367.9388038942976,439.4373259052925,441.8388888888889,397.77777777777777,247.48122392211403,276.4144645340751,439.0806675938804,360.575,419.8902777777778,470.6555555555556,472.9082058414464,412.2058414464534,437.23333333333335,113.59666203059804,433.4763888888889,428.4555555555556,316.5527777777778,409.1891515994437,327.5458333333333,374.5362116991644,408.5416666666667,314.095966620306,335.5472222222222,394.62638888888887,191.85972222222225,383.43036211699166,318.2378303198888,568.9568845618916,484.45340751043113,405.45,392.5396383866481,500.5306406685237,44.175375,52.426703755215584,52.54716666666666,53.28268055555555,52.90091922005571,52.72118055555556,50.33052777777778,50.10334722222223,49.66328233657858,53.06112656467317,53.15006954102921,47.7816573816156,54.05211111111111,50.88027777777777,57.36440277777778,56.65448611111112,52.073819444444446,,54.06426388888888,54.761486111111104,53.03838888888889,52.15791376912379,55.70754166666666,54.673138888888886,53.974236111111104,51.02257301808067,57.80919332406119,55.46894150417827,53.94550764951321,55.82696378830084,54.07993045897079,55.01461002785515,53.50834492350487,-1.0,49.285083565459615,51.23295264623956,54.16324512534819,53.12794158553546,53.591,54.34811111111111,54.54127777777778,51.49343532684284,58.04324061196106,52.68744089012517,50.26833101529903,49.47977746870654,56.380652777777776,52.13602777777778,44.56892757660167,52.05888734353268,53.15976388888889,3.85,17.27260083449235,3.368055555555556,3.5861111111111112,18.175487465181057,27.531944444444445,3.4291666666666667,2.8180555555555555,3.801112656467316,3.2503477051460363,4.093184979137691,2.7423398328690807,3.2319444444444443,3.225,3.7125,3.3194444444444446,2.970833333333333,,3.555555555555556,3.3652777777777776,5.190277777777778,3.388038942976356,3.4791666666666665,2.5625,3.669444444444444,6.180806675938804,4.095966620305981,3.554317548746518,3.141863699582754,6.616991643454039,4.115438108484006,4.032033426183844,3.770514603616133,-1.0,3.260445682451253,3.086350974930362,3.288300835654596,2152.4826147426984,3.956944444444445,3.522222222222222,3.531944444444445,3.691237830319889,2.9360222531293463,4.80528511821975,3.2058414464534075,4.394993045897079,27.625,2.9097222222222223,4.144846796657381,3.653685674547983,4.513888888888889,0.0,0.0,0.0,0.0,0.0,0.0,0.0,0.0,0.0,0.0,0.0,0.0,0.0,0.0,0.0,0.0,0.0,,0.0,0.0,0.0,0.0,0.0,0.0,0.0,0.0,0.0,0.0,0.0,-1.0,-1.0,0.0,0.0,0.0,0.0,0.0,0.0,0.0,0.0,0.0,0.0,0.0,0.0,0.0,0.0,0.0,0.0,0.0,0.0,0.0,0.0,24.39413888888889,23.37751043115438,23.413875,60.78352777777778,23.096030640668523,23.37369444444445,24.160555555555558,24.517069444444445,24.189165507649516,23.032837273991657,23.43979137691238,23.29391364902507,23.272513888888888,23.89870833333333,21.464472222222224,22.341,23.223222222222223,,22.69540277777778,22.60818055555556,23.370430555555554,23.29143254520167,22.742125,22.759833333333336,22.6205,24.87157381615599,21.477719054242,22.16731197771588,22.64364394993046,22.304470752089134,22.436411682892903,22.319958217270194,22.49019471488178,-1.0,24.00066852367688,23.47467966573816,22.66633704735376,22.975326842837276,22.55447222222222,22.50402777777778,21.36059722222222,22.7004033379694,21.475257301808064,23.347941585535462,24.00436717663421,23.80201668984701,22.032805555555555,23.21736111111111,25.909860724233983,23.01746870653686,22.77975
88,2013-08-27 07:00:00,465.9291666666667,480.7162726008345,356.6740947075209,457.4317548746518,342.2472222222222,416.6824512534819,355.4347222222222,398.93036211699166,454.0306406685237,487.883008356546,382.2531293463143,360.855354659249,336.90277777777777,424.0417246175243,463.7454798331015,434.07093184979135,313.7013888888889,,324.991643454039,365.44444444444446,437.6281337047354,439.6717663421418,396.1210013908206,247.59027777777777,276.0875,435.3944444444445,360.66203059805287,418.3777777777778,469.40972222222223,472.076495132128,412.51321279554935,435.68706536856746,104.87777777777778,432.8958333333333,426.0625,316.5855354659249,407.45543175487467,328.35465924895686,372.1654978962132,405.94297635605005,309.40694444444443,333.6495132127956,397.6063977746871,189.5910987482615,379.849582172702,318.1847222222222,547.009735744089,484.3101529902642,406.0973574408901,391.1138888888889,498.15738161559887,44.751682892906814,52.48438108484005,52.65575,53.42048611111111,53.031768802228406,53.28351877607789,50.24027777777778,50.02880389429763,49.87001388888889,53.187027777777786,53.12477051460362,47.73567454798331,53.969125000000005,50.985438108484,59.49354659248957,56.90951388888889,53.13272222222222,,54.807426981919335,54.89866666666667,53.002795549374135,52.44515994436718,56.07208623087622,55.09135097493036,54.46949930458971,51.14253129346315,58.57534075104312,56.05455431754874,54.690333333333335,56.47841225626741,54.54986111111111,55.20491643454039,53.78737134909597,-1.0,49.76745125348189,51.45676880222841,54.68284122562674,54.9107371349096,54.29736111111111,55.170752089136485,55.61703755215577,51.594367176634215,58.68856944444444,52.74145833333333,50.34273611111111,50.35107093184979,56.386161335187765,51.993138888888886,44.36256624825663,52.47148611111111,54.06855354659249,3.7858136300417247,17.31432545201669,3.4430555555555555,3.5861111111111112,18.143454038997213,27.63421418636996,3.4569444444444444,2.9318497913769126,4.0125,3.248611111111111,4.05980528511822,2.727399165507649,3.308333333333333,3.1613351877607787,3.7079276773296246,3.3513888888888888,3.676388888888889,,3.541029207232267,3.3375,5.061196105702364,3.389429763560501,3.399165507649513,2.584958217270195,3.64673157162726,6.21557719054242,4.13769123783032,3.5612813370473537,3.1305555555555555,6.552924791086351,4.113888888888889,3.997214484679666,3.7719054242002783,-1.0,3.2395543175487465,3.116991643454039,3.267409470752089,2174.089012517385,3.970833333333333,3.5417827298050137,3.5785813630041723,3.68567454798331,2.9652777777777777,4.808333333333334,3.1847222222222222,4.45201668984701,25.958275382475662,2.969444444444445,4.139470013947001,3.640277777777778,3.6995827538247568,0.0,0.0,0.0,0.0,0.0,0.0,0.0,0.0,0.0,0.0,0.0,0.0,0.0,0.0,0.0,0.0,0.0,,0.0,0.0,0.0,0.0,0.0,0.0,0.0,0.0,0.0,0.0,0.0,-1.0,-1.0,0.0,0.0,0.0,0.0,0.0,0.0,0.0,0.0,0.0,0.0,0.0,0.0,0.0,0.0,0.0,2.967032967032967,0.0,0.0,0.0,0.0,24.193741307371347,23.30421418636996,23.350722222222224,59.16204166666667,23.01395543175488,23.21297635605007,24.154402777777776,24.496592489568844,24.12911111111111,23.010513888888887,23.418595271210016,23.274520166898476,23.245444444444445,23.813796940194717,20.997927677329624,22.290277777777774,22.924569444444444,,22.474756606397776,22.591791666666666,23.31624478442281,23.19019471488178,22.630139082058413,22.637869080779943,22.460445062586924,24.81227019498607,21.307885952712105,21.959373259052924,22.386472222222224,22.07782729805014,22.30956944444444,22.261142061281337,22.40567454798331,-1.0,23.78544568245125,23.35008356545961,22.495905292479108,22.42692628650904,22.325875,22.229164345403905,21.048970792767733,22.651696801112656,21.36702777777778,23.307430555555552,23.94563888888889,23.542934631432544,22.051015299026425,23.23708333333333,25.938172942817296,22.918694444444444,22.532878998609178
89,2013-08-27 08:00:00,456.76666666666665,472.5930555555556,350.67037552155773,450.3018080667594,334.06388888888887,408.403337969402,347.6097222222222,393.0139082058415,447.2072322670376,479.3633841886269,375.4508928571428,352.0097493036212,331.4986111111112,417.9373259052925,452.4105409153953,424.65,305.175,,317.43393602225314,358.2896935933148,431.5444444444444,431.4122562674095,389.6248256624826,241.5598885793872,268.3222222222222,428.7785515320334,355.70055710306406,413.8776077885953,459.9638888888889,462.3490959666203,402.8361111111111,430.7465181058496,91.47214484679664,424.2055555555556,417.3722222222222,310.7423398328691,397.894297635605,321.24791086350973,362.80806675938805,397.4526462395543,299.56666666666666,324.01114206128136,387.4428969359332,184.22144846796655,373.7872044506259,308.5598885793872,528.5933147632312,477.0180555555556,398.55509065550905,382.96518105849583,487.99860917941584,45.87059888579387,53.05330555555555,53.28190277777778,54.10415277777778,53.71456944444444,54.38642061281337,50.54373611111111,50.345355648535566,50.567986111111104,53.93390277777778,53.60573611111111,48.11705555555555,54.29774999999999,51.57012534818941,61.7783008356546,57.92486111111111,54.82954166666666,,56.19030640668524,55.66204166666667,53.36136490250696,53.14072222222222,57.05101671309192,56.00359331476324,55.41927576601672,51.62098474341193,60.00159722222222,57.161196105702366,55.9558217270195,57.73002840909091,55.65266016713092,56.07687065368567,54.49934722222222,55.57428571428572,50.794923504867874,52.21757997218359,55.93574408901252,56.857513888888896,55.47516713091922,56.488595271210016,57.076796657381614,52.15645833333333,59.83227019498607,53.297152777777775,50.85817548746518,51.75783333333333,57.42266016713092,52.301155988857936,44.54820334261839,53.48027855153204,55.62462395543175,3.8342618384401113,17.341666666666665,3.484722222222222,3.640277777777778,18.166666666666668,27.625348189415043,3.458333333333333,2.8953974895397487,3.920833333333333,3.2694444444444444,4.081944444444445,2.7583333333333333,3.2569444444444446,3.1253481894150417,3.754874651810585,3.2805555555555554,3.8680555555555554,,3.513927576601671,3.3375,4.835654596100278,3.4458333333333333,3.4610027855153205,2.573816155988858,3.746518105849582,6.110957004160888,4.108333333333333,3.4450625869262863,3.129526462395543,6.5852272727272725,4.154596100278551,3.977746870653686,3.776388888888889,4.571428571428571,3.2100139082058416,3.083449235048678,3.283727399165508,2169.993055555556,3.981894150417827,3.4923504867872044,3.573816155988858,3.7597222222222224,2.930362116991644,4.761111111111111,3.097493036211699,4.543055555555555,20.055710306406684,2.856545961002785,4.065459610027856,3.639275766016713,3.7284122562674096,0.0,0.0,0.0,0.0,0.0,0.0,0.0,0.0,0.0,0.0,0.0,0.0,0.0,0.0,0.0,0.0,0.0,,0.0,0.0,0.0,0.0,0.0,0.0,0.0,0.0,0.0,0.0,0.0,-1.0,-1.0,0.0,0.0,0.0,0.0,0.0,0.0,0.0,0.0,0.0,0.0,0.0,0.0,0.0,0.0,0.0,2.1580381471389645,0.0,0.0,0.0,0.0,24.025027855153205,23.215055555555555,23.27570833333333,55.97868055555556,22.931875,23.11142061281337,24.167347222222222,24.48927475592748,24.099916666666665,23.001847222222224,23.41365277777778,23.26255555555556,23.235569444444444,23.75954038997214,20.77651810584958,22.255930555555555,22.689,,22.294805013927576,22.583277777777777,23.277367688022284,23.17238888888889,22.540557103064064,22.57984679665738,22.35973537604457,24.76567454798331,21.17822222222222,21.809443671766346,22.19038997214485,21.871150568181815,22.216309192200555,22.158094575799723,22.345791666666667,22.53142857142857,23.588706536856744,23.24475660639777,22.339860917941586,22.08736111111111,22.15235376044568,22.02283727399165,20.83924791086351,22.613652777777776,21.30515320334262,23.28447222222222,23.90306406685237,23.316791666666667,21.98856545961003,23.253105849582173,25.95376044568245,22.824749303621168,22.32197771587744
90,2013-08-27 09:00:00,451.9122562674095,467.8816155988858,346.62169680111265,441.89406779661016,326.49721448467966,404.29485396383865,342.6050069541029,387.1307371349096,442.105702364395,474.365329512894,369.5,349.21199442119945,324.41143654114364,413.3305439330544,451.9359331476323,421.1350974930362,301.0807799442897,,311.6258692628651,353.46518105849583,425.0362116991644,428.3649025069638,383.45340751043113,236.6142061281337,265.97353760445685,422.874826147427,353.98609179415854,409.287899860918,456.2451253481894,457.12133891213387,398.7799442896936,427.7674094707521,90.35236768802228,420.9011142061281,409.84261838440113,305.33565459610026,393.49374130737135,318.933147632312,358.92765957446807,391.0807799442897,293.8064066852368,318.6309192200557,383.5376044568245,180.23398328690809,368.557719054242,302.43036211699166,487.0194986072423,464.96796657381617,389.0388888888889,380.5632823365786,481.8998609179416,46.61465181058496,53.57483286908079,53.75469359331477,54.66603064066853,54.27346796657381,55.04237830319889,50.76839832869081,50.582729805013926,51.01657381615599,54.359721448467965,53.98720445062588,48.45536211699164,54.60025069637884,52.05403899721449,62.46410292072323,58.36598885793872,55.67965181058496,,57.02757660167131,56.10561281337048,53.70913649025069,53.54321279554937,57.57805013927577,56.47034818941504,55.98557103064067,52.02233983286908,60.61283727399165,57.91603616133519,56.6770792767733,58.55803894297636,56.318513888888894,56.62012517385258,55.06025069637883,-1.0,51.51738525730181,52.817399165507645,56.726175243393605,57.93388038942976,56.25599443671766,57.38681502086232,58.00895543175488,52.485368567454806,60.4049442896936,53.62940111420613,51.22949860724234,52.71246175243394,58.32137883008357,52.509805013927576,44.679387186629526,54.18229485396384,56.600167364016734,3.788300835654596,17.42757660167131,3.3983286908078,3.594707520891365,18.16016713091922,27.6230876216968,3.456824512534819,2.885793871866295,3.952646239554317,3.222841225626741,4.062586926286509,2.745125348189415,3.21866295264624,3.1086350974930363,3.732962447844228,3.332869080779944,3.672701949860724,,3.511142061281337,3.328690807799443,4.866295264623956,3.50904033379694,3.449860724233983,2.618384401114206,3.768802228412256,6.144846796657381,4.180806675938804,3.522948539638387,3.1738525730180807,6.556328233657858,4.173611111111111,4.052851182197497,3.6573816155988856,-1.0,3.2642559109874827,3.070931849791377,3.2878998609179417,2197.287899860918,3.9860917941585536,3.503477051460361,3.481894150417827,3.723226703755216,2.9220055710306405,4.838440111420613,3.233983286908078,5.015299026425591,3.501392757660167,3.018105849582173,4.065459610027856,3.5952712100139084,3.725244072524408,0.0,0.0,0.0,0.0,0.0,0.0,0.0,0.0,0.0,0.0,0.0,0.0,0.0,0.0,0.0,0.0,0.0,,0.0,0.0,0.0,0.0,0.0,0.0,0.0,0.0,0.0,0.0,0.0,-1.0,-1.0,0.0,0.0,0.0,0.0,0.0,0.0,0.0,0.0,0.0,0.0,0.0,0.0,0.0,0.0,0.0,0.0,0.0,0.0,0.0,0.0,23.842465181058493,23.114192200557103,23.1999860724234,54.43654596100279,22.8424791086351,23.01671766342142,24.192855153203343,24.502172701949863,24.066225626740945,22.99345403899721,23.406550764951323,23.25608635097493,23.22774373259053,23.720376044568244,20.668511821974963,22.23926183844011,22.508022284122564,,22.1491643454039,22.556030640668524,23.250194986072422,23.15328233657858,22.48505571030641,22.527715877437327,22.285612813370477,24.725173852573025,21.07191933240612,21.684561891515997,22.03682892906815,21.703671766342143,22.11252777777778,22.093713490959665,22.25646239554317,-1.0,23.43778859527121,23.149360222531293,22.20806675938804,21.81784422809457,22.01029207232267,21.86394993045897,20.665961002785515,22.5830876216968,21.228607242339837,23.27357938718663,23.87310584958217,23.10528511821975,21.613161559888574,23.251155988857946,25.98133704735376,22.700041724617524,22.123718662952648
91,2013-08-27 10:00:00,449.09052924791087,463.3226703755216,344.2828282828283,437.45340751043113,324.82311977715875,401.3958333333333,340.31015299026427,384.2559109874826,438.9930458970793,472.5028818443804,367.6072423398329,345.5069637883008,322.0877437325905,409.67548746518105,448.0306406685237,418.6008344923505,299.46378830083563,,308.31293463143254,351.9554937413073,421.8289290681502,424.7896935933148,379.1155988857939,237.12813370473535,264.7367688022284,419.3635097493036,353.9150417827298,405.7719054242002,455.96100278551535,454.0125173852573,398.009735744089,423.9052924791087,91.64206128133704,418.1182197496522,406.55153203342616,302.81058495821725,389.0125173852573,316.44150417827296,356.99721835883173,390.3454038997215,291.3147632311978,316.20055710306406,382.87465181058496,179.0640668523677,365.1418636995828,304.24373259052925,485.4777158774373,463.3685674547983,384.1142061281337,378.6601671309192,479.06666666666666,45.30242339832869,52.86164116828929,52.85986072423398,53.812885154061625,53.232433936022254,53.45505571030641,49.8594979079498,49.782186629526464,49.70146239554317,52.792353760445685,52.97215277777777,47.63431754874652,53.789052924791086,51.17079387186629,59.229582172701946,56.30044568245125,53.92107242339833,,55.46516713091922,54.51336578581363,53.025250696378826,52.26181058495822,56.08332869080781,54.92437325905292,54.69048746518106,51.3450557103064,58.46307799442896,56.78913769123783,55.2616713091922,57.25723226703755,54.72401673640168,55.414693593314766,54.03331015299026,-1.0,50.57118055555556,51.89968011126565,55.13322670375522,56.17479166666666,55.12736768802228,56.25297635605007,56.75263231197771,51.38616991643453,58.46036211699165,52.508760445682455,50.31129526462396,51.65495833333333,56.74442896935933,51.817503486750354,44.06764951321279,52.9216852367688,55.09417827298051,3.8259052924791086,17.31432545201669,3.445682451253482,3.607843137254902,18.17107093184979,27.537604456824518,3.422594142259414,2.9094707520891365,4.016713091922005,3.296657381615599,4.075,2.817548746518106,3.288300835654596,3.065459610027855,3.7075208913649034,3.298050139275766,3.7381615598885793,,3.5362116991643453,3.333796940194715,4.894150417827298,3.4080779944289694,3.5055710306406684,2.614206128133705,3.6643454038997216,6.153203342618385,4.1364902506963785,3.4408901251738526,3.103064066852368,6.570236439499305,4.136680613668061,3.973537604456825,3.7663421418637,-1.0,3.205555555555556,3.094575799721836,3.4130737134909594,2163.840277777778,4.061281337047354,3.465924895688456,3.4902506963788302,3.714484679665738,2.85933147632312,4.7994428969359335,3.1448467966573816,5.170833333333333,3.413649025069638,2.96094839609484,4.068150208623088,3.540389972144846,3.7270194986072425,0.0,0.0,0.0,0.0,0.0,0.0,0.0,0.0,0.0,0.0,0.0,0.0,0.0,0.0,0.0,0.0,0.0,,0.0,0.0,0.0,0.0,0.0,0.0,0.0,0.0,0.0,0.0,0.0,-1.0,-1.0,0.0,0.0,0.0,0.0,0.0,0.0,0.0,0.0,0.0,0.0,0.0,0.0,0.0,0.0,0.0,0.0,0.0,0.0,0.0,0.0,23.62864902506964,22.99205841446453,23.09692200557103,54.51978991596639,22.739401947148817,22.902813370473535,24.20959553695955,24.4966713091922,24.01490250696379,22.965,23.383333333333333,23.23488857938719,23.203119777158776,23.667130919220057,20.61967966573816,22.18225626740947,22.26970752089137,,21.99342618384401,22.48880389429764,23.194303621169915,23.08025069637883,22.412869080779945,22.44958217270195,22.19477715877437,24.659944367176635,20.94435933147632,21.51912378303199,21.877548746518105,21.526495132127955,21.97786610878661,22.00449860724234,22.139499304589705,-1.0,23.313805555555557,23.038678720445063,22.14393602225313,21.58595833333333,21.85327298050139,21.697246175243396,20.489415041782728,22.535473537604457,21.10506963788301,23.22867688022284,23.825877437325904,22.90176388888889,21.24402506963788,23.159986052998605,25.905132127955493,22.54398328690808,21.901601671309194
92,2013-08-27 11:00:00,447.15738161559887,463.4860724233984,342.8022284122563,435.45618915159946,323.97771587743733,402.1727019498607,340.45340751043113,383.7844228094576,440.0931849791377,470.3593314763231,367.9623955431755,345.66481223922113,321.24373259052925,409.67454798331016,449.3788300835655,419.0487465181059,297.8760445682451,,307.38386648122395,353.11281337047353,421.9388038942976,424.3449235048679,381.37830319888735,240.1225626740947,265.88718662952647,419.0236439499304,354.54659248956887,401.461752433936,456.3588317107093,454.9568245125348,400.8593314763231,424.1001390820584,93.48467966573816,417.2906815020862,407.9470752089137,304.2823365785813,389.89568845618913,315.86211699164346,358.16713091922,389.5354659248957,291.31197771587745,318.89290681502086,385.2158774373259,178.9192200557103,366.31849791376914,307.8314763231198,483.9470752089137,460.586926286509,384.17802503477054,381.0361613351878,479.697350069735,43.55073816155989,51.399652294853965,51.35071030640668,52.2032212885154,51.44675487465181,51.28208516886931,48.28909344490934,48.31344923504868,47.78359331476324,50.55594707520891,51.09688022284122,46.0666155988858,52.30955493741308,49.44718662952646,56.3013249651325,53.7506675938804,51.847719054242006,,53.30837047353761,52.29254520166898,51.49466573816156,50.42608635097493,53.99902506963789,52.9750557103064,52.82343532684284,49.98043175487465,56.2516852367688,54.98285515320335,53.52578581363005,55.35827298050139,52.5175208913649,53.476810584958216,52.29300984528833,-1.0,49.009513212795554,50.218983286908085,52.98810320781032,54.22730180806676,53.31262865090403,54.3682197496523,54.896842837274,49.82467966573817,56.23771587743733,50.7833147632312,48.75152990264256,49.9838942976356,54.84032033426184,50.40862116991644,42.87729805013928,50.97419220055711,53.05012517385257,3.736768802228412,17.335187760778858,3.4122562674094707,3.641456582633053,18.23398328690808,27.62848751835536,3.499302649930265,2.866481223922114,3.917827298050139,3.285515320334262,4.103064066852368,2.777158774373259,3.2684283727399164,3.1573816155988856,3.7057182705718272,3.339360222531293,3.776077885952712,,3.5362116991643453,3.2948539638386647,4.873259052924791,3.442896935933148,3.4442896935933147,2.5919220055710306,3.769123783031989,6.17966573816156,4.149025069637883,3.5167130919220058,3.129346314325452,6.611420612813371,4.111420612813371,4.064066852367688,3.742616033755274,-1.0,3.2809457579972183,3.107242339832869,3.2566248256624823,2172.706536856745,4.15855354659249,3.614742698191933,3.532684283727399,3.8259052924791086,3.0487465181058497,4.901114206128134,3.2573018080667597,6.258692628650904,3.653203342618384,4.318941504178273,4.235376044568246,3.704735376044568,6.464534075104312,0.0,0.0,0.0,0.0,0.0,0.0,0.0,0.0,0.0,0.0,0.0,0.0,0.0,0.0,0.0,0.0,0.0,,0.0,0.0,0.0,0.0,0.0,0.0,0.0,0.0,0.0,0.0,0.0,-1.0,-1.0,0.0,0.0,0.0,0.0,0.0,0.0,0.0,0.0,0.0,0.0,0.0,0.0,0.0,0.0,0.0,0.0,0.0,0.0,0.0,0.0,23.40027855153204,22.840973574408903,22.96442896935933,41.92326330532213,22.621782729805016,22.776901615271655,24.18564853556485,24.466509040333797,23.93956824512535,22.913036211699165,23.342158774373257,23.1900278551532,23.146411682892907,23.59032033426184,20.62977715877437,22.09994436717664,22.081599443671767,,21.80883008356546,22.397858136300417,23.12444289693593,22.96591922005571,22.31008356545961,22.34573816155989,22.08176634214186,24.55962447844228,20.78825905292479,21.3249860724234,21.69157162726008,21.34043175487465,21.837186629526464,21.89672701949861,22.02651195499297,-1.0,23.15808066759388,22.910557103064065,22.02774373259053,21.365632823365782,21.68393602225313,21.513310152990265,20.313518776077885,22.450139275766016,20.989373259052925,23.150529247910868,23.752100139082057,22.707440890125174,20.98,23.026532033426182,25.748119777158777,22.38980501392757,21.69838664812239
93,2013-08-27 12:00:00,447.17941585535465,463.73324022346367,341.5271966527197,436.63916083916087,325.8623087621697,403.3715083798882,342.2468619246862,385.2914923291492,442.2192737430168,470.14484679665736,368.62534818941504,345.39166666666665,320.4206128133705,410.93055555555554,461.066852367688,420.8421787709497,295.6995827538248,,310.090782122905,355.4458333333333,423.1215083798882,429.6625,382.13194444444446,242.03755215577192,267.29346314325454,422.8569444444444,354.3666666666667,402.6039051603905,457.6136680613668,452.43115438108487,395.782122905028,423.50416666666666,95.69262865090404,415.9804741980474,408.0278164116829,307.23762376237624,390.1089385474861,316.2130919220056,358.8086592178771,390.8398328690808,288.61613351877605,320.7472222222222,387.3272980501393,179.30779944289694,368.26359832635984,308.3769123783032,485.7085076708508,465.2924791086351,387.0125,382.025,486.268156424581,43.6833844011142,50.92569637883008,50.9733518776078,51.74408647140865,50.96301675977653,51.07915159944367,47.54173852573018,47.642652777777776,47.38315716272601,50.05759388038943,50.3450069735007,45.40935754189944,51.7128870292887,48.86577994428969,54.918595271210016,53.5305578800558,52.24990237099024,,53.17396935933147,51.90931659693165,50.79023611111111,49.75949860724234,53.22802228412257,52.98694986072423,52.33188888888889,48.78731197771588,56.50065459610028,54.50366379310345,53.33698191933241,55.06555865921788,52.19115438108484,53.0304748603352,51.92997206703911,-1.0,48.80530726256983,49.77062849162011,52.76974860335196,54.72944134078213,53.07020833333334,54.201101813110185,54.78686111111112,49.459930362117,56.147997218358825,50.27386648122392,48.24091666666666,49.67775453277545,55.25380222841226,49.87757322175732,42.2838687150838,50.73467315716273,52.74301388888889,3.8342618384401113,17.275766016713092,3.4089012517385258,3.634588563458856,18.23324022346369,27.639777468706537,3.497913769123783,2.901388888888889,3.91933240611961,3.262865090403338,4.142259414225942,2.7416201117318435,3.270571827057182,3.200557103064067,3.579972183588317,3.2468619246861925,3.8758716875871686,,3.479108635097493,3.311018131101813,4.909722222222222,3.870473537604457,3.486072423398329,2.6532033426183843,3.795833333333333,6.132311977715878,4.103064066852368,3.528735632183908,3.164116828929068,6.523743016759776,4.164116828929068,4.06145251396648,3.7793296089385473,-1.0,3.2262569832402237,3.03072625698324,3.32122905027933,2178.117318435754,4.1625,3.620641562064156,3.626388888888889,3.782729805013928,3.008344923504868,4.845618915159944,3.251388888888889,6.2175732217573225,3.753481894150418,8.474198047419804,12.12709497206704,3.713490959666203,7.027777777777778,0.0,0.0,0.0,0.0,0.0,0.0,0.0,0.0,0.0,0.0,0.0,0.0,0.0,0.0,0.0,0.0,0.0,,0.0,0.0,0.0,0.3988919667590028,0.0,0.0,0.0,0.0,0.0,0.0,0.0,-1.0,-1.0,0.0,0.0,0.0,0.0,0.0,0.0,0.0,0.0,0.0,0.0,0.0,0.0,0.0,0.0,0.0,0.0,1.371191135734072,1.5289256198347108,0.0,0.0,23.22597493036212,22.69864902506964,22.84742698191933,38.62004184100418,22.54062849162011,22.69150208623088,24.156662030598053,24.426944444444448,23.871961057023643,22.872141863699586,23.309484679665736,23.14987430167598,23.08239888423989,23.561740947075208,21.72209722222222,22.06344490934449,21.911115760111574,,21.854693593314764,22.34029288702929,23.07518055555556,23.193983286908075,22.5291643454039,22.42633704735376,22.279041666666668,24.65079608938548,20.690473537604458,21.484626436781607,21.84086230876217,21.440656424581007,22.04550764951321,21.82572625698324,21.934120111731843,-1.0,23.006662011173184,22.809203910614524,21.926899441340783,21.200209497206703,21.576,21.383333333333333,20.221194444444446,22.3991782729805,20.939095966620307,23.104311543810848,23.70488888888889,22.899846582984654,20.86896935933148,22.99232914923292,25.732527932960892,22.290458970792766,21.951777777777775
94,2013-08-27 13:00:00,450.5,466.5927475592748,344.61977715877435,437.6080892608089,328.5988857938719,405.3988842398885,343.58217270194984,386.96518105849583,444.9902370990237,473.23816155988857,369.8718662952646,347.62083333333334,323.6908077994429,414.44166666666666,479.4986072423399,424.652719665272,300.46378830083563,,312.62988826815644,357.7162726008345,430.2189679218968,437.6133518776078,384.6995827538248,249.37047353760445,285.52646239554315,426.60917941585535,357.0973574408901,407.8342618384401,457.600278551532,460.36768802228414,391.1324965132496,426.9332406119611,97.7465181058496,417.346314325452,410.34770514603616,309.52222222222224,392.9428969359332,318.17852161785214,362.84379358437934,394.34122562674094,291.34122562674094,321.6801112656468,390.7966573816156,181.0794979079498,369.8983286908078,295.3565459610028,489.7367688022284,469.1601671309192,389.2228412256267,384.5048678720445,494.36959553695954,45.13086471408647,51.4950557103064,51.654150417827296,52.40012534818942,51.659400278940026,52.40673611111111,47.78869080779944,47.90383866481224,48.22519498607242,51.023412256267406,50.808842398884245,45.7666295264624,51.98402506963788,49.20041782729805,53.1333008356546,53.82849582172702,53.90629526462396,,52.9649721448468,53.04798050139275,50.88466666666667,49.27646239554318,52.47130919220056,52.60930362116992,51.970111265646736,48.52005571030641,58.24899721448468,53.89274755927475,52.83469359331476,54.69288702928871,51.57228412256268,53.79291492329149,52.68700139470014,-1.0,49.59122562674095,50.49825662482567,53.95146443514644,56.78491643454039,53.38140668523677,54.64384401114206,54.95109874826147,50.06569637883008,57.38972144846797,50.85811977715877,48.70909470752089,48.79475592747559,56.88937325905293,49.991643454039,42.14670850767085,51.81357938718663,51.80706536856745,6.933054393305439,19.175487465181057,6.420612813370473,8.348189415041782,23.83542538354254,33.2375,3.522284122562674,2.835883171070932,3.981894150417827,3.224233983286908,4.114365411436541,2.811977715877437,3.2701949860724238,3.1253481894150417,3.5891364902506964,3.32033426183844,6.759052924791086,,3.754874651810585,3.430362116991644,3.15,16.516713091922007,3.5724233983286906,18.678272980501397,16.492350486787206,11.940111420612814,8.015320334261839,15.387726638772664,16.558495821727018,9.695955369595538,4.196378830083566,5.156206415620642,4.834030683403069,-1.0,3.667130919220056,3.0585774058577404,4.535564853556485,2179.7701949860725,11.318941504178271,24.075208913649025,18.133518776077885,3.775766016713092,10.676880222841223,4.860724233983287,3.1420612813370474,5.408647140864714,3.6754874651810585,2.965181058495822,4.066945606694561,3.818941504178273,5.698191933240612,0.0,0.0,0.0,0.0,0.0,0.0,0.0,0.0,0.0,0.0,0.0,0.0,0.0,0.0,0.0,0.0,0.0,,0.0,0.0,0.0,0.975,0.0,-1.0,1.839779005524862,0.0,0.0,0.0,0.0,-1.0,-1.0,0.0,0.0,0.0,0.0,0.0,0.0,0.0,0.0,0.0,0.0,0.0,0.0,0.0,0.0,0.0,0.0,0.0,0.0,0.0,0.0,23.10483960948396,22.59632311977716,22.76133704735376,48.59678272980501,22.492301255230124,22.62148611111111,24.13867688022284,24.4001668984701,23.841490250696378,23.632604456824517,23.29910863509749,23.132172701949862,23.06889972144847,23.668272980501392,22.910668523676883,22.505278551532037,21.9091782729805,,22.499860724233983,22.3058217270195,23.135041666666663,23.85724233983287,23.169526462395545,23.065863509749303,22.91258692628651,24.90245467224547,20.64682451253482,22.09592747559275,22.435515320334265,21.9639470013947,22.908189415041782,21.861952580195258,21.92566248256625,-1.0,22.974052924791085,22.785327754532776,21.888661087866108,21.07483286908078,21.87456824512535,21.658147632311977,20.59738525730181,22.402632311977715,20.96018105849582,23.11399721448468,23.71374651810585,23.80609483960949,20.93817548746518,23.25114206128133,26.054825662482568,22.28444289693593,22.902183588317104
95,2013-08-27 14:00:00,452.3835425383543,471.0808926080893,346.7510431154381,438.4309623430962,332.80195258019523,411.2287308228731,346.21557719054243,390.9165507649513,449.0697350069735,477.557880055788,373.4602510460251,350.57771260997066,326.9401947148818,418.11404728789984,484.0529247910864,425.4156206415621,303.32033426183847,,315.4797768479777,383.1894150417828,429.7513966480447,436.9527121001391,394.3991655076495,276.3444909344491,276.24791086350973,430.8038942976356,360.9694019471488,414.0460251046025,461.1863699582754,463.10460251046027,392.06564245810057,431.3991655076495,97.983286908078,424.2920723226704,413.1863699582754,313.08762169680114,397.0990237099024,320.4025069637883,364.0335195530726,397.95949720670393,296.4728789986092,324.8358831710709,391.0641562064157,183.47771587743733,374.0375521557719,296.5980528511822,496.1578212290503,470.7489539748954,392.3189415041783,387.4930362116992,499.4560669456067,46.63733983286908,52.60739191073919,52.75824756606398,53.57326842837274,52.93458856345885,54.0769819193324,48.58671309192201,48.65457579972183,49.48403899721448,52.45029207232268,51.86984658298466,46.63414225941423,52.69744089012517,49.98092178770949,54.249499304589705,54.8025173852573,55.59717663421419,,53.625824022346364,54.40727399165508,51.58257301808067,49.76564853556486,53.12425591098748,52.85077994428969,52.23276773296245,48.87476987447699,60.12270571827057,54.67963737796374,53.93681058495822,55.34386331938634,51.42027855153204,54.95945070422536,53.77836820083682,-1.0,50.68592747559274,51.73403068340307,55.42398884239888,58.94458856345885,54.13704735376045,55.466875871687584,56.07371349095967,51.087350069735,58.85547353760446,51.926796657381615,49.65743732590529,48.259665271966526,58.5863688760807,50.34022315202232,42.21680613668062,53.3233147632312,50.78827538247565,29.55431754874652,35.42259414225941,27.5452016689847,45.93045897079277,66.61645746164575,75.48539638386649,3.474930362116992,2.848400556328233,4.032033426183844,3.2503477051460363,4.099023709902371,2.757322175732217,3.3115438108484008,3.180167597765363,3.760778859527121,3.4575799721835883,25.600834492350486,,5.696927374301676,27.92628650904033,3.1515994436717665,3.550906555090656,3.5813630041724616,27.857938718662957,16.749652294853963,166.27475592747558,39.5536959553696,106.45746164574616,114.05849582172702,35.793584379358435,5.128133704735376,42.111267605633806,40.90934449093445,-1.0,14.287308228730822,3.205020920502092,34.95258019525802,2179.8410041841003,62.948467966573816,177.33333333333334,145.04172461752435,3.909344490934449,75.11838440111421,5.032033426183844,3.1991643454039,9.468619246861923,5.475504322766571,3.3291492329149235,4.355648535564853,6.345403899721449,18.507649513212797,0.0,0.0,0.0,0.0,0.0,0.0,0.0,0.0,0.0,0.0,0.0,0.0,0.0,0.0,0.0,0.0,0.0,,0.0,11.547738693467336,0.0,0.0,0.0,-1.0,1.451523545706371,0.0,0.0,0.0,0.0,-1.0,-1.0,0.0,0.0,0.0,0.0,0.0,0.0,0.0,0.0,0.0,0.0,0.0,0.0,0.0,0.0,0.0,0.0,0.0,0.0,0.0,0.0,23.139874651810587,22.542440725244077,22.730987482614744,41.55500695410292,22.450041841004182,22.603796940194712,24.13511142061281,24.39655076495132,23.85121169916434,22.86998609179416,23.313877266387724,23.15092050209205,23.107176634214188,23.789650837988827,22.95141863699583,22.75826147426982,21.97210013908206,,22.622122905027933,22.48091794158553,23.24721835883171,23.898398328690806,23.30898470097357,23.27458217270195,23.054297635605007,25.34900976290098,20.687043235704323,22.123933054393305,22.41743732590529,22.10429567642957,23.345571030640667,21.952788732394367,21.998507670850767,-1.0,22.99444909344491,22.8084239888424,21.9336820083682,21.01728033472803,22.021699164345403,21.856834030683405,20.685229485396384,22.42497907949791,21.062896935933143,23.15065459610028,23.745473537604457,24.36347280334728,21.078951149425286,23.459902370990235,26.358981868898187,22.33913649025069,23.664853963838663
96,2013-08-27 15:00:00,458.721059972106,476.191933240612,349.1689944134078,442.6564245810056,339.4707520891365,413.5846153846154,348.16457461645746,393.0516039051604,451.9818181818182,481.6175243393602,376.3991655076495,354.74583333333334,329.77824267782427,419.2527777777778,488.29583333333335,428.80027932960894,306.75626740947075,,352.3840782122905,366.4874651810585,430.8844011142061,456.2236111111111,396.1138888888889,267.35843793584377,269.69874476987445,442.6569444444444,370.6564673157162,416.31564245810057,576.097629009763,468.104748603352,403.245810055866,432.663421418637,101.96643356643357,428.4427374301676,416.4114365411437,315.7652777777778,398.5977653631285,324.7680555555556,368.855354659249,447.6333333333333,299.83960948396094,327.83472222222224,393.2646239554318,186.63611111111112,377.5453277545328,305.3723849372385,499.4555555555556,480.8678720445063,396.4401114206128,389.2632311977716,505.7723463687151,47.33640277777778,53.49247566063977,53.535216178521615,54.42863319386332,53.859054242002784,55.00866666666666,49.31058577405858,49.34769444444444,50.34146036161336,53.48274373259053,52.75941585535465,47.33643949930459,53.29741620111732,50.681444444444445,55.08855555555556,55.84960948396095,56.4768619246862,,54.97616666666666,55.08690376569037,52.15547222222222,51.32777468706536,54.63098611111111,53.75901388888889,53.285833333333336,49.01784422809458,60.88499304589708,55.95340782122905,55.42201668984701,56.72741620111732,53.00546592489569,55.50526536312849,54.26891515994436,-1.0,51.36942737430168,52.66337988826816,56.11293296089386,60.08240611961057,55.45742698191933,56.45012569832402,57.41019444444444,51.80959666203059,59.52740947075209,52.71637883008356,50.42061281337048,47.91440890125174,59.17223611111111,50.695007012622725,42.428980446927376,53.87904033379694,50.00516666666667,46.37222222222222,46.44089012517385,37.768479776847975,74.19804741980474,92.37273991655076,103.55694444444444,3.585774058577406,2.8833333333333333,4.599443671766342,3.605849582172702,4.166898470097357,2.910987482614743,3.2541899441340782,3.1597222222222223,4.301388888888889,3.598326359832636,45.36401673640167,,7.055555555555555,3.4574616457461644,3.2180555555555554,21.27816411682893,3.5541666666666667,10.802777777777775,5.088888888888889,166.26564673157162,59.02781641168289,161.4245810055866,182.2461752433936,53.150837988826815,5.872044506258693,64.87290502793296,153.01947148817803,-1.0,40.3840782122905,3.3421787709497206,149.70810055865925,2186.229485396384,92.38664812239222,290.6005586592179,140.3486111111111,3.877607788595271,154.0376044568245,5.103064066852368,3.324512534818941,13.753824756606395,9.641666666666667,3.4137447405329597,4.5,11.11682892906815,28.71527777777778,0.0,0.0,0.0,0.0,0.0,0.0,0.0,0.0,0.0,0.0,0.0,0.0,0.0,0.0,0.0,0.0,0.0,,10.758620689655173,0.0,0.0,8.749367088607595,0.0,-1.0,0.0,7.219178082191781,2.628099173553719,0.0,0.0,-1.0,-1.0,0.0,0.0,0.0,0.0,0.0,0.0,0.0,0.0,14.356410256410255,0.0,0.0,0.0,0.0,0.0,0.0,0.0,0.0,0.0,0.0,0.0,23.275694444444444,22.58130737134909,22.790041841004182,57.98518828451883,22.490139082058413,22.69234722222222,24.141589958158995,24.402625,23.905438108484,22.89859331476323,23.33933240611961,23.2042280945758,23.173114525139667,23.882375000000003,22.96270833333333,22.780613668061367,22.10958158995816,,22.54888888888889,22.60849372384937,23.31923611111111,23.62535465924896,23.09618055555556,23.21501388888889,22.94477777777778,25.79560055865922,20.914826147426982,22.0831843575419,22.487760778859528,22.028701117318437,22.939137691237832,22.25094972067039,22.36460361613352,-1.0,23.267765363128493,22.88409217877095,22.253798882681565,21.09934631432545,22.00200278164117,22.14096368715084,20.64661111111111,22.502086230876216,21.2825069637883,23.238286908077995,23.805515320334266,24.80968011126565,21.385986111111112,23.70089761570828,26.618016759776538,22.720125173852573,24.238916666666668
97,2013-08-27 16:00:00,467.4203910614525,485.7503486750349,356.6368715083799,452.6159217877095,350.1813110181311,420.70949720670393,356.85614525139664,401.5991620111732,462.9804469273743,501.88563458856345,393.3793584379358,370.044630404463,338.03916083916084,428.8953974895397,499.1534170153417,436.4860335195531,319.98465829846583,,388.95949720670393,371.9664804469274,440.581589958159,475.6485355648536,405.2036262203626,255.4101838755304,278.8980446927374,461.8688981868898,398.9428172942817,467.51675977653633,613.4860335195531,480.2055944055944,418.54748603351953,441.536959553696,112.16223776223777,439.7039106145251,430.1536312849162,331.98884239888423,408.9692737430168,335.3186968838527,377.1352859135286,475.1199442119944,308.2053072625698,337.1910739191074,401.8805120910384,194.51882845188285,387.16223776223774,325.58798882681566,517.3570432357043,502.01673640167365,407.9135285913529,398.07810320781033,522.054469273743,48.043863319386325,54.09069735006973,54.07760839160839,55.03794405594405,54.26436541143654,55.62960948396095,49.86752447552448,49.88609483960949,50.94362237762238,54.13047486033519,53.399023709902366,47.87740585774058,53.79229050279329,51.3023709902371,55.72778242677824,56.63938461538461,56.86391608391608,,55.797405857740586,55.81142458100559,52.67470013947002,52.09423988842399,55.555927475592746,54.78899581589958,53.99774058577405,49.481227336122735,60.68938633193864,56.60078212290503,55.45845188284519,57.81013966480447,54.55557880055788,55.94824267782427,54.05326359832636,54.51,51.087416201117314,53.32755586592179,55.34562849162011,60.38513249651325,56.143863319386334,56.1497625698324,57.99223152022315,52.22958158995816,59.774630404463046,53.20427374301676,50.87591352859136,47.66885634588564,58.30458856345886,50.87192737430168,42.75921787709497,53.07569230769232,50.05670850767085,77.83124128312413,52.30404463040446,55.365034965034965,98.53286713286714,148.99442119944212,140.82287308228732,3.623776223776224,2.907949790794979,4.991608391608391,31.518156424581004,34.16178521617852,18.78800557880056,3.3966480446927374,3.631799163179916,4.308228730822873,3.5244755244755246,52.51468531468532,,8.825662482566248,3.467877094972067,3.181311018131102,17.315202231520225,3.553695955369596,2.730822873082287,4.457461645746164,166.51743375174337,72.64993026499303,215.33240223463687,220.7252440725244,63.58100558659218,6.506276150627615,105.4560669456067,105.47698744769876,133.0,55.513966480446925,10.04050279329609,204.31703910614524,2189.779637377964,112.26220362622036,334.97346368715085,155.89958158995816,3.95258019525802,193.326359832636,5.177374301675978,3.302649930264993,15.203626220362622,12.034867503486751,3.4371508379888267,4.537709497206704,13.50909090909091,127.49511854951186,0.0,0.0,0.0,0.0,0.0,0.0,0.0,0.0,0.0,4.511873350923483,3.1022099447513813,3.414634146341464,0.0,0.0,0.0,0.0,0.0,,15.392572944297084,0.0,0.0,1.6859504132231404,0.0,-1.0,0.0,8.765193370165745,8.588859416445624,7.0390625,0.0,-1.0,-1.0,0.0,0.0,0.0,0.0,8.248175182481752,0.0,0.0,0.0,17.536817102137768,0.0,0.0,0.0,0.0,0.0,0.0,0.0,0.0,0.0,0.0,0.0,23.22725244072524,22.661617852161783,22.86758041958042,35.56695104895105,22.61291492329149,22.75596931659693,24.158685314685314,24.41739191073919,23.96163636363636,22.97143854748603,23.40086471408647,23.270725244072526,23.218365921787708,23.911422594142262,22.941311018131103,22.738573426573428,22.251244755244755,,22.547308228730824,22.58141061452514,23.339930264993026,23.694616457461645,23.055955369595537,23.02686192468619,22.935662482566247,25.83400837988827,21.329483960948394,22.39018156424581,22.889344490934448,21.95850558659218,22.633305439330545,22.38083682008368,22.834686192468617,23.34,23.870111731843576,22.958882681564248,23.014120111731845,21.27822873082287,22.07693165969317,22.63115921787709,20.76569037656904,22.56622036262204,21.43797768479777,23.3056843575419,23.864560669456065,25.17504881450488,22.0231520223152,23.85783519553073,26.704525139664803,23.453314685314684,24.43231520223152
98,2013-08-27 17:00:00,472.36768802228414,494.4125,362.336578581363,458.9874826147427,350.4811715481172,426.9388038942976,362.66481223922113,409.29485396383865,466.0250347705146,505.6694444444444,398.31666666666666,376.6239554317549,345.03905160390514,503.8645066273932,500.97615708274895,444.23226703755216,322.37377963737794,,378.2489568845619,377.0974930362117,458.8861111111111,520.5348189415042,409.31615598885793,256.5473537604457,282.23119777158774,469.7757660167131,388.87726638772665,485.884561891516,494.4381084840056,482.6629526462396,417.65972222222223,446.305439330544,118.25905292479108,620.8567454798331,440.383008356546,487.4853556485356,411.2086230876217,336.3314763231198,382.50555555555553,579.974930362117,311.28690807799444,340.96513249651326,402.7409470752089,197.46582984658295,390.1504178272981,339.2325905292479,523.1782729805014,500.9332406119611,407.1408647140865,396.8061366806137,530.0041724617524,48.76926183844012,54.61108333333334,54.56522598870057,55.5376495132128,55.42491666666667,56.11706128133705,50.37562674094707,50.350390516039056,51.364442896935934,54.519735376044565,53.78491666666667,48.23931944444444,54.22087621696801,52.44204735376045,56.43818941504178,57.78644846796657,57.314735376044574,,56.46254874651811,56.43196105702365,53.24438718662953,52.499763231197775,56.28945682451253,55.570097493036215,54.68637883008356,50.32537604456825,59.93364394993046,55.06415855354659,55.62555090655509,58.56609722222222,55.541643454039,56.465,54.36623611111112,-1.0,50.03283727399165,54.14051460361613,53.761780250347705,59.458444444444446,56.50874476987448,56.17858136300418,58.21484679665738,52.60230876216968,60.19076708507671,53.56108635097493,51.26832635983264,48.475458333333336,57.18389972144847,52.10802777777778,44.20699582753825,51.77916434540391,50.20298050139275,93.0724233983287,55.62777777777778,65.77824858757062,111.7816411682893,180.2125,164.08356545961,3.66016713091922,2.873082287308229,5.094707520891365,3.8802228412256263,4.601388888888889,3.3569444444444443,3.474269819193324,25.9958217270195,4.495821727019498,3.616991643454039,54.8941504178273,,10.192200557103064,15.746870653685674,3.182451253481894,43.85933147632312,3.5612813370473537,2.7938718662952646,4.4164345403899725,166.52924791086352,81.80806675938804,245.2767732962448,221.28591352859132,69.91111111111111,10.803621169916434,174.50972222222222,181.0888888888889,-1.0,73.48678720445062,33.35883171070932,237.24339360222527,2175.3805555555555,125.13668061366806,357.8372739916551,161.26601671309191,4.0305980528511824,218.63040446304043,9.997214484679663,3.327754532775453,15.508333333333333,12.630919220055713,3.4875,4.482614742698192,14.926183844011142,109.4233983286908,0.0,0.0,0.0,0.0,0.0,0.0,0.0,0.0,0.0,0.0,0.0,0.0,0.0,5.218181818181818,0.0,0.0,0.0,,6.806539509536785,0.0,0.0,22.133333333333333,0.0,-1.0,0.0,6.460055096418733,3.798898071625344,2.621917808219178,0.0,-1.0,-1.0,0.0,0.0,27.56354515050167,0.0,19.83855421686747,0.0,0.0,0.0,24.803212851405625,0.0,0.0,0.0,0.0,0.0,0.0,0.0,0.0,0.0,0.0,0.0,23.211532033426185,22.766861111111112,22.96620056497175,44.11703755215577,22.61355555555556,22.853384401114205,24.182186629526463,24.443737796373775,24.06576601671309,23.09701949860724,23.518986111111108,23.36151388888889,23.276203059805287,23.955194986072424,22.9399860724234,22.59799442896936,22.36208913649025,,22.588871866295264,22.625938803894297,23.368481894150417,23.80360724233984,23.057799442896936,22.988175487465178,22.93465181058496,25.76388038942976,21.78808066759388,23.405980528511822,22.874755927475597,22.006027777777778,22.680013927576603,22.52038888888889,22.878763888888887,-1.0,24.75495132127956,23.456314325452016,24.00667593880389,21.959680555555558,22.245411436541144,23.09075104311544,21.00993036211699,22.65307371349096,21.589804741980476,23.43980501392757,23.952719665271964,25.047111111111107,22.6808495821727,23.58083333333333,26.27735744089012,24.301211699164345,24.85591922005571
99,2013-08-27 18:00:00,475.0,496.3521126760563,364.71232876712327,461.97222222222223,352.56164383561645,430.8082191780822,366.09722222222223,413.9178082191781,467.32876712328766,504.7671232876712,395.19444444444446,372.8450704225352,346.041095890411,591.6,500.1014492753623,445.6849315068493,325.81944444444446,,374.9594594594595,374.2941176470589,543.7083333333334,588.3661971830986,407.1549295774648,279.08472222222224,288.7464788732394,471.1408450704225,376.1142857142857,496.8028169014085,485.3333333333333,487.0804597701149,449.79583333333335,447.4347826086956,120.11267605633805,622.5285714285715,444.56944444444446,530.1285714285714,412.9295774647888,341.6142857142857,383.37142857142857,488.4861111111111,316.93055555555554,345.5,402.1,200.0142857142857,394.32876712328766,324.35714285714283,531.2608695652174,496.8695652173913,408.7647058823529,399.5857142857143,532.3698630136986,48.95197183098591,54.80680555555555,54.69833333333334,55.695,55.64126760563381,56.20253521126761,50.59625,50.55957746478873,51.4708,54.69915492957747,53.98821917808219,48.44450704225353,54.39549295774648,53.01521126760564,56.48416666666666,58.12394366197184,57.363802816901405,,56.61328571428572,56.57169014084507,53.788,52.78857142857143,56.52371428571429,55.80228571428571,54.93671428571429,50.608260869565214,60.30070422535212,54.22125,55.82542857142857,58.70887323943662,54.90066666666667,56.76347826086956,55.017042253521126,-1.0,49.10875,53.83583333333334,52.40191780821918,58.25943661971831,56.47,55.717083333333335,58.01014285714286,52.68042857142857,60.38985915492958,53.61625000000001,51.39842857142857,49.327887323943656,56.36861111111111,52.515076923076926,44.84555555555556,50.78985915492957,49.825857142857146,100.01408450704226,57.16666666666666,70.52777777777777,118.02777777777776,189.7323943661972,173.73239436619718,4.027777777777778,2.6901408450704225,5.066666666666666,3.816901408450704,4.958904109589041,3.436619718309859,3.380281690140845,35.71830985915493,6.486111111111111,4.309859154929577,56.267605633802816,,10.714285714285714,3.492957746478873,56.02857142857143,44.27142857142857,3.357142857142857,2.8142857142857145,4.457142857142857,166.17391304347825,79.1830985915493,254.61111111111111,229.95714285714288,71.98591549295774,15.90277777777778,203.2173913043478,215.85915492957747,-1.0,80.43055555555556,33.68055555555556,254.9041095890411,2173.1830985915494,130.18840579710144,379.5833333333333,163.67142857142858,3.957142857142857,228.16901408450704,4.875,3.3285714285714287,15.43661971830986,13.583333333333334,3.4,4.597222222222222,15.47887323943662,81.92857142857143,0.0,0.0,0.0,0.0,0.0,0.0,2.772357723577236,0.0,0.0,0.0,0.0,0.0,0.0,17.26201923076923,0.0,0.0,0.0,,2.3961218836565097,0.0,16.661800486618006,16.20689655172414,0.0,-1.0,0.0,6.78021978021978,0.0,3.983561643835616,0.0,-1.0,-1.0,0.0,13.911421911421913,25.591796875,0.0,15.277372262773724,0.0,0.0,0.0,1.9214092140921408,0.0,0.0,0.0,0.0,2.223719676549865,19.842182890855455,8.696569920844327,0.0,0.0,0.0,2.6324324324324326,23.229577464788733,22.83333333333333,23.03875,30.23597222222222,22.665352112676057,22.91197183098592,24.196250000000003,24.46183098591549,24.118,23.101267605633804,23.525342465753425,23.37281690140845,23.308591549295777,24.029295774647885,22.94333333333333,22.546901408450704,22.40112676056338,,22.621,22.66,23.390285714285717,23.944285714285712,23.055285714285716,22.976857142857146,22.932,25.784878048780488,21.58619718309859,23.76486111111111,22.84542857142857,22.068450704225352,23.19858333333333,22.467246376811595,22.669436619718308,-1.0,25.26,23.785555555555558,24.567808219178083,22.470704225352115,22.371594202898557,23.180972222222223,21.192857142857143,22.711714285714283,21.618591549295772,23.525277777777777,24.00642857142857,24.632535211267605,22.999583333333334,23.504153846153844,26.103194444444444,24.759154929577463,25.106142857142856
100,2013-08-27 19:00:00,-1.0,-1.0,-1.0,-1.0,-1.0,-1.0,-1.0,465.0,-1.0,-1.0,-1.0,-1.0,-1.0,-1.0,-1.0,-1.0,-1.0,,-1.0,-1.0,-1.0,-1.0,-1.0,308.5897079276773,-1.0,-1.0,-1.0,-1.0,-1.0,516.7270114942528,476.7927677329624,-1.0,-1.0,-1.0,-1.0,-1.0,-1.0,-1.0,-1.0,-1.0,-1.0,-1.0,-1.0,-1.0,-1.0,-1.0,-1.0,-1.0,-1.0,-1.0,-1.0,-1.0,-1.0,-1.0,-1.0,-1.0,-1.0,-1.0,-1.0,-1.0,-1.0,-1.0,-1.0,54.64000000000001,-1.0,-1.0,-1.0,-1.0,,-1.0,-1.0,-1.0,-1.0,-1.0,-1.0,-1.0,-1.0,-1.0,-1.0,-1.0,43.78165492957746,54.32481223922114,-1.0,-1.0,-1.0,-1.0,-1.0,-1.0,-1.0,-1.0,-1.0,-1.0,-1.0,-1.0,-1.0,-1.0,-1.0,-1.0,-1.0,-1.0,-1.0,-1.0,-1.0,-1.0,-1.0,-1.0,-1.0,-1.0,-1.0,-1.0,-1.0,-1.0,-1.0,-1.0,3.333333333333333,-1.0,-1.0,-1.0,-1.0,,-1.0,-1.0,-1.0,-1.0,-1.0,-1.0,-1.0,-1.0,-1.0,-1.0,-1.0,53.739436619718305,15.78720445062587,-1.0,-1.0,-1.0,-1.0,-1.0,-1.0,-1.0,-1.0,-1.0,-1.0,-1.0,-1.0,-1.0,-1.0,-1.0,-1.0,-1.0,-1.0,-1.0,-1.0,0.0,0.0,0.0,0.0,0.0,0.0,18.256704980842912,0.0,0.0,1.771978021978022,0.0,0.0,0.0,18.487745098039216,0.0,0.0,0.0,,13.48793565683646,0.0,1.450276243093923,11.180851063829786,0.0,-1.0,0.0,6.49041095890411,2.8846153846153846,2.958904109589041,0.0,-1.0,-1.0,0.0,29.028360049321822,26.609060402684563,0.0,6.888020833333333,0.0,10.646596858638745,0.0,17.732227488151658,0.0,0.0,0.0,8.422043010752688,0.0,4.350404312668464,28.037459283387623,0.0,0.0,0.0,0.0,-1.0,-1.0,-1.0,-1.0,-1.0,-1.0,-1.0,-1.0,-1.0,-1.0,-1.0,-1.0,23.403333333333336,-1.0,-1.0,-1.0,-1.0,,-1.0,-1.0,-1.0,-1.0,-1.0,-1.0,-1.0,-1.0,-1.0,-1.0,-1.0,16.301338028169013,23.33847009735744,-1.0,-1.0,-1.0,-1.0,-1.0,-1.0,-1.0,-1.0,-1.0,-1.0,-1.0,-1.0,-1.0,-1.0,-1.0,-1.0,-1.0,-1.0,-1.0,-1.0
101,2013-08-27 20:00:00,-1.0,-1.0,-1.0,538.5,-1.0,-1.0,-1.0,-1.0,-1.0,-1.0,-1.0,-1.0,-1.0,-1.0,-1.0,-1.0,-1.0,,-1.0,-1.0,-1.0,-1.0,-1.0,339.1835883171071,-1.0,-1.0,-1.0,-1.0,-1.0,546.3735632183907,495.0806675938804,545.5555555555555,-1.0,-1.0,-1.0,-1.0,-1.0,-1.0,-1.0,-1.0,-1.0,-1.0,-1.0,-1.0,-1.0,-1.0,-1.0,-1.0,-1.0,-1.0,-1.0,-1.0,-1.0,-1.0,-1.0,-1.0,-1.0,-1.0,-1.0,51.387142857142855,-1.0,-1.0,-1.0,-1.0,-1.0,-1.0,-1.0,-1.0,,-1.0,-1.0,-1.0,-1.0,-1.0,-1.0,-1.0,-1.0,-1.0,-1.0,-1.0,28.85443661971831,54.59929068150208,-1.0,-1.0,-1.0,-1.0,-1.0,-1.0,-1.0,-1.0,-1.0,-1.0,-1.0,-1.0,53.68666666666667,-1.0,-1.0,-1.0,-1.0,-1.0,-1.0,-1.0,-1.0,-1.0,-1.0,-1.0,-1.0,-1.0,-1.0,-1.0,4.142857142857143,-1.0,-1.0,-1.0,-1.0,-1.0,-1.0,-1.0,-1.0,,-1.0,-1.0,-1.0,-1.0,-1.0,-1.0,-1.0,-1.0,-1.0,-1.0,-1.0,35.49295774647887,13.4673157162726,-1.0,-1.0,-1.0,-1.0,-1.0,-1.0,-1.0,-1.0,-1.0,-1.0,-1.0,-1.0,4.666666666666667,-1.0,-1.0,-1.0,-1.0,-1.0,-1.0,-1.0,0.0,27.81517747858017,0.0,0.0,0.0,0.0,7.254545454545455,0.0,0.0,0.0,0.0,0.0,0.0,25.357019064124785,0.0,0.0,0.0,,1.2880886426592797,0.0,2.7016129032258065,8.246648793565683,0.0,-1.0,0.0,9.629427792915532,4.681318681318682,3.989100817438692,0.0,-1.0,-1.0,0.0,28.20735294117647,18.41491841491841,0.0,20.937639198218264,0.0,15.225641025641025,0.0,20.915717539863326,0.0,0.0,0.0,8.936339522546419,0.0,3.848648648648649,22.95114006514658,20.98711340206185,0.0,0.0,0.0,-1.0,-1.0,-1.0,-1.0,-1.0,-1.0,-1.0,-1.0,24.28,-1.0,-1.0,-1.0,-1.0,-1.0,-1.0,-1.0,-1.0,,-1.0,-1.0,-1.0,-1.0,-1.0,-1.0,-1.0,-1.0,-1.0,-1.0,-1.0,10.534225352112676,23.24709318497914,-1.0,-1.0,-1.0,-1.0,-1.0,-1.0,-1.0,-1.0,-1.0,-1.0,-1.0,-1.0,23.75,-1.0,-1.0,-1.0,-1.0,-1.0,-1.0,-1.0
102,2013-08-27 21:00:00,-1.0,-1.0,-1.0,-1.0,-1.0,-1.0,-1.0,-1.0,-1.0,-1.0,-1.0,-1.0,-1.0,-1.0,-1.0,-1.0,-1.0,,-1.0,444.0,-1.0,-1.0,-1.0,354.4478442280946,-1.0,-1.0,-1.0,-1.0,-1.0,576.0201149425287,537.7204450625869,-1.0,-1.0,629.7142857142857,-1.0,-1.0,-1.0,-1.0,-1.0,-1.0,-1.0,-1.0,-1.0,246.5,-1.0,-1.0,-1.0,-1.0,-1.0,-1.0,-1.0,-1.0,-1.0,-1.0,-1.0,-1.0,-1.0,-1.0,-1.0,-1.0,-1.0,-1.0,-1.0,-1.0,-1.0,-1.0,-1.0,-1.0,,-1.0,-1.0,-1.0,-1.0,-1.0,-1.0,-1.0,-1.0,-1.0,-1.0,-1.0,13.927218309859157,52.16296244784422,-1.0,-1.0,-1.0,-1.0,-1.0,-1.0,-1.0,-1.0,-1.0,-1.0,52.02,-1.0,-1.0,-1.0,-1.0,-1.0,-1.0,-1.0,-1.0,-1.0,-1.0,-1.0,-1.0,-1.0,-1.0,-1.0,-1.0,-1.0,-1.0,-1.0,-1.0,-1.0,-1.0,-1.0,-1.0,-1.0,-1.0,,-1.0,-1.0,-1.0,-1.0,-1.0,-1.0,-1.0,-1.0,-1.0,-1.0,-1.0,17.24647887323944,10.937413073713492,-1.0,-1.0,-1.0,-1.0,-1.0,-1.0,-1.0,-1.0,-1.0,-1.0,4.0,-1.0,-1.0,-1.0,-1.0,-1.0,-1.0,-1.0,-1.0,-1.0,0.0,29.639344262295083,0.0,5.095115681233933,0.0,0.0,0.0,0.0,0.0,0.0,0.0,0.0,0.0,0.475,2.6263736263736264,0.0,1.371191135734072,,9.002717391304348,0.0,2.1557377049180326,18.752475247524757,0.0,-1.0,0.0,12.1524064171123,3.616621983914209,7.051813471502591,0.0,-1.0,-1.0,0.0,29.55119214586255,1.2083333333333333,0.0,19.1018711018711,0.0,27.338954468802697,0.0,29.291727140783745,0.0,0.0,0.0,2.7857142857142856,0.0,13.986083499005964,27.963687150837988,26.75187969924812,0.0,0.0,15.590128755364807,-1.0,-1.0,-1.0,-1.0,-1.0,-1.0,-1.0,-1.0,-1.0,-1.0,-1.0,-1.0,-1.0,-1.0,-1.0,-1.0,-1.0,,-1.0,-1.0,-1.0,-1.0,-1.0,-1.0,-1.0,-1.0,-1.0,-1.0,-1.0,4.767112676056339,24.78307371349096,-1.0,-1.0,-1.0,-1.0,-1.0,-1.0,-1.0,-1.0,-1.0,-1.0,23.31,-1.0,-1.0,-1.0,-1.0,-1.0,-1.0,-1.0,-1.0,-1.0
103,2013-08-27 22:00:00,-1.0,-1.0,-1.0,-1.0,408.1538461538461,-1.0,-1.0,-1.0,-1.0,-1.0,-1.0,-1.0,-1.0,-1.0,-1.0,-1.0,-1.0,,-1.0,-1.0,-1.0,-1.0,-1.0,354.5034770514604,-1.0,-1.0,-1.0,-1.0,-1.0,605.6666666666666,519.7395543175487,-1.0,-1.0,-1.0,-1.0,-1.0,-1.0,-1.0,-1.0,-1.0,-1.0,-1.0,-1.0,-1.0,-1.0,-1.0,-1.0,-1.0,-1.0,-1.0,-1.0,-1.0,-1.0,-1.0,-1.0,-1.0,-1.0,-1.0,-1.0,-1.0,-1.0,54.89,-1.0,-1.0,-1.0,-1.0,-1.0,-1.0,,-1.0,-1.0,-1.0,-1.0,-1.0,-1.0,-1.0,-1.0,-1.0,-1.0,-1.0,-1.0,52.24505555555556,-1.0,-1.0,-1.0,-1.0,-1.0,-1.0,55.14,-1.0,-1.0,-1.0,-1.0,-1.0,-1.0,-1.0,-1.0,-1.0,-1.0,-1.0,-1.0,-1.0,-1.0,-1.0,-1.0,-1.0,-1.0,-1.0,-1.0,-1.0,-1.0,-1.0,4.0,-1.0,-1.0,-1.0,-1.0,-1.0,-1.0,,-1.0,-1.0,-1.0,-1.0,-1.0,-1.0,-1.0,-1.0,-1.0,-1.0,-1.0,-1.0,9.705555555555556,-1.0,-1.0,-1.0,-1.0,-1.0,-1.0,2023.0,-1.0,-1.0,-1.0,-1.0,-1.0,-1.0,-1.0,-1.0,-1.0,-1.0,-1.0,-1.0,-1.0,0.0,29.46716417910448,0.0,0.0,0.0,0.0,0.0,0.0,0.0,0.0,0.0,0.0,0.0,1.851648351648352,0.0083333333333333,0.0,0.0,,13.53315649867374,0.0,0.0,21.61611374407583,0.0,-1.0,0.7506925207756233,9.161643835616438,27.314453125,0.0,0.0,-1.0,-1.0,0.0,13.71830985915493,12.84796573875803,14.856396866840733,21.259336099585063,0.0,13.391509433962264,0.0,17.119433198380566,0.0,0.0,0.0,0.0,0.0,3.0327868852459017,2.6222826086956523,0.3777777777777777,0.0,0.0,0.1,-1.0,-1.0,-1.0,-1.0,-1.0,-1.0,-1.0,-1.0,-1.0,-1.0,23.71,-1.0,-1.0,-1.0,-1.0,-1.0,-1.0,,-1.0,-1.0,-1.0,-1.0,-1.0,-1.0,-1.0,-1.0,-1.0,-1.0,-1.0,-1.0,24.410027777777778,-1.0,-1.0,-1.0,-1.0,-1.0,-1.0,23.9,-1.0,-1.0,-1.0,-1.0,-1.0,-1.0,-1.0,-1.0,-1.0,-1.0,-1.0,-1.0,-1.0
104,2013-08-27 23:00:00,570.1816143497758,717.9888143176734,446.3071748878924,555.7069351230425,419.6278026905829,514.7583892617449,453.4610244988864,504.0313901345292,559.4222222222222,595.6703786191537,478.2834821428572,454.4865470852018,432.3581081081081,521.5391498881431,595.8993288590603,523.7004504504505,410.30269058295966,,489.2757847533632,459.3236607142857,556.6957494407159,603.2388392857143,497.71140939597313,332.314447592068,377.71875,541.3565022421525,448.7427293064877,590.0134228187919,574.2729306487696,573.0919282511211,501.6878531073446,548.7002237136466,245.69351230425056,603.3102678571429,593.5637583892617,507.3878923766816,486.7924107142857,469.73766816143495,457.70601336302894,498.1498881431767,401.9306487695749,427.4977578475337,459.579418344519,305.82774049217,485.5269058295964,405.05829596412553,635.48322147651,570.1230425055928,480.6681614349776,478.0648769574944,606.9484304932736,48.03955357142858,54.50294642857143,55.41961968680089,56.43089686098655,57.32814317673378,55.75950782997763,52.14116591928251,51.9137668161435,52.17993288590604,56.26801339285714,55.55201342281879,49.62921875,55.62841517857142,53.79839285714286,58.29892376681615,62.02216517857143,53.91323595505618,,57.85165919282511,56.89682326621924,55.46002237136466,52.85375,57.9348769574944,57.36724215246637,56.279575892857146,52.95038202247191,59.44702460850112,54.27,54.86114349775784,58.1676062639821,55.53093352192362,52.58348214285714,48.81631696428571,56.13747203579418,49.90480984340045,51.965234899328856,57.90606263982102,56.04848214285715,55.09114093959731,54.22959910913141,55.17275784753363,52.80466517857143,60.3609865470852,54.44214765100671,51.66186098654708,49.75237136465325,54.96228187919463,53.96874720357942,47.75096196868009,48.97156950672645,52.43336322869955,92.75669642857144,61.43080357142857,59.67337807606264,149.57847533632287,187.47874720357945,226.9082774049217,3.6502242152466366,2.9641255605381165,5.015659955257271,4.029017857142857,4.664429530201343,3.46875,3.5379464285714284,3.845982142857143,6.394618834080718,4.412946428571429,257.1820224719101,,10.757847533632289,3.472035794183445,3.5950782997762865,16.5,3.5123042505592843,2.7152466367713006,16.676339285714285,166.05168539325842,136.51454138702462,235.70246085011183,214.3251121076233,64.9910514541387,9.343705799151344,141.85267857142858,116.109375,154.8612975391499,91.91275167785236,33.24832214765101,129.36241610738256,2162.526785714286,104.74049217002238,332.05345211581295,188.61434977578477,3.899553571428572,182.0896860986547,15.40268456375839,3.318385650224215,56.04026845637584,6.805369127516778,4.8125,4.322147651006712,7.742152466367713,104.60089686098657,0.0,19.69894736842105,0.0,0.0,0.0,0.0,0.0,0.0,0.0,0.0,0.0,0.0,0.0,0.0,0.0,0.0,0.0,,5.917355371900826,0.0,0.0,6.903141361256544,0.0,0.0,2.0168539325842696,5.575,1.143661971830986,1.713091922005571,0.0,-1.0,0.0,0.0,24.38961038961039,29.38048090523338,22.87153652392947,12.348837209302326,0.0,28.30555555555556,0.0,0.0,0.0,0.0,0.0,3.6277777777777778,0.0,0.0,0.0,0.0,0.0,0.0,0.0,24.42602678571429,24.25497767857143,23.632013422818797,49.24903803131991,22.996979865771813,23.75006711409396,24.373340807174888,24.648251121076232,24.48373601789709,23.17703125,23.610648769574947,23.528549107142855,23.51910714285714,24.027410714285715,22.988856502242157,21.91091517857143,24.57892134831461,,22.819955156950677,23.08366890380313,23.57087248322148,24.32279017857143,23.15404921700224,22.98829596412556,23.03779017857143,25.90387892376681,22.47404921700224,24.07474272930649,23.750515695067264,22.88217002237137,23.235601131541724,24.46689732142857,25.765223214285715,23.49107382550336,25.158456375838927,24.862237136465325,22.70281879194631,23.69408482142857,23.41467561521253,23.971714922049,22.62291479820628,23.20026785714285,22.20015695067265,23.765838926174496,24.463789237668163,25.44364653243848,23.501946308724836,23.56626398210291,25.487695749440714,25.392174887892377,24.480515695067265
105,2013-08-28 00:00:00,552.2347222222222,638.6208333333333,429.06805555555553,537.1375,419.0472222222222,495.1013888888889,436.4513888888889,485.86944444444447,539.9416666666667,573.9972222222223,460.6902777777778,439.6777777777778,415.86944444444447,500.8666666666667,571.5055555555556,505.6666666666667,407.625,,433.8541666666667,444.4333333333333,533.0319444444444,529.6222222222223,479.7013888888889,315.8805555555556,350.0375,516.7305555555556,431.5625,567.1569444444444,555.2222222222222,554.4541666666667,487.99305555555554,526.2222222222222,275.65833333333336,555.1513888888888,559.9763888888889,468.5208333333333,476.18194444444447,451.4694444444444,447.1902777777778,482.0597222222222,389.3152777777778,412.5097222222222,447.7638888888889,263.3805555555556,470.7180555555556,418.6809986130375,613.3819444444445,551.8333333333334,466.68611111111113,464.6,598.0,47.70863888888889,54.63706944444445,55.61376388888888,56.73531206657421,57.047375,55.78141666666666,52.40781944444444,52.16251388888889,52.471375,56.73511789181692,56.02804166666667,49.95551388888889,56.00175,54.22233657858136,58.46156944444445,62.97691666666666,51.426643550624135,,58.188541666666666,57.28006944444444,56.17272222222222,53.51584722222222,58.27768055555556,57.70644444444444,56.52791666666666,53.42281944444444,59.93375,53.72593055555555,55.08525,58.34516666666666,57.174680555555554,53.10147222222222,49.421902777777774,56.99111111111111,51.00661111111111,52.39730555555556,59.15870833333333,56.971916666666665,55.22959722222222,54.89272222222223,55.2435,52.93066666666667,60.52629943502825,54.673,51.82659722222223,49.32573611111111,56.38356944444444,54.97544444444444,48.542625,50.24633333333333,52.90258333333333,132.48333333333332,61.265277777777776,52.26805555555556,152.28848821081831,174.51944444444445,212.75,3.575,2.948611111111111,4.406944444444444,3.654646324549237,4.1,2.8222222222222224,3.213888888888889,3.21557719054242,4.551388888888889,3.776388888888889,443.4535367545077,,10.391666666666667,3.484722222222222,3.563888888888889,3.547222222222222,3.6,2.797222222222222,4.445833333333334,165.6611111111111,151.22222222222223,232.1888888888889,209.43055555555557,64.54583333333333,10.116666666666667,173.95138888888889,116.62222222222222,137.54722222222222,88.83888888888889,28.8,108.36944444444444,2171.9708333333333,95.00555555555556,320.68888888888887,222.79722222222225,3.9166666666666665,176.50423728813558,4.833333333333333,3.341666666666667,105.89444444444445,8.776388888888889,4.798611111111111,4.497222222222222,8.904166666666667,77.36944444444444,0.0,15.992628992628992,0.0,0.0,0.0,0.0,0.0,0.0,0.0,0.0,0.0,0.0,0.0,0.0,0.0,0.0,0.0,,0.0,0.0,0.0,0.0,0.0,0.0,0.0,1.2916666666666667,0.0,3.927807486631016,0.0,-1.0,0.0,0.0,24.620689655172413,20.15303983228512,23.105651105651106,12.640963855421688,0.0,28.056027164685908,0.0,0.0,0.0,0.0,0.0,0.0,0.0,4.777777777777778,0.0,0.0,0.0,0.0,0.0,24.69638888888889,24.1255,23.655611111111117,49.37233333333334,23.121875,23.844930555555557,24.34626388888889,24.63733333333333,24.47094444444444,23.110568654646325,23.541569444444445,23.486013888888888,23.474402777777776,23.951571627260083,22.957972222222224,21.702583333333333,25.590887656033285,,22.795708333333334,23.032694444444445,23.39897222222222,24.028819444444444,23.123597222222223,22.955916666666663,22.99538888888889,25.82805555555556,22.33280555555556,24.339027777777776,23.73263888888889,22.89033333333333,22.77658333333333,24.28751388888889,25.59848611111111,23.23302777777777,24.805652777777777,24.609194444444444,22.40234722222222,23.42923611111111,23.40790277777777,23.750930555555552,22.637208333333334,23.202458333333333,22.19185028248588,23.70894444444444,24.468777777777778,25.70086111111111,23.0705,23.255902777777777,25.290972222222223,24.919541666666667,24.393861111111107
106,2013-08-28 01:00:00,517.4222222222222,529.3055555555555,393.0861111111111,496.05,382.8875,454.8847222222222,404.8208333333333,454.4188626907073,499.79583333333335,532.8486111111112,430.1388888888889,409.2402777777778,386.40277777777777,466.3888888888889,526.025,470.675,380.3,,388.55,407.80555555555554,496.4111111111111,485.85,445.9680555555556,288.3027777777778,317.1513888888889,479.4555555555556,394.9,483.9736111111111,519.3991477272727,517.7319444444445,450.7375,492.3125,252.07222222222225,575.2072322670375,539.8444444444444,367.3861111111111,444.11944444444447,410.72777777777776,419.375,450.35277777777776,359.50416666666666,383.0736111111111,415.9902777777778,230.48472222222225,438.9291666666667,381.2597222222222,565.0458333333333,512.1861111111111,431.7375,434.81666666666666,562.4833333333333,46.74308333333333,54.94622222222222,55.53638888888889,56.73729166666666,56.73256944444445,55.367125,52.58920833333334,52.336930555555554,52.66963888888889,57.05066666666667,56.33540277777777,50.203324061196106,56.30633333333333,54.55923611111111,58.484902777777776,63.65041666666667,49.2145,,57.78547222222223,57.589000000000006,56.769638888888885,54.00855555555556,58.4455,57.89479166666667,56.80141666666666,53.594277777777776,59.92586111111112,54.21638888888889,55.0424861111111,58.32516666666667,57.75904166666667,53.65279166666667,49.95619444444444,57.31705555555556,51.690125,52.934250000000006,59.05833333333333,58.048652777777775,55.20202777777778,55.19911111111112,54.995444444444445,53.04670833333334,60.388930555555554,54.9435,51.96605555555555,48.622902777777774,57.5705,55.64975,48.88436111111111,51.47133333333333,52.99854166666666,217.79722222222225,73.97638888888889,53.69583333333333,179.9,177.78472222222223,215.05138888888888,3.5097222222222224,2.925,4.7375,3.4944444444444445,4.1819444444444445,2.755215577190542,3.1666666666666665,3.1069444444444443,4.483333333333333,3.7041666666666666,550.4236111111111,,12.655555555555557,3.4472222222222224,8.26388888888889,3.629166666666667,3.5097222222222224,2.730555555555556,4.406944444444444,165.27083333333334,210.14444444444445,216.36805555555557,224.0263888888889,70.72916666666667,9.602777777777778,109.6986111111111,55.59722222222222,53.793055555555554,43.74305555555556,3.198611111111111,21.431944444444444,2171.163888888889,108.5111111111111,399.4875,483.74444444444447,3.923611111111111,205.3111111111111,4.9625,3.415277777777778,131.6652777777778,7.743055555555555,4.758333333333334,4.247222222222222,7.458333333333333,51.15277777777778,0.0,0.0,0.0,0.0,0.0,0.0,0.0,0.0,0.0,0.0,0.0,0.0,0.0,0.0,0.0,0.0,0.0,,0.0,0.0,4.976127320954907,0.0,0.0,0.0,0.0,1.5290858725761771,0.0,0.0,0.0,-1.0,0.0,0.0,23.62686567164179,27.67262969588551,27.327543424317614,0.0,0.0,28.322241681260945,0.0,0.0,0.0,0.0,0.0,0.0,0.0,2.967032967032967,0.0,0.0,0.0,0.0,0.0,25.11070833333333,23.858958333333334,23.73105555555556,58.70072222222222,23.24130555555556,24.066791666666667,24.32861111111111,24.62413888888889,24.43027777777778,23.046208333333333,23.492222222222225,23.444172461752437,23.429805555555557,23.87323611111111,22.92480555555556,21.533916666666663,26.30625,,23.032972222222224,22.97041666666667,23.24068055555556,23.86908333333333,23.12338888888889,22.94898611111111,22.936986111111118,25.81073611111111,22.406888888888886,24.00730555555556,23.83840277777778,22.976458333333333,22.637527777777777,24.06205555555556,25.368791666666667,23.219444444444445,24.6195,24.211972222222222,22.49661111111111,23.024888888888885,23.523736111111116,23.756666666666664,22.84669444444444,23.200750000000003,22.292125,23.640625,24.462569444444444,25.90263888888889,22.70868055555556,23.065611111111117,25.23325,24.48752777777778,24.40116666666667
107,2013-08-28 02:00:00,467.8513888888889,471.9805555555556,349.20694444444445,444.9236111111111,332.8930555555556,405.7972222222222,361.06388888888887,407.8097222222222,451.0777777777778,480.9347222222222,384.6013888888889,365.9236111111111,342.175,418.4375,476.45972222222224,422.14722222222224,328.73055555555555,,366.37916666666666,363.2861111111111,469.1694444444444,440.3666666666667,400.4875,248.79444444444445,269.6638888888889,430.5916666666666,347.2611111111111,417.69305555555553,470.3708333333333,466.575,399.45972222222224,446.3375,135.6861111111111,516.125,523.0777777777778,366.5138888888889,391.2375,365.9277777777778,378.08472222222224,405.0291666666666,317.8638888888889,340.2638888888889,366.2805555555556,193.74305555555557,389.82916666666665,323.0180555555556,504.4819444444444,463.0361111111111,385.0805555555556,388.05555555555554,505.56388888888887,46.52280555555555,55.585625,55.71934722222223,57.05244444444445,56.909000000000006,55.12468055555555,52.87491666666667,52.61029166666667,53.13663888888888,57.509625,56.71751388888889,50.494527777777776,56.70316666666667,55.02797222222223,58.89926388888889,64.30670833333333,49.421013888888886,,56.79580555555556,58.03830555555556,57.384875,54.50365277777777,58.78972222222222,58.24845833333333,57.21395833333334,54.363347222222224,59.86423611111111,54.95368055555556,54.89565277777778,58.34047287899861,58.27388888888888,54.345819444444444,50.671520223152015,56.94661111111111,52.007777777777775,53.75445833333333,58.73609722222222,59.52105555555555,54.85686111111112,55.13798611111111,54.519777777777776,53.43688888888889,60.329875,55.400972222222215,52.25215602836879,49.506791666666665,58.93244444444444,56.31101388888889,49.322763888888886,52.59145833333333,53.63826388888889,34.672222222222224,29.843055555555555,21.309722222222224,89.40555555555555,81.68194444444444,105.71388888888887,3.672222222222222,2.825,4.530555555555556,4.616666666666666,4.252777777777778,2.7694444444444444,3.3541666666666665,3.051388888888889,3.8958333333333335,3.4027777777777777,129.85555555555555,,8.165277777777778,3.3569444444444443,34.986111111111114,3.473611111111111,3.3569444444444443,2.602777777777778,3.970833333333333,11.656944444444443,138.9763888888889,101.76388888888889,117.87222222222222,73.28929068150208,4.976388888888889,9.997222222222222,5.376569037656904,36.263888888888886,38.97083333333333,17.654166666666665,7.5625,2200.3416666666667,54.1625,190.67361111111111,191.05972222222223,3.876388888888889,94.23055555555555,4.698611111111111,3.286524822695036,57.13055555555555,5.104166666666667,3.0541666666666667,4.019444444444445,4.440277777777778,20.427777777777777,0.0,0.0,0.0,0.0,0.0,0.0,0.0,0.0,0.0,0.0,0.0,0.0,0.0,0.0,0.0,0.0,0.0,,2.583333333333333,0.0,1.771978021978022,0.0,0.0,0.0,0.0,0.0,0.0,0.0,0.0,-1.0,0.0,0.0,0.0,17.91616766467066,22.14690721649485,7.449748743718593,0.0,19.26559356136821,0.0,0.0,0.0,0.0,0.0,0.0,0.0,1.5289256198347108,0.0,0.0,0.0,0.0,0.0,25.215569444444444,23.695277777777772,23.7715,81.10563888888889,23.293055555555554,24.225,24.29093055555556,24.593916666666665,24.336972222222222,22.99491666666667,23.45491666666667,23.40773611111111,23.372291666666666,23.80036111111111,22.943819444444443,21.52030555555556,26.05915277777778,,23.509625,22.933333333333334,23.16593055555556,23.787152777777777,23.11873611111111,22.93918055555556,22.893625,25.576194444444447,22.58083333333333,23.841125,24.04408333333333,23.11421418636996,22.64901388888889,23.87245833333333,24.975955369595532,23.545722222222224,24.7265,24.00740277777778,22.79083333333333,22.726208333333336,23.80315277777778,23.951666666666668,23.156194444444445,23.12648611111111,22.477222222222224,23.551777777777776,24.42007092198582,25.596055555555555,22.430625,22.98863888888889,25.204875,24.17545833333333,24.248291666666667
108,2013-08-28 03:00:00,460.7680555555556,467.62638888888887,344.5644937586685,443.75138888888887,326.46666666666664,399.425,342.9347222222222,388.1513888888889,441.0945757997218,471.1208333333333,371.5430555555556,350.2763888888889,325.7597222222222,406.8333333333333,477.06388888888887,423.5736111111111,317.9625,,370.6152777777778,353.21527777777777,425.31111111111113,430.2125,390.3708333333333,243.13888888888889,259.3541666666667,423.94305555555553,345.9902777777778,407.4458333333333,460.64166666666665,456.4513888888889,394.3888888888889,433.0305555555556,92.4625,433.2583333333333,550.475,347.1555555555556,388.8902777777778,352.4347222222222,362.18194444444447,394.6666666666667,308.09722222222223,324.2944444444444,364.3888888888889,180.21666666666667,370.3388888888889,302.8263888888889,496.8888888888889,460.6347222222222,380.8904299583911,377.4583333333333,495.7138888888889,47.340513888888886,56.45015277777778,56.64416666666667,57.36480555555555,57.743208333333335,56.09501388888889,53.335819444444446,53.02511111111112,53.836055555555554,58.091875,57.20769444444444,50.91461111111111,57.2105,55.546347222222224,59.32661111111111,64.54279166666667,52.160875,,57.04047222222222,58.43483333333334,58.32772222222222,55.06018055555556,59.25994444444445,58.726527777777775,57.65666666666667,54.78404166666667,60.492583333333336,56.203402777777775,55.53040277777778,58.75358333333334,58.45902777777778,55.202013888888885,51.938875,56.83909722222222,52.20494444444444,54.27380555555556,59.03641666666667,60.88273611111111,55.61804166666666,56.082791666666665,55.05623595505618,53.882666666666665,61.082138888888885,56.02961111111111,52.70775,51.488625,60.12468055555555,56.655791666666666,49.533125,53.77873611111112,54.73927777777778,3.856944444444444,3.843055555555555,3.441666666666667,25.663888888888888,18.3375,27.67222222222222,3.4680555555555554,2.8375,3.9972222222222222,3.433333333333333,4.084722222222222,2.790277777777778,3.2958333333333334,3.2847222222222223,4.791666666666667,3.7597222222222224,3.1083333333333334,,3.4902777777777776,3.438888888888889,36.24583333333333,3.458333333333333,3.459722222222222,2.5930555555555554,3.919444444444444,6.104166666666667,4.2,3.781944444444445,3.393055555555556,6.673611111111111,4.131944444444445,4.088888888888889,3.7,4.723611111111111,36.36666666666667,7.598611111111111,3.4027777777777777,2170.0694444444443,4.208333333333333,3.9625,3.650280898876405,3.702777777777778,3.219444444444445,4.680555555555555,3.2125,4.541666666666667,4.695833333333334,2.948611111111111,4.281944444444444,3.6777777777777776,7.148611111111111,0.0,0.0,0.0,0.0,0.0,0.0,0.0,0.0,0.0,0.0,0.0,0.0,0.0,0.0,0.0,0.0,0.0,,3.477900552486188,0.0,0.0,0.0,0.0,0.0,0.0,0.0,0.0,0.0,0.0,-1.0,0.0,0.0,0.0,0.0,17.689473684210526,0.0,0.0,5.644808743169399,0.0,0.0,0.0,0.0,0.0,0.0,0.0,0.0,0.0,0.0,0.0,0.0,0.0,24.923472222222223,23.47888888888889,23.559041666666666,57.15384722222222,23.10188888888889,23.95573611111111,24.24980555555556,24.57016666666667,24.21740277777777,22.95769444444445,23.430861111111117,23.38331944444445,23.32977777777777,23.774944444444444,22.98302777777777,21.63773611111111,24.926847222222225,,23.46270833333333,22.95538888888889,22.99405555555556,23.729694444444444,23.110805555555554,22.909541666666662,22.87966666666667,25.40233333333333,22.4105,23.47890277777778,23.857916666666668,23.047125,22.763777777777776,23.683708333333332,24.450888888888887,23.52426388888889,24.841097222222224,23.98069444444444,22.82673611111111,22.39859722222222,23.52248611111111,23.59941666666667,22.93512640449438,23.08351388888889,22.286444444444445,23.455458333333333,24.370597222222223,24.866152777777778,22.24344444444445,23.03634722222222,25.33455555555556,23.91927777777778,23.99211111111111
109,2013-08-28 04:00:00,454.2402777777778,466.5236111111111,345.44166666666666,443.7388888888889,328.5027777777778,400.8944444444445,339.6111111111111,384.5916666666666,441.9041666666666,469.3930555555556,368.50416666666666,346.8847222222222,323.09027777777777,403.5375,477.925,426.3666666666667,308.6861111111112,,324.2402777777778,354.6305555555556,448.3625,429.725,388.2916666666667,241.21666666666667,259.54027777777776,422.4069444444444,344.3958333333333,406.0944444444444,459.62361111111113,456.9166666666667,392.84722222222223,431.0125,91.55694444444444,420.4805555555556,426.3092926490985,307.2125,391.5597222222222,357.6,361.8555555555556,394.2319444444444,305.1722222222222,321.2402777777778,367.1833333333333,179.925,370.0,299.4736111111111,589.4236111111111,463.5944444444444,387.4791666666667,374.9291666666667,491.8041666666667,48.34261111111111,57.23727777777777,57.32141666666666,58.09751388888889,58.226625,57.309666666666665,53.80822222222222,53.44638888888889,54.49443055555555,58.66081944444444,57.70040277777778,51.36173611111111,57.726819444444445,56.07562410329986,59.602833333333336,64.039,54.98775,,57.81940277777778,58.7955,58.96730555555556,55.56829166666667,59.70886111111111,59.23059722222222,58.15755555555556,54.988388888888885,61.6155,57.62886111111111,56.66629166666667,59.43959722222223,58.63702777777778,55.979416666666665,53.15861111111111,57.231208333333335,52.40204166666667,54.86838888888889,59.41495833333333,61.66016666666667,56.87323611111112,57.608847222222224,56.539458333333336,54.32123611111111,62.292125000000006,56.60197222222222,53.18173611111111,53.084916666666665,60.958625,56.68658807212205,49.154375,54.99137309292649,56.13363888888889,3.876388888888889,3.8680555555555554,3.348611111111111,25.20277777777778,18.22222222222222,27.5875,3.4611111111111112,2.8152777777777778,3.918055555555556,3.251388888888889,4.063888888888889,2.7916666666666665,3.341666666666667,3.3443328550932567,5.851388888888889,4.355555555555555,3.043055555555556,,3.515277777777778,3.4444444444444446,36.234722222222224,3.376388888888889,3.3402777777777777,2.6,3.841666666666667,6.191666666666666,4.151388888888889,3.5541666666666667,3.075,6.625,4.152777777777778,4.055555555555555,3.609722222222222,4.595833333333333,3.316666666666667,3.111111111111111,3.348611111111111,2167.2347222222224,4.002777777777778,3.4680555555555554,3.551388888888889,3.731944444444444,2.9097222222222223,4.706944444444445,3.1777777777777776,4.501388888888889,21.136111111111116,2.9195561719833565,4.248611111111111,3.687933425797504,4.3277777777777775,0.0,0.0,0.0,0.0,0.0,0.0,0.0,0.0,0.0,0.0,0.0,0.0,0.0,0.0,0.0,0.0,0.0,,0.0,0.0,1.6115702479338845,0.0,0.0,0.0,0.0,0.0,0.0,0.0,0.0,-1.0,0.0,0.0,0.0,0.0,0.0,0.0,0.0,3.8733153638814017,0.0,0.0,0.0,0.0,0.0,0.0,0.0,0.0,22.29157667386609,0.0,0.0,0.0,0.0,24.600472222222223,23.32038888888889,23.435,79.43648611111111,23.054222222222226,23.63381944444444,24.218194444444443,24.543888888888887,24.113166666666665,22.915277777777774,23.403875000000003,23.35622222222222,23.290694444444444,23.7390387374462,22.9985,22.06266666666667,24.04093055555556,,23.26330555555556,22.979055555555554,22.980194444444447,23.698305555555557,23.10690277777778,22.888930555555557,22.84852777777777,25.412458333333333,22.11625,23.07793055555556,23.51447222222222,22.8755,22.817347222222224,23.533291666666667,24.080180555555557,23.458125,24.674888888888887,23.823652777777777,22.840902777777774,22.296722222222225,23.157097222222223,23.132375000000003,22.433736111111116,23.043166666666664,21.99515277777778,23.394875000000003,24.313791666666667,24.393541666666664,22.292361111111116,23.171178918169208,25.663291666666662,23.687239944521497,23.63655555555556
110,2013-08-28 05:00:00,457.4041666666666,469.8486111111111,347.4347222222222,445.31111111111113,330.4402777777778,404.79583333333335,339.8833333333333,385.51666666666665,445.4861111111111,474.06388888888887,369.6791666666667,348.20972222222224,324.2416666666667,406.40972222222223,471.02222222222224,422.1402777777778,306.09722222222223,,317.7125,358.93194444444447,452.2805555555556,432.07916666666665,392.33472222222224,242.4618585298197,262.4972222222222,424.5597222222222,347.0680555555556,408.62361111111113,462.99444444444447,457.1673640167364,397.3097222222222,433.2916666666667,94.9888888888889,419.8930555555556,414.2944444444444,304.0486111111111,395.27777777777777,352.3375,362.70972222222224,395.4555555555556,306.44444444444446,324.5986111111111,374.5208333333333,180.82777777777775,371.42083333333335,302.875,553.1319444444445,467.1777777777778,395.70972222222224,377.09027777777777,493.6361111111111,49.04529166666667,57.49304166666666,57.51926490984744,58.273916666666665,58.164791666666666,58.07030555555556,54.07041666666666,53.673652777777775,54.83244444444445,58.89536111111112,57.96116666666667,51.58916666666666,58.01211565585331,56.29677918424754,60.614527777777774,62.43966666666666,56.583402777777785,,58.53430555555555,58.853875,58.822125,55.83315277777778,59.884166666666665,59.39966149506347,58.439638888888894,54.8395,62.42795833333333,58.581875,57.445013888888894,60.09745833333333,58.70670833333334,56.624375,54.09643055555556,57.40447222222223,52.65276388888888,55.24711111111111,59.35233333333333,61.225625,57.77612499999999,58.62393055555556,58.17254166666668,54.5695,63.050625,56.91285714285714,53.48025,53.849375,60.75972222222222,56.38472144846797,48.45870833333333,55.598333333333336,57.257375,3.875,3.8222222222222224,3.4160887656033285,25.03472222222222,18.13888888888889,27.58055555555556,3.55,2.823611111111111,3.981944444444444,3.219444444444445,4.101388888888889,2.761111111111111,3.198871650211565,3.282700421940928,5.023611111111111,4.030555555555556,3.1930555555555555,,3.658333333333333,3.4402777777777778,12.693055555555556,3.477777777777778,3.5625,2.7517630465444287,4.188888888888889,6.152777777777778,4.063888888888889,3.518055555555556,3.1527777777777777,6.594444444444444,4.1375,3.968055555555555,3.5902777777777777,4.579166666666667,3.330555555555556,3.1222222222222222,3.3694444444444445,2166.6194444444445,3.983333333333333,3.477777777777778,3.555555555555556,3.7125,2.9319444444444445,4.699029126213592,3.220833333333333,4.523611111111111,20.181944444444444,2.9289693593314765,4.234722222222223,3.7402777777777776,3.886111111111111,0.0,0.0,0.0,0.0,0.0,0.0,0.0,0.0,0.0,0.0,0.0,0.0,0.0,0.0,0.0,0.0,0.0,,0.0,0.0,3.5068119891008176,0.0,0.0,0.0,0.0,0.0,0.0,0.0,0.0,-1.0,0.0,0.0,0.0,0.0,0.0,0.0,0.0,3.385026737967914,0.0,0.0,0.0,0.0,0.0,0.0,0.0,0.0,10.95631067961165,0.0,0.0,0.0,0.0,24.309708333333337,23.24659722222222,23.377378640776698,60.85772222222222,23.07725,23.39238888888889,24.188125,24.510375000000003,24.029402777777776,22.869722222222222,23.36994444444445,23.326208333333334,23.261833568406207,23.70353023909986,22.472166666666663,22.522652777777772,23.522069444444444,,23.021583333333336,23.00555555555556,23.045972222222225,23.645333333333333,23.07540277777778,22.86777150916784,22.78490277777778,25.252027777777776,21.853166666666667,22.781,23.220694444444447,22.629069444444443,22.78920833333333,23.34081944444444,23.773930555555555,23.38518055555556,24.53581944444445,23.722680555555552,22.869138888888887,22.453930555555555,22.859347222222222,22.80602777777778,21.86548611111111,23.00420833333333,21.773680555555558,23.350540915395285,24.24963888888889,24.13694444444444,22.354694444444444,23.336225626740948,25.996180555555554,23.54513888888889,23.277736111111118
111,2013-08-28 06:00:00,455.8555555555556,470.25416666666666,349.5930555555556,448.51666666666665,334.3888888888889,407.1444444444445,343.6548797736917,389.2694444444445,448.6013888888889,474.2652777777778,374.1680555555556,350.4458333333333,325.84444444444443,408.2625,460.6680555555556,424.11805555555554,308.18333333333334,,318.39444444444445,362.24444444444447,428.2305555555556,433.36944444444447,393.4847222222222,245.50833333333333,265.2857142857143,427.02777777777777,347.6902777777778,412.8444444444444,462.7180555555556,460.3638888888889,400.2416666666667,434.6361111111111,100.22191400832178,423.4075630252101,422.89166666666665,306.075,396.945301542777,339.4291666666667,364.4666666666666,396.52777777777777,304.98196948682386,326.01944444444445,381.44444444444446,181.6125,371.27222222222224,309.3722222222222,579.7361111111111,474.28333333333336,399.2916666666667,380.20416666666665,492.5541666666667,49.328125,57.53075,57.45045833333334,58.157760778859526,58.03450784593439,58.33829166666666,54.05780555555556,53.66429166666667,54.84086111111111,58.75395833333333,57.94479166666667,51.56576388888889,58.05566666666667,56.34276388888889,63.13158333333333,61.849041666666665,57.605291666666666,,58.99726388888889,58.66673611111111,58.67095833333333,55.98170833333334,59.92487500000001,59.45529166666666,58.51805555555556,54.73151388888889,62.77454166666666,59.053625,57.83894444444445,60.53383333333333,58.62245833333333,57.06202777777777,54.707875,57.517291666666665,52.827930555555554,55.330041666666666,59.190041666666666,60.16341666666667,58.321708333333326,59.213750000000005,59.300375,54.58326388888889,63.32091666666666,56.970083333333335,53.56570833333333,54.27791666666666,61.06033333333334,56.07179166666667,47.87758333333333,55.75556944444445,57.77513888888889,3.8,3.843055555555555,3.430555555555556,25.07232267037552,18.196861626248214,27.575,3.495833333333333,2.875,4.0152777777777775,3.2555555555555555,3.969444444444445,2.7625,3.238888888888889,3.0902777777777777,3.7,3.334722222222222,3.6152777777777776,,3.5652777777777778,3.3875,3.647222222222222,3.526388888888889,3.594444444444445,2.743055555555556,4.329166666666667,6.193055555555556,4.113888888888889,3.4875,3.1166666666666667,6.658333333333333,4.122222222222222,4.029166666666667,3.5819444444444444,4.731944444444444,10.379166666666666,3.0722222222222224,3.3833333333333333,2164.3194444444443,4.084722222222222,3.3833333333333333,3.563888888888889,3.669444444444444,2.936111111111111,4.695833333333334,3.147222222222222,4.484722222222223,27.7,2.993055555555556,4.248611111111111,3.629166666666667,3.897222222222222,0.0,0.0,0.0,0.0,0.0,0.0,0.0,0.0,0.0,0.0,0.0,0.0,0.0,0.0,0.0,0.0,0.0,,0.0,0.0,0.0,0.0,0.0,0.0,0.0,0.0,0.0,0.0,0.0,-1.0,0.0,0.0,0.0,0.0,5.852861035422343,0.0,0.0,7.531578947368421,0.0,0.0,0.0,0.0,0.0,0.0,0.0,3.769430051813472,13.139484978540771,0.0,0.0,0.0,0.0,24.08233333333333,23.149152777777772,23.31147222222222,69.37401947148818,23.02533523537803,23.213013888888888,24.166208333333337,24.479000000000003,23.95825,22.83447222222222,23.32990277777777,23.295319444444445,23.221652777777777,23.58655555555556,21.52038888888889,22.512722222222223,23.07927777777778,,22.77619444444445,23.022013888888885,22.954444444444444,23.542194444444444,22.993305555555555,22.789597222222223,22.70319444444444,25.13354166666667,21.642958333333333,22.54498611111111,22.967458333333333,22.367708333333333,22.71611111111111,23.13536111111111,23.51383333333333,23.25513888888889,24.394347222222223,23.646916666666662,22.81386111111111,22.637486111111112,22.610388888888888,22.544777777777774,21.448527777777777,22.96801388888889,21.60401388888889,23.306666666666665,24.193472222222223,23.90284722222222,22.19348611111111,23.40738888888889,26.18381944444444,23.452888888888893,23.01893055555556
112,2013-08-28 07:00:00,450.6694444444444,466.5875,344.9430555555556,444.4333333333333,329.31388888888887,402.44166666666666,340.4736111111111,385.9486111111111,441.7236111111111,469.92083333333335,369.9972222222222,347.75694444444446,321.74444444444447,401.4055555555556,453.49444444444447,418.0472222222222,304.0861111111111,,308.9223300970873,358.40416666666664,422.78333333333336,430.1791666666667,388.5625,241.8986111111111,261.8333333333333,423.2930555555556,343.5541666666667,409.62361111111113,458.20972222222224,455.8611111111111,395.0805555555556,430.125,99.46944444444443,432.9041666666666,480.0986111111111,302.0138888888889,390.8513888888889,316.0263888888889,359.56944444444446,393.0375,297.93194444444447,320.2,382.6277777777778,180.18194444444444,367.6736111111111,304.2708333333333,570.5236111111111,475.25,397.55,376.1222222222222,486.7819444444444,49.61156944444445,57.599125,57.44583333333333,58.11390277777778,57.952520891364905,58.56305555555556,53.992625,53.61295833333334,54.887,58.68483333333334,57.85612499999999,51.48755555555556,58.04344444444444,56.46640277777777,64.76784722222222,61.61625000000001,58.39513888888889,,59.390625,58.469458333333336,58.64033333333334,56.020833333333336,59.92241666666666,59.46425,58.55283333333333,54.65020833333334,63.13458333333334,59.511875,58.23522222222222,60.986875000000005,58.67154166666667,57.38677777777778,55.133513888888885,57.72955555555556,53.06875,55.37520833333333,59.182750000000006,60.07140825035562,58.73036111111112,59.68756944444445,59.987208333333335,54.56286111111111,63.512,56.97551388888888,53.587291666666665,54.70647222222222,60.85075,55.77976388888889,47.411902777777776,55.87818055555556,58.29448611111111,3.761111111111111,3.863888888888889,3.455555555555556,25.10833333333333,18.285515320334262,27.53333333333333,3.463888888888889,2.870833333333333,4.009722222222222,3.3027777777777776,4.075,2.770833333333333,3.2805555555555554,3.176388888888889,3.633333333333333,3.3208333333333333,3.9,,3.5055555555555555,3.3569444444444443,3.436111111111111,3.463888888888889,3.4458333333333333,2.6416666666666666,3.9763888888888888,6.194444444444445,4.180555555555555,3.4430555555555555,3.1416666666666666,6.6125,4.133333333333334,4.006944444444445,3.623611111111111,4.722222222222222,28.62361111111111,3.118055555555556,3.2888888888888888,2148.869132290185,3.970833333333333,3.4875,3.531944444444445,3.6791666666666663,2.8694444444444445,4.663888888888889,3.202777777777778,4.466666666666667,27.81388888888889,3.048611111111111,4.165277777777778,3.6625,3.7888888888888888,0.0,0.0,0.0,0.0,0.0,0.0,0.0,0.0,0.0,0.0,0.0,0.0,0.0,0.0,0.0,0.0,0.0,,0.0,0.0,0.0,0.0,0.0,0.0,0.0,0.0,0.0,0.0,0.0,-1.0,0.0,0.0,0.0,0.0,12.70509383378016,0.0,0.0,0.0,0.0,0.0,0.0,0.0,0.0,0.0,0.0,0.0,4.2,0.0,0.0,0.0,0.0,23.88640277777777,23.046361111111118,23.23076388888889,62.29340277777778,22.95607242339833,23.07245833333333,24.13941666666667,24.44511111111111,23.87286111111111,22.78551388888889,23.301347222222223,23.259875,23.186041666666668,23.46483333333333,21.043666666666667,22.470166666666668,22.79190277777777,,22.58273611111111,23.02701388888889,22.891847222222225,23.481861111111108,22.94202777777778,22.738,22.653847222222225,25.072805555555554,21.47726388888889,22.33520833333333,22.760972222222225,22.13655555555556,22.60902777777778,22.968902777777775,23.316680555555557,23.100513888888887,24.35229166666667,23.566680555555557,22.72491666666667,22.50578947368421,22.424041666666668,22.338583333333336,21.212972222222223,22.92533333333333,21.50786111111111,23.25375,24.131847222222223,23.680722222222222,22.226805555555558,23.45201388888889,26.301388888888887,23.36927777777778,22.78281944444445
113,2013-08-28 08:00:00,448.8861111111111,464.72222222222223,342.98055555555555,439.7013888888889,326.18055555555554,398.1961057023644,338.525,383.44166666666666,438.7597222222222,466.75,366.6972222222222,344.2486111111112,319.9527777777778,398.8319444444445,450.7638888888889,417.81666666666666,300.21666666666664,,306.5458333333333,356.7736111111111,419.0388888888889,426.7236111111111,385.6902777777778,239.38194444444449,261.68055555555554,419.70416666666665,346.7347222222222,406.72083333333336,455.3208333333333,455.7458333333333,395.5652777777778,427.03472222222223,95.05416666666666,421.3125,424.0833333333333,301.175,387.93194444444447,314.1347222222222,356.9972222222222,388.46527777777777,294.3263888888889,318.8124118476728,381.1763888888889,178.01944444444445,365.7611111111111,300.88194444444446,524.9041666666667,468.55694444444447,391.9958333333333,373.06944444444446,484.2912621359224,49.867125,57.633541666666666,57.42295833333333,58.04883333333333,57.89025,58.64633333333333,53.86761111111111,53.530138888888885,54.85154166666667,58.56921568627451,57.73822222222222,51.39431944444444,57.990750000000006,56.52845833333333,65.56861111111111,61.421625,58.99970833333334,,59.648916666666665,58.303291666666674,58.60823611111111,55.90416666666667,59.86975,59.37504166666667,58.527027777777775,54.63079166666667,63.27741666666667,59.84220833333333,58.531513888888895,61.290625,58.7173092926491,57.59406944444445,55.48434722222223,57.92279166666666,53.19011111111111,55.417,59.209833333333336,60.30497222222223,59.02995839112344,60.029375,60.34220833333333,54.52031944444444,63.451125,56.95781944444444,53.61600000000001,55.06408333333333,60.51379166666667,55.49019444444445,47.07786111111111,55.93816666666668,58.724375,3.811111111111111,3.890277777777778,3.4458333333333333,25.075,18.229166666666668,27.490277777777777,3.5125,2.9055555555555554,3.879166666666667,3.256302521008404,4.072222222222222,2.797222222222222,3.2777777777777777,3.3152777777777778,4.847222222222222,3.879166666666667,3.8541666666666665,,3.488888888888889,3.2777777777777777,3.261111111111111,3.438888888888889,3.452777777777778,2.598611111111111,3.705555555555556,6.118055555555555,4.152777777777778,3.5597222222222222,3.118055555555556,6.622222222222222,4.12621359223301,4.05,3.548611111111111,4.595833333333333,3.248611111111111,3.084722222222222,3.3041666666666667,2165.373611111111,3.994452149791956,3.473611111111111,3.531944444444445,3.6944444444444446,2.9680555555555554,4.615277777777778,3.198611111111111,4.493055555555555,19.13055555555556,3.0305555555555554,4.186111111111111,3.6486111111111112,3.761111111111111,0.0,0.0,0.0,0.0,0.0,0.0,0.0,0.0,0.0,0.0,0.0,0.0,0.0,0.0,0.0,0.0,0.0,,0.0,0.0,0.0,0.0,0.0,0.0,0.0,0.0,0.0,0.0,0.0,-1.0,0.0,0.0,0.0,0.0,0.0,0.0,0.0,0.0,0.0,0.0,0.0,0.0,0.0,0.0,0.0,0.0,5.326315789473684,0.0,0.0,0.0,0.0,23.684722222222224,22.94515277777777,23.14920833333333,50.63330555555555,22.87555555555556,22.95752777777778,24.098000000000003,24.39891666666667,23.80352777777778,22.73347338935574,23.26172222222222,23.211972222222222,23.140125,23.358666666666664,20.77175,22.41558333333333,22.51620833333333,,22.417986111111112,23.006291666666662,22.811097222222223,23.466013888888888,22.88433333333333,22.70430555555556,22.59686111111111,25.019569444444446,21.366041666666664,22.164597222222223,22.58275,21.955916666666667,22.50509015256588,22.835875,23.13486111111111,22.973902777777777,24.09143055555556,23.48388888888889,22.634555555555558,22.31655555555556,22.26954230235784,22.171902777777778,21.06108333333333,22.884444444444444,21.45619444444445,23.207666666666668,24.06484722222222,23.478069444444444,22.183041666666668,23.48916666666667,26.32673611111111,23.28527777777778,22.575875
114,2013-08-28 09:00:00,445.60277777777776,460.3222222222222,341.81666666666666,437.2819444444444,322.95,395.9055555555556,337.62083333333334,382.1902777777778,437.4055555555556,465.5888888888889,366.1208333333333,343.0388888888889,318.6338639652677,396.7180555555556,447.6694444444444,416.2166666666666,293.64722222222224,,305.65972222222223,354.46527777777777,417.25416666666666,426.21527777777777,381.8958333333333,236.9638888888889,259.85277777777776,418.2319444444444,344.4,404.7652777777778,451.84583333333336,455.3833333333333,394.9819444444444,422.9916666666667,95.47598870056495,416.7194444444444,403.8388888888889,300.81969486823857,386.4375,313.8930555555556,355.4111111111111,388.3305555555556,291.45694444444445,316.1041666666667,378.72222222222223,177.7263888888889,365.3861111111111,298.5375,486.4472222222222,464.1041666666667,386.1430555555556,371.8625,480.3375,50.23380555555555,57.76055555555556,57.49658333333333,58.09436111111111,57.920625,58.81145833333333,53.80606102635229,53.51812499999999,54.93166666666667,58.55766666666666,57.70027777777777,51.35025,57.99487500000001,56.64398611111111,66.06886111111112,61.34395833333333,59.58234722222223,,59.93129166666667,58.20058333333333,58.63808333333333,55.82694444444444,59.86391666666666,59.31370833333334,58.53993055555556,54.549375000000005,63.431625,60.132375,58.79441666666666,61.57991666666667,58.78399999999999,57.78483333333334,55.77041666666666,58.09170833333333,53.59816666666666,55.436125,59.25358333333334,60.56784722222222,59.23491666666666,60.28698611111111,60.57354166666666,54.45845833333334,63.44691666666667,56.89676388888888,53.579458333333335,55.440375,60.782041666666665,55.23316666666666,46.857625,55.99930555555556,59.06372222222222,3.744444444444445,3.8152777777777778,3.426388888888889,25.155555555555555,18.259722222222223,27.502777777777776,3.409153952843273,2.811111111111111,3.952777777777778,3.2263888888888888,4.047222222222223,2.8375,3.283333333333333,3.3666666666666667,5.791666666666667,4.365277777777778,3.7736111111111112,,3.5277777777777777,3.355555555555556,3.3125,3.4458333333333333,3.388888888888889,2.5625,3.6847222222222222,6.139204545454546,4.1125,3.533333333333333,3.1222222222222222,6.595833333333333,4.143055555555556,4.001388888888889,3.5194444444444444,4.633333333333334,3.2597222222222224,3.063888888888889,3.395833333333333,2176.655555555556,4.081944444444445,3.486111111111111,3.531944444444445,3.7569444444444446,2.8625,4.704166666666667,3.158333333333333,4.673611111111111,3.5194444444444444,3.0125,4.354166666666667,3.6972222222222224,3.844444444444445,0.0,0.0,0.0,0.0,0.0,0.0,0.0,0.0,0.0,0.0,0.0,0.0,0.0,0.0,0.0,0.0,0.0,,0.0,0.0,0.0,0.0,0.0,0.0,0.0,0.0,0.0,0.0,0.0,-1.0,0.0,0.0,0.0,0.0,0.0,0.0,0.0,0.0,0.0,0.0,0.0,0.0,0.0,0.0,0.0,0.0,0.0,0.0,0.0,0.0,0.0,23.499916666666664,22.842861111111112,23.066041666666667,57.51727777777778,22.797625,22.85665277777778,24.05966712898752,24.34629166666667,23.729055555555554,22.687319444444444,23.22125,23.174041666666668,23.09233333333333,23.273569444444448,20.657694444444445,22.378597222222226,22.298277777777777,,22.264569444444444,22.96586111111111,22.73180555555556,23.429430555555555,22.81963888888889,22.66105555555556,22.53281944444444,24.969722222222224,21.256555555555558,22.017180555555555,22.43426388888889,21.797416666666667,22.40286111111111,22.711666666666662,22.98108333333333,22.845069444444444,23.83025,23.40458333333333,22.53863888888889,22.15672222222222,22.139791666666667,22.03276388888889,20.941875,22.841805555555556,21.379430555555555,23.167305555555554,24.016069444444444,23.282444444444444,21.88620833333333,23.47476388888889,26.297013888888888,23.17890277777778,22.405347222222225
115,2013-08-28 10:00:00,442.90277777777777,458.7520891364903,340.3847222222222,433.575,319.41805555555555,398.0291666666666,334.7652777777778,381.9111111111111,435.3097222222222,462.1655076495132,364.6611111111111,340.7125,318.49444444444447,395.0777777777778,446.85833333333335,416.1555555555556,292.4555555555556,,306.05833333333334,352.56944444444446,416.2597222222222,424.9861111111111,379.4847222222222,236.17777777777775,260.6722222222222,416.9583333333333,341.05322128851543,401.9805555555556,450.6166666666667,451.6986111111111,392.7986111111111,421.675,91.45555555555556,414.3013888888889,399.1208333333333,299.09166666666664,385.7194444444444,313.06944444444446,353.3958333333333,387.2069444444445,289.53194444444443,314.05694444444447,377.6138888888889,175.20416666666668,360.6555555555556,297.4902777777778,482.5944444444444,459.3263888888889,382.0861111111111,371.0388888888889,478.6569444444444,50.622819444444445,57.97286111111111,57.63843055555555,58.220125,57.99466666666666,59.01318055555555,53.83548611111112,53.57558333333333,55.07336111111111,58.58631944444445,57.72979166666666,51.368583333333326,58.04544444444445,56.8235,66.31590277777778,61.37141666666666,60.18534722222222,,60.31569444444444,58.27145833333333,58.77829166666667,55.90945833333333,59.99245833333333,59.410916666666665,58.6925,54.57977777777778,63.75738888888889,60.530569444444446,59.202444444444446,61.97658333333333,58.997194444444446,58.09359722222222,56.13302777777778,58.47829166666667,54.10424999999999,55.58915277777778,59.53820833333334,60.97541666666667,59.57313888888889,60.66783333333334,60.93091666666667,54.52608333333333,63.65781944444445,56.97569444444444,53.62829403606103,55.93816666666666,61.68358333333333,55.22880555555555,46.65241666666667,56.28483333333334,59.524902777777775,3.672222222222222,3.630555555555556,3.4347222222222222,25.1125,18.302777777777777,27.575,3.393055555555556,2.838888888888889,3.948611111111111,3.298611111111111,4.05,2.7958333333333334,3.3,3.305555555555556,4.6875,3.919444444444444,3.8541666666666665,,3.547222222222222,3.3569444444444443,3.3375,3.4277777777777776,3.3916666666666666,2.551388888888889,3.675,6.058333333333334,4.033333333333333,3.5652777777777778,3.1666666666666665,6.673611111111111,4.1125,4.047222222222223,3.5236111111111112,4.576388888888889,3.198611111111111,3.0347222222222223,3.3041666666666667,2186.608333333333,3.8916666666666666,3.4819444444444443,3.370833333333333,3.588888888888889,2.8361111111111112,4.7444444444444445,3.1067961165048543,5.120833333333334,3.4972222222222222,2.995833333333333,4.298611111111111,3.727777777777778,3.813888888888889,0.0,0.0,0.0,0.0,0.0,0.0,0.0,0.0,0.0,0.0,0.0,0.0,0.0,0.0,0.0,0.0,0.0,,0.0,0.0,0.0,0.0,0.0,0.0,0.0,0.0,0.0,0.0,0.0,-1.0,0.0,0.0,0.0,0.0,0.0,0.0,0.0,0.0,0.0,0.0,0.0,0.0,0.0,0.0,0.0,0.0,0.0,0.0,0.0,0.0,0.0,23.364097222222224,22.75466666666667,23.006166666666665,57.46236111111112,22.747416666666663,22.796277777777775,24.023527777777776,24.309319444444444,23.682680555555557,22.67723611111111,23.199416666666668,23.152541666666668,23.064625,23.21781944444444,20.642819444444445,22.363916666666668,22.139722222222225,,22.148694444444445,22.91973611111111,22.67755555555556,23.375902777777775,22.768916666666662,22.62095833333333,22.475291666666667,24.913763888888887,21.17601388888889,21.899083333333333,22.310305555555555,21.67359722222222,22.33093055555556,22.601875,22.85504166666667,22.70427777777778,23.63368055555556,23.330666666666666,22.43469444444444,22.03440277777778,22.028125,21.92348611111111,20.839666666666663,22.80584722222222,21.320486111111112,23.12940277777778,23.983619972260747,23.115333333333336,21.60380555555556,23.405555555555555,26.317055555555555,23.0705,22.27175
116,2013-08-28 11:00:00,440.7986111111111,457.9041666666666,338.34027777777777,429.84797768479774,319.6694444444444,395.2861111111111,334.77777777777777,379.9111111111111,434.2125,463.5507649513213,363.6902777777778,340.9513888888889,315.4680555555556,394.31388888888887,445.6361111111111,414.4041666666666,290.2986111111111,,302.87083333333334,350.4263888888889,417.44166666666666,422.9583333333333,377.7638888888889,235.9208333333333,259.51666666666665,415.0652777777778,344.5444444444444,403.20416666666665,448.8333333333333,449.9555555555556,392.2458333333333,424.6768377253814,89.9486111111111,412.1833333333333,397.9736111111111,298.4972222222222,383.37638888888887,311.9791666666667,352.02222222222224,385.0083333333333,287.7986111111111,313.8902777777778,377.3847222222222,174.93472222222223,361.63055555555553,299.94166666666666,478.8388888888889,458.16527777777776,378.1736111111111,369.1680555555556,476.5125,50.94381944444445,58.18716666666667,57.769444444444446,58.342416666666665,58.07291666666666,59.174958333333336,53.90495833333333,53.64993055555555,55.18052704576977,58.63575,57.74977777777777,51.43081460674157,58.108263888888885,56.89854166666666,66.40159722222222,61.39308333333334,60.725,,60.59195833333333,58.32291666666666,58.88904166666667,56.04847222222222,60.10320833333333,59.491416666666666,58.815000000000005,54.64329166666666,63.95825000000001,60.88916666666666,59.51391666666666,62.31520833333333,59.18733333333333,58.46116666666667,56.46669444444444,58.821708333333326,54.54334722222222,55.75573611111111,59.88691666666667,61.32708333333333,59.85191666666666,60.97879166666667,61.20104166666667,54.60301388888889,63.7681223922114,57.05840277777778,53.70195833333334,56.35970833333333,62.26704166666666,55.31223611111111,46.59988888888888,56.542375,59.92154166666667,3.825,3.681944444444445,3.4611111111111112,25.26805555555556,18.21388888888889,27.476388888888888,3.330555555555556,2.8583333333333334,3.997226074895978,3.3625,4.0,2.723314606741573,3.2805555555555554,3.2041666666666666,3.6638888888888888,3.3041666666666667,3.8291666666666666,,3.529166666666667,3.220833333333333,3.3375,3.3805555555555555,3.4138888888888888,2.5861111111111112,3.744444444444445,6.063888888888889,4.156944444444444,3.4833333333333334,3.1791666666666667,6.584722222222222,4.141666666666667,3.9375,3.608333333333333,4.697222222222222,3.243055555555556,3.209722222222222,3.3722222222222222,2163.5777777777776,4.165277777777778,3.5527777777777776,3.580555555555556,3.7111111111111112,3.022253129346314,4.836111111111111,3.3069444444444445,11.165277777777778,3.658333333333333,4.283333333333333,4.280555555555556,3.6152777777777776,6.620833333333334,0.0,0.0,0.0,0.0,0.0,0.0,0.0,0.0,0.0,0.0,0.0,0.0,0.0,0.0,0.0,0.0,0.0,,0.0,0.0,0.0,0.0,0.0,0.0,0.0,0.0,0.0,0.0,0.0,-1.0,0.0,0.0,0.0,0.0,0.0,0.0,0.0,0.0,0.0,0.0,0.0,0.0,0.0,0.0,0.0,1.533149171270718,0.0,0.0,0.0,0.0,0.0,23.23025,22.67504166666667,22.951722222222223,58.18219444444445,22.70145833333333,22.737166666666667,23.979930555555555,24.27011111111111,23.63685159500693,22.648805555555555,23.186666666666667,23.125435393258428,23.03523611111111,23.18733333333333,20.622652777777777,22.331722222222226,21.96602777777778,,22.061597222222225,22.88613888888889,22.62313888888889,23.304805555555557,22.724166666666665,22.58440277777778,22.430625000000003,24.870361111111112,21.109916666666667,21.796388888888888,22.20277777777778,21.56426388888889,22.264277777777775,22.47701388888889,22.74136111111111,22.587569444444444,23.467805555555557,23.258055555555558,22.31430555555556,21.915375,21.941944444444445,21.82756944444445,20.75945833333333,22.76983333333333,21.274269819193325,23.09355555555556,23.950125,22.97590277777778,21.43795833333333,23.34445833333333,26.28811111111111,22.976375,22.145791666666664
117,2013-08-28 12:00:00,441.02777777777777,457.4555555555556,337.22222222222223,431.6277777777778,320.3847222222222,394.9513888888889,334.84444444444443,380.99444444444447,436.7611111111111,463.7,363.39166666666665,339.6083333333333,317.05,393.2986111111111,459.0069348127601,415.64722222222224,290.8125,,304.81666666666666,349.93715083798884,419.5777777777778,424.1486111111111,376.8777777777778,237.9111111111111,258.4527777777778,416.26666666666665,348.86944444444447,399.76666666666665,450.0430555555556,449.41456582633054,389.1444444444445,423.6722222222222,87.90138888888889,414.7930555555556,399.55,298.95,385.05,314.1013888888889,351.9736111111111,395.3569444444444,287.78472222222223,314.175,378.4798331015299,179.84722222222223,363.91527777777776,301.2583333333333,481.18194444444447,457.95,381.2986111111111,373.00416666666666,483.78472222222223,51.187694444444446,58.31470833333333,57.83445833333333,58.39754166666667,58.06084722222222,59.201791666666665,53.91883333333334,53.68281944444444,55.22254166666667,58.60420833333333,57.70626388888889,51.391,58.112,56.986069444444446,64.28844444444445,61.330654338549074,60.98737500000001,,60.65040277777778,58.33558333333334,58.932472222222216,55.82,59.77075000000001,59.32784722222223,58.52415492957747,54.38023611111111,64.03491666666666,61.04362499999999,59.65426388888889,62.40883333333333,59.10238888888889,58.60905555555555,56.69841666666667,59.068041666666666,54.96169444444444,55.88458333333334,60.10845833333333,61.81758333333334,59.95616666666667,61.164750000000005,61.30441666666667,54.57623611111111,63.750277777777775,57.05619444444444,53.6625,56.0405,62.559000000000005,55.28688888888889,46.638597222222224,56.77475,59.64923611111111,3.744444444444445,3.8916666666666666,3.477777777777778,25.163888888888888,18.176388888888887,27.64305555555556,3.4166666666666665,2.7777777777777777,3.923611111111111,3.316666666666667,4.036111111111111,2.7375,3.251388888888889,3.147222222222222,3.7888888888888888,3.2489331436699858,3.9472222222222224,,3.576388888888889,3.333333333333333,3.406944444444445,3.455555555555556,3.4791666666666665,2.594444444444445,3.891549295774648,6.180555555555555,4.176388888888889,3.6416666666666666,3.1277777777777778,6.563888888888889,4.126388888888889,4.095833333333333,3.6180555555555554,4.536111111111111,3.3361111111111112,3.1194444444444445,3.352777777777778,2147.3527777777776,4.169444444444444,9.247222222222222,8.790277777777778,18.12361111111111,9.470833333333331,15.365277777777775,17.1875,11.320833333333333,3.638888888888889,4.505555555555556,4.197222222222222,3.755555555555556,7.156944444444444,0.0,0.0,0.0,0.0,0.0,0.0,0.0,0.0,0.0,0.0,0.0,0.0,0.0,0.0,0.0,0.0,0.0,,0.0,0.0,1.450276243093923,0.0,0.0,0.0,0.0,0.0,0.0,0.0,0.0,-1.0,0.0,0.0,0.0,0.0,0.0,0.0,0.0,0.0,0.0,3.2142857142857144,0.0,1.5289256198347108,1.6071428571428572,1.451523545706371,1.450276243093923,0.0,0.0,0.0,0.0,0.0,0.0,23.10151388888889,22.59520833333333,22.892861111111117,62.76720833333333,22.65468055555556,22.708319444444445,23.93836111111111,24.22205555555556,23.58752777777778,22.618791666666667,23.165847222222222,23.10677777777778,23.006055555555555,23.158791666666666,21.7,22.32277382645804,21.88427777777778,,22.086166666666667,22.84225,22.581819444444445,23.48780555555556,22.88361111111111,22.703958333333333,22.588380281690142,24.99365277777778,21.060694444444444,21.78120833333333,22.20055555555556,21.55294444444445,22.456097222222223,22.412180555555555,22.644583333333333,22.498597222222223,23.301097222222225,23.18601388888889,22.215611111111112,21.727555555555558,21.8875,21.776847222222223,20.720166666666668,22.77652777777778,21.25934722222222,23.089569444444447,23.95751388888889,23.226736111111112,21.348861111111116,23.40123611111111,26.282222222222224,22.874625,22.399875
118,2013-08-28 13:00:00,443.90972222222223,461.8083333333333,340.4638888888889,435.2638888888889,324.625,400.96527777777777,336.8208333333333,384.42083333333335,440.0946915351507,469.50694444444446,368.78472222222223,343.6347222222222,319.9625,399.54027777777776,478.1111111111111,419.72777777777776,295.8625,,307.6791666666667,354.49237170596393,423.3569444444444,429.6898016997167,384.0027777777778,239.98194444444445,258.3208333333333,418.9847222222222,352.7875,406.4402777777778,454.3125,454.9736111111111,385.3902777777778,427.1069444444444,92.51527777777778,419.1958333333333,402.8097222222222,301.8180555555556,388.475,316.06944444444446,355.44444444444446,391.80555555555554,290.5652777777778,316.7253814147018,382.7402777777778,179.76666666666668,365.2861111111111,290.6166666666667,484.2875,463.2069444444445,399.1638888888889,375.6680555555556,490.6847222222222,51.22943055555556,58.40397222222222,57.85929166666667,58.40625,58.00018055555555,59.07145833333333,53.90606944444445,53.68518723994452,55.17686111111111,58.42918055555556,57.54954166666666,51.32886111111111,58.07189151599444,56.722875,59.50677777777777,61.11270833333334,60.877625,,59.55011111111112,58.29320833333333,58.858916666666666,54.99759722222222,58.94423611111111,58.46511111111111,57.74440277777778,53.99105555555556,64.08475,60.73291666666666,59.21895833333333,61.80983333333334,57.619013888888894,58.67541666666667,56.824,59.13395833333333,55.18429166666667,55.98191666666667,60.29265785609398,62.07683333333333,60.019375,61.19825,61.376000000000005,54.48524999999999,63.684660194174754,56.94123611111112,53.52916666666667,53.97306944444445,62.55870833333333,54.81353268428373,46.28648611111111,56.87141666666666,57.48340277777778,4.7027777777777775,4.570833333333334,4.316666666666666,26.866666666666667,20.21388888888889,29.525,3.455555555555556,2.8640776699029127,19.156944444444445,24.148611111111112,26.602777777777774,2.7583333333333333,3.2378303198887344,3.1319444444444446,3.8361111111111112,3.311111111111111,4.7375,,3.594444444444445,3.4277777777777776,3.673611111111111,3.575,3.5722222222222224,2.688888888888889,4.343055555555556,11.48611111111111,5.234722222222223,7.086111111111111,7.011111111111111,7.659722222222222,4.0875,4.605555555555555,3.880555555555556,4.916666666666667,3.4791666666666665,3.1638888888888888,3.908957415565345,2175.0625,6.001388888888889,9.386111111111113,7.936111111111111,3.7222222222222223,5.117891816920944,5.384722222222222,3.2041666666666666,4.984722222222223,3.5416666666666665,3.3783031988873438,13.444444444444445,3.656944444444445,5.005555555555556,0.0,0.0,0.0,0.0,0.0,0.0,0.0,0.0,1.5289256198347108,1.371191135734072,0.0,0.0,0.0,0.0,0.0,0.0,0.0,,0.0,0.0,0.0,0.0,0.0,0.0,0.0,0.0,0.0,0.0,0.0,-1.0,0.0,0.0,0.0,0.0,0.0,0.0,0.0,0.0,0.0,0.0,0.0,0.0,0.0,0.0,0.0,0.0,0.0,0.0,4.723118279569892,0.0,0.0,23.074152777777776,22.514458333333334,22.83248611111111,45.70202777777778,22.61613888888889,22.701083333333333,23.886458333333334,24.168710124826628,23.57658333333333,22.64538888888889,23.182569444444447,23.079569444444445,22.977273991655075,23.260291666666667,22.964,22.370069444444447,21.90273611111111,,22.482875,22.817472222222214,22.59813888888889,23.727708333333336,23.141347222222223,22.990819444444444,22.840916666666665,25.161277777777777,21.02301388888889,21.912194444444445,22.379375,21.77352777777778,23.101930555555555,22.392555555555557,22.58861111111111,22.50552777777778,23.22843055555556,23.13848611111111,22.14588839941263,21.65877777777778,21.847902777777776,21.73620833333333,20.67873611111111,22.778291666666664,21.245797503467404,23.114083333333333,23.98359722222222,24.12461111111111,21.367180555555557,23.717260083449236,26.533486111111117,22.841875,23.33740277777778
119,2013-08-28 14:00:00,443.9583911234397,461.12361111111113,341.3930555555556,435.8444444444444,324.84027777777777,399.27777777777777,337.09583333333336,382.2027777777778,437.0682451253482,467.2638888888889,366.84027777777777,344.2138888888889,318.9527777777778,399.61944444444447,478.0361111111111,418.47222222222223,293.7263888888889,,308.61944444444447,353.2375,422.76666666666665,428.2652777777778,382.81944444444446,239.37222222222223,258.4736111111111,419.45,350.9361111111112,406.3430555555556,454.3222222222222,454.43055555555554,390.18055555555554,428.00138888888887,91.86944444444444,417.99861111111113,403.56388888888887,311.46527777777777,387.825,315.24305555555554,355.4680555555556,390.9888888888889,290.04027777777776,316.4208333333333,380.5763888888889,178.26944444444445,364.6388888888889,291.12638888888887,485.7930555555556,464.5861581920904,542.8083333333333,375.4110953058321,493.2861111111111,51.23504166666668,58.74183333333334,58.150972222222215,58.689625,58.24275,59.26008333333333,54.14129166666668,53.924625000000006,55.44020833333333,58.670625,57.65338888888889,51.51788888888888,58.25008333333333,56.68483333333334,59.028625,60.75970833333333,60.995125,,59.31720833333333,58.452652777777786,58.93073550212164,55.35933333333333,59.10424999999999,58.645583333333335,57.906125,53.71102777777778,64.40183333333333,60.81345833333334,59.284375,61.711958333333335,56.88373611111111,58.80883333333333,57.016013888888885,59.203,55.472569444444446,56.22580555555556,60.571708333333326,62.29225,60.23892957746479,61.43891666666666,61.600791666666666,54.60633333333333,63.87641666666667,57.05313888888889,53.65345833333333,52.550847222222224,62.65141666666666,54.344430555555554,46.519263888888894,57.08395833333333,55.69893055555556,20.98333333333333,14.863888888888887,19.204166666666666,52.172222222222224,52.03611111111111,60.4,3.5458333333333334,2.9347222222222222,4.022222222222222,3.2319444444444443,4.118055555555555,2.765277777777778,3.281944444444445,3.172222222222222,3.798611111111111,3.3402777777777777,13.956944444444444,,5.002777777777778,3.436111111111111,3.633663366336634,3.5597222222222222,3.619444444444445,2.738888888888889,4.291666666666667,166.45138888888889,23.29861111111111,64.59583333333333,68.99305555555556,23.613888888888887,4.656944444444444,14.1625,8.202777777777778,12.005555555555556,7.225,8.690277777777778,13.608333333333333,2158.8069444444445,38.17183098591549,104.42361111111111,82.86527777777778,3.844444444444445,41.60416666666666,4.913888888888889,3.3069444444444445,7.575,4.226388888888889,4.573611111111111,26.863888888888887,4.427777777777778,12.5625,0.0,0.0,0.0,0.0,0.0,0.0,0.0,0.0,0.0,0.0,0.0,0.0,0.0,0.0,0.0,0.0,0.0,,1.5983379501385042,0.0,0.0,0.0,0.0,0.0,0.0,0.0,0.0,0.0,0.0,-1.0,0.0,0.0,0.0,0.0,0.0,3.148247978436657,0.0,0.0,0.0,2.7220708446866486,0.0,0.0,0.0,0.0,0.0,0.0,0.0,0.0,11.237333333333334,0.0,0.0,23.18688888888889,22.475444444444445,22.80483333333333,55.733875,22.596625,22.717944444444445,23.853541666666665,24.13322222222222,23.540888888888887,22.628847222222223,23.19909722222222,23.06698611111111,22.964236111111116,23.332527777777777,22.96669444444445,22.63125,21.966319444444444,,22.533319444444444,22.81798611111111,22.636534653465347,23.56811111111111,23.076305555555557,22.893791666666665,22.77029166666667,25.480777777777774,21.012027777777774,21.93743055555556,22.41038888888889,21.844708333333333,23.082930555555556,22.406986111111117,22.58383333333333,22.533555555555555,23.192416666666663,23.11411111111111,22.13313888888889,21.66540277777778,21.837154929577466,21.72475,20.67551388888889,22.76315277777778,21.248875,23.095375000000004,23.955694444444443,24.6125,21.428083333333333,23.918166666666668,26.65958333333333,22.840361111111115,23.755194444444445
120,2013-08-28 15:00:00,445.6541666666666,465.6680555555556,343.5416666666667,437.06388888888887,329.40277777777777,402.45,339.1,385.75138888888887,440.67083333333335,470.225,369.8027777777778,346.7986111111111,322.47083333333336,402.11944444444447,479.1444444444445,421.00138888888887,300.0611111111112,,340.7805555555556,430.825,428.32916666666665,458.8513888888889,387.3555555555556,242.22916666666663,260.5236111111111,426.29027777777776,354.7763888888889,409.21527777777777,457.6680555555556,457.28472222222223,396.3430555555556,431.2402777777778,94.36805555555556,563.4819444444445,405.61944444444447,389.6666666666667,393.09027777777777,319.4972222222222,359.8152777777778,435.0625,291.44444444444446,319.7,383.60277777777776,180.48194444444445,368.5742024965326,301.8305555555556,490.25555555555553,469.95,450.0722222222222,377.99305555555554,495.24305555555554,51.20540277777778,58.73766666666667,58.08970833333333,58.64541666666666,58.22968055555556,59.124375,54.25054166666666,54.00325,55.478722222222224,58.71679166666666,57.70272222222222,51.5545,58.270583333333335,56.62230555555555,58.84465277777778,60.34173611111112,60.80016666666667,,59.235,58.27073611111111,58.91070931849791,55.64997222222222,59.113347222222224,58.69854368932039,57.90870833333333,52.97149791955617,64.318125,60.768375000000006,59.18370833333333,61.6565,57.27352777777778,58.75904166666667,57.02166666666666,59.284083333333335,55.52145833333333,56.45105555555556,60.54987500000001,62.21679166666667,60.10675,60.90138888888889,61.348333333333336,54.65666666666667,63.644194444444445,57.115,53.729125,51.60527777777778,62.48950000000001,53.902166666666666,46.04845833333333,57.00122222222222,55.816875,58.391666666666666,38.1,53.36388888888889,107.125,119.5875,127.35694444444444,3.5875,2.852777777777778,4.6,3.584722222222222,4.104166666666667,2.790277777777778,3.2805555555555554,3.1666666666666665,3.844444444444445,3.3430555555555554,36.09305555555556,,8.05,37.24027777777778,3.663421418636996,18.801388888888887,3.5680555555555555,2.7572815533980584,4.3875,166.4507628294036,64.75277777777778,187.3625,203.76666666666668,56.90833333333333,5.386111111111111,36.92638888888889,18.591666666666665,59.65694444444444,16.45138888888889,25.704166666666666,38.083333333333336,2164.618055555556,109.28472222222224,311.5875,267.9513888888889,3.984722222222222,119.07638888888889,4.9875,3.2180555555555554,11.020833333333334,5.463888888888889,4.6125,26.58194444444445,6.270833333333333,25.50138888888889,0.0,0.0,0.0,0.0,0.0,0.0,0.0,0.0,0.0,0.0,0.0,0.0,0.0,0.0,0.0,0.0,0.0,,10.9281914893617,3.941018766756032,0.0,12.536057692307692,0.0,0.0,0.0,0.0,0.0,0.0,0.0,-1.0,0.0,0.0,0.0,23.75855130784708,0.0,3.131868131868132,0.0,0.0,0.0,3.452054794520548,0.0,0.0,0.0,0.0,0.0,0.0,0.0,0.0,16.090243902439024,0.0,0.0,23.181166666666662,22.530291666666667,22.86888888888889,60.42943055555556,22.64876388888889,22.784222222222223,23.831125,24.12104166666667,23.53725,22.61284722222222,23.17552777777778,23.070194444444446,22.96995833333333,23.352805555555555,22.944569444444443,22.71336111111111,22.04831944444444,,22.56927142857143,23.098388888888888,22.654895688456183,23.585569444444445,23.074611111111118,22.877656033287103,22.77276388888889,25.741666666666667,21.085805555555552,21.98898611111111,22.460083333333333,21.894416666666665,22.888708333333334,22.456569444444444,22.624111111111112,22.74558333333333,23.21452777777777,23.256388888888885,22.186833333333333,21.708541666666665,21.948569444444445,22.132402777777777,20.83440277777778,22.75980555555556,21.36413888888889,23.09606944444445,23.94683333333333,24.9005,21.497805555555555,23.966319444444444,26.65516666666667,22.917777777777776,23.445402777777776
121,2013-08-28 16:00:00,454.77777777777777,472.62638888888887,347.8097222222222,445.8861111111111,361.0375,409.5944444444444,344.4263888888889,390.68888888888887,446.30694444444447,477.65,375.2888888888889,353.72777777777776,328.6222222222222,408.97777777777776,489.2805555555556,428.8861111111111,307.52222222222224,,390.7583333333333,422.8861111111111,439.6041666666667,531.4319444444444,394.4291666666667,247.8180555555556,268.8097222222222,435.775,369.5305555555556,415.81388888888887,464.74444444444447,466.5027777777778,403.82916666666665,434.3574468085106,162.0638888888889,724.5486111111111,415.5986111111111,472.1138888888889,400.80694444444447,324.22083333333336,369.40833333333336,512.5680555555556,298.85555555555555,326.1347222222222,390.64166666666665,186.32916666666668,375.56666666666666,332.1333333333333,500.6444444444445,760.8458333333333,458.7763888888889,385.72222222222223,503.9569444444445,51.25141666666666,58.55994444444445,57.83713888888889,58.39365277777778,58.01040277777778,58.84827777777778,54.31622222222222,54.06304166666666,55.60893055555555,58.790000000000006,57.800152777777775,51.595666666666666,58.333666666666666,56.65763888888889,58.80983333333334,60.30070833333333,60.732625,,59.08786111111112,57.53,58.94054166666666,55.38768055555556,59.14336111111111,58.73979166666667,57.92746185852982,52.671819444444445,63.957,60.55186111111112,58.95281944444445,61.48141666666667,57.457277777777776,58.577777777777776,56.99301388888889,58.93441666666666,55.350458333333336,56.370861111111104,60.14684722222221,62.02875,59.64761111111111,59.94818055555556,60.519875,54.69720833333333,63.120250000000006,57.16341666666666,53.783,51.079125000000005,62.20483333333334,55.52680998613037,46.45883333333333,56.61879166666667,56.06940277777778,97.75972222222222,62.454166666666666,78.73472222222222,166.5361111111111,199.11944444444444,192.67916666666667,3.665277777777778,2.9055555555555554,4.902777777777778,3.688888888888889,4.133333333333334,2.786111111111111,3.2916666666666665,3.175,4.075,3.436111111111111,71.17777777777778,,11.123611111111112,20.290277777777774,3.676388888888889,43.53194444444444,3.5375,2.816666666666667,4.470180305131762,166.5402777777778,109.8,303.7333333333333,309.9875,87.6361111111111,7.125,104.36944444444444,119.52083333333331,140.15555555555557,49.391666666666666,24.227777777777774,157.65694444444443,2172.2972222222224,158.25972222222222,481.22222222222223,346.66805555555555,4.090277777777778,222.5583333333333,5.055555555555555,3.2555555555555555,33.36527777777778,11.631944444444445,18.038834951456312,28.106944444444444,12.041666666666666,104.16111111111113,0.0,0.0,0.0,0.0,1.375,0.0,0.0,0.0,0.0,0.0,0.0,0.0,0.0,0.0,0.0,0.0,0.0,,16.033078880407125,5.812182741116751,0.0,20.67412935323383,0.0,0.0,0.0,4.107734806629834,4.265753424657534,0.0,0.0,-1.0,0.0,0.0,21.449897750511248,28.34641638225256,0.0,2.947945205479452,0.0,0.0,0.0,22.854117647058825,0.0,0.0,0.0,0.0,0.0,0.0,0.0,10.872282608695652,8.92876712328767,0.0,0.0,23.19108333333333,22.668097222222222,23.01943055555556,43.56901388888889,22.822166666666664,22.92873611111111,23.820527777777777,24.11998611111111,23.51661111111111,22.608972222222224,23.157847222222223,23.06706944444445,22.968666666666664,23.353944444444444,22.94956944444444,22.69575,22.111763888888888,,22.63590277777778,23.380069444444448,22.66863888888889,23.949361111111116,23.07497222222222,22.87119444444444,22.771705963938977,25.835902777777772,21.297888888888888,22.12463888888889,22.5985,22.00711111111111,22.874763888888893,22.585097222222224,22.871375,23.276097222222223,23.38070833333333,23.49593055555556,22.433527777777776,21.81613888888889,22.186263888888888,22.697166666666664,21.215569444444444,22.761694444444448,21.57813888888889,23.098166666666668,23.94275,25.111305555555557,21.670791666666663,23.979320388349517,26.44281944444444,23.129097222222224,23.477319444444447
122,2013-08-28 17:00:00,587.7208333333333,486.72083333333336,360.0111111111111,461.85,616.7125,426.0930555555556,358.5736111111111,405.9958333333333,463.8236111111111,495.8305555555556,390.7625,368.63194444444446,342.87083333333334,424.9333333333333,515.8694444444444,446.7416666666667,328.90833333333336,,435.0652777777778,389.74305555555554,455.99305555555554,545.1680555555556,412.49305555555554,259.3236111111111,282.5486111111111,462.59583333333336,403.0819444444445,430.8722222222222,483.8222222222222,484.31805555555553,420.3142458100559,452.2138888888889,375.5988857938719,596.9486111111111,435.6694444444444,452.24305555555554,415.5083333333333,344.8222222222222,382.6,523.7847222222222,318.8537271448664,341.5702364394993,408.225,250.15416666666667,391.7986111111111,343.5611111111112,604.8640776699029,910.6875,531.6263888888889,403.20665742024966,528.3208333333333,51.23998611111112,58.424416666666666,57.69558333333333,58.16208333333333,58.267291666666665,58.68483333333334,54.46659248956885,54.18472222222222,55.788916666666665,58.971375,57.97034722222222,51.72966666666667,58.46790277777778,56.830638888888885,59.07395833333333,60.879152777777776,60.63075,,59.05730555555556,57.464083333333335,58.98376388888889,54.972,59.300125,58.882333333333335,58.05801388888889,52.70469444444444,62.71704166666666,60.315041666666666,58.75304166666666,61.25020833333333,57.66193055555555,57.83011111111111,56.41991666666667,57.10029166666666,54.40087447108604,56.36258333333333,58.28523611111112,61.214375,59.18525,58.76888888888889,59.69836338418863,54.79790277777777,63.00320833333333,57.51275,53.84893055555556,51.34947222222223,61.09202777777778,56.00263888888889,46.90720833333334,55.38826388888889,55.581402777777775,117.70277777777778,47.456944444444446,67.3875,139.725,184.6930555555556,171.53472222222223,3.7468706536856735,2.825,4.961111111111111,3.6180555555555554,4.259722222222222,3.058333333333333,3.279166666666667,3.4,7.5375,3.633333333333333,67.82916666666667,,15.006944444444445,3.4444444444444446,3.6458333333333335,37.24722222222222,3.661111111111111,2.7888888888888888,4.416666666666667,166.90833333333333,70.41527777777777,232.95,228.3083333333333,71.92916666666666,10.855555555555556,172.5402777777778,219.69166666666663,195.35,74.2002820874471,31.655555555555555,241.0263888888889,2177.4236111111118,127.5,370.7388888888889,165.94590846047157,3.9583333333333335,221.44027777777777,13.006944444444445,3.386111111111111,44.1625,29.069444444444443,16.481944444444444,27.43055555555556,14.925,111.72361111111113,16.736040609137056,0.0,0.0,0.0,0.0,0.0,0.0,0.0,0.0,0.0,0.0,0.0,0.0,0.0,4.657068062827225,0.0,2.0,,14.36317135549872,0.0,0.0,15.235714285714286,0.0,0.0,0.0,6.313186813186813,10.990407673860911,0.0,0.0,-1.0,0.0,0.0,29.405446293494705,15.9723991507431,0.0,16.71627906976744,0.0,2.072,0.0,18.315555555555555,0.0,0.0,0.0,15.421052631578949,0.0,0.0,21.886654478976237,10.37912087912088,6.901069518716578,0.0,0.0,23.522013888888885,22.79133333333333,23.13823611111111,63.807875,23.310597222222224,23.046930555555555,23.821557719054244,24.13227777777778,23.533069444444447,22.619875,23.153166666666664,23.069930555555555,22.974722222222223,23.353625,22.94025,22.52180555555556,22.264888888888887,,22.719666666666665,23.29976388888889,22.72372222222222,24.01148611111111,23.078263888888888,22.868375,22.778277777777777,25.85688888888889,21.91097222222222,22.273819444444445,22.755791666666664,22.164125,22.96058333333333,23.03945833333333,23.753888888888888,24.050916666666662,24.059858956276443,23.65030555555556,23.383097222222226,22.25268055555556,22.42936111111111,23.14563888888889,21.538196948682387,22.78419444444444,21.6915,23.16058333333333,23.976916666666668,24.841847222222224,22.38409722222222,24.137708333333336,26.45284722222222,23.82825,23.920125
123,2013-08-28 18:00:00,618.225,539.6652777777778,404.4888888888889,513.4638888888888,453.04583333333335,474.5305555555556,402.0819444444445,453.35833333333335,519.0097222222222,550.5291666666667,436.0930555555556,412.2920723226704,385.27777777777777,476.40972222222223,590.7277777777778,505.4569444444445,377.8013888888889,,523.3569444444445,419.9819444444444,508.7111111111111,639.4008321775312,457.3416666666666,299.90416666666664,331.1333333333333,518.4027777777778,449.81111111111113,537.9597222222222,534.2680555555555,540.2291666666666,475.4555555555556,506.7763888888889,444.970792767733,525.6439499304589,486.9472222222222,563.2625,467.06388888888887,430.759388038943,426.125,502.3444444444444,366.2670375521558,385.9194444444444,453.63194444444446,301.9568845618915,436.54659248956887,381.2055555555556,667.6819444444444,782.2861111111112,583.9152777777778,450.7746870653685,592.5277777777778,50.75094444444444,58.427416666666666,57.703152777777774,58.04359722222223,57.89191666666667,58.71841666666667,54.66448611111111,54.361875000000005,55.8605,59.18604166666666,58.19280555555555,51.908497913769125,58.64895833333333,57.00298611111111,59.349443671766345,63.25269444444445,60.48080555555556,,59.064277777777775,57.58775,59.06450762829404,54.80693055555555,59.4725,59.06786111111112,58.184583333333336,53.01045833333333,61.0455,59.72266666666667,58.62327323162274,61.152875,56.65351388888889,56.52320388349515,54.54677329624478,54.61277227722773,52.23013888888889,55.704972222222224,55.270125,60.312847222222224,58.797875000000005,58.131708333333336,59.22079276773296,54.88445833333333,62.82282729805014,57.51936111111112,53.87606397774687,52.415277777777774,58.8950138888889,55.08773426573426,46.85872222222222,53.16201388888889,54.16977808599168,122.80416666666666,46.71666666666667,75.7611111111111,144.92777777777778,200.9125,186.59027777777777,3.8375,2.876388888888889,5.405555555555556,3.9125,4.570833333333334,3.477051460361613,3.390277777777778,3.945833333333333,49.47844228094576,4.434722222222222,57.352777777777774,,11.459722222222222,3.370833333333333,3.6712898751733705,44.32083333333333,3.609722222222222,2.7958333333333334,4.2875,166.86805555555554,68.72777777777777,255.61666666666667,237.6005547850208,73.72222222222223,15.97638888888889,224.3259361997226,281.33101529902643,172.23196605374824,90.13055555555556,33.604166666666664,267.2638888888889,2165.097222222222,134.15694444444443,375.7472222222222,169.93880389429765,3.966666666666667,230.1378830083565,11.231944444444444,3.3713490959666204,43.57222222222222,34.06388888888889,16.278321678321678,27.636111111111116,16.094444444444445,70.32038834951456,11.437974683544304,0.0,0.0,0.0,0.0,0.0,0.0,0.0,0.0,0.0,0.0,0.0,0.0,0.0,7.840425531914893,0.0,0.0,,22.67961165048544,0.0,0.0,11.162234042553193,0.0,0.0,0.0,5.760330578512397,8.260526315789473,16.643734643734643,0.0,-1.0,0.0,0.0,25.20066334991708,0.0,4.868493150684931,20.066985645933013,0.0,5.2005347593582885,0.0,9.81074168797954,0.0,0.0,0.0,2.1163434903047094,0.0,0.0,16.051124744376278,3.643646408839779,5.791891891891892,0.0,0.0,23.744958333333333,22.880041666666667,23.217805555555557,64.69500000000001,23.215847222222223,23.12602777777778,23.83147222222222,24.14669444444444,23.622847222222223,22.645375,23.16745833333333,23.08579972183588,22.99068055555556,23.380958333333336,22.928317107093186,21.80327777777778,22.36825,,22.783430555555555,23.266583333333333,22.778404993065188,24.209375,23.078680555555557,22.86191666666667,22.800541666666668,25.787166666666664,22.452486111111117,22.76419444444445,22.87488210818308,22.262833333333333,23.493152777777777,23.71959778085992,24.890625869262863,24.761216407355025,25.10148611111111,24.12665277777777,24.56890277777778,22.718416666666663,22.62973611111111,23.272805555555557,21.753143254520168,22.812833333333337,21.808718662952646,23.31963888888889,24.03226703755216,24.484041666666663,23.312166666666663,24.23548251748252,26.56711111111111,24.81977777777778,24.571206657420248
124,2013-08-28 19:00:00,558.7791666666667,565.6027777777778,433.24444444444447,541.1347222222222,417.6138888888889,495.3902777777778,428.06805555555553,480.1986111111111,657.5819444444444,576.4694444444444,460.5652777777778,437.0597222222222,409.77222222222224,499.225,592.1291666666667,523.3652777777778,391.48333333333335,,504.7416666666667,440.2916666666667,533.7277777777778,605.2625,479.0263888888889,320.20972222222224,352.99444444444447,539.3013888888889,454.5138888888889,537.3222222222222,556.6513888888888,562.5910987482615,487.03198887343535,540.2513888888889,306.7958333333333,619.0861111111111,569.1361111111111,528.6472222222222,482.9611111111111,436.72083333333336,451.53472222222223,552.3875,387.47222222222223,407.97777777777776,461.5245441795232,260.59832635983264,463.1587743732591,396.75555555555553,661.6611111111112,752.0791666666667,602.682892906815,468.1183844011142,608.9375,51.032763888888894,58.504152777777776,57.74263888888888,58.05772222222222,58.16234722222222,58.73104166666666,54.92066666666666,54.57501388888889,55.973,59.458416666666665,58.46994444444445,52.13191666666667,58.86390277777778,57.25483333333334,60.05977777777778,64.35175000000001,60.56904166666666,,59.190000000000005,57.732680555555554,59.19341666666667,54.77904166666666,59.66490277777778,59.26475000000001,58.291125,53.45363888888889,61.34279166666666,57.56175,58.46630555555555,61.16441666666666,56.78001388888889,54.40190277777778,51.50663888888889,53.988958333333336,50.90361111111111,54.82,53.82634722222223,59.88140277777778,58.49959722222222,57.61977777777778,58.76819444444444,55.00977777777778,62.50775,57.38276536312849,53.92599049128368,53.17925,56.81255555555556,54.78977777777778,47.33775,51.15843055555556,53.383,112.43333333333334,45.26111111111111,82.77222222222223,145.57638888888889,203.57222222222225,200.49166666666667,3.7597222222222224,2.9444444444444446,43.15972222222222,3.886111111111111,4.504166666666666,3.418055555555556,3.418055555555556,3.890277777777778,45.3875,4.447222222222222,57.18333333333333,,12.511111111111113,3.4097222222222223,3.702777777777778,31.293055555555554,3.591666666666667,2.75,4.425,166.57222222222222,96.64444444444445,261.45972222222224,243.95,74.22916666666667,15.856944444444444,239.09166666666667,272.51944444444445,187.2513888888889,115.41805555555555,33.576388888888886,274.83194444444445,2154.733333333333,135.58333333333334,373.96527777777777,175.45277777777778,3.973611111111111,228.61111111111111,9.743016759776536,3.3771790808240887,41.076388888888886,22.004166666666663,16.393055555555556,27.383333333333333,16.288888888888888,59.64305555555556,0.0,0.0,0.0,0.0,0.0,0.0,0.0,0.0,15.41388174807198,0.0,0.0,0.0,0.0,0.0,4.190217391304348,0.0,0.0,,3.0631868131868134,0.0,0.0,9.354497354497354,0.0,0.0,0.0,5.055096418732783,4.124309392265193,7.179144385026738,0.0,-1.0,0.0,0.0,28.14333333333333,28.233870967741936,10.17379679144385,17.150462962962962,0.0,11.321052631578947,0.0,22.556338028169016,0.0,0.0,0.0,0.1833333333333333,0.0,0.0,12.375280898876404,10.684491978609625,6.950819672131147,0.0,0.0,23.611652777777778,22.97425,23.325027777777777,64.01936111111111,23.17569444444445,23.246611111111115,23.849444444444444,24.176458333333333,23.90445833333333,22.67988888888889,23.183125,23.11011111111111,23.014958333333333,23.409347222222223,22.803,21.69598611111111,22.44980555555556,,22.83165277777778,23.26833333333333,22.826305555555557,24.18477777777778,23.09923611111111,22.868861111111112,22.837777777777777,25.735541666666663,22.303430555555558,23.60829166666667,23.03413888888889,22.361083333333333,23.41077777777777,24.61420833333333,25.91272222222222,24.953125,25.59925,24.48838888888889,24.787333333333336,22.89725,22.83473611111111,23.61786111111111,21.986736111111117,22.83822222222222,21.97856944444444,23.289036312849163,24.087464342313787,24.330972222222226,23.90977777777778,24.224888888888888,26.39920833333333,25.60677777777778,24.824583333333333
125,2013-08-28 20:00:00,564.4819444444445,774.1125,438.06666666666666,549.7027777777778,401.12916666666666,501.33472222222224,434.1986111111111,488.5375,729.4666666666667,579.4444444444445,466.5513888888889,441.41527777777776,416.9527777777778,503.2791666666666,575.7555555555556,529.3652777777778,397.5916666666666,,527.0986111111112,447.45972222222224,540.5819444444444,655.525,487.13055555555553,324.03472222222223,357.5125,554.4027777777778,483.75555555555553,561.2791666666667,563.1486111111111,569.4958333333333,499.9486111111111,554.4736111111112,296.25416666666666,621.9166666666666,549.4851904090268,453.1569444444444,487.4694444444444,431.2708333333333,455.8861111111111,646.9722222222222,392.25173852573016,411.1736111111111,464.88055555555553,254.53194444444443,467.9486111111111,409.30694444444447,662.0430555555556,690.7253814147018,618.8833333333333,473.2944444444444,611.0013888888889,51.50080555555556,59.154513888888886,57.81741666666667,58.185375,58.94955493741308,58.75291666666666,55.20530555555556,54.84459722222222,55.49652777777778,59.79954166666666,58.79329166666666,52.38947222222222,59.1365,57.494,60.91095833333333,64.42716666666668,60.60165277777778,,59.61266666666667,57.941375,59.415416666666665,55.0216690647482,59.9295966620306,59.54058333333334,58.545027777777776,53.70108333333333,62.17541666666667,57.82866666666666,58.29693055555556,61.15229166666667,58.10820621468927,53.15969444444445,49.904513888888886,54.94548611111111,50.92359722222222,54.375638888888886,55.51655555555556,59.764513888888885,58.23585535465925,57.04259722222222,58.28455555555555,55.090833333333336,62.57759388038943,57.52975,54.05522222222223,53.979097222222215,56.00033333333333,54.83584722222222,47.92958333333334,50.03470833333333,53.334500000000006,116.6,57.525,82.68472222222222,142.71666666666667,204.5326842837274,220.29722222222225,3.8194444444444446,2.955555555555556,49.99166666666667,3.8041666666666663,4.623611111111111,3.5083333333333333,3.525,3.941666666666667,3.6847222222222222,4.479166666666667,59.87361111111111,,13.15277777777778,3.469444444444445,3.738888888888889,44.024460431654674,3.5785813630041723,2.7472222222222222,4.530555555555556,166.64305555555555,94.30694444444444,265.1791666666667,243.1027777777778,73.18611111111112,13.620056497175142,243.59722222222223,236.13194444444449,150.77777777777777,101.74722222222222,13.793055555555556,254.7097222222222,2175.5138888888887,132.5605006954103,365.1555555555556,181.53194444444443,3.873611111111111,221.63143254520168,4.933333333333334,3.3222222222222224,29.634722222222223,24.89305555555556,13.35,27.45833333333333,12.680555555555555,74.86666666666666,2.173553719008265,28.21436343852013,0.0,0.0,0.0,0.0,0.0,0.0,15.173333333333334,0.0,0.0,0.0,0.0,0.0,0.0,0.0,0.0,,26.366265060240963,0.0,0.0,18.72182254196643,0.0,0.0,0.0,14.71081081081081,11.863849765258216,5.623306233062331,0.0,-1.0,0.0,0.0,29.347626339969374,28.81569965870307,13.327319587628866,0.425,0.0,6.363387978142076,0.0,28.86061588330632,0.0,0.0,0.0,0.0,0.0,0.0,4.435483870967742,5.603305785123967,8.180371352785146,0.0,0.0,23.58375,23.31804166666667,23.437611111111117,84.18245833333333,23.20452016689847,23.38222222222222,23.878722222222223,24.20425,24.39663888888889,22.711041666666667,23.207291666666663,23.13808333333333,23.04415277777778,23.45501388888889,22.65427777777778,21.845972222222223,22.57125,,22.811055555555555,23.27808333333333,22.86156944444445,24.240460431654675,23.113880389429767,22.872819444444445,22.84541666666667,25.808736111111116,22.22515277777778,23.52456944444444,23.214694444444447,22.495680555555555,23.052895480225988,24.932930555555554,26.468694444444445,24.60151388888889,25.504583333333333,24.570541666666667,24.09831944444445,22.98658333333333,23.055535465924898,24.056583333333336,22.25070833333333,22.901736111111116,22.05481223922114,23.278,24.128916666666665,24.25334722222222,24.142555555555557,24.21126388888889,26.284569444444443,26.015958333333337,24.832194444444443
126,2013-08-28 21:00:00,677.4513888888889,1029.9097222222222,456.15,572.2236111111112,393.19054242002784,518.7013888888889,450.7027777777778,503.3388888888889,628.3625,601.1805555555555,480.7013888888889,455.3022284122563,430.7597222222222,521.7638888888889,592.7555555555556,547.0917941585535,414.8611111111111,,560.5361111111112,464.64722222222224,557.0763888888889,660.0763888888889,502.0819444444445,336.5027777777778,372.35833333333335,581.0194444444444,490.9375,693.6277777777777,581.9208333333333,583.9930555555555,520.8430555555556,571.0680555555556,260.8611111111111,654.1138888888889,579.1166666666667,412.34583333333336,507.90833333333336,442.25138888888887,478.4569444444445,613.7541666666667,411.7913769123783,426.77777777777777,479.325,268.3736111111112,484.6569444444444,452.32916666666665,664.5861111111111,663.3763888888889,609.2291666666666,545.5986111111112,627.3291666666667,51.59813888888888,58.99779166666666,57.73769014084508,58.21479166666667,59.95731944444444,58.569375,55.354625000000006,54.96179166666666,55.04719444444445,59.858,58.90695833333333,52.51466666666667,59.26854166666666,57.50770833333334,61.10454166666666,64.23908333333333,60.1578611111111,,60.02395833333333,58.08923611111111,59.47220833333333,54.78361111111111,60.00991440798858,59.632875,58.65204166666667,54.02869444444445,61.78833333333333,57.36011111111111,57.89666666666666,60.92991666666667,58.63730555555556,52.90508333333334,48.15302777777778,56.14341666666667,51.18061111111111,54.31995833333334,57.248583333333336,59.28706944444445,57.82634722222223,56.16405555555556,57.69684283727399,55.05940277777778,62.42233333333333,57.582416666666674,54.06573611111112,54.18268055555556,55.76768055555556,55.01269444444444,48.238958333333336,50.03626388888889,53.37455696202532,125.4625,59.31666666666667,76.15352112676057,137.25972222222222,198.9138888888889,224.23472222222225,3.772222222222222,2.923611111111111,16.27777777777778,4.0152777777777775,4.593055555555556,3.5625,3.5347222222222223,3.970833333333333,3.7472222222222222,4.570833333333334,71.31805555555556,,13.147222222222222,3.4194444444444443,3.6222222222222222,44.11388888888889,3.556348074179743,2.790277777777778,4.620833333333334,167.17638888888888,114.83472222222224,267.52777777777777,235.30694444444444,70.85,10.993055555555555,220.2111111111111,223.6013888888889,148.92777777777778,96.5875,5.4375,207.94861111111112,2150.45,126.33888888888887,358.2,185.4408901251739,3.948611111111111,212.18194444444444,5.0125,3.3319444444444444,40.71527777777778,15.818055555555556,10.140277777777778,22.0875,22.08333333333333,103.04078762306612,1.450276243093923,29.874434389140276,0.0,0.0,0.0,0.0,0.0,0.0,7.4961832061068705,0.0,0.0,0.0,0.0,0.0,0.0,0.0,0.0,,25.05896805896806,0.0,0.0,14.246031746031743,0.0,0.0,0.0,10.731707317073171,6.868279569892473,15.899553571428571,0.0,-1.0,0.0,0.0,25.704663212435232,27.556103575832307,21.030927835051543,0.0,0.0,8.682539682539682,0.0,16.953436807095343,0.0,0.0,0.0,0.0,0.0,12.48872180451128,1.6895604395604396,11.036745406824148,17.14254859611231,6.537662337662337,0.0,23.933902777777774,23.93927777777777,23.529225352112675,70.32445833333334,23.183527777777776,23.50333333333333,23.900069444444444,24.233625,24.37386111111111,22.74483333333333,23.23631944444444,23.153916666666667,23.05848611111111,23.49377777777778,22.610722222222225,21.94656944444445,22.74470833333333,,22.708194444444445,23.264555555555557,22.886777777777777,24.355958333333334,23.11830242510699,22.88115277777778,22.840847222222223,25.829430555555557,22.355291666666663,23.960500000000003,23.372694444444445,22.603819444444444,22.87783333333333,24.919944444444447,26.952291666666667,24.18627777777777,25.310458333333333,24.33461111111111,23.478916666666667,23.10851388888889,23.25048611111111,24.27261111111111,22.478205841446453,22.93858333333333,22.10630555555556,23.273541666666667,24.157694444444445,24.343611111111112,24.019666666666662,23.91276388888889,26.19470833333333,26.12901388888889,24.76864978902953
127,2013-08-28 22:00:00,670.1166666666667,774.825,468.0305555555556,583.9402777777777,396.4122562674095,532.5055555555556,462.9041666666666,517.0611111111111,993.0263888888888,614.7125,492.1333333333333,465.8777777777778,440.06388888888887,534.1069444444445,619.1888888888889,558.9402777777777,424.6333333333333,,576.2444444444444,473.8902777777778,569.4138888888889,661.4097222222222,513.825,347.24444444444447,384.20416666666665,594.9611111111111,493.7083333333333,737.1041666666666,594.5611111111111,596.3097222222223,532.8652777777778,584.0180555555555,260.59166666666664,553.8402777777778,581.2347222222222,468.8800557880056,517.975,465.7753120665742,484.6388888888889,527.8763888888889,419.8625,438.5888888888889,486.2652777777778,277.8428372739917,497.9680555555556,478.43611111111113,682.9777777777778,768.2277777777778,509.22083333333336,501.7013888888889,691.8583333333333,50.51691666666667,58.13392757660168,57.66396094839609,58.10479166666666,60.40325000000001,58.36891666666667,55.426833333333335,55.02502777777777,56.07516666666667,59.84881780250348,58.96164992826398,52.557125000000006,59.324375,57.55233333333334,61.14025,63.97879166666667,59.04094444444445,,60.30016666666667,58.201392405063295,59.51020833333333,54.76858529819695,60.06575589459084,59.71769444444444,58.72304166666666,54.47788888888889,61.69641666666666,55.23269444444445,57.55316666666666,60.696583333333336,59.04519444444445,52.78826388888889,48.26383333333333,56.97647222222222,51.625388888888885,54.54895833333333,58.568125,58.85930555555555,57.41061111111111,56.01861111111111,57.16511111111111,55.03881944444444,62.26112426035503,57.61441666666666,54.04271210013908,53.84225,56.38180555555556,55.45825000000001,48.42273611111112,49.85556944444445,53.96983333333333,135.3527777777778,105.28272980501391,98.56485355648536,229.27777777777777,263.65972222222223,280.62638888888887,3.830555555555556,2.8833333333333333,44.125,3.904033379694019,4.631276901004304,3.536111111111111,3.536111111111111,3.951388888888889,28.7125,4.570833333333334,194.99722222222223,,14.96111111111111,3.4430379746835444,3.647222222222222,44.15811373092927,3.5561719833564496,2.7888888888888888,4.5777777777777775,167.38055555555556,147.2875,383.0736111111111,369.2319444444444,106.50694444444444,13.020833333333334,172.57638888888889,202.32222222222225,114.93333333333334,88.14027777777778,22.716666666666665,149.26944444444445,2147.1041666666665,171.36805555555554,542.7097222222222,342.5888888888889,4.0875,248.98224852071007,4.961111111111111,3.357440890125174,54.18194444444445,15.983333333333333,16.538888888888888,4.290277777777778,12.073611111111113,123.22361111111113,1.450276243093923,5.891959798994975,0.0,0.0,0.0,0.0,0.0,0.0,29.681198910081743,0.0,0.0,0.0,0.0,0.0,5.975342465753425,0.0,0.0,,21.943734015345267,0.0,0.0,11.002645502645503,0.0,0.0,0.0,11.7574931880109,9.75263157894737,20.63457330415755,0.0,-1.0,3.803664921465969,0.0,26.70808678500986,0.0,12.483957219251336,17.697722567287784,0.0,25.73639455782313,0.0,0.0,0.0,0.0,0.0,0.0,0.0,16.58628841607565,1.6115702479338845,3.86426592797784,0.0,0.0,9.116710875331565,24.432250000000003,23.95866295264624,23.596011157601115,70.38891666666666,23.19227777777777,23.615763888888885,23.92134722222222,24.26738888888889,24.82036111111111,22.77344923504868,23.251535150645623,23.170694444444447,23.078027777777777,23.50345833333333,22.650319444444445,22.07270833333333,23.25820833333333,,22.669486111111112,23.25286919831224,22.914986111111112,24.349306518723992,23.12145631067961,22.874541666666666,22.842819444444448,25.830125,22.371569444444447,24.81736111111111,23.52015277777777,22.71588888888889,22.76986111111111,24.89545833333333,26.63461111111111,23.665513888888885,25.112819444444444,24.378444444444444,23.097527777777778,23.354902777777777,23.407291666666666,24.09786111111111,22.67944444444445,22.971833333333336,22.185976331360944,23.28097222222222,24.193018080667592,24.617472222222226,23.742013888888888,23.93423611111111,25.91952777777778,25.86083333333333,24.697888888888887
128,2013-08-28 23:00:00,587.5013888888889,610.4930555555555,462.12638888888887,574.4555555555555,441.3486111111111,526.6125,460.19166666666666,511.13055555555553,805.9722222222222,605.6763888888889,488.2972222222222,462.94305555555553,436.5299026425592,527.0069444444445,607.6972222222222,545.7222222222222,421.0152777777778,,513.475,470.65,582.1347222222222,622.8833333333333,508.87638888888887,343.64166666666665,414.0291666666666,570.8736111111111,480.75555555555553,622.2194444444444,590.1680555555556,588.7875,522.4902777777778,561.1388888888889,218.83055555555555,589.8125,538.5472222222222,592.9680555555556,510.62638888888887,460.3125,473.6625,510.1347222222222,415.7972222222222,434.4333333333333,477.1402777777778,276.5680555555556,497.52777777777777,426.95,714.4375,884.9513888888889,499.1277777777778,493.5930555555556,638.0027777777777,49.704388888888886,57.84395833333333,57.51425,58.06927777777777,59.15172222222222,58.11438888888889,55.55556944444444,55.138125,55.375625,59.95670833333334,59.08668994413408,52.667791666666666,59.43145833333334,57.77606944444445,61.10278779472954,63.98429166666667,57.34604166666667,,60.203833333333336,58.52647222222222,59.753569444444445,54.900958333333335,60.23020833333333,59.907583333333335,58.95725,54.869388888888885,61.586666666666666,54.268875,57.19766666666666,60.43320833333334,59.36141666666667,54.56658333333333,49.64165277777777,58.39077777777778,52.39447222222222,54.919625,59.14651388888888,55.893708333333336,57.011472222222224,56.30322222222223,56.707430555555554,55.139958333333325,62.08958333333333,57.75966666666667,54.1237552155772,52.84533333333333,57.28333333333333,55.84913888888889,48.97501388888889,50.71571627260083,54.296875,106.40138888888887,96.57222222222222,69.08888888888889,199.55694444444444,210.5263888888889,240.1236111111111,3.702777777777778,2.876388888888889,35.30972222222222,4.045833333333333,4.659217877094972,3.477777777777778,3.423611111111111,3.994444444444445,8.406380027739251,4.429166666666666,304.0138888888889,,12.09722222222222,3.4444444444444446,3.693055555555556,26.51805555555556,3.595833333333333,2.7291666666666665,17.794444444444444,166.57361111111112,134.05416666666667,275.87083333333334,255.79861111111111,80.95138888888889,13.2125,138.62777777777777,160.12777777777777,130.1513888888889,64.73611111111111,31.08333333333333,118.69722222222222,2191.0680555555555,117.16666666666669,387.8944444444445,238.60555555555555,3.995833333333333,195.10416666666663,4.919444444444444,3.3240611961057023,77.12638888888888,27.30555555555556,17.052777777777777,4.401388888888889,11.456189151599444,91.6,0.0,0.0,0.0,0.0,0.0,0.0,0.0,0.0,17.959923664122137,0.0,0.0,0.0,0.0,0.0,3.910994764397906,0.0,0.0,,14.732984293193716,0.0,0.0,5.815013404825737,0.0,0.0,4.739726027397261,12.207084468664853,9.410994764397904,10.24547803617571,0.0,-1.0,0.0,0.0,13.49624060150376,19.64562118126273,3.6022099447513813,18.765625,0.0,25.284936479128856,0.0,0.0,0.0,0.0,0.0,0.0,0.0,6.015748031496063,8.752,19.01990049751244,0.0,0.0,5.135678391959799,24.574375,23.699555555555555,23.73616666666667,58.130486111111104,23.32208333333333,23.784694444444444,23.94575,24.289180555555557,25.004916666666663,22.807944444444445,23.2816061452514,23.191291666666665,23.107041666666667,23.49594444444444,22.716324549237168,22.110958333333336,24.026347222222224,,22.80209722222222,23.198305555555557,22.94304166666667,24.29955555555556,23.129375000000003,22.872875,22.963097222222224,25.822152777777777,22.474486111111112,24.877180555555555,23.720569444444447,22.884708333333336,22.72361111111111,24.123430555555554,25.649472222222222,23.452152777777776,24.808208333333333,24.61747222222222,23.00640277777778,24.388388888888887,23.57336111111111,23.986736111111117,22.88238888888889,22.986305555555557,22.30013888888889,23.282569444444444,24.216926286509043,24.947416666666665,23.555069444444445,24.05188888888889,25.720069444444444,25.436022253129348,24.52058333333333
129,2013-08-29 00:00:00,564.2444444444444,572.5736111111111,436.2,544.1597222222222,427.3708333333333,501.15972222222223,442.4611111111111,489.95972222222224,558.2472222222223,577.9055555555556,468.1388888888889,444.43134535367545,418.8125,503.2944444444444,573.3680555555555,519.2611111111111,407.92083333333335,,483.3638888888889,498.5,558.8777777777777,536.8291666666667,488.11944444444447,323.30555555555554,366.8986111111111,530.4208333333333,442.84027777777777,539.0152777777778,564.225,562.9555555555555,495.5527777777778,531.5097222222222,263.8861111111111,533.1,509.0138888888889,477.3333333333333,483.9805555555556,491.3708333333333,454.44305555555553,488.49444444444447,398.5597222222222,418.64722222222224,454.6411682892907,257.90833333333336,476.63055555555553,400.4563106796117,659.5932678821879,1074.9402777777775,477.5,473.43888888888887,619.675,49.06808333333333,57.946250000000006,57.42233333333333,58.004291666666674,58.57673611111111,57.83890429958391,55.57079276773297,55.14804166666667,54.73652777777778,59.9625,59.11452016689847,52.69445833333334,59.41,57.82716666666666,61.038625,63.94529166666667,54.59248611111111,,60.019,58.85541666666667,59.807,55.3655,60.28341666666666,59.957625,58.66716666666667,55.11501388888889,61.3685,55.09530555555556,57.00226388888888,60.16504166666667,59.70976388888889,55.43966666666666,51.550513888888894,57.55248611111112,53.03498611111112,54.4685,58.54055555555555,56.084625,56.81825,56.61669444444444,56.45705555555556,55.168625000000006,62.01025,57.828625,54.12941080196399,51.96959722222222,57.39431944444445,55.664875,49.36109874826147,51.75775,54.57533333333333,136.21666666666667,76.84722222222223,54.74583333333333,169.275,181.15833333333333,215.92233009708735,3.652294853963839,2.980555555555556,5.133333333333334,4.006944444444445,4.6481223922114046,3.4458333333333333,3.515277777777778,3.888888888888889,6.527777777777778,4.408333333333333,445.2416666666667,,10.6875,28.50555555555556,3.6805555555555554,3.613888888888889,3.563888888888889,2.713888888888889,16.27777777777778,165.775,157.5361111111111,225.19583333333333,217.07638888888889,68.47083333333333,9.884722222222225,165.88194444444446,157.11388888888888,109.21388888888887,58.668055555555554,12.084722222222222,104.15,2156.384722222222,97.46388888888887,333.9819444444444,238.98888888888888,3.936111111111111,178.31805555555556,4.936111111111111,3.2454991816693943,93.89305555555556,21.791666666666668,18.506944444444443,4.420027816411683,9.48611111111111,79.90555555555555,0.0,0.0,0.0,0.0,0.0,0.0,0.0,0.0,0.0,0.0,0.0,0.0,0.0,0.0,0.0,0.0,0.0,,3.363387978142077,18.4197247706422,0.0,0.0,0.0,0.0,1.2916666666666667,1.5,1.4542936288088644,0.0,0.0,-1.0,0.0,0.0,16.595454545454544,3.962962962962963,0.0,0.0,0.0,29.099050203527817,0.0,0.0,0.0,0.0,0.0,0.0,0.0,3.333333333333333,1.8442622950819672,28.037209302325586,0.0,0.0,0.0277777777777777,24.83168055555556,23.580986111111116,23.768819444444443,77.4515,23.34240277777777,23.886809986130373,23.976328233657856,24.312916666666663,24.61488888888889,22.82486111111111,23.30175243393602,23.208583333333333,23.143666666666665,23.502166666666668,22.753944444444446,22.156291666666668,25.071458333333336,,22.87134722222222,23.30525,22.968638888888886,24.005111111111116,23.13152777777778,22.878722222222223,22.99305555555556,25.804430555555555,22.500097222222223,24.292222222222225,23.766666666666666,22.96868055555556,22.60908333333333,23.95893055555556,25.23493055555556,23.685652777777776,24.585,24.57880555555556,23.28656944444444,24.360013888888886,23.58818055555556,23.835472222222226,22.924930555555555,22.990541666666665,22.30605555555556,23.278347222222223,24.230916530278236,25.25808333333333,23.50847222222222,24.566902777777777,25.594394993045896,24.985388888888888,24.42383333333333
130,2013-08-29 01:00:00,518.6291666666667,545.9152777777778,394.0097222222222,500.4527777777778,384.8777777777778,453.2166666666666,408.17385257301805,455.47777777777776,500.8930555555556,533.0833333333334,433.10277777777776,409.9972222222222,385.5444444444444,465.5104022191401,521.7402777777778,477.71527777777777,373.43888888888887,,398.43055555555554,473.9583333333333,507.875,492.0986111111111,451.0819444444445,293.4986111111112,324.0708333333333,486.5305555555556,393.9527777777778,474.3277777777778,520.1333333333333,523.0208623087622,451.6972222222222,493.6208333333333,183.84444444444443,479.5145631067961,477.1680555555556,447.8486111111111,450.79583333333335,433.50138888888887,422.59027777777777,454.19166666666666,365.12638888888887,385.21527777777777,413.7944444444444,230.1472222222222,445.025,394.9888888888889,570.3,664.7375,441.09722222222223,435.3416666666666,591.475,48.29834722222222,58.07211111111111,57.35769444444445,57.91755555555555,58.28929166666667,57.52654166666667,55.620250000000006,55.20411111111111,54.985888888888894,60.04966666666667,59.18858333333333,52.76477115117892,59.46628294036061,57.93493055555556,61.04470833333334,63.62240277777777,52.44515277777778,,59.639125,58.34448611111111,59.975208333333335,55.79911111111111,60.42680555555556,60.10429166666666,58.71879166666667,55.27777777777778,61.69641666666666,56.24531944444444,56.89505555555556,60.06970833333334,59.89054166666667,55.505805555555554,51.730777777777774,57.0415,53.24395833333334,54.811833333333325,57.99386111111112,60.03252777777777,56.753625,56.764625,56.17375,55.261678224687934,62.00204166666667,57.952666666666666,54.22304166666666,51.54936111111111,58.04204166666666,55.04525,49.61312934631432,52.78952777777778,54.81952777777777,123.8638888888889,99.7625,57.71666666666667,204.65972222222223,170.96527777777777,183.22083333333333,3.705555555555556,2.8625,4.684722222222222,4.038888888888889,4.5875,3.4632454923717058,3.424410540915395,3.8819444444444446,6.436111111111111,4.459722222222222,255.5236111111111,,10.720833333333331,34.35,6.9944444444444445,3.531944444444445,3.5444444444444443,2.629166666666667,4.406944444444444,165.42222222222222,124.48333333333332,255.01527777777775,280.75,88.37638888888888,6.8875,72.90972222222223,51.59583333333333,24.179166666666667,13.458333333333334,21.761111111111116,31.77777777777778,2167.438888888889,114.16111111111113,430.04027777777776,314.9486111111111,3.9764216366158114,179.47222222222223,4.915277777777778,3.3194444444444446,68.47638888888889,9.181944444444444,14.770833333333334,4.310152990264256,7.3875,36.09166666666667,0.0,5.4755784061696655,0.0,0.0,0.0,0.0,0.0,0.0,0.0,0.0,0.0,0.0,0.0,0.0,0.0,0.0,0.0,,0.0,15.462068965517242,5.623376623376624,0.0,0.0,0.0,0.0,3.715469613259669,0.0,0.0,0.0,-1.0,0.0,0.0,9.976133651551311,0.0,0.0,14.024719101123596,0.0,26.076208178438662,0.0,0.0,0.0,0.0,0.0,0.0,0.0,0.0,2.427792915531336,9.730978260869565,0.0,0.0,0.0,25.15175,23.63115277777778,23.839972222222222,57.43893055555555,23.44680555555556,24.038847222222223,24.001305555555557,24.334791666666664,24.439875,22.84030555555556,23.317569444444448,23.221789181692092,23.165769764216368,23.512777777777774,22.80888888888889,22.32540277777777,25.656236111111117,,23.084236111111117,23.686,22.957069444444446,23.86951388888889,23.12886111111111,22.87525,22.96395833333333,25.81511111111111,22.396541666666668,23.88727777777778,23.88051388888889,23.06175,22.619208333333333,23.988041666666668,25.08298611111111,23.881055555555555,24.59409722222222,24.412208333333336,23.532958333333333,23.06280555555556,23.656847222222225,23.856916666666667,23.06805555555556,22.99683772538141,22.373430555555554,23.27575,24.23651388888889,25.43645833333333,23.212083333333336,24.28577777777777,25.574492350486786,24.61998611111111,24.384569444444445
131,2013-08-29 02:00:00,470.7236111111111,479.5597222222222,351.1791666666667,452.55,335.95694444444445,404.6958333333333,361.1347222222222,405.7416666666667,450.25138888888887,479.46527777777777,384.65972222222223,363.2930555555556,339.0111111111111,416.29027777777776,476.8305555555556,427.2,321.85277777777776,,338.59166666666664,374.9263888888889,486.94166666666666,444.8305555555556,405.0361111111111,252.8111111111111,273.9138888888889,435.5652777777778,352.35277777777776,416.81388888888887,471.7263888888889,470.0736111111111,403.1972222222222,447.3236111111111,102.40416666666668,557.3138888888889,434.2375,340.59583333333336,407.2791666666666,331.8638888888889,376.94166666666666,408.4902777777778,319.8597222222222,340.37638888888887,372.15972222222223,196.34583333333333,393.2083333333333,330.5083333333333,642.2791666666667,483.1986111111111,395.0722222222222,390.5819444444445,529.6125,48.703388888888895,58.387819444444446,58.03136111111111,58.60755274261604,59.097722222222224,58.08086111111111,55.903416666666665,55.49115277777777,55.595888888888894,60.50980555555555,59.57983333333334,53.05713490959666,59.77573611111111,58.323166666666665,61.47145833333333,63.58170833333334,54.56144444444444,,59.63915277777778,58.68044444444444,60.45990277777777,56.337694444444445,60.789125,60.43268055555556,59.071666666666665,56.02168055555556,62.41966666666667,57.40141666666666,57.20104166666667,60.25422222222223,60.167791666666666,55.99515277777778,52.62788888888889,56.92759722222223,53.162972222222216,54.91530555555555,57.78450000000001,61.95804166666667,57.07902777777778,57.35084722222222,56.38391666666666,55.46273611111111,62.47145833333333,58.19219444444444,54.39208333333334,52.73558333333334,59.437513888888894,55.55125,49.822625,53.798902777777776,55.45688888888889,9.84027777777778,25.197222222222223,8.248611111111112,38.61040787623066,28.754166666666663,37.770833333333336,3.3944444444444444,2.873611111111111,3.845833333333333,3.463888888888889,4.205555555555556,2.8970792767732965,3.283333333333333,3.2527777777777778,4.415277777777778,3.595833333333333,9.2875,,4.004166666666666,3.227777777777778,26.491666666666667,3.426388888888889,3.466666666666667,2.5027777777777778,3.7569444444444446,11.301388888888887,12.115277777777775,23.258333333333333,26.06805555555556,14.1,4.913888888888889,7.118055555555555,6.708333333333333,34.275,4.469444444444444,3.138888888888889,6.35,2171.0416666666665,14.002777777777778,38.97083333333333,29.45694444444445,3.745833333333333,18.579166666666666,4.722222222222222,3.2111111111111112,6.218055555555556,27.541666666666668,3.031944444444445,4.320833333333334,3.95,6.076388888888889,0.0,0.0,0.0,0.0,0.0,0.0,0.0,0.0,0.0,0.0,0.0,0.0,0.0,0.0,0.0,0.0,0.0,,0.0,0.0,4.956639566395664,0.0,0.0,0.0,0.0,0.2527777777777777,0.0,0.0,0.0,-1.0,0.9113573407202216,0.0,0.0,15.650684931506849,0.0,0.0,0.0,2.2479338842975207,0.0,0.0,0.0,0.0,0.0,0.0,0.0,1.4542936288088644,19.743341404358357,0.0,0.0,0.0,0.0,25.027666666666665,23.58354166666667,23.71005555555556,60.09119549929676,23.26522222222222,23.913319444444443,24.01108333333333,24.33648611111111,24.29272222222222,22.833180555555558,23.3105,23.227538247566063,23.17134722222222,23.52008333333333,22.846958333333337,22.47443055555556,24.662541666666662,,23.156277777777778,23.422625,22.927736111111116,23.78380555555556,23.11627777777778,22.871625,22.922236111111115,25.594791666666666,22.21926388888889,23.537625,23.80556944444444,23.044041666666665,22.673819444444444,23.877055555555557,24.65931944444444,24.16872222222222,24.70068055555556,24.301583333333333,23.676916666666667,22.463402777777777,23.521472222222226,23.63143055555556,22.962902777777774,22.99513888888889,22.264875,23.265708333333336,24.241138888888887,24.921333333333333,23.10008333333333,23.865916666666667,25.622291666666666,24.341708333333333,24.203041666666664
132,2013-08-29 03:00:00,459.4402777777778,468.74305555555554,345.775,445.87638888888887,328.8888888888889,402.2375,343.0680555555556,387.52777777777777,445.5541666666667,469.25416666666666,372.5652777777778,348.65972222222223,324.9916666666667,404.1777777777778,475.3152777777778,420.3833333333333,307.4736111111111,,317.2375,360.1902777777778,498.15,432.5513888888889,392.94166666666666,242.24444444444444,260.7361111111111,425.4694444444444,343.21666666666664,407.2416666666667,461.7291666666667,458.86509040333794,395.4472222222222,434.8277777777778,91.55833333333334,436.39722222222224,417.6625,304.13194444444446,395.7791666666666,315.74305555555554,363.92233009708735,397.3638888888889,307.03333333333336,324.89166666666665,366.9263888888889,182.88472222222225,375.31111111111113,301.87083333333334,526.0694444444445,470.1138888888889,387.07916666666665,377.1375,516.3194444444445,49.703138888888894,59.18073611111111,59.08508333333334,59.65045833333333,60.202625,59.35554166666667,56.41758333333334,55.98675,56.44108333333334,61.14312499999999,60.11633333333334,53.50754166666667,60.24633333333333,58.879305555555554,62.04004166666667,63.87151388888888,57.40134722222222,,60.09375,59.56279166666666,60.98283333333333,56.893277777777776,61.324958333333335,60.9445,59.59465277777778,56.660875,63.72318055555556,58.9331111111111,58.26533333333334,61.04083333333334,60.38784722222222,56.75048611111111,53.72211111111111,56.90515277777778,53.53004166666666,55.47961111111111,58.31633333333333,62.47075,58.18230555555556,58.78779166666666,57.442875,55.84729166666667,63.72595833333334,58.62125,54.76616666666666,54.55721220527046,59.985875,56.16266296809986,49.92241666666666,55.12556944444445,56.31308333333333,3.763888888888889,17.645833333333332,3.426388888888889,25.363888888888887,18.31388888888889,27.67361111111111,3.475,2.895833333333333,3.8875,3.3027777777777776,4.129166666666666,2.8041666666666667,3.236111111111111,3.1486111111111112,3.975,3.35,3.0722222222222224,,3.5055555555555555,3.338888888888889,23.70833333333333,3.473611111111111,3.513888888888889,2.6486111111111112,3.905555555555555,6.186111111111111,3.9166666666666665,3.5652777777777778,3.1694444444444443,6.623611111111111,10.518055555555556,4.030555555555556,3.7625,4.694444444444445,3.293055555555556,3.102777777777778,3.3694444444444445,2172.490277777778,4.061111111111111,3.504166666666667,3.575,3.765277777777778,2.9680555555555554,4.655555555555556,3.176388888888889,4.356449375866852,15.383333333333333,2.969486823855756,4.2625,3.6666666666666665,4.268055555555556,0.0,0.0,0.0,0.0,0.0,0.0,0.0,0.0,0.0,0.0,0.0,0.0,0.0,0.0,0.0,0.0,0.0,,0.0,0.0,15.677272727272728,0.0,0.0,0.0,0.0,0.0,0.0,0.0,0.0,-1.0,0.3777777777777777,0.0,0.0,0.0,0.0,0.0,0.0,0.0,0.0,0.0,0.0,0.0,0.0,0.0,0.0,0.0,3.465940054495913,0.0,0.0,0.0,0.0,24.7735,23.456847222222223,23.53852777777778,49.41751388888889,23.08183333333333,23.642777777777777,23.986361111111112,24.307722222222225,24.153625,22.8255,23.314430555555557,23.23402777777778,23.171736111111112,23.523791666666668,22.87818055555556,22.555680555555558,23.850694444444443,,23.151597222222225,23.252958333333336,22.986666666666668,23.755569444444443,23.11011111111111,22.871,22.895805555555555,25.378027777777778,21.949388888888887,23.161375,23.535347222222224,22.88561111111111,22.795986111111112,23.74470833333333,24.345694444444447,24.08334722222222,24.665166666666668,24.145430555555556,23.59840277777777,22.479416666666665,23.236833333333333,23.222875,22.6485,22.99344444444444,22.024625,23.25548611111111,24.23143055555556,24.377586685159503,22.982736111111112,23.80472954230236,25.805722222222222,24.07651388888889,24.03451388888889
133,2013-08-29 04:00:00,457.4638888888889,469.1722222222222,346.84722222222223,445.5583333333333,329.0458333333333,403.9375,341.2597222222222,386.775,444.9166666666667,470.0777777777778,370.0444444444444,349.12916666666666,323.1125,403.6055555555556,477.5125,420.1569444444444,302.4875,,313.0513888888889,356.6657420249653,478.6069444444444,431.9222222222222,389.6152777777778,242.58194444444445,260.625,428.3041666666667,344.34027777777777,406.9916666666667,461.68611111111113,462.27222222222224,395.79583333333335,433.21527777777777,93.5111111111111,424.4138888888889,413.0375,299.64166666666665,395.374479889043,315.3736111111112,362.7013888888889,394.9138888888889,303.20416666666665,322.8847222222222,372.06388888888887,180.18472222222223,369.7708333333333,302.72083333333336,502.2597222222222,469.5513888888889,392.24826629681,375.2361111111111,506.4263888888889,50.320277777777775,59.334541666666674,59.30158333333333,60.15555555555556,60.27895977808599,60.061833333333325,56.715944444444446,56.26261474269819,56.845277777777774,61.34733333333334,60.30655555555556,53.70215277777778,60.54418055555555,59.03798890429958,62.00095833333334,64.17569444444445,59.02230555555556,,60.32225,59.75570833333333,61.150875,57.13258333333333,61.46295833333333,61.12983333333334,59.78275,56.55483333333333,64.51101388888888,59.911402777777774,58.92640277777778,61.404375,60.26808333333333,57.19133333333333,54.54651388888889,57.395777777777774,53.917791666666666,55.826708333333336,58.869,61.89025,58.91634722222222,59.834875,58.40213888888889,55.95197222222222,64.38211111111112,58.756,54.94555555555556,55.28244444444445,60.62270833333333,56.03180555555556,49.56297222222223,55.77126388888889,56.77226388888889,3.827777777777778,17.583333333333332,3.426388888888889,25.1625,18.16088765603329,27.616666666666667,3.533333333333333,2.8442280945758,3.9972222222222222,3.2375,4.038888888888889,2.8069444444444445,3.2333333333333334,3.013869625520111,3.952777777777778,3.286111111111111,3.363888888888889,,3.588888888888889,3.4402777777777778,27.64027777777778,3.594444444444445,3.555555555555556,2.775,4.352777777777778,6.165277777777778,3.9,3.4625,3.1125,6.443055555555556,4.113888888888889,4.041666666666667,3.780555555555555,4.590277777777778,3.325,3.1625,3.411111111111111,2166.218055555556,4.009722222222222,3.504166666666667,3.576388888888889,3.7291666666666665,2.941666666666667,4.672222222222223,3.219444444444445,4.331944444444445,4.836111111111111,2.963888888888889,4.269444444444445,3.693055555555556,4.193055555555556,0.0,0.0,0.0,0.0,0.0,0.0,0.0,0.0,0.0,0.0,0.0,0.0,0.0,0.0,0.0,0.0,0.0,,0.0,0.0,0.5714285714285714,0.0,0.0,0.0,0.0,1.5290858725761771,0.0,0.0,0.0,-1.0,0.0,0.0,0.0,0.0,0.0,0.0,0.0,0.0,0.0,0.0,0.0,0.0,0.0,0.0,0.0,0.0,0.0,0.0,0.0,0.0,0.0,24.498763888888888,23.40098611111111,23.465888888888887,66.28419444444444,23.05393897364771,23.40605555555556,23.914416666666668,24.236175243393603,24.03458333333333,22.780708333333333,23.29579166666667,23.210500000000003,23.131791666666665,23.509320388349515,22.87361111111111,22.441361111111117,23.32463888888889,,23.043902777777777,23.21559722222222,22.91677777777778,23.729569444444447,23.11809722222222,22.866958333333333,22.878013888888887,25.42348611111111,21.68544444444445,22.855430555555557,23.287944444444445,22.74672222222222,22.798277777777777,23.609375,24.051166666666667,23.855277777777776,24.51593055555556,24.011041666666667,23.39523611111111,22.626069444444447,22.986222222222224,22.88047222222222,22.30770833333333,22.973458333333333,21.817847222222223,23.24163888888889,24.193861111111115,24.11633333333333,22.660083333333333,23.86884722222222,25.989569444444445,23.893638888888887,23.85908333333333
134,2013-08-29 05:00:00,455.2069444444445,470.5930555555556,347.5083333333333,447.1123439667129,330.90833333333336,403.9625,341.75416666666666,389.7527777777778,444.3708333333333,472.5180555555556,371.5472222222222,350.39166666666665,324.6708333333333,405.8930555555556,469.25138888888887,424.5097222222222,305.3388888888889,,308.7236111111111,359.22083333333336,468.2194444444444,433.56388888888887,393.5194444444445,243.78472222222223,262.0458333333333,443.425,346.65833333333336,410.2236111111111,461.01666666666665,464.9125,397.29027777777776,434.6444444444445,96.89444444444445,421.89722222222224,410.3152777777778,299.96944444444443,398.2527777777778,315.59583333333336,364.02777777777777,395.90833333333336,302.9055555555556,322.4194444444444,374.4916666666667,182.81944444444449,369.12361111111113,303.4236111111111,505.9486111111111,473.77222222222224,394.3541666666667,376.84583333333336,509.93888888888887,51.06645207439198,59.50300000000001,59.60711111111112,60.44541666666666,60.38370833333333,60.82566666666667,57.10497222222222,56.6599573257468,57.30381944444444,61.66729166666666,60.59970833333333,53.948569444444445,60.853125,59.36345833333333,63.27254166666667,64.60072222222223,60.38656944444445,,60.863625,59.91208333333334,61.58725,57.46347222222223,61.70254166666667,61.34070833333333,60.05704166666666,56.57072931276297,65.358125,60.819,59.58672222222223,61.92254166666668,60.48273611111111,57.83012587412588,55.36595833333333,58.02995833333333,54.38254166666667,56.28533333333333,59.570194444444446,62.37720833333333,59.66065277777778,60.64915277777778,59.652277777777776,56.20541666666667,65.05104166666666,58.99576388888889,55.21298611111111,55.90997222222222,61.867,56.122888888888895,49.223125,56.45602777777778,57.286569444444446,3.869814020028613,17.54722222222222,3.441666666666667,25.075,18.21388888888889,27.593055555555555,3.436111111111111,2.844950213371266,3.981944444444444,3.2625,4.0625,2.890277777777778,3.263888888888889,3.1152777777777776,3.890277777777778,3.388888888888889,3.905555555555555,,3.588888888888889,3.4402777777777778,27.39305555555556,3.5819444444444444,3.6013888888888888,2.754166666666667,4.258333333333334,6.144460028050491,3.9,3.548611111111111,3.077777777777778,6.459722222222222,4.075,4.0181818181818185,3.7527777777777778,4.686111111111111,3.313888888888889,3.1152777777777776,3.3875,2168.570833333333,4.048611111111111,3.4569444444444444,3.5902777777777777,3.6902777777777778,2.9,4.622222222222222,3.180555555555556,4.302777777777778,9.186111111111112,2.993055555555556,4.3125,3.738888888888889,4.263888888888889,0.0,0.0,0.0,0.0,0.0,0.0,0.0,0.0,0.0,0.0,0.0,0.0,0.0,0.0,0.0,0.0,0.0,,0.0,0.0,2.5761772853185594,0.0,0.0,0.0,0.0,0.0,0.0,0.0,0.0,-1.0,0.0,0.0,0.0,0.0,0.0,0.0,0.0,0.0,0.0,0.0,0.0,0.0,0.0,0.0,0.0,0.0,1.9285714285714288,0.0,0.0,0.0,0.0,24.280314735336194,23.390111111111118,23.422583333333336,61.62405555555556,23.052861111111117,23.23318055555556,23.83875,24.15133712660028,23.94908333333333,22.751083333333334,23.274652777777774,23.191944444444445,23.107750000000003,23.46933333333333,22.370472222222222,22.41851388888889,23.00148611111111,,22.931194444444444,23.239555555555555,22.84906944444445,23.679375,23.095125000000003,22.858277777777776,22.841430555555554,25.488375,21.505375,22.64334722222222,23.10968055555556,22.61265277777778,22.780708333333333,23.45078321678322,23.82451388888889,23.67008333333333,24.392055555555554,23.89548611111111,23.233666666666668,22.516430555555555,22.795375,22.69448611111111,21.93875,22.94,21.69605555555556,23.21927777777778,24.157875,23.968375,22.325666666666667,23.849986111111114,26.163097222222223,23.74676388888889,23.74511111111111
135,2013-08-29 06:00:00,451.6666666666667,503.8027777777778,348.8041666666667,444.9458333333333,328.2652777777778,399.3013888888889,339.26944444444445,385.6138888888889,502.25694444444446,468.3888888888889,414.9736111111111,347.7638888888889,337.64444444444445,398.93055555555554,457.06944444444446,418.1833333333333,301.91805555555555,,307.2875,356.2527777777778,442.2125,429.0388888888889,388.50694444444446,241.07083333333333,259.2361111111111,445.88194444444446,340.85,407.9875173370319,463.94174757281553,459.9194444444444,401.37361111111113,435.3083333333333,99.11111111111111,417.1875,407.7305555555556,298.9763888888889,393.99305555555554,314.7486111111112,359.86805555555554,391.10833333333335,298.43055555555554,319.0652777777778,374.5236111111111,179.64305555555555,368.6277777777778,301.34583333333336,568.1430555555555,480.9638888888889,394.97222222222223,374.7472222222222,510.38055555555553,51.57302777777778,59.69690277777777,59.794,60.63808333333333,60.533,61.3725,57.42701388888889,56.996189151599445,57.63923611111111,61.842468793342576,60.75716666666667,54.094750000000005,61.058901251738526,59.63109722222222,66.1925,64.38975,61.24520833333334,,61.33229166666667,59.886375,61.36416666666666,57.75695833333334,61.933,61.5735,60.29183333333334,56.50333333333334,65.98844660194175,61.47391666666667,60.10612499999999,62.53933425797504,60.64104166666667,58.38875,56.07201388888889,58.53904166666667,54.83906944444444,56.65679166666666,60.077458333333325,62.80316666666666,60.24936111111112,61.309250000000006,60.75784722222223,56.39144444444445,65.54488888888889,59.170375,55.43233333333333,56.53602777777778,62.54658333333334,56.32136111111111,48.89030555555555,56.93548611111112,57.57015277777778,3.883333333333333,17.456944444444446,8.8,25.122222222222224,18.21388888888889,27.552777777777777,3.455555555555556,2.847009735744089,21.759722222222223,3.1803051317614424,32.111111111111114,2.8513888888888888,23.692628650904037,3.1416666666666666,4.276388888888889,3.3652777777777776,4.105555555555555,,3.655555555555555,3.4277777777777776,7.845833333333333,3.5791666666666666,3.5347222222222223,2.7416666666666667,4.240277777777778,6.161111111111111,3.9375866851595007,3.5902777777777777,7.604166666666667,6.603328710124827,10.083333333333334,4.0152777777777775,9.391666666666667,4.636111111111111,3.3569444444444443,3.120833333333333,3.2944444444444443,2182.820833333333,4.0,3.520833333333333,3.543055555555556,3.7597222222222224,2.868055555555556,4.672222222222223,3.223611111111111,4.336111111111111,27.819444444444443,3.004166666666667,4.226388888888889,3.576388888888889,4.272222222222222,0.0,5.708229426433915,1.9262295081967211,0.0,0.0,0.0,0.0,0.0,6.584951456310679,0.0,4.423913043478261,0.0,0.0,0.0,3.223404255319149,0.0,0.0,,0.0,0.0,3.5427807486631018,0.0,0.0,0.0,0.0,2.4738292011019283,0.0,0.0,0.0,-1.0,2.1634877384196187,1.2916666666666667,2.767379679144385,0.0,0.0,0.0,0.0,0.0,0.0,0.0,0.0,0.0,0.0,0.0,0.0,1.8484848484848484,2.5761772853185594,0.0,0.0,0.0,2.160326086956522,24.10859722222222,23.379097222222224,23.38133333333333,56.17144444444445,23.004402777777777,23.09125,23.766916666666667,24.069040333796934,23.963597222222223,22.72852981969487,23.35380555555556,23.18041666666667,23.123671766342135,23.388250000000003,21.50840277777778,22.5105,22.7695,,22.798291666666668,23.28873611111111,22.92661111111111,23.61486111111111,23.051069444444444,22.81083333333333,22.795861111111112,25.431875,21.352274618585295,22.47276388888889,22.95583333333333,22.413897364771152,22.746458333333333,23.302805555555555,23.627666666666663,23.520333333333333,24.252569444444443,23.796847222222222,23.099625,22.39798611111111,22.629375,22.51902777777778,21.633875,22.91438888888889,21.589541666666666,23.202277777777777,24.115,23.78206944444445,22.353777777777776,23.80883333333333,26.33213888888889,23.65308333333333,23.699152777777776
136,2013-08-29 07:00:00,451.09722222222223,492.9875,346.50138888888887,443.50555555555553,328.425,397.5138888888889,337.54027777777776,383.9180555555556,448.08472222222224,467.6125,387.1863699582754,346.13194444444446,328.5027777777778,398.31805555555553,452.346314325452,418.1958333333333,299.8041666666667,,307.2611111111111,355.4555555555556,428.8222222222222,426.3013888888889,387.60277777777776,241.20833333333331,258.6694444444444,439.5777777777778,341.0861111111111,407.12762973352034,462.2305555555556,458.4625,400.6638888888889,432.7638888888889,99.35277777777776,416.8277777777778,407.43194444444447,298.43194444444447,393.3638888888889,314.90833333333336,357.60277777777776,390.4125,296.3902777777778,317.1347222222222,377.9055555555556,179.325,366.6277777777778,302.27208976157084,565.4,478.2291666666667,391.47083333333336,374.1541666666666,501.05,51.87973611111111,59.77596590909091,59.869708333333335,60.80891666666666,60.72658333333333,61.77641666666666,57.64788888888889,57.22319444444444,57.65423611111112,61.875708333333336,60.59583333333333,54.14725000000001,60.999541666666666,59.83133333333333,67.88441666666667,64.26920833333332,62.02158333333333,,61.729958333333336,59.84145833333333,60.90154166666667,57.90208333333333,62.053375,61.67729166666667,60.41698611111112,56.55191666666666,66.4185138888889,61.9745,60.24695833333333,63.07241666666667,60.72425,58.83219444444445,56.55398611111112,58.95904166666667,55.294694444444445,56.91155555555555,60.50911111111111,63.06195833333334,60.6815,61.79270833333333,61.47566666666667,56.46545833333333,65.73965277777778,59.23704166666666,55.53745833333333,57.084319444444446,62.26408333333333,56.36475,48.62994444444444,57.21095833333333,57.825875,3.813888888888889,17.602272727272727,3.4194444444444443,25.119444444444444,18.08333333333333,27.575,3.386111111111111,2.8569444444444443,3.9444444444444446,3.180555555555556,4.093055555555556,2.770833333333333,3.251388888888889,3.183333333333333,3.75,3.338888888888889,4.081944444444445,,3.5861111111111112,3.4763888888888888,3.8513888888888888,3.605555555555556,3.5875,2.786111111111111,4.316666666666666,6.133333333333334,3.8375,3.495833333333333,5.863888888888889,6.584722222222222,5.326388888888889,3.9930555555555554,5.693055555555556,4.645833333333333,3.201388888888889,3.075,3.363888888888889,2165.7291666666665,4.047222222222223,3.4944444444444445,3.543055555555556,3.7569444444444446,2.95,4.575,3.209722222222222,4.461111111111111,27.62361111111111,3.033333333333333,4.193055555555556,3.606944444444444,4.331944444444445,0.0,0.0,0.0,0.0,0.0,0.0,0.0,0.0,0.0,0.0,0.0,0.0,0.0,0.0,0.0,0.0,0.0,,0.0,0.0,0.0,0.0,0.0,0.0,0.0,3.1322314049586777,0.0,0.0,0.0,-1.0,0.0,0.0,0.0,0.0,0.0,0.0,0.0,0.0,0.0,0.0,0.0,0.0,0.0,0.0,0.0,0.0,2.078804347826087,0.0,0.0,0.0,0.0,23.968527777777776,23.32802556818182,23.33745833333333,61.50811111111111,22.914472222222223,22.954013888888888,23.692958333333333,23.99273611111111,23.89120833333333,22.71270833333333,23.38348611111111,23.166944444444447,23.157625000000003,23.299861111111117,21.049444444444443,22.51120833333333,22.520555555555557,,22.654597222222225,23.302444444444443,23.00748611111111,23.57447222222222,23.00998611111111,22.78447222222222,22.76355555555556,25.37722222222222,21.22161111111111,22.31511111111111,22.903875000000003,22.224666666666668,22.69551388888889,23.15770833333333,23.48069444444444,23.36991666666667,24.08518055555556,23.707305555555557,22.95238888888889,22.300416666666667,22.48801388888889,22.362430555555555,21.42068055555556,22.889041666666667,21.54172222222222,23.183791666666668,24.08579166666667,23.58663888888889,22.44751388888889,23.80369444444445,26.413902777777786,23.57819444444444,23.598250000000004
137,2013-08-29 08:00:00,449.725,467.7138888888889,343.2583333333333,442.75694444444446,325.47222222222223,397.8847222222222,337.4687933425798,384.2916666666667,439.98333333333335,466.92083333333335,370.39166666666665,344.84722222222223,321.69444444444446,397.29027777777776,450.56388888888887,417.5125,299.5444444444444,,306.52222222222224,355.26359832635984,427.73231622746187,429.1875,386.9763888888889,241.15277777777777,258.25416666666666,443.125,341.5180555555556,407.0152777777778,455.75555555555553,453.06805555555553,396.10277777777776,429.2625,96.66805555555555,417.6375,406.7111111111111,299.37638888888887,392.72083333333336,314.52777777777777,357.3722222222222,390.0875,296.0180555555556,316.14166666666665,380.5118219749653,179.79166666666666,365.8430555555556,296.4527777777778,555.1541666666667,476.9263888888889,388.2194444444444,374.2736111111111,494.26666666666665,52.10420833333333,59.86836338418862,60.003083333333336,60.966875,60.91204166666667,62.05020833333334,57.8145,57.40934722222222,57.81433333333333,61.846833333333336,60.70425,54.12838888888889,61.07975,59.99487499999999,68.83663888888888,64.18958333333333,62.599041666666665,,62.16905686546463,59.84319001386963,60.804541666666665,57.92679166666667,62.169125,61.76804166666666,60.539541666666665,56.71036111111111,66.84211111111111,62.45708333333333,60.646097222222224,63.59965277777778,61.009166666666665,59.24516666666666,57.02656944444444,59.43608203677511,55.75509722222222,57.20395833333333,60.933166666666665,63.343291666666666,61.13908333333333,62.32033333333333,62.16320833333334,56.593222222222224,65.84233333333333,59.363125,55.666125,57.69220833333333,62.25245833333333,56.4157660167131,48.59791666666667,57.589777777777776,58.18755555555556,3.933333333333333,17.466019417475728,3.448611111111111,25.073611111111116,18.20555555555556,27.648611111111112,3.333333333333333,2.8625,4.005555555555556,3.2222222222222223,4.066666666666666,2.7291666666666665,3.2666666666666666,3.0597222222222222,3.719444444444445,3.323611111111111,3.923611111111111,,3.611650485436893,3.4022191400832176,3.6277777777777778,3.504166666666667,3.520833333333333,2.625,3.827777777777778,6.2125,3.931944444444445,3.606944444444444,3.0819444444444444,6.572222222222222,4.118055555555555,4.0875,3.6791666666666663,4.663366336633663,3.191666666666667,3.1,3.4277777777777776,2155.523611111111,3.984722222222222,3.4944444444444445,3.583333333333333,3.7472222222222222,2.969444444444445,4.644444444444445,3.180555555555556,4.470833333333333,27.7,2.981894150417827,4.093055555555556,3.580555555555556,4.261111111111111,0.0,0.0,0.0,0.0,0.0,0.0,0.0,0.0,0.0,0.0,0.0,0.0,0.0,0.0,0.0,0.0,0.0,,0.0,0.0,0.0,0.0,0.0,0.0,0.0,0.0,0.0,0.0,0.0,-1.0,0.0,0.0,0.0,0.0,0.0,0.0,0.0,0.0,0.0,0.0,0.0,0.0,0.0,0.0,0.0,0.0,3.132596685082873,0.0,0.0,0.0,0.0,23.83695833333333,23.22145631067961,23.24247222222222,54.468694444444445,22.819597222222225,22.837541666666667,23.620708333333333,23.91605555555556,23.788027777777778,22.688944444444445,23.282,23.151847222222223,23.08952777777777,23.218333333333334,20.80313888888889,22.490347222222223,22.366347222222224,,22.514244105409155,23.303536754507626,23.015611111111117,23.597972222222225,22.98418055555556,22.77134722222222,22.74361111111111,25.295097222222225,21.122972222222224,22.192875,22.756444444444444,22.06438888888889,22.59311111111111,23.040791666666664,23.327875,23.22876944837341,23.94702777777778,23.62825,22.844666666666665,22.234194444444444,22.36991666666667,22.230847222222224,21.250875,22.86505555555556,21.531097222222225,23.16618055555556,24.06175,23.40229166666667,23.22818055555556,23.807520891364906,26.40798611111111,23.48926388888889,23.487625
138,2013-08-29 09:00:00,446.7125,464.31666666666666,340.8125,440.5111111111111,323.3888888888889,396.22222222222223,337.3722222222222,384.93194444444447,437.3,466.14166666666665,366.6444444444445,344.2680555555556,319.81388888888887,395.5944444444444,449.80555555555554,416.7125,294.22777777777776,,304.96527777777777,354.31388888888887,424.93055555555554,425.0708333333333,385.9125,239.6375,257.40277777777777,439.2597222222222,341.2958333333333,405.9819444444444,453.3305555555556,450.9625,396.6902777777778,427.06805555555553,96.09027777777776,415.79583333333335,402.9791666666667,300.4236111111111,389.5652777777778,312.53472222222223,356.32916666666665,389.0472222222222,292.29027777777776,315.63194444444446,378.0915395284328,177.88349514563106,365.1152777777778,299.2125,501.8944444444445,467.845390070922,384.2125,374.39722222222224,492.6111111111111,52.1092371705964,59.81058333333333,59.94329166666667,60.91116666666667,60.838458333333335,62.01070833333333,57.775916666666674,57.37619444444445,57.67118055555556,61.56479166666667,60.56312500000001,53.99668055555556,60.97504166666666,59.94179166666666,69.07429166666667,63.871511789181696,62.78904166666667,,62.311,59.62595833333334,60.56854166666666,57.75741666666667,62.04145833333333,61.63579166666666,60.42277777777778,56.68931944444445,66.85780555555554,62.6595,60.78275,63.77265277777777,61.038291666666666,59.41670833333333,57.28066666666667,59.64833333333334,55.94163888888888,57.27558333333333,61.04508333333333,63.17979166666666,61.32683333333333,62.54162274618586,62.41054166666666,56.53420833333333,65.73904166666667,59.30266666666667,55.62470833333334,58.02223611111111,61.982708333333335,56.30830555555556,48.505541666666666,57.682180555555554,58.319541666666666,3.7905686546463246,17.580555555555556,3.4097222222222223,25.12638888888889,18.15833333333333,27.530555555555555,3.4277777777777776,2.8319444444444444,3.9722222222222223,3.248611111111111,4.094444444444444,2.772222222222222,3.2180555555555554,3.168055555555556,3.718055555555555,3.307905686546463,3.8097222222222222,,3.511111111111111,3.423611111111111,3.5444444444444443,3.415277777777778,3.313888888888889,2.5875,3.751388888888889,6.188888888888889,3.9347222222222222,3.547222222222222,3.156944444444445,6.608333333333333,4.143055555555556,3.9791666666666665,3.755555555555556,4.626388888888889,3.205555555555556,3.1958333333333333,3.330555555555556,2174.0597222222223,3.981944444444444,3.495145631067961,3.5541666666666667,3.7,2.948611111111111,4.695833333333334,3.208333333333333,4.761111111111111,11.745833333333334,2.963888888888889,4.002777777777778,3.6319444444444446,4.1819444444444445,0.0,0.0,0.0,0.0,0.0,0.0,0.0,0.0,0.0,0.0,0.0,0.0,0.0,0.0,0.0,0.0,0.0,,0.0,0.0,0.0,0.0,0.0,0.0,0.0,0.0,0.0,0.0,0.0,-1.0,0.0,0.0,0.0,0.0,0.0,0.0,0.0,0.0,0.0,0.0,0.0,0.0,0.0,0.0,0.0,0.0,2.2357723577235773,0.0,0.0,0.0,0.0,23.682981969486825,23.116958333333333,23.14502777777778,51.28715277777778,22.73136111111111,22.72233333333333,23.54288888888889,23.837875,23.718444444444444,22.64966666666667,23.216291666666667,23.095458333333333,23.03159722222222,23.126944444444447,20.633930555555555,22.44880721220527,22.178847222222224,,22.365569444444443,23.30473611111111,22.979944444444445,23.580916666666663,22.93895833333333,22.737680555555556,22.713875,25.212236111111118,21.02030555555556,22.06275,22.62018055555556,21.92436111111111,22.496291666666668,22.92447222222222,23.18301388888889,23.09854166666667,23.826416666666667,23.548986111111116,22.73255555555556,22.177819444444445,22.252444444444446,22.10687933425797,21.123527777777777,22.836236111111116,21.46763888888889,23.139611111111112,24.033583333333333,23.221666666666664,22.341388888888886,23.783097222222224,26.364680555555555,23.388875,23.37483333333333
139,2013-08-29 10:00:00,443.1666666666667,461.6958333333333,339.18888888888887,437.28472222222223,322.4208333333333,396.0027777777778,337.49583333333334,384.04583333333335,434.19166666666666,464.8375,365.8363384188627,344.7138888888889,318.325,394.8333333333333,446.2025316455696,415.9111111111111,293.83194444444445,,305.5611111111112,352.62638888888887,421.2,426.2375,383.4277777777778,238.48194444444445,258.5777777777778,434.3361111111111,341.7027777777778,403.8027777777778,450.225,445.5090403337969,394.56111111111113,425.65,97.34166666666668,415.7944444444444,400.24861111111113,299.28472222222223,388.0263888888889,312.6388888888889,354.1694444444444,388.3722222222222,291.4361111111112,313.4847222222222,378.3666666666667,178.05,365.2305555555556,299.8305555555556,486.54027777777776,462.66527777777776,381.1736111111111,370.2638888888889,488.1625,52.20115277777778,59.791125,59.92725,60.88495833333333,60.83125,62.006375,57.74372222222223,57.35413888888889,57.57918055555556,61.34695833333333,60.41822222222223,53.851625,60.86716666666667,59.86133333333333,69.15345833333333,63.67041666666666,63.152375,,62.49133333333334,59.45895833333333,60.439625,57.69676388888889,62.00333333333334,61.542791666666666,60.39552777777778,56.64223611111112,66.967125,62.86270833333334,60.96633333333334,63.96666666666667,61.105625,59.58501388888889,57.50779166666667,59.82245833333333,56.082375,57.32833333333333,61.16670833333333,63.19316666666667,61.49670833333333,62.73741666666667,62.669875,56.4905,65.73906944444445,59.24487499999999,55.55273611111112,58.353722222222224,62.69891666666667,56.28581944444444,48.48422222222222,57.860638888888886,58.48766666666667,3.748611111111111,17.65138888888889,3.4097222222222223,25.156944444444445,18.3,27.509722222222223,3.3819444444444446,2.9972222222222222,3.9291666666666663,3.2444444444444445,4.091666666666667,2.779166666666667,3.2444444444444445,3.088888888888889,3.797222222222222,3.3,3.826388888888889,,3.458333333333333,3.466666666666667,3.4791666666666665,3.386111111111111,3.4055555555555554,2.6347222222222224,3.640277777777778,6.209722222222222,3.980555555555556,3.6,3.2472222222222222,6.581944444444445,4.1194444444444445,4.043055555555555,3.683333333333333,4.584722222222222,3.276388888888889,3.109722222222222,3.220833333333333,2190.7291666666665,3.9541666666666666,3.5097222222222224,3.484722222222222,3.681944444444445,2.9444444444444446,4.626388888888889,3.205555555555556,5.195833333333334,3.5930555555555554,2.9458333333333333,4.081944444444445,3.623611111111111,4.206944444444445,0.0,0.0,0.0,0.0,0.0,0.0,0.0,0.0,0.0,0.0,0.0,0.0,0.0,0.0,0.0,0.0,0.0,,0.0,0.0,0.0,0.0,0.0,0.0,0.0,2.324099722991689,0.0,0.0,0.0,-1.0,0.0,0.0,0.0,0.0,0.0,0.0,0.0,0.0,0.0,0.0,0.0,0.0,0.0,0.0,0.0,0.0,0.0,0.0,0.0,0.0,0.0,23.543819444444445,23.015194444444443,23.05113888888889,53.52222222222223,22.634055555555555,22.62968055555556,23.46763888888889,23.75922222222222,23.65738888888889,22.614833333333333,23.161583333333333,23.05247222222222,22.98251388888889,23.067652777777777,20.561444444444444,22.406819444444444,22.011625,,22.229263888888887,23.288194444444443,22.927875,23.51575,22.88394444444444,22.701083333333333,22.656333333333333,25.132111111111108,20.942722222222223,21.94543055555556,22.500541666666667,21.796541666666663,22.40438888888889,22.816541666666662,23.06147222222222,22.992625,23.733486111111112,23.474375,22.642791666666668,22.11325,22.14238888888889,21.997416666666663,21.00418055555556,22.807194444444445,21.409097222222226,23.109583333333337,24.00906944444444,23.057625,21.959097222222223,23.70343055555556,26.269291666666668,23.256291666666662,23.25726388888889
140,2013-08-29 11:00:00,443.6333333333333,462.19444444444446,338.8486111111111,434.04027777777776,323.97777777777776,394.4041666666666,338.24152542372883,382.6222222222222,435.02222222222224,464.70972222222224,366.7694444444445,343.7625,318.2388888888889,394.36805555555554,447.2263888888889,416.3638888888889,292.15277777777777,,306.5208333333333,351.8833333333333,418.125,425.7361111111111,383.0263888888889,236.9125,259.43888888888887,420.3930555555556,344.91805555555555,405.10277777777776,451.68888888888887,444.8597222222222,395.7347222222222,425.1041666666667,99.60277777777776,416.2027777777778,400.38194444444446,297.05,387.5513888888889,313.5763888888889,354.90416666666664,387.9194444444444,290.95694444444445,314.25694444444446,377.3263888888889,175.86805555555554,363.0875,300.22083333333336,482.6569444444444,461.725,380.96638655462186,371.48333333333335,485.5430555555556,52.25208333333333,59.77558333333333,59.887125000000005,60.84416666666667,60.76620833333333,61.95008333333333,57.68869444444445,57.31455555555556,57.471250000000005,61.11958333333333,60.23283333333333,53.708625,60.723708333333335,59.70115277777778,69.00025,63.473125,63.24710124826629,,62.62054166666667,59.331875,60.34197222222223,57.668680555555554,61.917375,61.431125,60.36438888888889,56.56966666666667,66.97555555555556,63.00791666666666,61.08808333333333,64.05079166666667,61.142,59.73773611111111,57.659083333333335,59.93495833333333,56.19566666666666,57.35197222222222,61.23983333333334,63.15408333333334,61.66529166666667,62.871625,62.81275,56.45343055555556,65.706125,59.186125,55.46997222222222,58.62763888888889,63.426375,56.35695833333334,48.475125,58.05470180305132,58.613875,3.8,17.613888888888887,3.401388888888889,25.20555555555556,18.2125,27.565277777777776,3.4833333333333334,3.265277777777778,4.0,3.268055555555556,4.047222222222223,2.7222222222222223,3.2472222222222222,3.138888888888889,3.7152777777777777,3.359722222222222,3.8502080443828017,,3.469444444444445,3.2597222222222224,3.5069444444444446,3.4027777777777777,3.388888888888889,2.583333333333333,3.683333333333333,6.205555555555556,3.933333333333333,3.5680555555555555,3.1597222222222223,6.6402777777777775,4.122222222222222,4.023611111111111,3.693055555555556,4.654166666666667,3.2527777777777778,3.0652777777777778,3.379166666666667,2174.843055555556,3.981944444444444,3.4972222222222222,3.591666666666667,3.797222222222222,2.9763888888888888,4.701388888888889,3.251388888888889,15.109722222222222,3.5930555555555554,3.5861111111111112,4.131944444444445,3.6823855755894592,5.427777777777778,0.0,0.0,0.0,0.0,0.0,0.0,0.0,0.0,0.0,0.0,0.0,0.0,0.0,0.0,0.0,0.0,0.0,,0.0,0.0,0.0,0.0,0.0,0.0,0.0,0.0,0.0,0.0,0.0,-1.0,0.0,0.0,0.0,0.0,0.0,0.0,0.0,0.0,0.0,0.0,0.0,0.0,0.0,0.0,0.0,0.0,0.0,0.0,0.0,0.0,0.0,23.416833333333333,22.915416666666665,22.966347222222225,43.38669444444445,22.552791666666668,22.54790277777778,23.393583333333336,23.685458333333333,23.592152777777777,22.577,23.121236111111116,23.007944444444448,22.943430555555555,23.02477777777778,20.53890277777778,22.35770833333333,21.902163661581135,,22.111611111111117,23.244625000000003,22.86319444444445,23.440319444444444,22.833902777777777,22.66290277777778,22.596944444444443,25.058527777777776,20.87172222222222,21.848097222222226,22.39093055555556,21.702236111111112,22.326291666666663,22.713277777777776,22.95998611111111,22.898430555555557,23.63366666666667,23.40822222222222,22.555097222222223,22.033319444444444,22.03525,21.90725,20.911875,22.772402777777778,21.354152777777777,23.07877777777778,23.98979166666667,22.92640277777777,21.666833333333333,23.603930555555557,26.19161111111111,23.12490984743412,23.163541666666667
141,2013-08-29 12:00:00,444.1277777777778,463.0416666666667,339.3305555555556,434.3875,323.29305555555555,395.8361111111111,337.8569444444444,382.97777777777776,435.7013888888889,465.725,366.4166666666667,344.4583333333333,319.2013888888889,393.825,458.2361111111111,417.18055555555554,289.31666666666666,,305.3222222222222,352.84166666666664,419.87464788732393,428.1,381.06944444444446,240.0388888888889,261.125,416.2805555555556,345.2652777777778,404.6763888888889,452.6138888888889,446.4625,390.86805555555554,423.6125,99.86805555555556,415.5986111111111,399.0305555555556,298.2625,388.68611111111113,313.6611111111111,353.85,388.0388888888889,291.3027777777778,314.6305555555556,377.9611111111111,177.89444444444445,365.0930555555556,301.0541666666667,481.4111111111111,464.4347222222222,382.5361111111111,373.2236111111111,488.1333333333333,52.56381944444444,59.88733333333333,60.01520833333333,60.9824133148405,60.88041666666667,62.02945833333333,57.776222222222216,57.41693055555556,57.581875,61.14820833333333,60.18333333333333,53.67831944444444,60.706,59.78627777777778,66.91541666666666,63.5455,63.75931944444444,,62.771125,59.332875,60.47011111111112,57.43830555555556,61.559333333333335,61.19275,60.10662500000001,56.382333333333335,67.20690277777778,63.22383333333334,61.36029166666667,64.24633333333334,61.07020833333334,59.87073611111112,57.88429166666667,60.139541666666666,56.43266666666667,57.45492371705964,61.43720833333334,63.53602777777778,61.837291666666665,63.07441666666667,63.063518776077885,56.43248611111111,65.80701388888889,59.17804166666667,55.45104166666667,58.20415277777777,64.10554166666667,56.365833333333335,48.47594444444445,58.346555555555554,58.57418055555555,3.859722222222222,17.60972222222222,3.333333333333333,25.173370319001386,18.218055555555555,27.66111111111111,3.4916666666666667,3.4972222222222222,3.988888888888889,3.268055555555556,4.072222222222222,2.770833333333333,3.2444444444444445,3.113888888888889,3.719444444444445,3.313888888888889,3.894444444444445,,3.5194444444444444,3.313888888888889,3.6527777777777777,11.801388888888887,3.5680555555555555,11.943055555555556,10.725,6.198611111111111,3.911111111111111,3.5722222222222224,3.136111111111111,6.631944444444445,4.105555555555555,3.9722222222222223,3.795833333333333,4.613888888888889,3.2263888888888888,3.08876560332871,3.422222222222222,2171.858333333333,4.123611111111111,3.629166666666667,3.6258692628650895,3.7847222222222223,3.076388888888889,4.734722222222223,3.261111111111111,15.7625,3.6847222222222222,4.722222222222222,4.35,3.669444444444444,7.604166666666667,0.0,0.0,0.0,0.0,0.0,0.0,0.0,0.0,0.0,0.0,0.0,0.0,0.0,0.0,0.0,0.0,0.0,,0.0,0.0,2.1639344262295084,0.0,0.0,1.2916666666666667,1.2880886426592797,0.0,0.0,0.0,0.0,-1.0,0.0,0.0,0.0,0.0,0.0,0.0,0.0,0.0,0.0,0.0,0.0,0.0,0.0,0.0,0.0,0.0,0.0,0.0,0.0,0.0,0.0,23.28980555555556,22.833041666666663,22.88786111111111,49.45866851595007,22.47723611111111,22.51725,23.322875000000003,23.613666666666667,23.526930555555555,22.545,23.093,22.97240277777778,22.90965277777778,23.00452777777777,21.68998611111111,22.320666666666664,21.767166666666668,,22.103694444444443,23.192208333333333,22.795694444444447,23.603041666666662,22.974944444444443,22.78443055555556,22.720777777777776,25.216236111111108,20.80813888888889,21.78713888888889,22.333194444444445,21.64075,22.461930555555558,22.648777777777777,22.866972222222223,22.825541666666663,23.525694444444444,23.3400693481276,22.47718055555556,21.924027777777777,21.967958333333332,21.831611111111112,20.825660639777468,22.756666666666664,21.309597222222223,23.05095833333333,23.96015277777778,23.18938888888889,21.50748611111111,23.637375,26.20786111111111,23.01523611111111,23.23322222222222
142,2013-08-29 13:00:00,442.7069444444445,462.7347222222222,338.8027777777778,433.4763888888889,325.09722222222223,397.08472222222224,338.06666666666666,381.46527777777777,432.175,464.3777777777778,365.1055555555556,343.93194444444447,317.2555555555556,395.4138888888889,474.5263888888889,417.23333333333335,290.825,,305.1708333333333,352.81666666666666,418.9847222222222,427.4166666666667,383.1763888888889,238.1625,258.5736111111111,414.5375,346.9125,404.15833333333336,451.2125,451.25555555555553,387.2,428.05694444444447,99.61527777777778,416.1972222222222,399.3125,299.82916666666665,387.6763888888889,311.8611111111111,353.10277777777776,388.79583333333335,290.48055555555555,314.09166666666664,377.6041666666667,176.5375,362.5305555555556,287.7861111111111,483.2347222222222,465.46527777777777,391.6902777777778,371.9513888888889,489.025,53.10456944444445,60.230291666666666,60.36586111111111,61.35970833333333,61.15858136300417,62.232375,58.14094444444444,57.71111111111111,57.87602777777777,61.43933333333333,60.39468055555555,53.88477777777778,60.89183333333334,59.79255555555555,62.337,63.77555555555556,63.92552777777777,,62.12458333333333,59.55743055555556,60.65108333333333,57.07501388888889,61.287375,60.74679166666667,59.77388888888888,56.347027777777775,67.61476388888889,63.303875,61.46004166666667,64.19325,60.00805555555556,60.19716666666667,58.21697222222223,60.478180555555554,56.83932038834951,57.77390277777778,61.842416666666665,64.12112499999999,62.181,63.451458333333335,63.45008333333333,56.59070833333333,66.09045833333333,59.35354166666667,55.62975,56.30752777777778,64.50740277777778,55.95605555555556,48.13661111111112,58.710652777777774,58.49327777777777,4.779166666666667,18.36805555555556,4.354166666666667,26.95555555555556,20.276773296244784,29.70277777777778,3.441666666666667,3.5791666666666666,3.975,3.286111111111111,4.095833333333333,2.765277777777778,3.25,3.1333333333333333,3.806944444444445,3.261111111111111,4.755555555555556,,3.6486111111111112,3.4944444444444445,3.7291666666666665,8.66388888888889,3.558333333333333,9.0375,9.59027777777778,11.57638888888889,5.148611111111111,7.115277777777778,7.088888888888889,7.5875,4.194444444444445,4.613888888888889,4.355555555555555,5.073611111111111,3.5381414701803053,3.143055555555556,3.955555555555556,2177.030555555556,6.070833333333334,9.48611111111111,8.194444444444445,3.705555555555556,5.201388888888889,4.780555555555556,3.2527777777777778,8.590277777777779,3.6638888888888888,4.2444444444444445,12.980555555555556,3.644444444444445,6.948611111111111,0.0,0.0,0.0,0.0,0.0,0.0,0.0,0.0,0.0,0.0,0.0,0.0,0.0,0.0,0.0,0.0,0.0,,0.0,0.0,0.0,0.0,0.0,0.0,0.0,0.0,0.0,0.0,0.0,-1.0,0.0,0.0,0.0,0.0,0.0,0.0,0.0,0.0,0.0,0.0,0.0,0.0,0.0,0.0,0.0,0.0,0.0,0.0,5.260162601626016,0.0,0.0,23.186444444444447,22.762416666666663,22.824402777777777,42.468222222222224,22.43248956884562,22.525194444444445,23.23759722222222,23.559930555555557,23.496361111111117,22.524763888888888,23.073652777777777,22.947888888888887,22.889180555555555,23.12151388888889,22.95658333333333,22.363694444444445,21.854930555555555,,22.452152777777776,23.160666666666668,22.82273611111111,23.745069444444447,23.10725,23.76411111111111,22.89170833333333,25.410958333333333,20.77075,21.886194444444445,22.437694444444443,21.783388888888886,22.983527777777777,22.627722222222225,22.825083333333332,22.82193055555556,23.464604715672674,23.294625,22.43123611111111,21.837555555555557,21.93490277777778,21.797958333333334,20.78597222222222,22.76061111111111,21.302805555555555,23.050930555555556,23.95579166666667,24.095736111111112,21.530347222222225,23.95661111111111,26.52358333333333,22.997138888888887,23.333291666666668
143,2013-08-29 14:00:00,444.7583333333333,466.66527777777776,341.0,436.4333333333333,326.3986111111111,399.85,340.03333333333336,382.41527777777776,437.05694444444447,470.3444444444444,368.8361111111111,347.60277777777776,321.2611111111111,399.1638888888889,478.3375,419.8569444444444,296.4111111111111,,308.6958333333333,357.4361111111112,422.62916666666666,430.56944444444446,386.0457697642164,239.9152777777778,259.22777777777776,420.51666666666665,351.39722222222224,408.27222222222224,453.9902777777778,453.7597222222222,392.8416666666666,431.7611111111111,102.94166666666666,419.81666666666666,402.3597222222222,301.1986111111111,392.0930555555556,317.51944444444445,356.7861111111111,391.2763888888889,292.9277777777778,316.55833333333334,382.6958333333333,179.00555555555556,366.25694444444446,291.7625,487.7944444444444,468.575,415.47222222222223,374.8541666666667,492.4680555555556,53.59161111111111,60.61133333333333,60.73445833333333,61.761,61.49066666666666,62.52525,58.64473611111111,58.05052777777777,58.24361111111112,61.782,60.66070833333333,54.10219444444445,61.113625,59.792125000000006,61.99704166666667,63.81691666666666,63.96706944444445,,61.980375,59.77286111111111,60.73383333333334,57.47565277777778,61.52875,61.01267037552156,60.04179166666666,55.90948611111112,67.9480138888889,63.4105,61.55058333333333,64.151375,59.635625000000005,60.36852777777777,58.47684722222223,60.618583333333326,57.13580555555556,58.034000000000006,62.210875,64.60755555555556,62.41308333333333,63.695569444444445,63.7086402266289,56.683347222222224,66.24541666666666,59.450375,55.75145833333334,54.803333333333335,64.56579166666667,55.490791666666674,48.10177777777778,58.86341666666666,58.50215277777778,14.688888888888888,26.03333333333333,13.056944444444444,44.06805555555555,40.79166666666666,49.22916666666666,3.415277777777778,3.533333333333333,4.465277777777778,3.529166666666667,4.261111111111111,3.123611111111111,3.3694444444444445,3.573611111111111,4.925,3.811111111111111,11.668055555555556,,4.516666666666667,3.4791666666666665,3.693055555555556,3.5388888888888888,3.4972222222222222,3.5785813630041723,4.319444444444445,166.52916666666667,16.647222222222222,42.48333333333333,44.28472222222222,17.9,4.6125,11.118055555555555,10.870833333333334,9.716666666666669,6.0,3.1166666666666667,10.547222222222222,2180.0138888888887,23.991666666666667,66.6375,51.72946175637394,3.813888888888889,26.72083333333333,4.813888888888889,3.2694444444444444,15.561111111111112,4.138888888888889,4.675,26.48333333333333,4.227777777777778,11.04861111111111,0.0,0.0,0.0,0.0,0.0,0.0,0.0,0.0,0.0,0.0,0.0,0.0,0.0,0.0,1.2916666666666667,0.0,0.0,,1.2880886426592797,0.0,0.0,0.0,0.0,0.9696969696969696,0.0,0.0,0.0,0.0,0.0,-1.0,0.0,0.0,0.0,0.0,0.0,0.0,0.0,0.0,0.0,0.0,0.0,0.0,0.0,0.0,0.0,0.0,0.0,0.0,9.766937669376691,0.0,0.0,23.124027777777776,22.718263888888888,22.786708333333333,53.25727777777777,22.404041666666668,22.52398611111111,23.14972222222222,23.517625,23.46251388888889,22.512,23.065458333333336,22.947569444444444,22.88427777777778,23.199027777777776,22.910972222222224,22.44913888888889,21.92533333333333,,22.510513888888887,23.148000000000003,22.863152777777778,23.617277777777776,23.077430555555555,22.918484005563283,22.83422222222222,25.685353675450763,20.759958333333334,21.91598611111111,22.468569444444444,21.853555555555555,22.94752777777778,22.636125,22.80251388888889,22.83751388888889,23.42194444444444,23.26340277777778,22.3825,21.760277777777777,21.921222222222223,21.790625,20.7764164305949,22.77565277777778,21.317972222222224,23.070486111111112,23.95761111111111,24.63856944444445,21.615125,24.16448611111111,26.51986111111111,23.02425,23.35584722222222
144,2013-08-29 15:00:00,451.7166666666666,472.86944444444447,345.175,441.0194444444445,334.78472222222223,404.4805555555556,344.7583333333333,388.44305555555553,441.2680555555556,474.0916666666666,372.4694444444444,351.6097222222222,324.1694444444444,403.81388888888887,484.0236111111111,424.5805555555556,302.56666666666666,,348.7263888888889,361.3444444444444,446.125,474.1333333333333,390.8555555555556,363.2180555555556,263.7361111111111,442.1152777777778,372.56666666666666,414.4958333333333,527.375,462.6152777777778,399.0833333333333,434.69444444444446,106.69027777777778,424.1736111111111,408.8875,305.753120665742,397.5375,319.6555555555556,363.31111111111113,409.30555555555554,295.925,322.44166666666666,387.3930555555556,182.1833333333333,371.7916666666667,304.60555555555555,493.99305555555554,725.0208333333334,441.86944444444447,380.0528511821975,498.18888888888887,53.70141666666666,60.77216666666666,60.83929166666667,61.88941666666666,61.67229166666667,62.532583333333335,58.89780555555555,58.258833333333335,58.36325,61.86325,60.75675,54.17769444444445,61.2005,59.79691666666667,62.00929166666667,63.735375000000005,63.874541666666666,,61.942708333333336,59.87045833333334,60.76825,57.72225,61.62029166666667,61.31758333333333,60.15854166666667,55.229819444444445,67.68093055555556,63.45916666666666,61.48674285714286,64.16766666666666,59.89625,60.39697222222223,58.55986111111111,60.63458333333334,57.27308333333334,58.18625,62.31095833333333,64.74295423023578,62.3694452149792,63.62093055555555,63.51341225626741,56.73466666666666,66.06381944444445,59.495666666666665,55.82666666666666,53.839444444444446,64.42908333333334,56.18435506241331,48.37851388888889,58.827375,58.51586111111111,36.793055555555554,42.84027777777778,33.12083333333333,81.06805555555556,86.59305555555555,92.79166666666669,3.4722222222222223,3.591666666666667,4.672222222222223,3.672222222222222,4.215277777777778,2.9819444444444443,3.3291666666666666,3.245833333333333,3.875,3.406944444444445,27.76388888888889,,6.516666666666667,3.4138888888888888,17.384722222222223,22.48611111111111,3.518055555555556,50.04444444444445,4.459722222222222,166.68333333333334,51.94444444444444,123.12361111111112,144.53142857142856,39.04861111111112,5.083333333333333,25.977777777777774,25.37638888888889,20.541666666666668,11.775,3.084722222222222,25.677777777777777,2175.410540915396,65.92233009708738,203.30277777777775,156.63649025069637,3.876388888888889,76.09166666666667,4.851388888888889,3.290277777777778,9.411111111111111,4.819444444444445,16.9251040221914,26.58888888888889,5.405555555555556,18.469444444444445,0.0,0.0,0.0,0.0,0.0,0.0,0.0,0.0,0.0,0.0,0.0,0.0,0.0,0.0,0.0,0.0,0.0,,4.89196675900277,0.0,5.758713136729223,8.151041666666666,0.0,29.238839285714285,0.0,5.994505494505495,4.448087431693989,0.0,0.0,-1.0,0.0,0.0,0.0,0.0,0.0,0.0,0.0,0.0,0.0,4.518518518518518,0.0,0.0,0.0,0.0,0.0,0.0,0.0,1.2916666666666667,8.331550802139038,0.0,0.0,23.158416666666668,22.75006944444444,22.82577777777778,64.12093055555556,22.427375,22.590291666666666,23.125027777777778,23.513194444444444,23.48165277777778,22.53506944444445,23.08745833333333,22.97697222222222,22.90205555555556,23.240263888888887,22.860541666666663,22.50708333333333,21.989597222222223,,22.55013888888889,23.15888888888889,22.912236111111117,23.64240277777777,23.07772222222222,23.230486111111112,22.82122222222222,25.921625,21.039597222222223,21.957291666666663,22.620414285714286,21.89176388888889,22.88654166666667,22.68161111111111,22.83952777777777,22.871541666666666,23.42590277777778,23.259319444444444,22.411375,21.75147018030513,22.00629680998613,21.933888888888887,20.91764623955432,22.792222222222225,21.41127777777778,23.09195833333333,23.96743055555556,24.898722222222226,21.67301388888889,24.2595839112344,26.429625,23.08558333333333,23.372319444444443
145,2013-08-29 16:00:00,461.2611464968153,482.4578696343402,351.95569620253167,451.86349206349206,376.9076433121019,413.7590551181102,350.8596214511041,397.2038834951457,451.8648648648648,483.3593004769475,381.32805071315374,358.83676703645006,332.3070866141732,496.88383045525904,491.98119122257054,433.1698113207547,320.301261829653,,371.6697965571205,404.20347003154575,505.4303599374022,516.696875,401.7551669316375,400.3888,272.70906200317967,459.66719242902207,396.0363924050633,419.3675078864353,610.7974882260596,471.348031496063,411.4654088050315,441.2187004754358,116.13586097946288,432.7165354330709,416.3506289308176,315.78322784810126,407.9018691588785,327.13993710691824,372.2260596546311,499.3586097946288,304.8009554140127,330.8333333333333,394.6824644549763,189.3596214511041,382.51664025356575,345.0571428571429,504.9031746031746,1007.7111459968604,527.8825396825397,390.41324921135646,513.0615141955836,53.702777777777776,60.75594637223976,60.74300476947536,61.81317965023847,61.544809523809526,62.32348031496063,59.10009478672986,58.39348508634223,58.416203125,61.93248818897637,60.86279179810726,54.240913385826765,61.3008056872038,60.57131955484897,62.10209448818898,63.73,63.74023696682465,,61.86651898734177,60.084145569620254,60.46590625,57.64500787401576,61.710734375,59.63913385826771,60.21824088748019,55.09470219435737,65.47577044025157,63.32631329113924,60.48373817034701,64.07146226415095,60.06671428571428,60.29736089030207,58.57897959183673,60.58451104100946,57.24373205741627,58.29087394957983,62.28481012658228,64.89004739336494,62.09984152139461,62.66297637795275,62.93859842519685,56.78292452830189,65.78551562499999,59.54809825673534,55.8775911251981,53.53475667189953,64.44928343949044,57.32366085578448,49.04048589341693,58.74047393364929,58.57300632911392,67.4952380952381,67.05993690851734,60.44038155802862,134.28775834658188,150.6873015873016,154.1228346456693,3.636650868878357,3.63265306122449,4.7828125,3.746456692913386,4.162460567823344,2.9795275590551182,3.3807266982622437,28.77106518282989,5.0566929133858265,3.917981072555205,54.52764612954186,,9.068037974683543,20.996835443037973,30.6265625,27.6503937007874,3.5796875,49.874015748031496,4.38985736925515,167.00470219435738,71.81446540880503,238.6518987341772,275.6056782334385,69.30188679245283,5.693650793650794,43.82034976152623,46.62480376766091,32.95268138801262,18.261562998405104,3.0873949579831934,43.311708860759495,2178.548183254344,124.11251980982568,393.4708661417323,268.96535433070864,3.990566037735849,148.29375,4.990491283676704,3.236133122028526,12.6138147566719,5.780254777070064,18.759112519809825,26.739811912225704,6.914691943127962,27.1123417721519,0.0,0.0,0.0,0.0,0.0,0.0,0.0,0.0,0.0,0.0,0.0,0.0,0.0,14.689655172413794,0.0,0.0,5.533149171270718,,10.74785100286533,12.812987012987014,12.008356545961004,14.751269035532994,0.0,26.90330788804071,0.0,8.428985507246377,6.4409221902017295,0.0,0.0,-1.0,0.0,0.0,4.7574931880109,0.0,0.0,0.0,0.0,0.0,0.0,17.698795180722893,0.0,0.0,0.0,0.0,0.0,0.0,0.0,8.468390804597702,15.401015228426395,0.0,0.0,23.22690476190476,22.84973143759873,22.943990461049285,39.290826709062,22.62071315372425,22.73548742138365,23.114060031595574,23.51679748822606,23.527265625,22.562818897637797,23.101167192429024,22.99867716535433,22.91699842022117,23.306677265500795,22.841968503937007,22.543123028391168,22.10170616113744,,22.61205696202532,23.202215189873417,23.190265625,23.796661417322834,23.09053125,23.88644094488189,22.83729001584786,25.960253164556963,21.924701257861635,22.08267405063291,23.235220820189276,22.001792452830188,22.87092063492064,22.780317965023848,22.9138147566719,22.935283911671924,23.501738437001595,23.26495798319328,22.480537974683543,21.759478672985782,22.18060221870048,22.54765354330709,21.208866141732283,22.80622641509434,21.552984375,23.105832012678288,23.984627575277337,25.05307692307692,21.71558917197452,24.33551505546751,26.399796238244512,23.171137440758294,23.40938291139241
146,2013-08-29 17:00:00,464.96527777777777,483.9180555555556,355.7763888888889,454.9916666666667,430.0388888888889,418.0888888888889,355.0069541029207,399.1763888888889,456.52222222222224,487.7916666666667,387.24861111111113,367.3125,338.22222222222223,682.9902777777778,494.24444444444447,436.75138888888887,418.9333333333333,,388.75555555555553,421.6638888888889,532.8847222222222,564.6458333333334,406.5319444444444,389.10719322990127,405.13194444444446,473.09722222222223,393.47083333333336,423.7986111111111,776.4625,515.8581363004173,413.9916666666667,445.1611111111111,184.80555555555557,461.00555555555553,482.6541666666666,384.3152777777778,411.5361111111111,331.9208333333333,377.9263888888889,699.0791666666667,310.2736111111111,337.0416666666667,393.63055555555553,193.70833333333331,389.28333333333336,328.22083333333336,545.85,991.6638888888888,490.7694444444445,395.7819444444444,615.2583333333333,53.72826388888889,60.622166666666665,60.49045833333333,61.482875,60.781597222222224,61.872875,59.261875,58.53363888888889,58.30575,61.97054166666667,60.92275000000001,54.30565277777778,61.37584852734922,60.011291666666665,62.121625,63.72336111111111,63.340833333333336,,61.748666666666665,59.84229166666666,60.60184722222223,57.34268055555556,61.73354166666667,59.01290277777778,60.148694444444445,55.15295833333333,64.84751388888888,62.78041666666667,59.743208333333335,63.45523611111111,60.32441666666667,60.059666666666665,58.18022222222223,60.532041666666665,57.47070833333333,58.59575,62.02533333333333,64.86383333333333,61.463791666666665,61.49395833333334,61.726708333333335,56.817833333333326,65.46554937413075,59.59210378681627,55.88970833333334,54.00579972183588,64.04658333333333,57.056527777777774,49.14773611111112,58.46752777777778,58.806777777777775,106.525,86.69305555555556,97.275,179.14444444444445,210.73194444444445,216.8875,3.776388888888889,3.7569444444444446,4.788888888888889,3.602777777777778,4.158333333333333,3.018055555555556,3.332398316970547,56.94444444444444,5.45,4.138888888888889,104.40972222222224,,12.390277777777778,16.508333333333333,61.525,34.87361111111111,3.5694444444444446,43.59722222222222,5.061111111111111,166.575,134.50694444444446,359.8847222222222,390.1722222222222,110.64583333333331,9.276388888888889,86.56944444444444,125.40972222222224,73.45555555555555,56.99027777777778,26.106944444444444,103.32916666666668,2185.9125,199.34722222222223,571.325,480.8638888888889,4.122222222222222,241.2086230876217,4.997194950911641,3.4125,24.151599443671767,21.70138888888889,18.791666666666668,11.175,10.054166666666667,62.41666666666666,0.0,0.0,0.0,0.0,0.0,0.0,0.0,0.0,0.0,0.0,0.0,0.0,0.0,26.09288537549407,0.0,0.0,17.623762376237625,,8.286103542234333,1.9285714285714288,7.262734584450402,14.521951219512196,0.0,17.302267002518892,12.047872340425531,15.333333333333334,7.037333333333334,2.0817438692098094,0.0,-1.0,0.0,1.3895027624309393,14.75635593220339,0.0,17.03960396039604,11.861904761904762,0.0,0.0,0.0,28.914335664335663,0.0,0.0,0.0,0.0,0.0,0.0,5.723404255319149,13.43801652892562,0.425,0.0,15.527083333333334,23.263847222222225,22.996166666666667,23.12177777777778,53.60234722222223,23.06798611111111,22.95204166666667,23.103194444444444,23.513722222222224,23.627027777777776,22.589930555555554,23.120680555555555,23.01715277777777,22.940659186535765,23.86927777777778,22.85402777777778,22.573319444444444,22.502472222222224,,22.71011111111111,23.440888888888885,23.198138888888888,24.032180555555552,23.117083333333333,24.017916666666668,23.189402777777776,25.968861111111117,21.988180555555555,22.35468055555556,23.921041666666667,22.41483333333333,22.82259722222222,22.928111111111114,23.34725,23.051069444444444,23.693638888888888,23.38911111111111,22.643166666666666,21.81747222222222,22.491958333333333,23.36776388888889,21.70425,22.818625,21.71315716272601,23.121907433380088,24.010875,24.610319888734352,22.013472222222223,24.38815277777778,26.472,23.328138888888887,23.540625
147,2013-08-29 18:00:00,503.3902777777778,512.3236111111111,380.65833333333336,483.81944444444446,396.32916666666665,449.86805555555554,380.6216968011127,427.30694444444447,490.34583333333336,523.3458333333333,413.8611111111111,392.9902777777778,365.3652777777778,672.4430555555556,548.9152777777778,476.92083333333335,360.6111111111111,,419.7458333333333,473.5111111111111,696.4361111111111,662.2583333333333,439.32916666666665,392.6013888888889,486.0319444444444,541.2968099861304,437.5263888888889,459.51666666666665,624.9305555555555,619.9319444444444,449.1444444444445,482.89722222222224,226.06527777777777,630.5541666666667,556.005547850208,532.4305555555555,443.6222222222222,389.3902777777778,405.07916666666665,706.1569444444444,345.3261802575107,363.9263888888889,429.31111111111113,213.9333333333333,416.08472222222224,429.67083333333335,645.85,1099.6847222222225,519.1347222222222,427.1111111111111,721.8791666666667,53.412527777777775,60.20136111111112,59.99495833333334,60.82341666666667,60.276583333333335,61.298791666666666,59.26645833333333,58.52418055555555,58.01336111111112,61.77695833333334,60.847125,54.24969444444445,61.25620833333333,58.04822946175638,61.73575,63.46425,61.81004166666667,,61.74554166666667,59.289375,60.18031944444445,56.945375,61.57395833333333,58.39291666666667,59.30575,55.00983333333333,64.10825,61.96758333333334,58.26016666666666,62.22387500000001,59.71127777777778,59.27154166666667,56.80266666666667,60.291513888888886,56.37505555555556,58.36977777777778,60.53683333333333,63.86120833333333,60.53740277777778,59.87101388888888,60.51295833333334,56.67863888888889,64.75136111111111,59.48554166666666,55.73913888888889,54.879888888888885,62.01608333333333,57.40863888888889,48.65773611111111,57.53351388888888,57.758750000000006,115.1138888888889,71.22916666666667,92.7,159.5375,218.52777777777777,214.35,3.861111111111111,3.6777777777777776,5.575,3.9138888888888888,4.595833333333333,3.3986111111111112,3.525,33.563739376770535,6.334722222222222,19.166666666666668,104.97916666666669,,12.481944444444444,17.852777777777778,36.36388888888889,43.65555555555556,3.577777777777778,50.21111111111111,4.972222222222222,166.51805555555555,113.95138888888889,318.89444444444445,331.25,90.00694444444444,18.766666666666666,191.64305555555555,218.8972222222222,176.07638888888889,92.78611111111113,33.10138888888889,246.92361111111111,2193.7819444444444,177.25277777777777,483.95972222222224,354.98055555555555,4.040277777777778,251.47222222222223,4.941666666666666,3.3152777777777778,99.50555555555556,37.78611111111111,18.76944444444445,37.895833333333336,14.981944444444444,90.41527777777776,0.0,0.0,0.0,0.0,0.0,0.0,0.0,0.0,0.0,0.0,0.0,0.0,0.0,15.60377358490566,0.0,0.0,0.0,,16.80597014925373,18.048237476808904,11.8671875,22.445454545454545,0.0,17.989637305699482,14.07277628032345,18.7027027027027,8.66842105263158,0.0,0.0,-1.0,0.0,0.0583333333333333,27.13871374527112,19.108167770419428,4.656675749318801,20.863325740318903,1.375,7.861182519280206,0.0,19.104545454545452,0.0,0.0,0.0,0.0,0.0,19.686119873817034,6.033333333333333,21.139896373056995,6.753387533875339,0.0,9.23152709359606,23.342375,23.16493055555556,23.29976388888889,53.81811111111112,23.123222222222225,23.11113888888889,23.09552777777777,23.512194444444443,23.695347222222225,22.61663888888889,23.13447222222222,23.035319444444443,22.99304166666667,24.36648725212465,22.87326388888889,22.599763888888887,22.74443055555556,,22.65080555555556,23.590416666666663,23.57075,24.236777777777775,23.126541666666668,24.11816666666667,23.61780555555556,26.040305555555555,22.14413888888889,22.61225,24.01305555555556,23.07168055555556,23.12986111111111,23.27595833333333,24.084166666666665,23.610291666666665,24.32755555555556,23.818486111111117,23.26688888888889,22.171111111111117,22.796666666666663,23.82255555555556,22.077708333333334,22.843236111111118,21.855375,23.130125,24.048875,24.422930555555556,22.777458333333332,24.594388888888886,26.56958333333333,23.721888888888888,24.16825
148,2013-08-29 19:00:00,607.0958333333333,559.5423023578363,423.99444444444447,533.4819444444445,412.7125,492.63194444444446,423.20416666666665,473.3013888888889,539.0777777777778,574.3291666666667,456.34027777777777,432.5180555555556,406.1166666666667,679.3166666666667,588.9916666666667,520.1083333333333,522.9805555555556,,464.0792767732963,1037.2773925104025,725.7194444444444,717.7680555555555,481.2013888888889,439.8611111111111,539.8875,582.6333333333333,467.57916666666665,498.79583333333335,566.8416666666667,669.6291666666667,490.76666666666665,533.0430555555556,260.80721220527045,592.9430555555556,595.2166666666667,680.0597222222223,483.5652777777778,452.3333333333333,444.7,538.0861111111111,385.4770514603616,447.2305555555556,462.600278551532,244.3894297635605,457.1041666666667,474.3097222222222,653.7847222222222,1019.8347222222222,606.3240611961057,467.0917941585536,644.0236111111111,52.79529902642559,59.72294444444444,59.4455,60.21236111111112,60.17410292072323,60.74881615598886,59.05769444444445,58.32475,57.715833333333336,61.448375000000006,60.596,54.03173611111111,60.99166666666667,57.346183844011136,61.32145833333333,63.34970833333333,61.64020833333333,,61.60345833333333,58.95147222222222,58.70804166666667,56.326708333333336,61.28066666666667,58.32295833333333,58.44466666666666,54.87393055555556,63.29670833333333,61.34595833333333,57.82295833333333,60.04276388888889,58.10630555555556,57.19047222222222,53.79869444444444,57.145875,54.03436111111111,57.70202777777778,57.487319444444445,62.14683333333333,59.67766666666667,58.52115277777778,59.55209722222222,56.50011111111111,64.05966666666667,59.23854166666667,55.430439093484416,54.83547222222222,59.52701388888889,56.46059722222222,48.03370111731843,55.30602225312934,56.36591666666666,124.95271210013908,62.56527777777778,82.85833333333333,144.86527777777778,201.92072322670376,196.9540389972145,3.9125,3.754166666666667,5.476388888888889,3.8847222222222224,4.626388888888889,3.3722222222222222,3.4763888888888888,57.64206128133705,6.2375,4.336111111111111,53.34722222222222,,12.530555555555557,38.25138888888889,27.26805555555556,43.97222222222222,3.4375,50.15555555555556,5.063888888888889,167.36388888888888,89.15555555555555,248.63888888888889,242.9986111111111,75.70416666666667,15.809722222222222,240.4986111111111,245.66944444444445,172.0,112.94444444444444,32.6125,276.10555555555555,2172.488888888889,135.82638888888889,374.30694444444447,173.9611111111111,12.52361111111111,230.10694444444445,5.009722222222222,3.3711048158640224,146.75416666666666,27.852777777777774,16.67361111111111,44.960893854748605,15.973574408901252,61.09861111111111,3.9917355371900825,0.0,0.0,0.0,0.0,0.0,0.0,0.0,0.0,0.0,0.0,0.0,0.0,22.5377358490566,0.0,0.0,25.195378151260503,,8.973190348525469,29.82135306553911,15.090243902439024,12.393700787401574,0.0,19.331632653061224,24.09701492537313,14.467914438502676,7.215425531914893,0.0,0.0,-1.0,0.0,0.0,28.81436077057793,6.673575129533679,20.72151898734177,23.46435845213849,0.0,19.376146788990827,0.0,6.856763925729443,0.0,8.274074074074074,0.0,0.0,0.0,4.045212765957447,3.713513513513513,23.5048309178744,5.035714285714286,0.0,1.808219178082192,23.701182197496525,23.25538888888889,23.40826388888889,74.77843055555556,23.07267037552156,23.189540389972144,23.11325,23.528138888888886,23.695013888888887,22.624097222222225,23.14245833333333,23.04727777777778,23.024194444444447,24.344206128133703,22.874111111111112,22.47545833333333,22.82691666666667,,22.59011111111111,24.454597222222223,24.016319444444445,24.40258333333333,23.138416666666668,24.035847222222223,23.854222222222223,25.99794444444445,22.25275,22.675125,23.793125,23.69908333333333,23.506236111111114,24.161125,25.500569444444444,24.631444444444444,25.174277777777775,24.39238888888889,24.29133333333333,22.78683333333333,22.978597222222223,23.792055555555557,22.26240277777778,22.95398611111111,21.945,23.134041666666665,24.083215297450423,24.50486111111111,23.43611111111111,24.920708333333334,26.82167597765363,24.53550764951321,24.41838888888889
149,2013-08-29 20:00:00,617.0625,578.9666666666667,443.8652777777778,554.4652777777778,407.2590529247911,506.6638888888889,440.0736111111111,491.4513888888889,553.8708333333333,589.6013888888889,471.97777777777776,449.8888888888889,423.1111111111111,704.0083333333333,602.1305555555556,532.5430555555556,472.8236111111111,,489.3611111111111,949.9069444444444,580.5527777777778,698.7847222222222,494.4513888888889,563.2875,548.6958333333333,594.4319444444444,486.871012482663,510.2597222222222,577.0972222222222,756.8819444444445,503.9222222222222,556.1040221914009,207.1472222222222,534.2666666666667,634.7722222222222,562.3472222222222,495.6638888888889,440.6430555555556,456.90972222222223,511.85,397.9528432732316,429.4638888888889,470.96527777777777,258.70416666666665,473.37916666666666,493.4458333333333,639.1180555555555,791.6111111111111,531.5680555555556,478.09027777777777,744.8541666666666,51.940444444444445,59.41741666666667,59.10426388888889,59.90141666666667,60.69013888888889,60.47004166666667,58.93420833333333,58.21729166666668,57.693444444444445,61.32595833333334,60.48670833333333,53.85083333333333,60.81816666666667,56.63969444444445,61.359375,63.5605,60.80591666666667,,61.52008333333333,58.12675,58.54558333333333,56.03393055555556,61.151250000000005,58.37425,57.82334722222222,55.00405555555555,63.038875,60.99918169209431,57.77356944444445,59.28926388888888,58.42090277777778,54.49927877947296,50.83915277777778,55.979055555555554,52.07801388888889,56.90047222222222,55.90586111111112,60.174638888888886,59.12956944444444,58.40645833333333,58.91715277777777,56.215583333333335,63.73104166666666,59.08233333333333,55.22760111576012,54.96172222222223,57.93595833333333,54.73158333333333,47.49941666666667,53.10718055555555,55.79063888888889,126.51388888888889,62.2375,83.31805555555556,143.2861111111111,204.75,218.525,3.801388888888889,3.630555555555556,5.502777777777778,3.95,4.509722222222222,3.4722222222222223,3.4791666666666665,56.49583333333333,6.569444444444445,4.438888888888889,93.74305555555556,,13.177777777777775,39.4375,3.594444444444445,43.81527777777778,3.5722222222222224,50.27361111111111,5.1194444444444445,166.93194444444444,98.04444444444444,253.8973647711512,243.56527777777777,94.26805555555556,13.71527777777778,243.625520110957,208.26805555555555,112.57083333333334,107.31805555555556,33.32222222222222,254.69166666666663,2165.961111111111,133.51111111111112,365.7055555555556,180.925,3.9791666666666665,222.89444444444445,5.080555555555556,3.3347280334728038,173.74027777777778,16.8125,12.172222222222222,10.623611111111112,13.02361111111111,93.0625,8.154046997389035,0.0,0.0,0.0,0.0,0.0055555555555555,0.0,0.0,0.0,0.0,0.0,0.0,0.0,25.884536082474227,0.0,0.0,5.490765171503957,,9.554347826086955,28.964882943143813,0.0,19.78195488721805,0.0,27.12254901960784,16.52755905511811,16.037940379403793,8.682666666666666,0.0,0.0,-1.0,0.0,0.0,8.183823529411764,0.0,28.25176470588235,16.220843672456574,0.0,9.715384615384616,0.0,6.099216710182768,0.0,0.0,0.0,0.0,0.0,1.6088154269972452,1.371191135734072,6.631147540983607,3.330578512396694,0.0,0.0416666666666666,24.03695833333333,23.33898611111111,23.48752777777778,64.01630555555555,23.03604166666667,23.25113888888889,23.137416666666663,23.54930555555556,23.666625000000003,22.636333333333333,23.146583333333336,23.084361111111114,23.059069444444443,24.50370833333333,22.851430555555552,22.397472222222223,23.033875,,22.60322222222222,24.64558333333333,23.619486111111108,24.415333333333333,23.14677777777778,24.194375,24.001,26.01441666666667,22.298319444444445,22.73674063800277,23.73527777777777,23.80058333333333,23.24802777777778,24.963897364771157,26.123375,24.41401388888889,25.703152777777778,24.531472222222224,24.40970833333333,23.32431944444444,23.108833333333333,23.63181944444445,22.40743055555556,22.949888888888893,22.029013888888887,23.162972222222223,24.125355648535567,24.479694444444444,23.748166666666663,24.97051388888889,26.818,25.276347222222224,24.650930555555554
150,2013-08-29 21:00:00,579.3402777777778,591.3583333333333,453.1791666666667,565.7097222222222,633.2958333333333,518.4472222222222,450.5361111111111,502.9486111111111,563.2444444444444,598.9430555555556,481.7069444444445,458.56805555555553,431.5305555555556,682.5861111111111,611.0625,541.9402777777777,439.4263888888889,,452.18055555555554,656.5180555555555,590.6680555555556,682.4666666666667,502.5125,486.2305555555556,564.8430555555556,594.3180555555556,469.9347222222222,518.9472222222222,592.2141863699583,712.5361111111112,516.1402777777778,572.5736111111111,215.01388888888889,541.7597222222222,615.8111111111111,597.3472222222222,501.7791666666666,434.0464135021097,464.97222222222223,515.1611111111112,408.3236111111111,428.6611111111111,477.9180555555556,269.74305555555554,490.9263888888889,558.6263888888889,681.5236111111111,617.0222222222222,624.2763888888888,486.86944444444447,778.9486111111111,51.21055555555555,59.09313888888889,58.82528432732316,59.60511111111112,60.66575,60.1665,58.80191666666666,58.10023611111111,57.611213872832366,61.13070833333333,60.30397222222222,53.73783333333333,60.62204166666667,56.15324999999999,61.17170833333333,63.561125,59.76684722222222,,61.170625,57.43918055555555,58.93597222222223,55.69770833333333,60.92895833333333,58.128125,57.32505555555556,54.81902777777778,62.60416666666666,60.57073611111111,57.47156944444444,59.05181944444444,59.13697642163662,52.89605555555556,49.99013888888889,57.659444444444446,51.59869444444444,56.06822222222223,57.76018055555556,59.12565277777778,58.56586111111111,58.005472222222224,58.30459722222222,55.98961111111111,63.1805,58.80934722222223,54.97036061026352,54.80355555555556,57.23554166666666,54.06513888888889,48.07063888888889,51.6975,54.90068055555555,105.275,62.98888888888889,76.3495145631068,136.41666666666666,194.62916666666663,224.7111111111111,3.8194444444444446,3.675,5.631502890173411,3.975,4.581944444444445,3.4,3.5347222222222223,57.201388888888886,13.309722222222222,4.5777777777777775,139.44166666666666,,13.011111111111113,40.28611111111111,3.558333333333333,43.40416666666667,3.595833333333333,49.63194444444444,5.151388888888889,166.11527777777778,108.56666666666666,247.8583333333333,240.82638888888889,88.96666666666667,11.045769764216368,221.1708333333333,203.75277777777777,112.83472222222224,95.49583333333334,33.32361111111111,208.35416666666663,2160.886111111111,126.2,347.3986111111111,184.25833333333333,4.022222222222222,212.28472222222223,5.073611111111111,17.446601941747574,225.29444444444445,19.35,3.573611111111111,27.569444444444443,9.743055555555555,125.18611111111112,0.0,0.0,0.0,0.0,0.0,0.7356948228882834,0.0,0.0,0.0,0.0,0.0,0.0,0.0,24.11633109619687,4.794195250659631,0.0,9.032745591939548,,0.0,23.257383966244724,0.0,19.45301204819277,0.0,13.279891304347826,22.012755102040817,11.558265582655826,1.5472222222222225,0.0,0.0,-1.0,0.0,0.0,25.113636363636363,0.0,26.104738154613468,19.007614213197968,0.0,8.43157894736842,0.0,0.0,0.0,0.0,0.0,0.0,0.0,8.832446808510639,6.427461139896373,0.0,19.35952380952381,0.0,13.01965601965602,24.079305555555557,23.414583333333333,23.54210818307906,71.78925000000001,23.45958333333333,23.31052777777777,23.15952777777778,23.572625,23.65994219653179,22.65272222222222,23.171125,23.096027777777778,23.096194444444443,24.574333333333332,22.833277777777777,22.33727777777778,23.23420833333333,,22.64330555555556,24.454305555555557,23.41006944444445,24.440555555555555,23.15990277777778,24.06426388888889,24.11373611111111,26.081791666666668,22.285875,22.802652777777777,23.763805555555557,23.736555555555555,22.879306518723997,25.265791666666665,26.221041666666668,23.57995833333333,25.503722222222223,24.70411111111111,23.46809722222222,23.513111111111108,23.21147222222222,23.680333333333333,22.530708333333333,22.960500000000003,22.098791666666667,23.213375000000003,24.20181692094313,24.63276388888889,23.820486111111112,24.47813888888889,26.525041666666667,25.592569444444447,24.80827777777777
151,2013-08-29 22:00:00,579.2763888888888,694.5263888888888,453.5708333333333,568.6569444444444,488.025,614.9166666666666,451.4694444444444,506.7180555555556,564.5958333333333,598.7861111111112,482.9582753824757,459.28333333333336,432.75555555555553,686.9222222222222,634.9207232267038,538.3044096728307,415.89166666666665,,482.4166666666667,758.0208623087622,559.8625,638.8972222222222,503.45,416.31944444444446,511.753120665742,578.9902777777778,465.0986111111111,519.0347222222222,587.8305555555555,643.865090403338,518.0444444444445,572.7569444444445,235.48055555555555,541.3263888888889,585.9430555555556,587.5243393602225,506.07810320781033,470.0853146853147,470.59583333333336,519.45,410.6791666666667,430.09583333333336,475.22531293463146,271.5048678720445,490.3755215577191,443.11944444444447,705.6319444444445,680.5083333333333,570.7736111111111,488.13055555555553,821.8083333333333,50.68774687065368,58.836314325452015,58.50984722222222,59.26205841446453,60.12055555555556,60.186833333333325,58.654625,57.96970833333334,57.32871508379888,60.945125,60.1248678720445,53.578833333333336,60.39445833333333,55.78311111111112,61.10216666666666,63.880375,58.81503477051461,,60.95880389429763,57.17066666666666,59.35634722222222,55.90547222222222,60.794625,57.81547222222222,56.905388888888886,54.81618585298197,62.682750000000006,60.237791666666666,57.16095833333333,58.93119444444444,59.59901388888889,52.301625,49.40208333333333,59.20090277777778,51.89220833333333,55.27497913769124,59.78255555555556,59.054,58.14741307371349,58.012375000000006,57.79358333333333,55.806888888888885,62.881458333333335,58.602958333333326,54.74909470752089,53.58023611111111,56.89621359223301,54.70369080779944,48.61731944444445,51.35055555555556,54.60308333333334,99.39082058414463,65.27260083449235,69.01805555555555,134.884561891516,186.9111111111111,213.16666666666663,3.6847222222222222,3.602777777777778,5.747206703910615,3.9444444444444446,4.570236439499305,3.5305555555555554,3.522222222222222,46.24027777777778,47.93611111111111,4.529166666666667,221.2489568845619,,12.13490959666203,40.641666666666666,5.438888888888889,38.138888888888886,3.6458333333333335,49.075,4.972222222222222,165.74618585298197,111.59305555555557,237.6875,220.07916666666668,67.02083333333333,9.7125,189.075,200.93055555555557,121.35694444444444,95.69027777777778,29.69401947148818,163.3625,2179.983333333333,115.08762169680112,328.5305555555556,182.6930555555556,3.9972222222222222,197.32638888888889,4.936111111111111,3.2395543175487465,333.48055555555555,25.357836338418863,13.440111420612814,21.65,8.113888888888889,140.85416666666666,0.0,19.2392776523702,0.0,0.0,0.0,20.64,0.0,0.0,0.0,0.0,0.0,0.0,0.0,22.56087824351297,18.43243243243243,0.0,0.0,,2.5678670360110805,23.10845986984816,1.6859504132231404,17.095744680851062,0.0,13.267567567567568,13.75452196382429,13.465940054495912,2.8767123287671232,0.0,0.0,-1.0,0.0,0.0,24.60079840319361,0.0,26.95555555555556,14.933179723502304,0.0,15.631961259079905,0.0,10.208053691275168,0.0,0.0,0.0,0.0,0.0,5.115902964959568,10.693467336683415,3.4944444444444445,13.373134328358208,0.0,15.615,24.26692628650904,23.611390820584145,23.609277777777777,61.10638386648122,23.497208333333337,23.595041666666667,23.18625,23.593041666666668,23.76122905027933,22.68268055555556,23.19518776077886,23.11965277777778,23.13895833333333,24.652430555555554,22.86508333333333,22.16923611111111,23.55821974965229,,22.67808066759388,24.58536111111111,23.145000000000003,24.30234722222222,23.16154166666667,24.05511111111111,24.181708333333336,26.096777777777778,22.194958333333336,22.86458333333333,23.82863888888889,23.58679166666667,22.73295833333333,25.311777777777777,26.30686111111111,23.082375000000003,25.24145833333333,24.75210013908206,22.84059722222222,23.58395833333333,23.31993045897079,23.586972222222222,22.644597222222224,22.992555555555555,22.16247222222222,23.25686111111111,24.24077994428969,24.893541666666664,23.918973647711518,24.1683426183844,26.241958333333333,25.532041666666665,25.008444444444443
152,2013-08-29 23:00:00,577.7458333333333,733.3041666666667,452.3652777777778,563.8361111111111,423.3,531.9499304589708,449.6541666666666,501.0916666666666,560.2319444444445,593.8430555555556,479.4527777777778,456.6041666666667,430.3430555555556,577.1152777777778,585.1694444444445,531.7472222222223,429.7027777777778,,488.5263888888889,544.1333333333333,596.2444444444444,654.6763888888889,499.5986111111111,391.73333333333335,495.4694444444444,589.7549295774647,488.6428571428572,517.7333333333333,586.3861111111111,778.6833333333333,514.2944444444445,567.2013888888889,327.075,565.4666666666667,577.7527777777777,470.94166666666666,502.83472222222224,471.7027777777778,468.6569444444444,571.2611111111111,409.0916666666666,477.91527777777776,470.8847222222222,271.24583333333334,487.7986111111111,451.5180555555556,650.4277777777778,596.9236111111111,495.07916666666665,485.1763888888889,662.6236111111111,49.82977777777778,58.15904166666667,58.15075,59.05309722222223,59.65340751043116,59.12341666666667,58.47273611111112,57.80099861303746,56.85986111111111,60.70345833333333,59.934625,53.40390277777777,60.17733333333334,55.44577777777778,61.128083333333336,64.69129166666666,56.74605555555556,,60.665000000000006,56.567972222222224,60.13806944444445,55.924416666666666,60.64654166666667,57.69785020804439,56.67391666666667,54.77009722222223,62.31095833333333,59.952875,56.92418055555555,58.33786111111112,59.58290277777778,52.65252777777778,49.701388888888886,59.73416666666667,52.24519444444445,54.84852777777778,60.49730555555555,58.85320833333333,57.735375000000005,57.63379166666667,57.361375,55.76936111111112,62.54454166666667,58.380541666666666,54.5644645340751,52.385375,57.37286111111111,55.03175,48.84883333333334,51.78683333333333,54.386319444444446,92.00416666666666,55.06805555555555,60.68611111111111,141.5888888888889,185.12517385257303,199.34166666666667,3.6902777777777778,3.528432732316228,5.802777777777778,4.0375,4.5875,3.4472222222222224,3.513888888888889,3.9625,12.86111111111111,4.530555555555556,285.73055555555555,,10.744444444444444,39.2125,30.530555555555555,23.406944444444445,3.543055555555556,30.807212205270456,14.40277777777778,165.46805555555557,139.025,223.3111111111111,205.92222222222225,75.12222222222222,9.156944444444443,147.40833333333333,178.9111111111111,150.06805555555556,94.88888888888889,24.855555555555554,134.65555555555557,2162.4333333333334,102.19166666666666,317.8430555555556,182.68055555555557,26.67361111111111,181.19861111111112,9.873611111111112,3.33518776077886,112.24861111111112,8.411111111111111,5.615277777777778,5.4875,7.401388888888889,107.99861111111112,0.0,11.759825327510915,0.0,0.0,0.0,0.0,0.0,0.0,0.0,0.0,0.0,0.0,0.0,0.0,0.0,0.0,8.64450127877238,,7.34065934065934,15.464646464646464,12.915632754342433,6.893129770992366,0.0,8.583333333333334,24.279596977329973,15.284552845528456,13.167070217917676,0.0,0.0,-1.0,0.0,0.0,24.64750957854406,18.10403397027601,20.375647668393785,6.956298200514139,0.0,16.1145584725537,0.0,11.466367713004484,0.0,17.493230174081237,0.0,1.371191135734072,0.0,9.875,1.835164835164835,0.0,0.0,0.0,1.533149171270718,24.613430555555556,23.89884722222222,23.663694444444445,58.73634722222222,23.284867872044504,23.73033333333333,23.21834722222222,23.62532593619972,23.89929166666667,22.718319444444447,23.212319444444443,23.13975,23.16756944444445,24.50945833333333,22.741166666666665,21.854138888888887,24.414166666666667,,22.722666666666665,24.36058333333333,22.86876388888889,24.34915277777778,23.16176388888889,23.95008321775312,24.17280555555556,26.16526388888889,22.33898611111111,22.913027777777778,23.850041666666662,24.02645833333333,22.680930555555555,24.94908333333333,26.25648611111111,22.94005555555556,25.006916666666665,24.546180555555555,22.586055555555557,23.440472222222223,23.41555555555556,23.895791666666668,22.72958333333333,23.128236111111114,22.20095833333333,23.295583333333333,24.266689847009737,25.27091666666667,23.422833333333333,23.86947222222222,25.85498611111111,25.143944444444443,24.619291666666665
153,2013-08-30 00:00:00,565.8722222222223,581.7426981919332,436.31944444444446,545.4833333333333,425.8361111111111,564.4666666666667,437.5486111111111,488.62638888888887,539.9972222222223,576.2236111111112,466.7305555555556,443.75138888888887,418.07916666666665,520.1958333333333,563.0125,517.3638888888889,423.3152777777778,,499.56805555555553,506.11805555555554,1318.8152777777775,543.5763888888889,485.98333333333335,327.5486111111111,468.5763888888889,601.7450980392157,454.7263888888889,504.4486111111111,592.3027777777778,738.7705146036161,496.83472222222224,539.1291666666667,224.19027777777777,521.2611111111111,526.8847222222222,483.0486111111111,486.90833333333336,438.5208333333333,461.5477528089888,500.9958333333333,402.5263888888889,594.8266296809986,455.8930555555556,261.0708333333333,476.8888888888889,414.9458333333333,751.5208333333334,568.0902777777778,477.1333333333333,472.9513888888889,639.1069444444445,48.90654166666666,57.88195833333334,58.00215277777778,58.92998611111111,59.16881944444445,58.80920833333333,58.3625,57.69797222222223,56.56118055555556,60.62375,59.87558333333333,53.33144444444444,60.10008333333333,55.71061196105703,61.4645,65.28229166666667,53.463125,,60.570458333333335,56.784625,60.95923611111111,55.98766666666667,60.64858333333333,58.29888888888888,56.60951388888888,54.827402777777785,62.03458333333334,59.77291666666667,56.962625,57.94586111111111,59.762708333333336,54.20520833333333,50.25352777777778,59.525263888888894,53.11973611111111,55.58286111111111,60.62505555555556,59.41722222222222,57.51145833333333,57.35788888888889,57.11761111111111,55.62865277777777,62.483375,58.276375,54.48943055555556,51.44259722222222,58.589416666666665,55.76866666666667,49.51055555555556,52.75825,54.75702777777777,132.01666666666668,54.90555555555556,50.18472222222222,141.14444444444445,167.79722222222222,201.88194444444449,3.5444444444444443,3.415277777777778,4.920833333333333,3.459722222222222,4.15,2.9569444444444444,3.2805555555555554,3.432545201668985,6.468055555555556,3.5527777777777776,473.075,,9.936111111111112,28.309722222222224,12.733333333333333,3.6125,3.5972222222222223,2.751388888888889,13.643055555555556,165.08055555555555,154.10555555555555,208.48055555555555,203.71666666666667,67.34861111111111,10.030555555555557,172.44166666666666,181.7333333333333,107.5111111111111,71.50277777777778,22.76527777777778,106.63472222222222,2155.6916666666666,90.94027777777778,300.2986111111111,212.73472222222225,28.06388888888889,169.72083333333333,5.55,3.263888888888889,89.26944444444445,30.940277777777776,4.627777777777778,5.338888888888889,8.622222222222222,84.88194444444444,0.0,0.0,0.0,0.0,0.0,18.65552699228792,0.0,0.0,0.0,0.0,0.0,0.0,0.0,0.0,1.2916666666666667,0.0,2.8043478260869565,,6.622994652406417,11.78960396039604,27.934131736526947,0.0,0.0,0.0,25.440203562340965,14.74932614555256,1.448753462603878,0.0,0.0,-1.0,0.0,0.0,15.262376237623762,0.0,5.752021563342318,12.829099307159352,0.0,18.09523809523809,0.0,0.0,0.0,14.563106796116504,0.0,0.0,0.0,1.8461538461538465,22.735607675906184,0.0,0.0,0.0,7.319512195121951,25.06015277777778,23.79245833333333,23.726847222222226,62.646569444444445,23.29758333333333,24.025347222222223,23.262638888888887,23.67426388888889,24.024736111111118,22.757944444444448,23.229694444444444,23.16473611111111,23.17555555555556,24.30584144645341,22.66180555555556,21.750152777777775,25.65705555555556,,22.78413888888889,24.15463888888889,24.013819444444444,24.022402777777778,23.163166666666665,23.54651388888889,24.09375,26.266263888888886,22.42676388888889,22.978041666666662,23.90284722222222,24.13852777777778,22.66415277777778,24.31833333333333,25.686611111111112,23.05090277777778,24.63347222222222,24.383861111111116,22.65623611111111,23.26280555555556,23.499291666666668,23.78518055555556,22.816375,23.57580555555556,22.25016666666667,23.33758333333333,24.293861111111116,25.53206944444445,23.32156944444444,23.58152777777778,25.562416666666664,24.72561111111111,24.51434722222222
154,2013-08-30 01:00:00,544.7236111111112,550.6847222222223,416.275,523.7194444444444,408.50694444444446,545.2347222222222,421.5708333333333,471.33841886269073,517.7253814147018,553.1875,448.04583333333335,425.6638888888889,399.8888888888889,494.65277777777777,538.7958333333333,500.7291666666667,403.35,,416.65,429.23333333333335,838.2819444444444,520.8236111111111,468.5180555555556,305.9194444444444,483.78333333333336,547.4791666666666,420.8319444444445,483.31111111111113,542.0777777777778,567.1736111111111,476.6694444444444,511.6111111111111,215.425,500.6444444444445,489.6638888888889,399.91527777777776,467.99305555555554,428.6097222222222,439.4638888888889,473.2402777777778,377.9457579972184,434.675,437.34090909090907,240.97222222222223,458.0472222222222,379.3509015256588,607.4111111111112,543.3097222222223,455.8555555555556,454.1458333333333,604.9319444444444,47.7845,57.80990277777777,57.71138888888888,58.92454798331016,58.763777777777776,57.64683333333333,58.34491666666666,57.69024999999999,56.41709722222222,60.61691666666667,59.889125,53.33947222222222,60.145916666666665,56.04169444444444,61.647333333333336,65.22715277777777,50.85936111111111,,60.07940277777777,57.43694444444444,57.70205555555556,56.274875,60.73975,58.77023611111111,56.73806944444444,54.76072222222222,61.93625,59.63195833333334,56.741416666666666,57.77261111111111,59.86551388888888,55.53373611111111,51.188027777777776,58.61656944444445,53.779833333333336,55.550263888888885,59.64951388888889,60.224027777777785,57.152430555555554,57.33390277777778,56.64969444444444,55.31118055555555,62.28606397774687,58.28383333333333,54.48277777777778,50.82555555555556,58.72968055555556,56.32377777777778,50.01536111111111,53.71683333333333,54.858916666666666,230.28472222222223,65.78055555555555,50.63472222222222,165.15438108484005,167.19583333333333,196.9013888888889,3.555555555555556,3.2875,5.148611111111111,3.3402777777777777,4.231944444444444,3.026388888888889,3.390277777777778,3.368055555555556,3.5875,3.701388888888889,577.4680555555556,,11.936111111111112,3.4680555555555554,13.295833333333333,3.5875,3.5097222222222224,2.7069444444444444,13.64861111111111,165.05555555555554,209.27083333333331,203.40694444444443,205.8972222222222,66.97916666666667,9.593055555555557,117.26944444444445,76.30972222222222,14.634722222222225,8.534722222222221,3.088888888888889,20.654166666666665,2135.6694444444443,102.59166666666668,368.6097222222222,467.1444444444445,4.555555555555555,194.89847009735743,4.970833333333333,3.386111111111111,100.48472222222222,16.104166666666668,4.693055555555556,5.366666666666666,7.308333333333334,48.56527777777778,0.0,0.0,0.0,0.0,0.0,17.357664233576642,0.0,0.0,0.0,0.0,0.0,0.0,0.0,0.0,0.0,0.0,0.0,,0.0,0.0,16.91116173120729,0.0,0.0,0.0,24.77720207253886,8.883333333333333,1.7692307692307692,0.0,0.0,-1.0,0.0,0.0,18.57234042553192,0.0,0.0,0.0,0.0,24.01151631477927,0.0,0.0,0.0,2.2981029810298104,0.0,0.0,0.0,1.6071428571428572,3.2330623306233064,0.0,0.0,0.0,0.0,25.50254166666667,23.81784722222222,23.859152777777776,72.00739916550765,23.42333333333333,24.398222222222223,23.282722222222223,23.696361111111116,24.087972222222223,22.785041666666665,23.245430555555554,23.170222222222225,23.16091666666667,24.19026388888889,22.668416666666666,21.884375,26.47663888888889,,23.04638888888889,23.7115,24.62913888888889,23.918541666666663,23.155694444444443,23.37386111111111,24.037611111111108,26.275291666666664,22.485055555555554,23.103513888888887,24.00913888888889,23.94536111111111,22.68736111111111,23.906013888888893,25.298722222222224,23.459888888888887,24.465708333333332,24.168569444444444,23.10995833333333,23.062819444444443,23.699125,23.84145833333333,23.05083333333333,23.313416666666665,22.386745479833102,23.33620833333333,24.30920833333333,25.70758333333333,23.09105555555556,23.444625,25.43756944444444,24.384041666666665,24.477777777777774
155,2013-08-30 02:00:00,505.3430555555556,570.7833333333333,379.56666666666666,481.36944444444447,371.5152777777778,443.7597222222222,394.3611111111111,442.11805555555554,484.7361111111111,517.0652777777777,418.2083333333333,398.6666666666667,373.30555555555554,465.2861111111111,497.99305555555554,463.6638888888889,363.1,,374.1611111111111,392.7650349650349,468.9763888888889,476.4555555555556,435.5097222222222,273.2597222222222,383.7916666666667,467.63055555555553,380.9527777777778,450.36805555555554,502.1847222222222,522.0847222222222,435.4916666666667,481.5888888888889,167.7888888888889,470.1208333333333,464.8152777777778,353.1902777777778,441.84722222222223,376.08472222222224,409.0916666666666,438.9125,351.6847222222222,376.6625,394.2673879443586,219.1418636995828,427.69166666666666,337.3833333333333,611.3305555555555,505.06805555555553,423.7819444444444,422.99305555555554,573.6944444444445,47.431125,57.68976388888888,57.52766666666666,59.01684283727399,58.49775,57.28955555555556,58.38543055555556,57.740625,56.31741666666667,60.64004166666667,59.88079166666667,53.35581944444445,60.21304166666667,56.24973611111111,61.573125000000005,64.80375,50.71531944444444,,58.682541666666665,58.326430555555554,57.349875,56.42643055555556,60.78904166666667,58.9966013986014,56.75258333333333,55.53655555555555,61.49279166666666,59.19866666666667,56.31361111111112,58.04795833333333,59.82797222222222,55.85131944444444,51.85743055555555,57.78029166666666,53.53713888888888,55.691805555555554,58.86568055555556,60.82858333333333,56.328402777777775,56.78313888888889,55.78205555555556,55.37654166666667,61.793217665615146,58.31625,54.45680555555556,51.70218055555556,59.563125,56.68958333333333,50.17486111111111,54.52357440890125,55.17148611111112,27.45833333333333,31.67222222222222,18.381944444444443,77.95132127955493,71.675,94.6875,3.5305555555555554,3.2416666666666667,4.929166666666666,4.0625,5.195833333333334,2.963888888888889,3.368055555555556,3.3291666666666666,3.522222222222222,3.5569444444444445,126.87638888888888,,7.930555555555555,3.272222222222222,12.169444444444444,3.525,3.573611111111111,2.7104895104895106,7.247222222222222,11.27361111111111,133.2125,92.16388888888888,104.76944444444445,44.58611111111111,5.098611111111111,10.047222222222222,12.422222222222222,6.868055555555555,4.445833333333334,3.1319444444444446,7.027777777777778,2157.876388888889,49.331944444444446,172.6375,179.29583333333332,3.8333333333333335,74.60725552050474,4.780555555555556,3.188888888888889,29.120833333333334,28.67083333333333,3.0541666666666667,5.341666666666667,4.261474269819193,14.370833333333334,0.0,18.023255813953487,0.0,0.0,0.0,0.0,0.0,0.0,0.0,0.0,0.0,0.0,0.0,0.0,0.0,0.0,0.0,,0.0,0.0,0.0,0.0,0.0,0.0,9.693333333333332,2.3601108033241,0.0,0.0,0.0,-1.0,0.0,0.0,5.921717171717172,0.0,0.0,0.0,0.0,12.715404699738905,0.0,0.0,0.0,0.0,0.0,0.0,0.0,0.0,7.370572207084469,0.0,0.0,0.0,0.0,25.506361111111115,23.949236111111112,23.89395833333333,65.01169680111265,23.46548611111111,24.278847222222225,23.277555555555555,23.688333333333333,24.127277777777778,22.791027777777774,23.255694444444444,23.17066666666667,23.14033333333333,24.119166666666665,22.75156944444444,22.056083333333333,26.203347222222224,,23.55713888888889,23.390847222222224,23.923986111111116,23.85276388888889,23.151597222222225,23.312713286713286,23.907125,25.877458333333333,22.646,23.307847222222225,24.19795833333333,23.81363888888889,22.74372222222222,23.896875,25.009208333333333,23.74815277777778,24.596152777777775,24.00476388888889,23.380236111111117,22.829972222222224,23.989708333333333,24.05395833333333,23.36031944444445,23.186527777777776,22.5702523659306,23.32144444444444,24.313652777777776,25.267805555555555,22.929847222222225,23.355583333333332,25.44041666666667,24.09429763560501,24.3435
156,2013-08-30 03:00:00,477.6986111111111,492.2916666666667,354.09027777777777,457.3541666666667,341.6791666666667,415.1650485436893,360.93888888888887,405.74861111111113,453.5416666666667,484.383866481224,387.36805555555554,366.88194444444446,342.4347222222222,431.675,477.6333333333333,436.65972222222223,331.1347222222222,,333.52222222222224,369.57916666666665,443.3277777777778,445.59583333333336,407.6361111111111,248.11805555555557,280.4291666666667,440.5444444444444,359.6069444444444,421.3861111111111,471.25555555555553,477.175,410.6569444444444,451.56388888888887,106.30277777777778,438.4055555555556,432.2458333333333,316.62083333333334,411.07916666666665,360.72083333333336,376.62916666666666,409.93055555555554,321.5055555555556,340.49305555555554,376.525,193.06527777777777,392.3958333333333,312.5611111111112,533.6490984743411,477.7194444444444,397.6333333333333,392.0027777777778,532.1833333333333,48.48716666666667,58.39468055555555,58.81468055555556,59.82605555555556,60.13586111111111,58.57154166666667,58.84720833333333,58.16363888888889,56.88255555555556,61.25608333333333,60.36826388888889,53.76145833333333,60.65731944444445,56.89222222222222,62.280791666666666,64.86808333333335,53.73919444444444,,59.17791666666666,59.43775,58.62770833333333,56.983777777777775,61.30920833333333,59.69838888888889,57.64955555555556,56.57827777777778,62.35341666666667,59.858694444444446,57.087694444444445,58.94905555555555,60.33343055555555,56.33730555555556,53.06248611111111,57.92454166666666,53.85511111111112,56.227500000000006,59.14618055555555,61.91370833333334,57.06859722222222,57.72766666666666,56.38061111111112,55.83573611111112,62.79383333333333,58.808680555555554,54.81493055555556,53.66059722222222,60.42480555555556,57.33370319001386,50.49886111111111,55.7935,56.06272222222222,3.893055555555556,3.855555555555556,3.5875,25.459722222222226,18.22361111111111,27.78611111111111,3.448611111111111,3.2180555555555554,4.041666666666667,3.35,4.048611111111111,2.908333333333333,3.2944444444444443,3.123611111111111,3.4652777777777777,3.3805555555555555,3.234722222222222,,3.533333333333333,3.4166666666666665,12.42361111111111,3.695833333333333,3.452777777777778,2.7666666666666666,4.361111111111111,6.105555555555555,4.131944444444445,3.7472222222222222,3.3805555555555555,6.741666666666666,4.15,4.0625,3.8333333333333335,4.609722222222223,3.344444444444445,3.165277777777778,3.359722222222222,2183.873611111111,4.147222222222222,3.901388888888889,3.859722222222222,3.783333333333333,3.1666666666666665,4.725,3.2402777777777776,4.322222222222222,15.045833333333333,2.991678224687933,5.379166666666666,3.6222222222222222,4.408333333333333,0.0,0.0,0.0,0.0,0.0,0.0,0.0,0.0,0.0,0.0,0.0,0.0,0.0,0.0,0.0,0.0,0.0,,0.0,0.0,0.0,0.0,0.0,0.0,0.0,2.56353591160221,0.0,0.0,0.0,-1.0,0.0,0.0,0.0,0.0,0.0,0.0,0.0,15.959899749373433,0.0,0.0,0.0,0.0,0.0,0.0,0.0,1.6895604395604396,3.393530997304582,0.0,0.0,0.0,0.0,25.243277777777777,23.71995833333333,23.61555555555556,61.75526388888889,23.08093055555556,23.92901388888889,23.27115277777778,23.693861111111115,24.07988888888889,22.79040277777778,23.26216666666667,23.17451388888889,23.129513888888887,24.08265277777777,22.789027777777772,22.271083333333333,25.065875,,23.466805555555556,23.251875,23.643833333333337,23.80943055555556,23.15197222222222,23.250763888888887,23.566125,25.55956944444444,22.47901388888889,23.16102777777777,23.995541666666668,23.583277777777777,22.80983333333333,23.89175,24.592652777777776,23.78173611111111,24.592916666666667,23.929430555555555,23.39725,22.74309722222222,23.701277777777776,23.72048611111111,23.1175,23.114611111111117,22.356430555555555,23.275708333333338,24.296319444444443,24.73033333333333,22.82006944444445,23.36945908460472,25.584208333333336,23.88565277777777,24.164041666666662
157,2013-08-30 04:00:00,480.6694444444444,485.4916666666667,358.2861111111111,461.79027777777776,345.8513888888889,420.0291666666666,357.34722222222223,406.3097222222222,458.0583333333333,486.6823855755895,385.2583333333333,363.6972222222222,339.31944444444446,430.75555555555553,482.06944444444446,438.65833333333336,327.1736111111111,,330.68055555555554,370.58472222222224,448.0625,444.3222222222222,407.2680555555556,250.63194444444449,275.26944444444445,442.7916666666667,362.49861111111113,422.2986111111111,473.3861111111111,478.6402777777778,414.2472222222222,450.2375,104.01944444444445,438.06944444444446,428.4916666666667,317.6791666666667,412.2583333333333,352.7013888888889,377.56388888888887,411.6402777777778,320.94166666666666,341.11944444444447,382.9138888888889,193.45833333333331,386.2375,318.59166666666664,518.2694444444444,481.7763888888889,406.8446601941748,394.35277777777776,536.3291666666667,49.01893055555555,59.00751388888888,59.368208333333335,60.328652777777776,60.71008333333334,59.54786111111111,59.094826629681,58.34883333333334,57.251916666666666,61.490875,60.59783333333333,53.94190277777778,60.8825,57.17751388888889,62.15358333333334,64.55143055555556,56.19288888888889,,59.63361111111111,59.828375,59.00745833333334,57.23038888888888,61.472875,59.93995833333333,58.22385575589459,56.5475,62.971583333333335,60.458375,57.899569444444445,59.64947222222223,60.20666666666667,56.828875,53.98790277777778,58.15020833333334,54.196777777777775,56.52234722222223,59.52769444444445,61.54491666666667,58.05986111111111,58.92469444444444,57.37968055555556,56.04244444444444,63.701277777777776,59.0135,55.03772222222221,54.66201388888889,61.15904166666667,57.27645833333334,50.14670833333333,56.52158333333333,56.66763888888889,3.834722222222222,3.8722222222222222,3.4763888888888888,25.29583333333333,18.052777777777777,27.65,3.488210818307905,3.393055555555556,4.044444444444444,3.2916666666666665,4.048611111111111,2.7444444444444445,3.35,3.201388888888889,3.386111111111111,3.313888888888889,3.2402777777777776,,3.5388888888888888,3.470833333333333,12.498611111111112,3.5819444444444444,3.518055555555556,2.7333333333333334,4.3065187239944525,6.1625,4.073611111111111,3.563888888888889,3.1902777777777778,6.555555555555555,4.154166666666667,4.022222222222222,3.713888888888889,4.633333333333334,3.283333333333333,3.1305555555555555,3.3819444444444446,2158.7875,4.022222222222222,3.470833333333333,3.613888888888889,3.758333333333333,2.901388888888889,4.588888888888889,3.1694444444444443,4.405555555555556,4.766666666666667,2.9819444444444443,5.204166666666667,3.6152777777777776,4.127777777777778,0.0,0.0,0.0,0.0,0.0,0.0,0.0,0.0,0.0,0.0,0.0,0.0,0.0,0.0,0.0,0.0,0.0,,0.0,0.0,0.0,0.0,0.0,0.0,0.0,1.9055555555555557,0.0,0.0,0.0,-1.0,0.0,0.0,0.0,0.0,0.0,0.0,0.0,8.418181818181818,0.0,0.0,0.0,0.0,0.0,0.0,0.0,0.0,0.0,0.0,0.0,0.0,0.0,25.006083333333336,23.469458333333336,23.441194444444445,65.46004166666665,22.90993055555556,23.58747222222222,23.23253814147018,23.663930555555552,23.963763888888888,22.74848611111111,23.23788888888889,23.159875,23.104680555555557,24.03870833333333,22.82543055555556,22.383097222222226,24.19148611111111,,23.28626388888889,23.172722222222223,23.52676388888889,23.76209722222222,23.138555555555552,23.211875,23.369570041608878,25.476930555555555,22.24459722222222,22.917375,23.64765277777778,23.28879166666667,22.846055555555555,23.73798611111111,24.250222222222224,23.686652777777777,24.46909722222222,23.846055555555555,23.26159722222222,22.841375000000003,23.32379166666667,23.242486111111116,22.701416666666667,23.04859722222222,22.03945833333333,23.238208333333333,24.245819444444443,24.350111111111115,22.508972222222223,23.453666666666667,25.80973611111111,23.69097222222222,23.96108333333333
158,2013-08-30 05:00:00,474.7305555555556,482.70972222222224,356.3902777777778,460.32916666666665,343.43333333333334,418.7166666666666,354.89722222222224,404.9222222222222,456.125,486.18611111111113,385.7944444444444,364.3254520166898,338.4013888888889,429.6972222222222,470.65833333333336,437.8513888888889,317.3986111111111,,330.0125,371.45416666666665,446.35,444.55555555555554,405.59027777777777,248.65,272.8430555555556,438.66527777777776,357.9847222222222,419.1833333333333,471.6131284916201,476.1972222222222,412.11944444444447,447.6513888888889,105.58472222222224,433.6116504854369,425.9138888888889,318.6138888888889,411.0916666666666,327.99305555555554,375.9819444444444,409.2638888888889,317.5833333333333,336.0541666666667,384.7083333333333,191.2861111111111,385.37916666666666,314.4472222222222,512.0708333333333,482.6158113730929,411.13055555555553,391.2055555555556,531.5652777777777,49.46625,59.24991666666667,59.61086111111111,60.726958333333336,60.65870833333333,60.274388888888886,59.27758333333333,58.50170833333334,57.536541666666665,61.64391666666667,60.73425,54.07755555555555,61.039791666666666,57.38559109874826,63.36306944444445,64.407875,57.96204166666666,,60.106138888888886,59.92295833333333,59.10320833333333,57.43759722222222,61.61141666666667,60.14758333333334,58.673652777777775,56.4241388888889,63.64747222222222,61.12516666666667,58.71643055555556,60.36565585331453,60.22108333333333,57.22834722222222,54.79095833333333,58.51781944444445,54.57781944444445,56.80193055555556,59.93818307905686,61.7305,58.91241666666667,59.93955555555556,58.54505555555556,56.273625,64.49652777777777,59.22279166666667,55.27154166666667,55.26420833333333,62.194541666666666,57.13608333333334,49.58601388888889,57.05934722222223,57.18873611111111,3.883333333333333,3.786111111111111,3.411111111111111,25.116666666666667,18.058333333333334,27.656944444444445,3.3875,3.4444444444444446,4.008333333333334,3.3180555555555555,4.070833333333334,2.8361111111111112,3.2597222222222224,3.230876216968011,3.5722222222222224,3.858333333333333,3.213888888888889,,3.625,3.4291666666666667,12.536111111111111,3.548611111111111,3.6277777777777778,2.775,4.298611111111111,6.136111111111111,4.120833333333334,3.4791666666666665,3.125,6.644569816643159,4.1,4.041666666666667,3.748611111111111,4.645833333333333,3.368055555555556,3.1277777777777778,3.409153952843273,2182.6736111111118,4.05,3.4347222222222222,3.577777777777778,3.7402777777777776,2.906944444444445,4.716666666666667,3.2069444444444444,4.448611111111111,4.786111111111111,3.0097222222222224,5.322222222222222,3.594444444444445,4.279166666666667,0.0,0.0,0.0,0.0,0.0,0.0,0.0,0.0,0.0,0.0,0.0,0.0,0.0,0.0,0.0,0.0,0.0,,0.0,0.0,0.0,0.0,0.0,0.0,0.0,0.0,0.0,0.0,0.0,-1.0,0.0,0.0,0.0,0.0,0.0,0.0,0.0,0.0,0.0,0.0,0.0,0.0,0.0,0.0,0.0,0.0,0.0,0.0,0.0,0.0,0.0,24.817736111111117,23.393916666666662,23.38761111111111,68.46326388888889,22.947583333333338,23.35525,23.192611111111116,23.628,23.873277777777776,22.71452777777777,23.216972222222225,23.13343055555556,23.076958333333334,23.98819193324061,22.285194444444446,22.424319444444446,23.63840277777778,,23.12759722222222,23.20093055555555,23.534152777777777,23.71747222222222,23.116819444444445,23.169138888888888,23.235722222222225,25.362222222222226,22.036527777777778,22.671347222222224,23.354180555555555,23.03748942172073,22.85809722222222,23.636930555555555,23.99711111111111,23.564569444444448,24.350527777777778,23.771833333333333,23.145617198335646,22.72493055555556,23.045291666666667,22.93130555555556,22.30465277777778,22.99408333333333,21.83368055555556,23.208041666666663,24.19322222222222,24.18808333333333,22.202458333333333,23.53520833333333,26.07915277777778,23.573138888888888,23.800444444444445
159,2013-08-30 06:00:00,475.5236111111111,482.9194444444444,356.35555555555555,460.2791666666666,344.1138888888889,418.3333333333333,355.6277777777778,404.5424200278164,458.4061196105702,488.72222222222223,385.4666666666666,364.8927576601672,338.03333333333336,429.31388888888887,464.62361111111113,439.3708333333333,320.0875,,328.8722222222222,370.5138888888889,449.5944444444444,444.80555555555554,406.17083333333335,248.7138888888889,272.4847222222222,438.3597222222222,362.7055555555556,420.81944444444446,471.49861111111113,478.3013888888889,414.06805555555553,448.48333333333335,107.40416666666668,435.34722222222223,422.50555555555553,318.9972222222222,411.7986111111111,331.19444444444446,375.4,409.11944444444447,316.6638888888889,336.12916666666666,391.2791666666666,192.06944444444449,383.6847222222222,318.7402777777778,563.6236111111111,482.50138888888887,409.8833333333333,394.1680555555556,527.3611111111111,49.92409722222222,59.433,59.75454166666666,60.89492350486787,60.761375,60.835458333333335,59.45404166666667,58.662666666666674,57.74995833333333,61.78675,60.86320833333333,54.174708333333335,61.188500000000005,57.71715277777778,66.45684722222222,64.287,59.13431944444444,,60.608250000000005,59.74895833333333,58.979708333333335,57.632333333333335,61.78470833333333,60.39866666666667,59.10979166666667,56.41734722222222,64.27890277777777,61.677875,59.44818055555556,61.13825,60.19466666666667,57.58652777777778,55.38505555555555,58.84933333333333,54.89641666666667,57.06752777777777,60.29297222222223,62.33283333333333,59.58873611111111,60.711083333333335,59.79947222222223,56.44656944444444,65.03893055555555,59.37125,55.51902777777777,55.67991666666667,63.042125000000006,57.10445833333333,49.08662968099861,57.310763888888886,57.54504166666667,3.9375,3.8625,3.4569444444444444,25.041724617524338,18.073611111111116,27.7625,3.522222222222222,3.486111111111111,4.020833333333333,3.265277777777778,3.9791666666666665,2.781944444444445,3.2847222222222223,3.3291666666666666,3.725,4.329166666666667,3.0527777777777776,,3.588888888888889,3.3722222222222222,12.2625,3.470833333333333,3.425,2.6444444444444444,3.7430555555555554,6.070833333333334,4.0777777777777775,3.551388888888889,3.066666666666667,6.609722222222223,4.079166666666667,3.966666666666667,3.7472222222222222,4.655555555555556,3.261111111111111,3.154166666666667,3.397222222222222,2159.340277777778,4.055555555555555,3.493055555555556,3.4972222222222222,3.705555555555556,2.930555555555556,4.758333333333334,3.223611111111111,4.459722222222222,22.352777777777774,3.0541666666666667,5.334257975034674,3.609722222222222,4.1875,0.0,0.0,0.0,0.0,0.0,0.0,0.0,0.0,0.0,0.0,0.0,0.0,0.0,0.0,0.0,0.0,0.0,,0.0,0.0,0.0,0.0,0.0,0.0,0.0,0.0,0.0,0.0,0.0,-1.0,0.0,0.0,0.0,0.0,0.0,0.0,0.0,0.0,0.0,0.0,0.0,0.0,0.0,0.0,0.0,0.0,5.026246719160105,0.0,0.0,0.0,0.0,24.6255,23.324527777777774,23.339875,107.1786648122392,22.904791666666668,23.183736111111116,23.153541666666666,23.589902777777777,23.815194444444444,22.682972222222222,23.19226388888889,23.109513888888888,23.04643055555556,23.879819444444447,21.34259722222222,22.46333333333333,23.303625,,22.96481944444444,23.30048611111111,23.582402777777776,23.671847222222222,23.076319444444444,23.10206944444445,23.11376388888889,25.288041666666665,21.83951388888889,22.481972222222225,23.09301388888889,22.781097222222225,22.87873611111111,23.538166666666665,23.82298611111111,23.460083333333337,24.254625,23.701597222222222,23.04659722222222,22.525166666666667,22.83370833333333,22.699375,21.888430555555555,22.96075,21.694972222222223,23.18702777777778,24.128777777777778,24.067944444444443,22.116263888888888,23.55658333333333,26.303467406380022,23.544763888888887,23.70406944444445
160,2013-08-30 07:00:00,479.7027777777778,492.1625,362.78333333333336,468.4125,353.6236111111112,426.39722222222224,363.8875,411.8388888888889,465.6208333333333,495.8430555555556,393.4200278164117,371.43393602225314,346.65277777777777,437.55694444444447,463.3569444444444,447.35,327.90277777777777,,340.15833333333336,381.33472222222224,449.1680555555556,451.9972222222222,414.45,253.2180555555556,282.6333333333333,445.97083333333336,370.3319444444445,429.2694444444445,479.0930555555556,488.5994436717663,423.7472222222222,455.6041666666667,116.38055555555556,442.87361111111113,433.4847222222222,327.8986111111111,421.3388888888889,337.59583333333336,383.4680555555556,417.4805555555556,323.39722222222224,343.0680555555556,400.12916666666666,198.50694444444449,393.5805555555556,326.3847222222222,616.8569444444445,493.75,416.69444444444446,400.8777777777778,528.5819444444444,50.26611111111111,59.586125,59.83508333333334,60.98529166666666,60.84854166666666,61.192833333333326,59.51553546592489,58.71325,57.83741666666667,61.76558333333333,60.87979166666666,54.26679166666666,61.238875,57.98781944444445,68.22516666666667,64.14354166666668,59.93984463276837,,61.02575,59.52580555555556,58.85266666666666,57.71001388888889,61.836083333333335,60.52229166666667,59.39275,56.47116666666666,64.74395833333334,62.072875,60.058625,61.735166666666665,60.19945833333333,57.86572222222223,55.86148611111111,59.07625,55.127875,57.21120833333333,60.53822222222222,62.79120833333333,60.10570833333333,61.249,60.768791666666665,56.5065,65.40843055555555,59.44070833333333,55.589208333333325,56.114916666666666,62.692875,57.05944444444445,48.58408333333333,57.361069444444446,57.72886111111111,3.834722222222222,3.843055555555555,3.3847222222222224,25.08055555555556,17.997222222222224,27.690277777777776,3.447844228094576,3.6972222222222224,4.033333333333333,3.2625,4.027777777777778,2.7694444444444444,3.316666666666667,3.2583333333333333,3.5069444444444446,3.720833333333333,3.6454802259887007,,3.4652777777777777,3.4458333333333333,12.259722222222225,3.4166666666666665,3.448611111111111,2.658333333333333,3.683333333333333,6.151388888888889,4.055555555555555,3.5444444444444443,3.143055555555556,6.654166666666667,4.133333333333334,4.011111111111111,3.7291666666666665,4.663888888888889,3.2916666666666665,3.098611111111111,3.393055555555556,2175.1625,3.995833333333333,3.4944444444444445,3.577777777777778,3.695833333333333,2.922222222222222,4.583333333333333,3.173611111111111,4.456944444444445,27.820833333333333,3.0125,5.294444444444444,3.5819444444444444,4.248611111111111,0.0,0.0,0.0,0.0,0.0,0.0,0.0,0.0,0.0,0.0,0.0,0.0,0.0,0.0,0.0,0.0,0.0,,0.0,0.0,0.0,0.0,0.0,0.0,0.0,0.0,0.0,0.0,0.0,-1.0,0.0,0.0,0.0,0.0,0.0,0.0,0.0,0.0,0.0,0.0,0.0,0.0,0.0,0.0,0.0,0.0,14.217687074829932,0.0,0.0,0.0,0.0,24.43480555555556,23.224611111111116,23.263555555555552,77.62994444444445,22.826277777777776,23.033236111111112,23.11119610570237,23.54813888888889,23.75098611111111,22.652791666666666,23.16438888888889,23.052111111111117,23.01194444444444,23.754097222222224,20.87184722222222,22.45705555555556,23.016638418079097,,22.78870833333333,23.36340277777778,23.57022222222222,23.639055555555554,23.040694444444444,23.04630555555556,23.00681944444445,25.247541666666667,21.67234722222222,22.324375,22.85695833333333,22.54711111111111,22.834819444444445,23.42602777777778,23.64723611111111,23.36588888888889,24.15363888888889,23.63688888888889,22.94130555555556,22.34984722222222,22.649194444444444,22.51001388888889,21.58925,22.92654166666667,21.57390277777777,23.158875,24.09483333333333,23.89904166666667,22.36686111111111,23.58695833333333,26.50483333333333,23.53483333333333,23.62351388888889
161,2013-08-30 08:00:00,471.5236111111111,486.2472222222222,358.58194444444445,461.1402777777778,347.3180555555556,418.0305555555556,359.5416666666667,406.8027777777778,458.0625,489.8486111111111,389.0763888888889,368.9166666666667,341.6125,431.89166666666665,451.9472222222222,439.5805555555556,320.6041666666667,,334.3833333333333,377.5180555555556,442.8333333333333,447.9291666666667,409.0083333333333,247.4833333333333,277.47083333333336,440.95,362.37916666666666,422.7708333333333,474.06666666666666,481.6430555555556,416.65277777777777,451.95416666666665,115.00277777777778,438.2069444444445,431.3388888888889,321.89722222222224,415.125,332.5611111111112,379.04027777777776,411.4458333333333,316.18333333333334,339.03333333333336,399.72796934865903,194.3796940194715,389.4375,320.9472222222222,579.1527777777778,491.09722222222223,413.09722222222223,396.925,517.8375,50.83181944444444,59.916,60.108,61.285916666666665,61.108916666666666,61.757375,59.707027777777775,58.88126388888889,58.100027777777775,61.97387500000001,61.033125,54.400930555555554,61.39070833333333,58.337,69.71545833333333,64.25666666666667,61.02226388888889,,61.6685,59.495125,58.97669444444445,57.80180555555556,62.06133333333334,60.74908333333334,59.77105555555555,56.63105555555556,65.38395833333334,62.589083333333335,60.76775,62.50083333333333,60.44697222222222,58.38593055555556,56.49819444444445,59.45218055555556,55.539,57.46043055555556,60.987541666666665,63.39683333333333,60.676013888888896,61.844750000000005,61.60525658807212,56.64176388888889,65.8055,59.55963888888889,55.746571834992885,56.69288888888889,62.38516666666666,56.96922222222221,48.3084561891516,57.64698611111111,58.077444444444446,3.8291666666666666,3.8333333333333335,3.3402777777777777,25.181944444444444,18.002777777777776,27.675,3.4319444444444445,3.644444444444445,4.079166666666667,3.2958333333333334,4.047222222222223,2.7944444444444443,3.25,3.1444444444444444,3.422222222222222,3.2152777777777777,3.736111111111111,,3.475,3.2736111111111112,12.22222222222222,3.4208333333333334,3.4194444444444443,2.588888888888889,3.706944444444445,6.044444444444444,4.125,3.536111111111111,3.125,6.705555555555556,4.063888888888889,4.036111111111111,3.8,4.584722222222222,3.220833333333333,3.129166666666667,3.395833333333333,2176.4569444444446,4.05,3.455555555555556,3.5104022191400834,3.7527777777777778,2.9097222222222223,4.7,3.1834992887624467,4.470833333333333,27.775,2.995833333333333,5.275382475660639,3.6902777777777778,4.2444444444444445,0.0,0.0,0.0,0.0,0.0,0.0,0.0,0.0,0.0,0.0,0.0,0.0,0.0,0.0,0.0,0.0,0.0,,0.0,0.0,0.0,0.0,0.0,1.2916666666666667,0.0,0.0,0.0,0.0,0.0,-1.0,0.0,0.0,0.0,0.0,0.0,0.0,0.0,0.0,0.0,0.0,0.0,0.0,0.0,0.0,0.0,0.0,3.5648648648648646,0.0,0.0,0.0,0.0,24.266583333333333,23.116666666666667,23.177986111111117,49.71990277777778,22.73870833333333,22.89883333333333,23.069291666666665,23.509291666666662,23.695194444444446,22.623,23.13458333333333,23.022291666666664,22.982069444444445,23.655305555555557,20.602888888888888,22.449,22.75208333333333,,22.614319444444444,23.391874999999995,23.54625,23.650513888888888,22.99888888888889,23.00926388888889,22.91340277777778,25.19768055555556,21.53313888888889,22.177694444444445,22.65618055555556,22.32945833333333,22.76825,23.278236111111116,23.460875,23.25401388888889,24.01158333333333,23.56965277777778,22.81844444444444,22.209055555555555,22.49588888888889,22.34798611111111,21.37520110957004,22.896513888888887,21.52555555555556,23.14069444444444,24.05749644381223,23.729458333333334,22.461916666666667,23.64080555555556,26.577148817802502,23.474875,23.522222222222226
162,2013-08-30 09:00:00,464.8986111111111,479.0125,353.0736111111111,452.8087818696884,340.8638888888889,411.1655076495132,353.3958333333333,399.3958333333333,450.3305555555556,484.2712100139082,381.6402777777778,362.7635605006954,335.525,425.3430555555556,446.0736111111111,433.9680555555556,312.8013888888889,,328.49583333333334,371.7263888888889,435.7763888888889,441.2888888888889,401.3208333333333,244.2097222222222,273.1638888888889,434.19305555555553,358.9902777777778,418.2986111111111,469.5416666666667,471.39722222222224,411.3083333333333,442.19166666666666,110.25416666666666,431.8333333333333,421.4680555555556,315.2723463687151,407.7375,328.7944444444444,370.6444444444445,403.5583333333333,308.0513888888889,333.0611111111112,394.2027777777778,190.24166666666667,382.6986111111111,313.5083333333333,510.3861111111111,483.7166666666666,403.7291666666667,389.51666666666665,512.0597222222223,51.46972222222222,60.38766666666667,60.51898611111111,61.72666666666666,61.5093370944993,62.36941666666667,60.02255910987483,59.18120833333334,58.48816666666666,62.29375,61.31570833333333,54.68404166666667,61.669625,58.746375,70.71534722222222,64.5481388888889,61.863875,,62.365625,59.60190277777778,59.173125,57.93029166666666,62.317083333333336,61.0365,60.165083333333335,56.88025,65.92230555555555,63.096125,61.32654166666667,63.09120833333333,60.76795833333333,58.90679166666666,57.11375,59.91,56.03911111111112,57.75243055555556,61.50401947148818,63.96018055555556,61.18983333333333,62.41386459802539,62.266662030598056,56.803333333333335,65.91205555555555,59.726958333333336,55.927875,57.28280555555556,62.53716666666667,56.94716666666667,48.25873435326843,57.96491666666667,58.48492176386913,3.859722222222222,3.783333333333333,3.4027777777777777,25.20277777777778,18.00846262341326,27.70277777777778,3.5285118219749654,3.695833333333333,4.083333333333333,3.1902777777777778,4.136111111111111,2.7736111111111112,3.248611111111111,3.15,3.4430555555555555,3.2958333333333334,3.7888888888888888,,3.511111111111111,3.326388888888889,12.21527777777778,3.418055555555556,3.455555555555556,2.5722222222222224,3.6666666666666665,6.130555555555556,4.1375,3.551388888888889,3.154166666666667,6.6194444444444445,4.084722222222222,3.9541666666666666,3.7666666666666666,4.626388888888889,3.1638888888888888,3.084722222222222,3.3504867872044506,2184.0680555555555,4.0,3.394922425952045,3.60778859527121,3.7291666666666665,2.9055555555555554,4.747222222222222,3.1041666666666665,4.455555555555556,7.583333333333333,2.977777777777778,5.19471488178025,3.5930555555555554,4.200568990042674,0.0,0.0,0.0,0.0,0.0,0.0,0.0,0.0,0.0,0.0,0.0,0.0,0.0,0.0,0.0,0.0,0.0,,0.0,0.0,0.0,0.0,0.0,0.0,0.0,0.0,0.0,0.0,0.0,-1.0,0.0,0.0,0.0,0.0,0.0,0.0,0.0,4.238845144356955,0.0,0.0,0.0,0.0,0.0,0.0,0.0,0.0,0.0,0.0,0.0,0.0,0.0,24.10897222222222,23.0135,23.09770833333333,54.28033333333333,22.65657263751763,22.79393055555556,23.028650904033377,23.469986111111112,23.639097222222222,22.60279166666667,23.11230555555556,22.988097222222223,22.950791666666667,23.593291666666666,20.440541666666668,22.422361111111112,22.56652777777778,,22.4565,23.39097222222222,23.513708333333334,23.658152777777776,22.965111111111117,22.96398611111111,22.83765277777778,25.166638888888887,21.416944444444447,22.06198611111111,22.50876388888889,22.18177777777777,22.699513888888887,23.151541666666667,23.296722222222225,23.134,23.870222222222225,23.502694444444444,22.694311543810848,22.07243055555556,22.374180555555554,22.218081805359663,21.22774687065369,22.86855555555556,21.51673611111111,23.121666666666663,24.02575,23.569444444444443,22.277291666666667,23.66454166666667,26.57425591098748,23.40376388888889,23.4098719772404
163,2013-08-30 10:00:00,465.8097222222222,479.22777777777776,352.1736111111111,450.8398328690808,341.55,412.7732962447844,353.24583333333334,398.04027777777776,452.0944444444444,484.0208333333333,383.8236111111111,363.10277777777776,334.54027777777776,424.6,446.125,435.2083333333333,312.3541666666667,,328.875,370.377253814147,434.2055555555556,442.1636615811373,399.9486111111111,245.25277777777777,273.8986111111111,433.15,363.3777777777778,418.6847222222222,468.8777777777778,469.84027777777777,412.00694444444446,442.7138888888889,112.78333333333332,431.85277777777776,417.69305555555553,314.875,408.6833333333333,330.1847222222222,370.5541666666667,403.925,308.4847222222222,329.8638888888889,394.1958333333333,190.2805555555556,380.52777777777777,314.5597222222222,505.5319444444444,479.74305555555554,398.1833333333333,388.75138888888887,507.2888888888889,51.81283333333333,60.71579166666667,60.79075,62.011,61.79079276773297,62.65604166666667,60.20497907949791,59.345125,58.63766666666667,62.4205,61.47145833333334,54.7365406162465,61.80349999999999,58.96329166666666,71.25554166666666,64.60948611111111,62.56729166666666,,62.80170833333334,59.70044444444444,59.2945,58.00773925104023,62.46541666666666,61.22304166666666,60.44049999999999,57.03709722222222,66.31030555555556,63.49270833333333,61.73741666666667,63.61418055555556,61.03275,59.27654166666667,57.59456944444444,60.33065277777778,56.46158333333333,57.99411111111112,61.907291666666666,64.38327777777778,61.613125,62.8847287899861,62.76979166666667,56.92583333333333,66.10266666666668,59.837,56.055277777777775,57.796625,63.46015277777777,57.00355555555555,48.335902777777775,58.30765277777778,58.86593055555556,3.823611111111111,3.798611111111111,3.4125,25.15833333333333,18.133518776077885,27.718055555555555,3.495118549511855,3.691666666666667,4.068055555555556,3.154166666666667,4.0875,2.656862745098039,3.1708333333333334,3.15,3.430555555555556,3.2319444444444443,3.9097222222222223,,3.459722222222222,3.3097222222222222,12.290277777777778,3.51872399445215,3.418055555555556,2.6875,3.797222222222222,6.211111111111111,4.0875,3.561111111111111,3.173611111111111,6.711111111111111,4.186111111111111,4.0,3.6527777777777777,4.594444444444444,3.2694444444444444,3.0972222222222223,3.390277777777778,2184.258333333333,4.029166666666667,3.575799721835883,3.540277777777778,3.675,2.8652777777777776,4.715277777777778,3.219444444444445,4.416666666666667,3.661111111111111,2.9944444444444445,5.161111111111111,3.484722222222222,4.144444444444445,0.0,0.0,0.0,0.0,0.0,0.0,0.0,0.0,0.0,0.0,0.0,0.0,0.0,0.0,0.0,0.0,0.0,,0.0,0.0,0.0,0.0,0.0,0.0,0.0,0.0,0.0,0.0,0.0,-1.0,0.0,0.0,0.0,0.0,0.0,0.0,0.0,0.0,0.0,0.0,0.0,0.0,0.0,0.0,0.0,0.0,0.0,0.0,0.0,0.0,0.0,23.98465277777778,22.91820833333333,23.01352777777778,68.12418055555555,22.579485396383863,22.743972222222222,22.9857880055788,23.433250000000005,23.610097222222223,22.575138888888887,23.08331944444444,22.98977591036415,22.931416666666664,23.544416666666667,20.334694444444445,22.411555555555555,22.367972222222225,,22.341652777777774,23.36925,23.47901388888889,23.64008321775312,22.94,22.92688888888889,22.774625,25.116694444444445,21.325472222222224,21.95713888888889,22.391236111111112,22.026666666666667,22.623069444444447,23.05098611111111,23.165569444444444,23.01073611111111,23.750375,23.43684722222222,22.58805555555556,21.96868055555556,22.26247222222222,22.100250347705146,21.107791666666667,22.840722222222222,21.468208333333333,23.101819444444445,23.997694444444445,23.419361111111108,21.936263888888888,23.625013888888887,26.496638888888885,23.29572222222222,23.287166666666664
164,2013-08-30 11:00:00,465.9875,482.5291666666666,354.4,452.76666666666665,342.9625,415.6666666666667,354.1375,399.1125,453.2680555555556,484.2111111111111,384.8208333333333,364.34583333333336,336.29027777777776,426.2694444444445,448.9125,436.6638888888889,313.2027777777778,,331.18333333333334,372.0583333333333,437.6125,443.6138888888889,401.6611111111111,246.08333333333331,277.4611111111111,434.6694444444444,367.0708333333333,420.3930555555556,471.1069444444444,466.9583333333333,413.81666666666666,443.9513888888889,112.99444444444444,433.8986111111111,418.25555555555553,316.1638888888889,410.0319444444444,329.6347222222222,371.86944444444447,405.58472222222224,308.4347222222222,332.6111111111111,396.3875,191.425,384.78472222222223,316.7197183098592,504.1722222222222,479.9055555555556,399.1555555555556,391.9875,505.3875,52.07863888888889,60.98308333333333,61.00175,62.23279166666667,61.98770833333334,62.60483333333334,60.321375,59.45379166666668,58.75016666666667,62.4765464632455,61.543,54.733254520166895,61.86029166666667,59.104097222222215,71.4725,64.56066666666666,63.14041666666667,,63.16916666666667,59.780458333333335,59.38220833333334,58.12019444444445,62.57454166666666,61.34891666666667,60.65225,56.96566666666666,66.58133333333333,63.88026388888889,62.138,64.037625,61.268458333333335,59.60241666666666,58.03026388888889,60.70070833333334,56.83170833333334,58.23004166666667,62.3335,64.62745833333334,62.014875,63.28625,63.225,57.03897222222222,66.32319444444444,59.938833333333335,56.16458333333333,58.24604166666667,64.2965,57.161875,48.34538888888889,58.71475,59.21925,3.7777777777777777,3.920833333333333,3.459722222222222,25.134722222222223,18.043055555555554,27.70555555555556,3.6597222222222223,3.644444444444445,4.079166666666667,3.3606102635228847,4.0569444444444445,2.8025034770514603,3.172222222222222,3.0902777777777777,3.2527777777777778,3.2694444444444444,3.8152777777777778,,3.548611111111111,3.313888888888889,12.158333333333331,3.455555555555556,3.375,2.531944444444445,3.7888888888888888,138.5388888888889,4.245833333333334,3.5722222222222224,3.3194444444444446,7.730555555555555,4.3,4.052777777777778,3.633333333333333,4.683333333333334,3.268055555555556,3.1277777777777778,3.495833333333333,2181.5569444444445,4.141666666666667,3.477777777777778,3.5347222222222223,3.859722222222222,3.0444444444444443,4.876388888888889,3.1972222222222224,15.21527777777778,3.7847222222222223,4.579166666666667,5.465277777777778,3.7125,7.575,0.0,0.0,0.0,0.0,0.0,0.0,0.0,0.0,0.0,0.0,0.0,0.0,0.0,0.0,0.0,0.0,0.0,,0.0,0.0,0.0,0.0,0.0,0.0,0.0,0.0,0.0,0.0,0.0,-1.0,0.0,0.0,0.0,0.0,0.0,0.0,0.0,0.0,0.0,0.0,0.0,0.0,0.0,0.0,0.0,1.371191135734072,0.0,0.0,0.0,0.0,0.0,23.868430555555555,22.81972222222222,22.931875,48.71770833333333,22.509027777777774,22.77118055555556,22.94968055555556,23.39720833333333,23.56141666666667,22.55099861303745,23.060069444444444,22.984575799721835,22.91411111111111,23.500902777777775,20.278861111111112,22.41422222222222,22.214902777777777,,22.23540277777778,23.34355555555556,23.451,23.60233333333333,22.91073611111111,22.89547222222222,22.717472222222224,25.26163888888889,21.254986111111112,21.850875,22.274541666666668,21.910847222222223,22.55375,22.957375000000003,23.039819444444444,22.90695833333333,23.63383333333333,23.372972222222224,22.47240277777778,21.879875,22.15266666666667,21.9975,20.994930555555555,22.816388888888888,21.409819444444445,23.08248611111111,23.975916666666667,23.29061111111111,21.705291666666668,23.55848611111111,26.487944444444445,23.168111111111116,23.18570833333333
165,2013-08-30 12:00:00,467.0208333333333,483.15277777777777,354.99583333333334,453.12916666666666,343.76944444444445,415.6791666666667,355.2361111111111,399.75,454.0513888888889,485.5486111111111,385.4277777777778,366.43888888888887,336.9736111111111,426.8277777777778,470.22777777777776,437.56805555555553,313.00138888888887,,331.8805555555556,372.06111111111113,439.63055555555553,445.4875,400.6430555555556,249.11527777777775,278.2916666666667,437.4236111111111,367.3013888888889,421.84027777777777,472.3444444444444,469.92083333333335,414.3652777777778,444.2611111111111,115.60138888888888,434.18194444444447,420.0388888888889,320.3861111111111,409.4410540915395,330.05,372.95,406.55,309.3986111111111,334.4138888888889,398.2055555555556,191.9208333333333,385.0583333333333,315.6138888888889,504.7069444444445,480.21527777777777,399.15,392.1611111111111,508.7763888888889,52.06905555555556,61.021875,60.987458333333336,62.211958333333335,61.91613351877607,62.33713490959666,60.23170833333334,59.35154166666667,58.583772538141474,62.23283333333333,61.35429166666666,54.609319444444445,61.74454166666666,58.96381944444444,68.42209722222222,64.29904166666667,63.286583333333326,,63.249541666666666,59.72675,59.31020833333333,57.79602777777778,62.223416666666665,61.33008333333333,60.46040277777777,55.98733333333333,66.6132361111111,63.97629166666667,62.295458333333336,64.102,61.29341666666667,59.72161111111111,58.24009722222223,60.88583333333334,57.09147222222222,58.253416666666666,62.454791666666665,64.70147222222224,62.13783333333333,63.44558333333333,63.477958333333326,56.980402777777776,66.30955617198336,59.88235294117647,56.0897304964539,58.01219444444444,64.62326388888889,57.19246861924686,48.28005555555556,58.88106944444445,59.13425797503468,3.813888888888889,3.859722222222222,3.4402777777777778,25.21527777777778,18.0778859527121,27.812239221140477,3.883333333333333,3.7527777777777778,4.011095700416089,3.1666666666666665,4.038888888888889,2.7847222222222223,3.175,3.029166666666667,3.3180555555555555,3.2847222222222223,4.001388888888889,,3.608333333333333,3.3847222222222224,6.545833333333333,3.511111111111111,3.576388888888889,2.765277777777778,4.318055555555556,52.38333333333333,4.143055555555556,3.563888888888889,3.120833333333333,7.023611111111111,4.1402777777777775,3.9916666666666663,3.748611111111111,4.616666666666666,3.3125,12.2,3.4277777777777776,2177.813888888889,4.166666666666667,3.613888888888889,3.636111111111111,3.790277777777778,2.9070735090152566,4.872549019607843,3.2808510638297874,5.9625,3.723611111111111,4.569037656903766,5.419444444444444,3.7472222222222222,7.651872399445215,0.0,0.0,0.0,0.0,0.0,0.0,0.0,0.0,0.0,0.0,0.0,0.0,0.0,0.0,0.0,0.0,0.0,,0.0,0.0,1.2916666666666667,0.0,0.0,0.0,0.0,0.0,0.0,0.0,0.0,-1.0,0.0,0.0,0.0,0.0,0.0,0.0,0.0,0.0,0.0,0.0,0.0,0.0,0.0,0.0,0.0,0.0,0.0,0.0,0.0,0.0,0.0,23.74068055555556,22.71702777777778,22.845097222222225,48.63495833333333,22.438011126564675,22.73905424200278,22.90895833333333,23.35794444444445,23.518904299583912,22.51626388888889,23.03697222222222,22.947583333333338,22.881291666666662,23.469666666666665,21.590180555555555,22.389694444444444,22.089111111111112,,22.171277777777775,23.295805555555557,23.38554166666667,23.723472222222224,23.03431944444444,22.91504166666667,22.80713888888889,25.63223611111111,21.185138888888886,21.814041666666668,22.22181944444444,21.86088888888889,22.49577777777777,22.880180555555555,22.94105555555556,22.817680555555555,23.508986111111117,23.339111111111112,22.386375,21.806875,22.079708333333333,21.912805555555558,20.880652777777776,22.80538888888889,21.360638002773925,23.071862745098034,23.972,23.464152777777777,21.57875,23.51454672245467,26.478819444444444,23.071416666666664,23.278183079056863
166,2013-08-30 13:00:00,465.7805555555556,482.9069444444444,354.5180555555556,450.3847222222222,343.5083333333333,416.2819444444444,355.8486111111111,401.0527777777778,453.9875,486.04027777777776,385.3597222222222,365.8305555555556,337.0221914008322,427.3125,486.1402777777778,438.56944444444446,311.77222222222224,,331.8736111111112,371.00694444444446,440.0152777777778,445.6847222222222,401.9625,249.45416666666668,276.67692307692306,435.5097222222222,369.0527777777778,420.8652777777778,470.875173370319,475.2180555555556,409.7180555555556,446.02222222222224,116.41944444444444,435.14166666666665,419.4458333333333,318.49444444444447,409.81388888888887,328.74583333333334,372.2083333333333,406.8902777777778,307.70416666666665,334.54305555555555,397.25416666666666,191.72916666666663,385.24444444444447,305.7291666666667,503.7625,481.18611111111113,410.7402777777778,392.8722222222222,510.6513888888889,52.27772222222222,61.15833333333333,61.09391666666666,62.317125,61.90025,62.32754166666667,60.21358333333333,59.32958333333334,58.59883333333333,62.15195833333334,61.25125,54.52603328710124,61.69204166666666,58.64194444444444,62.68230555555556,64.17795833333334,63.35879166666667,,62.54891666666667,59.68675,59.48795833333334,57.525916666666674,61.88275,60.958416666666665,60.24808333333333,56.075208333333336,66.78398611111112,63.77904166666667,62.165333333333336,63.720666666666666,60.82788888888889,59.97537500000001,58.43873611111111,61.01608333333333,57.32676388888888,58.26625,62.694375,64.98756944444445,62.28129166666667,63.65173611111111,63.75998611111111,56.943,66.37715277777777,59.84129166666667,56.02748611111111,56.267486111111104,64.8548888888889,57.25084722222222,48.326027777777774,59.083013888888885,58.72954166666666,5.2125,4.608333333333333,4.775,27.522222222222226,20.98611111111111,30.677777777777777,3.959722222222222,3.625,4.027777777777778,3.1666666666666665,4.036111111111111,2.7281553398058254,3.186111111111111,3.140277777777778,3.498611111111111,3.286111111111111,4.883333333333334,,3.751388888888889,3.470833333333333,3.251388888888889,3.6013888888888888,3.543055555555556,2.775,4.284722222222222,11.751388888888888,5.769444444444445,8.9375,8.872222222222222,7.891666666666667,4.231944444444444,4.704166666666667,4.409722222222222,5.170833333333333,3.5722222222222224,3.180555555555556,4.102777777777778,2168.3152777777777,6.9944444444444445,12.27361111111111,10.708333333333334,3.713888888888889,6.038888888888889,4.783333333333333,3.1333333333333333,4.763888888888889,3.5305555555555554,3.1319444444444446,13.390277777777778,3.6777777777777776,4.825,0.0,0.0,0.0,0.0,0.0,0.0,0.0,0.0,0.0,0.0,0.0,0.0,0.0,0.0,0.0,0.0,0.0,,0.0,0.0,0.0,0.0,0.0,0.0,0.0,0.0,0.0,0.0,0.0,-1.0,0.0,0.0,0.0,0.0,0.0,0.0,0.0,0.0,0.0,0.0,0.0,0.0,0.0,0.0,0.0,0.0,0.0,0.0,5.530054644808743,0.0,0.0,23.623875,22.620819444444443,22.759666666666664,50.87415277777778,22.37743055555556,22.67323611111111,22.876305555555557,23.324291666666664,23.47169444444444,22.49509722222222,23.02122222222222,22.927961165048547,22.866083333333336,23.581027777777777,22.999902777777777,22.403513888888888,22.08465277777778,,22.443513888888887,23.27988888888889,23.26988888888889,23.74625,23.089625,23.0075,22.82995833333333,25.532430555555557,21.121180555555554,21.90425,22.304625,22.00722222222222,22.794319444444444,22.78059722222222,22.86820833333333,22.79736111111111,23.423972222222226,23.313388888888888,22.305375,21.72213888888889,22.01575,21.83673611111111,20.78223611111111,22.801305555555555,21.323847222222224,23.073166666666665,23.97697222222222,24.183708333333332,21.522902777777777,23.476597222222225,26.43433333333333,22.992541666666668,23.395138888888887
167,2013-08-30 14:00:00,465.1041666666667,480.9013888888889,353.1972222222222,450.2896935933148,345.33194444444445,415.86805555555554,354.5940594059406,401.33472222222224,452.5472222222222,487.5833333333333,385.2069444444445,365.8027777777778,341.5396383866481,430.4125,489.68611111111113,437.4069444444444,312.7583333333333,,330.84444444444443,370.8833333333333,440.8708333333333,444.6875,402.9805555555556,247.7277777777778,275.1194879089616,437.44305555555553,366.72222222222223,420.0875,471.36578581363005,475.5257301808067,410.61944444444447,446.2319444444444,114.71111111111112,435.34027777777777,420.18611111111113,320.1083333333333,409.4575799721836,328.1513888888889,372.83472222222224,406.3958333333333,306.85277777777776,332.95694444444445,397.7069444444445,191.24722222222223,383.3597222222222,310.58472222222224,503.32916666666665,480.8722222222222,513.5819444444444,392.8555555555556,510.27222222222224,52.836638888888885,61.573375000000006,61.48341666666666,62.70333333333333,62.23854166666667,62.7145,60.49404166666667,59.59088888888889,58.94635605006954,62.37704166666667,61.379333333333335,54.72979137691238,61.87355648535564,58.63519444444444,62.743625,64.3505,63.546875,,62.454791666666665,59.7875,59.971875,57.77188888888889,62.060625,61.11329166666667,60.482194444444445,55.95176388888888,67.22223611111112,63.78434722222222,62.252375,63.675625,60.269375,60.3795,58.77341666666667,61.25408333333333,57.71811111111112,58.56875,63.132333333333335,65.45573611111112,62.60491666666667,63.967416666666665,64.06770833333333,57.091722222222224,66.66152990264256,59.97283333333333,56.18566666666667,55.048875,65.36865277777778,57.33254166666666,49.06304166666666,59.427125,58.81152990264256,30.29722222222222,17.086111111111112,27.5625,63.02361111111111,67.02222222222223,74.5875,4.356944444444444,3.720833333333333,4.785813630041725,24.27083333333333,27.120833333333334,19.30598052851182,13.447698744769877,14.404166666666669,5.658333333333333,4.222222222222222,20.20833333333333,,5.695833333333334,3.451388888888889,3.243055555555556,3.555555555555556,3.5652777777777778,2.7416666666666667,4.366666666666666,166.1638888888889,37.24166666666667,95.21111111111112,98.52638888888887,30.881944444444443,4.706944444444445,19.022222222222226,19.70138888888889,16.829166666666666,9.580555555555556,3.1333333333333333,21.28611111111111,2200.6402777777776,56.326388888888886,150.86805555555554,155.51805555555555,3.876388888888889,57.60778859527121,4.820833333333334,3.1944444444444446,8.183333333333334,4.6625,4.601388888888889,28.10972222222222,4.979166666666667,17.8442280945758,0.0,0.0,0.0,0.0,0.0,0.0,0.0,0.0,0.0,0.0,0.0,0.0,0.0,2.0,0.0,0.0,0.0,,0.0,0.0,0.0,0.0,0.0,0.0,0.0,0.0,0.0,0.0,0.0,-1.0,0.0,0.0,0.0,0.0,0.0,0.0,0.0,0.0,0.0,1.112637362637363,0.0,0.0,0.0,0.0,0.0,0.0,0.0,0.0,8.786096256684491,0.0,0.0,23.551819444444448,22.56643055555556,22.719361111111112,50.84556944444444,22.35125,22.63801388888889,22.844319444444444,23.30275,23.45336578581363,22.547125,23.072208333333336,22.937051460361616,22.885299860529983,23.67522222222222,22.859458333333336,22.458847222222225,22.17025,,22.5185,23.308805555555555,23.19173611111111,23.70501388888889,23.084569444444444,23.00395833333333,22.811680555555554,25.75294444444444,21.116375,21.992902777777772,22.38248611111111,22.10388888888889,22.95284722222222,22.741652777777777,22.837791666666664,22.78470833333333,23.36330555555556,23.26204166666667,22.265958333333334,21.67613888888889,22.000263888888888,21.84318055555556,20.80634722222222,22.79852777777777,21.33534075104312,23.076541666666667,23.961861111111112,24.602986111111115,21.486652777777778,23.494930555555552,26.357013888888886,22.969125,23.404339360222533
168,2013-08-30 15:00:00,472.6222222222222,488.2680555555556,356.876560332871,503.2583333333333,351.2736111111111,421.1513888888889,359.00278164116827,405.1902777777778,457.89166666666665,490.2638888888889,388.4555555555556,369.31805555555553,341.90694444444443,432.6555555555556,504.775,443.0583333333333,319.79027777777776,,337.1986111111111,377.2416666666667,450.7944444444444,448.0777777777778,409.35833333333335,263.1402777777778,280.36578581363005,452.0180555555556,373.2638888888889,424.6546463245492,520.0569444444444,529.6972222222222,418.7166666666666,450.2083333333333,172.65555555555557,440.1986111111111,423.77222222222224,324.6875,414.7111111111111,333.55,377.9875173370319,456.7138888888889,310.5020862308762,338.9374130737135,402.4819444444444,195.38333333333333,389.0571030640669,324.9972222222222,511.6958333333333,484.45,471.1223922114047,398.86685159500695,517.0542420027816,53.16484722222223,61.8575,61.6638247566064,63.08058333333333,62.4892628650904,62.91095833333333,60.760375,59.83796940194715,59.18344444444445,62.59425,61.50270833333333,54.9145,62.056083333333326,58.91584722222222,63.1185,64.48318055555555,63.717013888888886,,62.52770833333333,59.987875,60.38947222222222,58.03252777777777,62.26291666666667,61.21908205841446,60.69308333333334,55.52520833333334,67.27470588235295,63.78384722222223,62.17904166666667,63.29795833333333,60.50012517385257,60.482680555555554,59.147134909596666,61.33195833333333,57.910375,58.83604166666666,63.2135,65.74051460361613,62.5396662030598,63.56506944444444,63.681,57.24154166666667,66.46323611111112,60.134297635605,56.33653203342618,54.28326388888888,65.55347222222223,57.53732316227463,48.93666666666667,59.44675,58.83691666666667,57.47222222222222,32.61805555555556,49.05146036161335,98.14027777777778,116.96940194714882,125.42222222222222,4.123611111111111,3.716272600834493,4.611111111111111,3.5708333333333333,4.098611111111111,2.7625,3.270833333333333,3.2111111111111112,6.315277777777778,3.4347222222222222,44.706944444444446,,7.919444444444444,3.4472222222222224,3.283333333333333,3.611111111111111,3.563888888888889,30.474269819193324,4.525,166.32083333333333,68.77310924369748,191.51527777777775,209.6888888888889,67.23611111111111,5.728789986091794,49.0875,102.336578581363,58.87916666666667,28.26527777777778,3.290277777777778,96.1361111111111,2171.2058414464536,107.35326842837274,327.0541666666667,260.87083333333334,3.926388888888889,145.00277777777777,4.937413073713491,3.2743732590529246,11.916666666666666,9.633333333333333,4.590846047156727,27.761111111111116,8.42361111111111,37.80972222222222,0.0,0.0,0.0,5.804812834224599,0.0,0.0,0.0,0.0,0.0,0.0,0.0,0.0,0.0,0.0,4.454545454545454,0.0,0.0,,0.0,0.0,0.0,0.0,0.0,12.4343163538874,0.0,9.789041095890411,1.5217391304347827,1.5534246575342463,0.0,-1.0,0.0,0.0,11.747619047619049,0.0,0.0,0.0,0.0,0.0,0.0,14.404580152671755,0.0,0.0,0.0,0.0,0.0,0.0,0.0,0.0,8.96042216358839,0.0,0.0,23.57984722222222,22.621902777777777,22.80726008344924,56.41630555555555,22.424394993045897,22.714930555555554,22.854597222222225,23.317872044506256,23.493791666666667,22.577458333333333,23.124847222222225,22.977958333333333,22.909416666666665,23.669833333333333,22.82945833333333,22.525375,22.235722222222225,,22.586569444444443,23.31298611111111,23.14886111111111,23.683666666666667,23.093597222222225,23.101780250347705,22.81568055555556,25.96240277777778,21.239677871148466,22.07980555555556,22.525791666666667,22.527041666666666,22.908289290681505,22.82686111111111,22.98963838664812,22.86073611111111,23.41990277777778,23.246388888888887,22.37633333333333,21.695827538247563,22.158859527121,22.276291666666665,21.08395833333333,22.805736111111116,21.501236111111112,23.082280945758,23.97311977715877,24.90597222222222,21.549347222222224,23.480291262135925,26.450222222222223,23.094319444444444,23.47573611111111
169,2013-08-30 16:00:00,503.2819444444444,541.8013888888889,372.2002781641168,658.7975034674064,464.0097493036212,439.2388888888889,374.60833333333335,420.9111111111111,479.02222222222224,511.8013888888889,405.84027777777777,385.3041666666667,358.10013908205843,448.88055555555553,616.6236111111111,465.8127600554785,344.2416666666667,,355.1986111111111,427.62361111111113,475.59722222222223,467.9638386648122,428.0583333333333,295.91527777777776,300.0541666666667,520.8194444444445,443.75138888888887,526.2767732962448,664.5410292072322,582.1785216178522,440.475,468.2361111111111,231.1861111111111,459.8888888888889,443.9555555555556,398.4055555555556,446.5424200278164,356.23439667128986,396.1376912378303,490.56944444444446,333.37638888888887,356.725,425.06388888888887,207.87621696801116,406.91527777777776,345.3125,545.1611111111112,666.4361111111111,498.9611111111111,419.0417246175243,544.1222222222223,53.202597222222224,61.893166666666666,61.57220833333333,62.749875,62.53407510431154,62.80133333333333,60.87279166666667,59.92579166666667,59.20990264255911,62.66575,61.611875000000005,54.95705146036162,62.14608333333334,58.95558333333333,63.57419444444445,64.350375,63.419,,62.341166666666666,60.141333333333336,60.570458333333335,58.08620305980528,62.21329166666666,60.297583333333336,60.66129166666666,55.59548611111112,65.85684582743988,62.67797222222222,61.428583333333336,62.229125,60.60666666666667,60.124541666666666,58.07954166666666,60.51497222222222,57.36044444444444,58.93808333333333,61.901,65.34597222222222,62.058098591549296,62.16825,63.035,57.208416666666665,65.14246175243393,60.09291666666667,56.29986111111111,53.70011111111111,64.39191666666667,58.12329624478443,49.18257301808066,58.374875,58.54034770514604,82.55555555555556,38.04861111111112,54.77638888888889,112.30555555555556,149.26008344923503,141.40277777777777,4.236111111111111,3.736111111111111,5.066759388038943,3.702777777777778,4.115277777777778,2.8636995827538247,3.202777777777778,3.125,17.038888888888888,3.518055555555556,50.18194444444445,,8.756944444444445,22.69305555555556,3.3375,3.620305980528512,3.533333333333333,49.19583333333333,4.569444444444445,166.4875,66.15558698727015,220.30694444444444,218.85694444444445,71.47083333333333,6.059722222222222,88.89583333333333,99.875,135.42916666666667,57.083333333333336,22.647222222222226,225.7763888888889,2167.6583333333333,110.82676056338028,331.5527777777778,141.08194444444445,4.022222222222222,242.52851182197497,5.079166666666667,3.334722222222222,13.613888888888887,12.879166666666666,14.240611961057024,27.8191933240612,13.67361111111111,130.84283727399165,2.967032967032967,15.066666666666666,0.0,12.231805929919137,0.0,0.9945054945054944,0.0,0.0,0.0,0.0,0.0,0.0,0.0,0.0,11.848039215686274,0.0,0.0,,0.4875346260387811,16.177777777777777,0.0,0.0,0.0,16.91820580474934,0.0,22.42183622828784,8.366576819407008,8.50507614213198,0.0,-1.0,0.0,0.0,16.54601226993865,0.0,0.0,5.479674796747967,4.418848167539268,0.0,0.0,10.6,0.0,0.0,0.0,0.0,0.0,0.0,0.0,6.25068870523416,4.096685082872928,0.0,0.0,23.604347222222223,22.716416666666667,22.891555555555552,66.04719444444444,22.617079276773296,22.77744444444445,22.85108333333333,23.32220833333333,23.504937413073712,22.56127777777777,23.10593055555556,22.98431154381085,22.905402777777777,23.692083333333333,22.765291666666663,22.56536111111111,22.31286111111111,,22.635416666666668,23.361875,23.11345833333333,23.669401947148817,23.10609722222222,23.50943055555556,22.843986111111107,25.985305555555552,21.895176803394623,22.81859722222222,23.062666666666665,22.954708333333333,22.85163888888889,22.982847222222222,23.674777777777777,23.30808333333333,23.81325,23.37422222222222,23.02883333333333,21.821986111111112,22.346211267605632,22.828333333333337,21.30334722222222,22.816069444444445,21.979680111265647,23.100638888888888,23.99502777777777,25.07755555555556,21.986777777777775,23.49972183588317,26.325605006954103,23.607166666666668,23.73425591098748
170,2013-08-30 17:00:00,653.4555555555555,1104.3666666666666,424.7416666666667,739.4916666666667,635.9763560500695,492.8430555555556,427.0748959778086,480.5208333333333,534.1569444444444,571.0347222222222,452.3944444444445,430.3888888888889,401.8430555555556,500.4555555555556,590.65,518.7208333333333,398.39166666666665,,421.3097222222222,606.125,552.7819444444444,516.2722222222222,475.0472222222222,359.7625,396.70416666666665,624.9638888888888,523.9402777777777,641.5347222222222,590.4416666666667,790.5486111111111,488.0138888888889,518.3351877607788,188.32777777777775,545.525,494.4888888888889,620.8166666666667,489.84027777777777,398.52222222222224,441.55694444444447,488.9666666666666,376.3222222222222,409.4527777777778,469.8428372739917,242.78194444444443,453.9486111111111,421.92083333333335,743.0652777777777,687.825,557.0277777777778,466.3666666666667,617.6875,53.002541666666666,61.947625,61.00570833333333,62.30155778894472,62.44746185852982,62.14362500000001,60.54179166666666,59.57118055555556,58.73811111111112,62.14654166666667,61.26325,54.66563888888889,61.847875,58.47588888888889,62.61183333333333,63.71084722222222,62.55633333333333,,61.711666666666666,59.40803051317615,60.33855555555556,57.74454166666666,61.73341666666666,59.45941666666666,59.99415277777778,55.41566666666667,64.01962499999999,60.72815277777777,59.821263888888886,61.057138888888886,60.061794158553546,58.99645833333333,56.63473611111112,58.08175,55.045027777777776,58.75309722222222,58.44093055555556,63.457,61.222875,61.026833333333336,61.79233333333334,56.90804166666667,65.18245833333334,59.75463888888889,55.95123611111111,53.78868055555555,62.49870833333333,57.53343055555556,49.073833333333326,55.73859722222223,56.72327777777778,114.71805555555557,55.5375,70.64444444444445,115.57453936348408,179.03467406380028,164.16666666666666,16.2875,7.368055555555555,5.204166666666667,3.8152777777777778,4.497222222222222,3.3402777777777777,3.5055555555555555,3.772222222222222,8.22638888888889,4.043055555555555,52.27222222222223,,10.186111111111112,40.83633841886269,3.458333333333333,3.5597222222222222,3.613888888888889,49.138888888888886,5.652777777777778,166.42083333333332,72.4,245.81666666666663,224.90972222222223,69.35277777777777,10.84144645340751,159.24583333333334,164.67916666666667,162.19444444444446,75.58611111111111,29.230555555555554,265.50416666666666,2168.288888888889,123.6875,355.7319444444444,149.3625,13.925,224.33333333333331,4.9527777777777775,3.3041666666666667,39.54583333333333,31.648611111111112,10.85138888888889,28.165277777777774,15.443055555555556,123.65277777777776,5.096514745308311,29.17632850241546,1.367403314917127,7.301333333333333,0.0,0.7027777777777777,2.0767123287671234,2.317073170731707,0.0,0.0,0.0,0.0,0.0,0.0,6.145118733509235,0.0,7.5650118203309695,,1.4349030470914128,22.669926650366747,4.551075268817204,0.0,0.0,20.20424403183024,10.919571045576408,19.400523560209425,10.498708010335918,4.440540540540541,0.0,-1.0,0.0,0.0,0.0,0.0,0.0,24.2655737704918,0.0,0.0,0.0,0.0,0.994459833795014,6.439320388349515,0.0,0.0,0.0,8.804195804195805,24.43952299829642,5.495890410958904,2.5,0.0,1.6115702479338845,23.827111111111112,23.40383333333333,22.97623611111111,62.96820770519263,22.86270457697642,22.837902777777774,22.87530555555556,23.350138888888885,23.51463888888889,22.543875,23.07286111111111,22.95279166666667,22.884763888888887,23.677611111111112,22.630472222222224,22.54675,22.376652777777775,,22.66761111111111,23.793134535367543,23.11451388888889,23.649277777777776,23.111680555555555,23.72525,23.15693055555556,25.983430555555557,22.356194444444444,23.32611111111111,23.28863888888889,23.509875,22.977927677329625,23.347194444444444,23.85976388888889,24.24745833333333,24.75745833333333,23.855791666666665,24.184986111111108,22.394291666666668,22.51527777777778,22.920722222222224,21.60211111111111,22.83608333333333,21.66906944444444,23.10305555555556,24.02125,24.63034722222222,22.804986111111116,23.633152777777777,26.27608333333333,24.51533333333333,24.483277777777776
171,2013-08-30 18:00:00,676.1569444444444,857.2166666666667,453.3208333333333,730.0806675938804,607.1847222222223,517.2847222222222,448.31805555555553,499.6513888888889,565.1430555555555,599.9138888888889,478.1694444444444,457.2013888888889,427.42083333333335,530.2666666666667,607.5138888888889,543.3791666666667,519.4041666666667,,443.1055555555556,578.8180555555556,562.1319444444445,546.125,501.3611111111111,370.1569444444444,468.5180555555556,633.4916666666667,479.2611111111111,676.5652777777777,766.2069444444444,906.5111111111112,512.1263888888889,555.8736111111111,187.51944444444445,563.6736111111111,529.5833333333334,899.0097222222222,507.5208333333333,425.9666666666666,468.17083333333335,533.5708333333333,475.5416666666667,440.0652777777778,484.31669044222537,266.64673157162724,481.29027777777776,723.3486111111112,741.525,610.1444444444444,607.9611111111111,488.89722222222224,647.4125,51.939416666666666,60.41802777777778,60.493208333333335,61.43508333333334,62.41208333333333,61.503083333333336,60.2885,59.341166666666666,58.19608333333333,61.791875000000005,60.98079166666666,54.38965277777778,61.60570833333333,58.331625,62.01204166666666,63.733398058252426,62.03158333333333,,61.173125,58.24061366806136,60.46952777777778,57.44563888888889,61.33092926490985,58.743402777777774,58.74883333333334,55.02776388888888,62.943875,59.47531944444445,59.21268055555555,59.71154166666666,58.20527777777778,57.28570833333333,55.17765277777777,55.86039534883721,52.52431944444445,56.914180555555554,55.10988888888889,60.831763888888894,60.35081944444444,60.356875,60.994027777777774,56.541754874651815,64.4792638888889,59.457,55.63251388888888,54.76233009708738,59.25227777777778,56.85368055555556,48.92990277777778,52.80818307905686,54.60005555555556,111.53472222222224,51.55416666666667,75.16666666666667,130.9125,197.03194444444443,180.7097222222222,4.520833333333333,3.7625,5.284722222222222,4.061111111111111,4.594444444444444,3.361111111111111,3.477777777777778,3.938888888888889,7.423611111111111,4.470180305131762,67.63472222222222,,11.483333333333333,39.88284518828452,4.394444444444445,3.6486111111111112,3.5852981969486826,36.69861111111111,5.693055555555556,166.32638888888889,86.20833333333333,259.9013888888889,245.34722222222223,71.50833333333334,16.308333333333334,221.9208333333333,250.64444444444445,173.32790697674417,85.31527777777778,29.76527777777778,286.7888888888889,2197.3888888888887,132.1861111111111,372.9916666666667,172.0875,11.045961002785516,232.41666666666663,5.025,3.3361111111111112,38.994452149791954,36.95972222222223,3.540277777777778,40.22361111111111,16.739251040221912,66.42777777777778,0.0,24.172631578947367,0.0,13.781578947368422,0.0,0.0,0.0,0.0,0.0,0.0,0.0,0.0,0.0,0.0,0.0,0.0,28.943493150684933,,0.0,17.441176470588236,3.352617079889807,0.0,0.0,8.561643835616438,13.048,20.560526315789478,2.809917355371901,13.43099273607748,0.0,-1.0,0.0,0.0,0.0,0.0,0.0,27.564610011641445,0.0,8.91857506361323,0.0,4.08,10.94385026737968,0.0,0.0,0.0,0.0,28.681887366818877,23.76702508960573,0.0,15.561855670103093,0.0,0.0,24.038805555555555,23.664222222222225,23.094375,63.14781944444445,23.087166666666665,22.97476388888889,22.862375,23.326125,23.622888888888887,22.55898611111111,23.06427777777777,22.953069444444445,22.878444444444444,23.61959722222222,22.72665277777778,22.35128987517337,22.737069444444444,,22.749402777777775,24.01536959553696,22.86725,23.663541666666667,23.150873786407764,24.56280555555556,23.681291666666667,25.99761111111111,22.34272222222222,23.65618055555556,23.64305555555556,24.03311111111111,23.550791666666665,23.990361111111117,24.38481944444444,24.806348837209303,25.379041666666662,24.96086111111111,24.939138888888888,23.250222222222224,22.76290277777778,23.075916666666668,22.13643055555556,22.948050139275768,21.808,23.129222222222225,24.05997222222222,24.929126213592237,23.75566666666667,23.612569444444443,26.37752777777778,25.514382801664357,25.00006944444444
172,2013-08-30 19:00:00,670.0763888888889,650.9152777777778,456.3236111111111,945.4631432545202,463.92926490984746,521.4555555555555,454.32916666666665,505.5305555555556,567.6625,604.3555555555556,483.8875,461.6430555555556,433.54583333333335,536.3513888888889,606.8416666666667,544.8055555555555,451.1041666666667,,446.9611111111111,588.8125,728.8416666666667,550.6916666666667,507.126112759644,387.00555555555553,400.4694444444444,641.5805555555555,475.45972222222224,579.1734265734266,688.4486111111111,683.2347222222222,509.1555555555556,566.8375,181.52777777777777,543.1416666666667,525.8458333333333,837.675,505.1388888888889,417.70972222222224,475.6166666666667,515.5305555555556,420.63194444444446,445.5708333333333,481.2652777777778,272.9472222222222,491.3125,550.5757997218359,886.7986111111111,726.7222222222222,630.0805555555555,491.4763888888889,692.4541666666667,51.12256944444445,59.60158333333333,59.985,61.20016666666667,61.526875,60.946666666666665,60.09070833333333,59.17948611111112,57.78844444444445,61.51133333333334,60.74858333333333,54.192388888888885,61.401916666666665,58.18504166666667,61.53904166666667,63.932625,60.47731944444444,,60.92554166666667,57.575577464788736,60.67484722222222,57.21451388888889,61.041583333333335,58.61083333333334,58.14729166666666,54.737569444444446,62.63320833333333,57.88130555555556,57.71715672676838,58.70747222222222,57.76161111111112,54.974215686274505,52.77304166666666,55.17644444444444,51.58508333333334,55.95869444444445,54.45159722222223,58.398069444444445,59.506125,59.46176388888889,59.37509722222222,56.24692737430168,63.828541076487255,59.14895833333333,55.35370833333333,54.11738888888888,56.84426388888889,56.59106944444444,48.58691666666667,50.48540277777777,53.66669444444444,130.21944444444443,46.87083333333333,83.38333333333334,128.54861111111111,201.64027777777775,196.26944444444445,4.268055555555556,3.7125,5.472222222222222,4.0777777777777775,4.572222222222222,3.415277777777778,3.4833333333333334,3.906944444444445,7.352777777777778,4.5,91.27638888888887,,12.330555555555556,39.92816901408451,32.275,3.5347222222222223,3.5694444444444446,49.49861111111111,4.463888888888889,166.61666666666667,93.4888888888889,253.70416666666668,247.2995839112344,79.84305555555555,16.325,245.906162464986,244.72083333333333,152.23472222222222,87.81944444444444,32.80277777777778,291.43888888888887,2149.027777777778,134.69166666666666,365.1486111111111,169.39444444444445,12.572625698324025,230.1458923512748,5.151388888888889,3.3097222222222222,39.98888888888889,35.1,11.380555555555556,56.65138888888889,16.726388888888888,87.13333333333334,5.706185567010309,0.0,0.0,23.186206896551724,0.0,0.0,0.0,0.0,0.0,0.0,0.0,0.0,0.0,0.0,0.0,0.0,8.002597402597402,,0.0,17.956410256410255,18.28743961352657,0.0,0.0,16.692513368983956,0.0,17.577540106951872,3.368279569892473,2.9918478260869565,0.0,-1.0,0.0,0.0,0.0,0.0,0.0,17.716589861751153,0.0,0.0416666666666666,0.0,0.0,0.0,12.901185770750988,0.0,0.0,0.0,20.374722838137476,29.693807339449545,14.058666666666667,14.802666666666669,0.0,19.565552699228792,24.252,23.51140277777777,23.234569444444443,78.15791666666667,23.021194444444443,23.109069444444444,22.87184722222222,23.32519444444444,23.689569444444448,22.580069444444444,23.07411111111111,22.959333333333333,22.885555555555552,23.61404166666667,22.78356944444445,22.25143055555556,23.022,,22.723,24.131845070422536,23.100458333333336,23.663041666666665,23.15876388888889,23.788847222222223,23.56230555555556,26.09531944444445,22.336041666666667,23.901402777777776,24.002538141470183,23.855777777777774,23.411944444444444,24.608417366946775,25.107000000000003,24.584902777777778,25.43801388888889,25.02429166666667,24.762166666666666,23.80819444444445,23.023680555555558,23.283527777777778,22.419875,22.968128491620117,21.95974504249292,23.184402777777777,24.11036111111111,24.783097222222224,24.68426388888889,23.838625,26.473930555555555,26.249208333333332,25.16033333333333
173,2013-08-30 20:00:00,581.1972222222222,597.25,452.00555555555553,999.75,420.6458333333333,515.9125,452.1388888888889,501.81805555555553,563.7736111111111,599.6763888888889,480.7861111111111,458.21527777777777,431.8125,532.6305555555556,601.3625,542.6402777777778,421.6375,,445.1736111111111,787.6291666666667,703.7625,548.6916666666667,503.5618915159944,407.4888888888889,427.40972222222223,603.8027777777778,491.3305555555556,590.8513888888889,594.2041666666667,855.7041666666667,511.3869625520111,565.8486111111112,178.95555555555555,592.1305555555556,521.7205056179776,659.4244105409153,499.5291666666666,417.3777777777778,471.7625,503.84027777777777,410.6069444444444,650.3680555555555,476.19444444444446,271.3222222222222,490.2638888888889,690.9611111111111,833.2791666666667,783.7680555555555,621.1805555555555,486.1222222222222,708.65,50.44340277777778,59.183875,59.31956944444444,61.24838966202783,60.70525,60.30908333333333,59.79177777777778,58.89149999999999,57.388444444444445,61.14175,60.43797222222221,53.92573611111111,61.11908333333333,57.90754166666667,61.06725,63.68756944444445,59.76669444444444,,60.911125000000006,57.38670833333333,59.25758333333333,56.98318055555556,60.760375,58.14980528511822,58.25165963431786,54.5125,62.26075,57.925041666666665,57.202375,59.16263522884882,58.236513888888894,53.511125,51.172916666666666,55.67329166666666,51.285138888888895,54.867444444444445,54.88136111111111,56.503972222222224,58.528416666666665,58.794291666666666,58.24297222222223,55.99162011173184,63.08441666666666,58.75383333333333,54.99359722222222,54.34101388888889,54.22030555555556,55.563944444444445,48.14540277777778,48.880291666666665,52.90608333333333,107.61666666666666,46.74305555555556,83.30277777777778,118.94433399602386,203.5638888888889,217.62222222222223,4.105555555555555,3.776388888888889,5.591666666666667,3.983333333333333,4.509722222222222,3.3833333333333333,3.45,3.959722222222222,7.4944444444444445,4.573611111111111,101.48333333333332,,13.145833333333334,39.516666666666666,9.626388888888888,3.6,3.6041666666666665,49.39916550764951,5.19690576652602,166.19305555555556,93.76527777777778,262.47777777777776,238.83194444444445,73.78918169209432,13.948611111111113,246.59722222222223,206.8708333333333,145.88194444444446,75.33055555555555,29.64583333333333,266.675,2152.5430555555554,132.39027777777778,357.10555555555555,178.2138888888889,38.94413407821229,222.5986111111111,5.083333333333333,3.466666666666667,38.74305555555556,33.78611111111111,14.873611111111112,56.5125,13.593055555555557,104.86944444444444,0.0,0.0,0.0,24.40893470790378,0.0,0.0,0.0,0.0,0.0,0.0,0.0,0.0,0.0,0.0,0.0,0.0,5.080939947780679,,0.0,29.083735909822867,9.93421052631579,0.0,0.0,12.87667560321716,7.547683923705722,15.86096256684492,3.410958904109589,3.414634146341464,0.0,-1.0,0.0,0.0,4.708994708994709,14.843822843822844,0.0,22.934701492537314,0.0,9.548463356973995,0.0,0.0,0.0,18.704633204633204,0.0,0.0,0.0,29.551136363636363,25.338983050847457,16.336760925449873,17.21323529411765,0.0,10.984810126582278,24.21141666666667,23.414069444444447,23.381208333333333,65.66884691848907,23.073319444444447,23.241541666666667,22.90201388888889,23.351472222222224,23.73759722222222,22.604458333333334,23.091444444444445,22.978694444444443,22.90572222222222,23.62455555555556,22.822916666666668,22.272777777777776,23.043736111111112,,22.64643055555556,24.481513888888887,23.512583333333332,23.658194444444447,23.155125,23.90242002781641,23.479803094233475,26.09475,22.36813888888889,23.73802777777778,23.87833333333333,23.986601941747573,23.13397222222222,24.882319444444445,25.454833333333333,24.386652777777776,25.355194444444447,25.212541666666667,24.422208333333337,24.31361111111111,23.267041666666668,23.39080555555556,22.61561111111111,23.402877094972062,22.095930555555555,23.265541666666664,24.191333333333333,24.899625,25.231875,24.252,26.58265277777777,26.64148611111111,25.26609722222222
174,2013-08-30 21:00:00,638.5777777777778,586.4166666666666,447.1529902642559,655.05702364395,413.88595271210016,513.7236111111112,448.3930555555556,498.3888888888889,558.9138888888889,593.1680555555556,477.0125,454.3444444444444,426.8375,527.0555555555555,624.0208333333334,528.0611961057024,407.62916666666666,,470.825,624.7694444444444,638.7444444444444,542.3986111111111,498.61613351877605,393.5111111111111,486.7861111111111,651.2875,521.2611111111111,653.4888888888889,587.1333333333333,820.1559888579387,507.9763560500696,564.3597222222222,178.31527777777777,592.6,517.8055555555555,835.7663421418637,496.2027777777778,474.1835883171071,466.4472222222222,499.3319444444445,407.24305555555554,487.0722222222222,469.97777777777776,268.53194444444443,487.50138888888887,508.8263888888889,826.3180555555556,656.8013888888889,633.8633802816902,483.961057023644,690.8180555555556,50.374625,58.85631944444445,58.705638888888885,59.50931944444444,59.84258692628651,59.71498611111111,59.49161111111111,58.620250000000006,57.00840277777778,60.81020833333333,60.13554166666666,53.70744444444445,60.840125,57.59408333333333,61.025125,63.98687065368567,59.03993055555556,,60.47826388888889,56.19509040333797,59.09270833333333,56.78923611111111,60.50890125173853,57.757125,57.45568055555555,54.50898611111111,61.28683333333333,56.95590277777778,56.84993045897079,58.00187760778859,58.13948611111111,52.80769444444445,50.190444444444445,55.855083333333326,51.25975,54.376861111111104,55.4625,55.34068055555556,57.64998611111111,58.08704166666666,57.34016666666666,55.30872044506259,62.386625,58.38543055555556,54.65173611111111,52.99354659248957,53.37263888888889,54.780527777777785,47.935388888888895,48.17375521557719,52.822847222222215,115.40138888888887,48.27638888888889,76.94027777777778,116.02638888888887,198.64673157162727,225.18472222222223,3.9402777777777778,3.709722222222222,5.759722222222222,4.019444444444445,4.509722222222222,3.370833333333333,3.4,3.952777777777778,25.42083333333333,4.517385257301808,121.35277777777776,,13.1375,39.770514603616135,12.709722222222222,3.629166666666667,3.545201668984701,49.456944444444446,16.3875,165.31805555555556,106.51527777777778,266.6222222222222,231.3421418636996,72.94158553546592,11.1875,221.37222222222223,196.01527777777775,147.66805555555555,61.359722222222224,33.18472222222222,215.2763888888889,2135.615277777778,126.25,344.68333333333334,183.4625,4.069541029207232,212.44027777777777,5.068055555555556,3.408333333333333,35.94853963838665,31.42083333333333,11.561111111111112,56.640277777777776,9.773296244784422,130.25555555555556,2.8846153846153846,0.0,0.0,0.0,0.0,0.0,0.0,0.0,0.0,0.0,0.0,0.0,0.0,0.0,20.590534979423868,0.0,0.0,,3.5013698630136987,18.757653061224488,5.717808219178083,0.0,0.0,12.34501347708895,16.875,18.657824933687003,9.362530413625304,4.12396694214876,0.0,-1.0,0.0,0.0,2.9122340425531914,4.6875,0.2409972299168975,19.84149184149184,0.0,28.990163934426228,0.0,0.0,0.0,0.0,0.0,0.0,0.0,13.678879310344827,28.2986798679868,5.8975069252077565,20.392857142857142,0.0,9.69836956521739,24.349319444444443,23.414625,23.51431944444445,70.60277777777777,23.215354659248955,23.3615,22.932986111111116,23.37965277777777,23.78708333333333,22.62972222222222,23.116152777777778,22.98663888888889,22.928263888888893,23.664472222222223,22.812416666666664,21.97440890125174,23.215541666666663,,22.74036111111111,24.55816411682893,23.233125,23.65738888888889,23.1626842837274,23.97805555555556,23.90808333333333,26.12218055555556,22.70815277777778,24.12173611111111,23.86550764951321,24.37816411682893,23.076541666666667,24.92640277777777,25.67476388888889,24.206902777777778,25.219944444444444,25.509263888888885,24.09511111111111,24.685819444444444,23.478472222222223,23.546819444444445,22.80648611111111,23.32514603616133,22.238319444444446,23.33063888888889,24.265611111111117,25.029151599443672,25.984361111111117,24.16201388888889,26.61179166666667,26.70272600834492,25.149736111111118
175,2013-08-30 22:00:00,668.2986111111111,575.9687943262411,437.0875,635.1166666666667,401.0375,500.0986111111111,439.12378303198886,488.1486111111111,544.4277777777778,579.9555555555555,468.52433936022254,445.4375,418.35277777777776,514.4513888888889,573.7305555555556,516.4180555555556,397.12638888888887,,435.8567454798331,525.7861111111112,648.0125,532.3347222222222,487.2597222222222,390.9458333333333,503.3236111111111,650.5194444444444,466.1,630.1194444444444,565.2791666666667,813.7569444444445,494.68194444444447,542.1333333333333,188.25,571.275,615.9360222531293,784.7791666666667,480.4,461.4333333333333,456.8833333333333,488.1986111111111,413.6011396011396,470.466573816156,456.8539638386648,257.7844228094576,479.9471488178025,551.9763231197771,868.7,729.3111111111111,575.2513888888889,477.1055555555556,644.7791666666667,49.43689847009736,58.33877777777778,58.082350486787206,59.180388888888885,59.031513888888895,59.10402777777778,59.15166666666666,58.29403337969402,56.67138888888889,60.41440277777778,59.78991666666666,53.411319444444445,60.51912378303199,57.19561111111112,60.51375,65.33372222222222,57.88822468793343,,59.83754166666667,56.07702777777778,59.21418055555556,56.53925,60.19333333333333,57.1730180806676,56.718152777777775,54.20104166666667,60.72875,55.74405555555556,56.34723611111112,57.395625,58.19424200278164,52.88471567267683,49.96422222222222,56.09209722222222,51.29581944444444,53.674388888888885,56.282777777777774,53.43411682892906,56.83676388888889,57.403777777777776,56.52183333333333,55.21522222222222,61.72387500000001,58.01694019471488,54.264158553546594,52.93918055555555,53.35798611111111,54.74770833333333,47.35436111111111,48.03581944444444,52.51506944444444,106.73435326842838,51.793055555555554,69.23087621696801,122.42916666666666,187.17222222222225,222.32638888888889,3.8958333333333335,3.795549374130737,5.822222222222222,4.006944444444445,4.559722222222222,3.3916666666666666,3.500695410292072,3.9277777777777776,5.879166666666666,4.520833333333333,219.0748959778086,,12.169444444444444,39.46805555555556,12.869444444444444,3.6,3.501388888888889,49.50069541029208,5.026388888888889,164.34444444444443,110.79444444444444,258.8,218.8180555555556,69.19583333333334,9.515994436717664,188.0235783633842,193.95555555555555,156.04722222222222,95.87638888888888,31.42222222222222,168.4138888888889,2125.924895688456,115.19583333333334,326.9166666666667,188.52777777777777,25.738888888888887,197.24305555555557,5.108484005563282,3.3310152990264257,46.87638888888889,28.92361111111111,17.843055555555555,56.78888888888889,8.08611111111111,135.50694444444446,0.0,0.0,0.0,7.677165354330708,0.0,0.0,0.0,0.0,0.0,0.0,0.0,0.0,0.0,0.0,7.341836734693878,0.0,0.0,,0.0,16.20145631067961,2.411602209944751,0.0,0.0,17.93421052631579,13.96551724137931,20.8,1.450276243093923,6.793388429752066,0.0,-1.0,0.0,0.0,10.815980629539952,20.25612472160356,28.16592920353982,19.228571428571428,0.0,23.581105169340464,0.0,0.0,3.2868852459016398,15.08101851851852,0.0,0.0,0.0,25.84626234132581,26.283667621776505,5.038674033149171,19.038071065989847,0.0,11.050970873786408,24.822962447844223,23.515486111111112,23.6263421418637,76.68374999999999,23.319805555555558,23.457930555555556,22.96020833333333,23.407371349095968,23.78470833333333,22.642861111111117,23.12568055555556,22.999763888888893,22.94203059805285,23.696486111111117,22.760847222222225,21.45795833333333,23.6373092926491,,22.846194444444443,24.29025,23.125694444444445,23.646736111111117,23.16580555555556,24.09197496522949,24.13372222222222,26.287569444444443,22.662027777777777,24.37979166666667,23.88372222222222,24.474958333333333,22.933616133518772,24.72858529819695,25.604736111111112,23.973125000000003,25.306666666666665,25.543027777777777,23.679055555555557,25.15689847009736,23.641319444444445,23.65625,22.99347222222222,23.26988888888889,22.332375,23.362086230876216,24.31552155771905,25.065597222222223,25.182569444444447,24.242680555555555,26.56670833333333,26.49376388888889,25.08680555555556
176,2013-08-30 23:00:00,638.2621359223301,556.4041666666667,420.7972222222222,693.9819444444445,408.7791666666666,485.3597222222222,423.3708333333333,473.07916666666665,524.5916666666667,559.6236111111111,452.57916666666665,429.7079276773296,403.8555555555556,495.6361111111111,544.4222222222222,502.6208333333333,431.8486111111111,,409.61805555555554,447.84027777777777,567.2847222222222,514.2055555555555,470.6208333333333,354.34583333333336,444.6041666666667,575.0083333333333,456.1875,604.2972222222222,542.4416666666667,731.8444444444444,480.1361111111111,526.7611111111111,145.9986111111111,525.0875,616.4263888888889,688.1152777777778,467.4180555555556,425.8305555555556,444.2305555555556,473.493758668516,388.4166666666667,599.2972222222222,442.46527777777777,245.8817802503477,465.72777777777776,548.9402777777777,707.2097222222222,739.6527777777778,495.1625,461.2583333333333,594.5513888888889,48.41883333333333,58.02351388888889,57.78936111111111,59.250708333333336,58.62245833333333,58.76104166666666,58.961416666666665,58.14305555555556,56.67597222222223,60.28208333333333,59.644597222222224,53.30902777777778,60.37088888888889,56.99376388888889,60.45225000000001,65.90827777777778,56.0435,,59.58182997118156,56.30381944444444,59.34166666666667,56.47879166666666,60.11754166666666,57.24758333333334,56.08898611111111,53.96213888888889,60.193375,55.130652777777776,56.278444444444446,56.638597222222224,58.69526388888888,52.82856944444445,50.14640277777777,57.52623611111111,51.47976388888889,52.886472222222224,58.81395833333334,55.14155555555556,56.39790568654647,57.05601388888889,55.901222222222216,54.848333333333336,61.45733333333333,57.812694444444446,54.05902777777778,51.26806944444445,53.95141666666666,54.665888888888894,47.75746870653686,48.85979166666667,53.24904166666666,100.62361111111112,53.34166666666667,60.74444444444445,124.94444444444444,184.60972222222225,223.59583333333333,3.763888888888889,3.7569444444444446,5.977777777777778,4.061111111111111,4.590277777777778,3.4055555555555554,3.5569444444444445,3.9277777777777776,4.123611111111111,4.490277777777778,229.79166666666663,,10.8328530259366,8.754166666666666,12.947222222222225,3.626388888888889,3.695833333333333,21.183333333333334,5.044444444444444,163.29722222222222,131.92361111111111,242.5986111111111,204.2,65.88888888888889,8.98611111111111,144.8527777777778,148.3986111111111,139.3527777777778,94.75,33.06388888888889,141.06666666666666,2132.8180555555555,101.87933425797505,309.7013888888889,180.94722222222225,45.68888888888889,180.89027777777775,4.945833333333334,3.4472222222222224,67.68055555555556,29.89027777777778,17.523611111111112,14.18219749652295,7.365277777777778,95.80694444444444,0.0,0.0,0.0,8.913978494623656,0.0,0.0,0.0,0.0,0.0,0.0,0.0,0.0,0.0,0.0,0.0,0.0,21.043956043956044,,0.0,0.0,3.371900826446281,0.0,0.0,2.5235457063711912,2.4833333333333334,21.775132275132275,4.815217391304348,15.198492462311558,0.0,-1.0,0.0,0.0,0.0,7.8871391076115485,24.83411214953271,14.591422121896162,0.0,20.9811320754717,0.0,0.0,0.0,23.386925795053003,0.0,0.0,0.0,29.541029207232267,17.244498777506113,12.686170212765957,2.4782608695652173,0.0,0.0,25.309541666666664,23.591111111111108,23.692402777777776,88.36645833333333,23.338041666666665,23.576,23.002291666666668,23.44676388888889,23.767125000000004,22.67511111111111,23.144458333333333,23.01504166666667,22.961097222222225,23.744319444444443,22.813097222222225,21.395805555555555,24.57704166666667,,22.928674351585013,23.95833333333333,23.029694444444445,23.648069444444445,23.17290277777778,23.886527777777776,24.241555555555557,26.295708333333334,22.885597222222223,24.50531944444444,23.86623611111111,24.40597222222222,22.78359722222222,24.776305555555552,25.412277777777778,23.412625,25.23001388888889,25.551097222222225,22.87270833333333,24.37286111111111,23.781109570041608,23.766513888888888,23.156486111111118,23.76998611111111,22.424041666666668,23.41036111111111,24.37923611111111,25.759083333333333,24.573166666666665,24.269069444444444,26.19915159944367,26.002152777777777,24.690694444444443
177,2013-08-31 00:00:00,552.4402777777777,534.1347222222222,399.75,701.2625,393.34722222222223,465.7180555555556,406.6555555555556,456.51666666666665,504.20946915351504,532.9472222222222,432.9472222222222,412.533426183844,386.50694444444446,476.45416666666665,522.15,485.04583333333335,448.19305555555553,,389.4236111111111,411.36805555555554,484.5708333333333,492.9347222222222,452.67083333333335,294.76944444444445,490.2305555555556,537.5861111111111,407.2805555555556,500.0125,581.6611111111112,573.1736111111111,459.3208333333333,503.65972222222223,191.68194444444444,524.05,479.5833333333333,499.2069444444445,452.75694444444446,383.12361111111113,428.3388888888889,456.34027777777777,368.8388888888889,598.7902777777778,422.21527777777777,230.94444444444449,445.4569444444445,464.40833333333336,630.8347222222222,627.4958333333333,445.84583333333336,439.5597222222222,565.8888888888889,47.149458333333335,57.76775,57.26920833333334,58.956763888888894,57.99075,58.149125000000005,58.745333333333335,57.92345833333333,56.58519444444445,60.133625,59.479,53.18190277777778,60.21770833333333,56.805,60.10516666666667,65.33134722222222,53.11383333333333,,59.08143254520167,56.96997222222222,59.420625,56.39227777777778,60.00604166666666,57.825375,55.88968055555556,53.925875000000005,60.13154166666666,55.245583333333336,56.19031944444444,56.69234722222222,58.84875,53.19251388888889,50.76593055555556,58.40630555555556,52.29774999999999,52.55091666666667,59.288125,56.888597222222224,55.93048611111111,56.63581944444445,55.33216666666666,54.283625,61.06366666666666,57.64058333333333,53.85759722222223,49.85183333333333,54.582097222222224,54.48579166666666,48.21027777777778,49.76766666666667,53.926763888888885,133.03055555555557,54.730555555555554,49.668055555555554,117.87916666666666,166.10694444444445,205.59027777777777,3.5027777777777778,3.7083333333333335,5.697222222222222,3.941666666666667,4.476388888888889,3.129166666666667,3.326388888888889,3.5541666666666667,3.611111111111111,3.4055555555555554,332.7263888888889,,9.936022253129346,3.4208333333333334,12.90277777777778,3.55,3.561111111111111,2.730555555555556,13.619444444444444,163.0402777777778,146.76388888888889,208.8972222222222,202.28194444444443,65.92916666666666,9.959722222222222,169.8361111111111,172.91944444444445,97.2611111111111,70.49305555555556,21.22222222222222,114.66805555555555,2149.8888888888887,90.16666666666669,296.24583333333334,209.48194444444445,11.848611111111111,167.54166666666666,4.961111111111111,3.283333333333333,92.74444444444444,21.31388888888889,13.834722222222222,4.259722222222222,8.484722222222222,68.525,1.367403314917127,0.0,0.0,18.32368421052632,0.0,0.0,0.0,0.0,0.0,0.0,0.0,0.0,0.0,0.0,0.0,0.0,26.794314381270905,,0.0,0.0,0.0,0.0,0.0,0.0,22.79368932038835,16.029255319148938,0.0,0.0,0.0,-1.0,0.0,0.0,8.65281173594132,0.0,3.455801104972376,20.57314629258517,0.0,8.176470588235293,0.0,0.0,0.0,13.323293172690764,0.0,0.0,0.0,29.474509803921567,4.586956521739131,6.203296703296704,0.0,0.0,0.0,25.573138888888888,23.61404166666667,23.812916666666663,83.74468055555555,23.448722222222223,23.78465277777778,23.046791666666664,23.49897222222222,23.770222222222223,22.67948611111111,23.15940277777778,23.028236111111116,22.97455555555556,23.765722222222223,22.86640277777778,21.57673611111111,25.614875,,23.07899860917941,23.550763888888888,22.81119444444445,23.630986111111117,23.155083333333334,23.48072222222222,24.253,26.273305555555552,22.69198611111111,24.148666666666667,23.955375,23.987972222222226,22.686805555555555,24.50068055555556,25.214958333333332,23.143708333333336,24.64709722222222,25.25025,22.76,23.646,23.84030555555556,23.835236111111108,23.246166666666664,23.917930555555557,22.47568055555556,23.393166666666666,24.38455555555556,26.030944444444444,24.186680555555554,24.13180555555556,25.85980555555556,25.537944444444445,24.397069444444444
178,2013-08-31 01:00:00,509.0431154381085,512.8344923504868,379.72083333333336,505.23333333333335,372.6592489568845,443.2763888888889,387.9694444444444,438.3866481223922,485.29346314325454,515.6388888888889,415.12361111111113,397.30555555555554,368.3027777777778,458.12361111111113,500.97222222222223,463.1988873435327,377.8072122052705,,368.78940027894,392.43611111111113,473.8333333333333,473.3625,435.7162726008345,272.4013888888889,425.2412831241283,478.9375,387.3824756606398,459.9513888888889,710.7666666666667,505.105702364395,439.6592489568845,481.6741889985896,190.17107093184975,478.92189679218967,452.8083333333333,477.48333333333335,431.9916666666667,352.5708333333333,409.6458333333333,439.8692628650904,352.5271210013908,402.35643564356434,403.56884561891513,216.5696378830084,422.6509040333797,453.7392510402219,577.8075313807532,509.0990237099024,424.413073713491,419.18055555555554,547.0792767732962,46.37601115760111,57.42884561891516,56.72246861924687,58.34294444444444,57.461638888888885,57.063300835654594,58.47844228094576,57.66184979137692,56.43701388888889,59.937023643949935,59.24273991655076,53.01463888888889,60.0349860724234,56.59338888888889,59.7441585535466,64.88054166666666,49.699374130737134,,57.92113888888889,57.42411111111111,59.63004172461753,56.28241666666666,59.892625,58.02925,55.93169680111266,53.79554937413074,60.262708333333336,55.75027816411683,55.10040333796941,57.14347705146036,58.77001390820584,53.44933240611961,50.96543933054394,57.30331944444444,52.69965229485397,52.77228094575799,57.91217142857143,57.25467329545455,55.50757997218359,56.143212795549374,54.66278164116829,54.11156944444445,60.64165277777777,57.57433333333334,53.751125,48.95381944444444,55.54830555555555,54.68225806451613,48.71747222222223,50.599944444444446,54.04786111111111,224.9358437935844,67.82197496522949,49.68758716875872,141.60416666666666,163.4013888888889,200.4763231197772,3.5285118219749654,3.6884561891515992,5.894444444444445,4.013908205841447,4.62586926286509,3.3833333333333333,3.481894150417827,3.7083333333333335,3.650904033379694,3.608333333333333,576.0834492350486,,11.795833333333333,3.4208333333333334,7.292072322670376,3.602777777777778,3.6152777777777776,2.772222222222222,4.575799721835884,162.6940194714882,199.8,198.8664812239221,220.46175243393603,61.29624478442281,9.639777468706535,120.4575799721836,53.47140864714086,14.675,8.522948539638387,27.751043115438108,21.03,2156.9517045454545,100.58414464534076,359.89290681502086,459.029207232267,3.948611111111111,190.5847222222222,5.033333333333333,3.298611111111111,107.42916666666666,14.119444444444444,4.566619915848527,4.304166666666666,7.3375,47.12777777777778,0.0,0.0,0.0,0.0,0.0,0.0,0.0,0.0,0.0,0.0,0.0,0.0,0.0,0.0,0.0,0.0,2.315217391304348,,0.0,0.0,4.6267029972752045,0.0,0.0,0.0,4.515151515151516,2.5346260387811634,0.0,0.0,0.0,-1.0,0.0,0.0,5.218181818181818,0.0,0.0,13.83132530120482,0.0,0.0,0.0,0.0,0.0,0.0,0.0,0.0,0.0,29.874340021119323,2.540983606557377,0.0,0.0,0.0,0.0,25.60960948396095,23.624075104311544,23.888772663877266,65.80558333333333,23.51701388888889,24.057604456824517,23.088915159944367,23.541363004172464,23.76061111111111,22.67962447844228,23.18595271210014,23.038375,22.986476323119778,23.77805555555556,22.896342141863705,21.637027777777774,26.67624478442281,,23.48480555555556,23.3315,22.703115438108483,23.61568055555556,23.13994444444444,23.334111111111117,24.10383866481224,26.14527121001391,22.631416666666667,23.888748261474262,24.69372739916551,23.68164116828929,22.691863699582758,24.416981919332407,25.17850767085077,23.57447222222222,24.50189151599444,25.066022253129347,23.294942857142857,23.48417613636364,23.98162726008345,24.007913769123785,23.4869123783032,23.51373611111111,22.611625,23.36834722222222,24.37119444444444,26.271319444444444,23.722791666666662,23.76914446002805,25.61333333333333,25.154680555555554,24.369694444444445
179,2013-08-31 02:00:00,494.7426981919333,498.3337969401947,369.06666666666666,470.528511821975,361.2980501392757,429.61281337047353,373.5813630041725,422.94297635605005,471.8103207810321,500.3263888888889,401.8722222222222,381.15738161559887,354.31849791376914,442.5583333333333,492.0138888888889,451.7284122562674,358.9805013927577,,350.06834030683405,380.8066759388039,452.6222222222222,457.9346314325452,421.0361613351878,258.86944444444447,298.7071129707113,453.33472222222224,373.56805555555553,437.78859527121,520.5744089012518,492.69262865090406,424.7107093184979,469.9194444444444,113.36338028169014,454.61281337047353,442.69166666666666,365.9916550764952,424.9069444444444,341.68706536856746,395.9457579972184,424.4220055710306,342.85277777777776,362.0445682451253,389.1638888888889,204.15972222222223,403.8915159944367,396.10152990264254,604.1701534170153,496.38912133891216,413.8263888888889,405.4464534075104,546.9986091794159,46.44159722222222,57.209138888888894,56.48115277777778,58.21111420612814,57.32534075104312,56.4683286908078,58.300752089136495,57.493583333333326,56.29880389429763,59.86442280945757,59.12508333333333,52.90847222222222,59.89962500000001,56.456449375866846,59.61839832869081,64.87009735744088,48.96325352112677,,56.63658333333333,57.90712100139082,59.944728033472806,56.25903765690376,59.85520833333333,58.20155555555556,56.32545201668984,54.48075,60.02954166666666,55.99062761506276,54.001476323119775,57.29926388888889,58.64241666666667,53.57730555555555,51.44553695955369,56.210806675938805,52.51265277777778,52.636944444444445,56.91222531293463,56.95111576011157,54.90709318497913,55.54980528511822,53.871462395543176,54.29289290681501,60.02351877607789,57.530625,53.69966666666667,49.29318497913769,56.71238888888889,55.08452777777778,48.92189655172414,51.561515994436725,53.93611961057024,23.82638888888889,23.24305555555556,17.170833333333334,52.0974930362117,66.83727399165508,88.63927576601671,3.4387186629526463,3.686111111111111,4.930458970792768,3.9221140472879,6.1402777777777775,3.094444444444445,3.379166666666667,3.5436893203883497,3.7729805013927575,3.650904033379694,123.99014084507044,,7.472222222222222,3.2934631432545203,5.093444909344491,3.550906555090656,3.5652777777777778,2.701388888888889,4.253129346314325,11.466666666666669,124.52361111111112,86.10320781032078,103.28272980501391,34.036161335187764,5.116666666666666,10.122222222222222,6.867503486750349,6.705146036161335,4.465277777777778,4.109722222222223,7.086230876216968,2159.248256624825,46.3643949930459,162.1432545201669,167.07799442896936,3.776077885952712,82.11404728789987,4.747222222222222,3.254166666666667,24.482614742698196,26.05,3.083333333333333,4.211206896551724,4.226703755215577,13.92489568845619,0.0,0.0,0.0,0.0,0.0,0.0,0.0,0.0,0.0,0.0,0.0,0.0,0.0,0.0,0.0,0.0,0.0,,0.0,0.0,0.0,0.0,0.0,0.0,0.0,2.625,0.0,0.0,0.0,-1.0,0.0,0.0,0.0,0.0,0.0,3.578811369509044,0.0,0.0,0.0,0.0,0.0,0.0,0.0,0.0,0.0,21.7323717948718,4.016129032258065,0.0,0.0,0.0,0.0,25.41681944444445,23.612972222222226,23.887791666666665,59.60775766016713,23.47461752433936,24.189763231197773,23.10350974930362,23.555541666666663,23.78076495132128,22.66823365785814,23.17861111111111,23.039194444444448,22.99190277777777,23.78034674063801,22.93506963788301,21.629415855354654,26.556774647887327,,23.895375,23.161084840055636,22.59914923291492,23.596304044630404,23.13052777777778,23.250444444444444,23.639554937413077,25.82184722222222,22.713583333333336,23.829511854951186,24.7291782729805,23.63875,22.75515277777778,24.348263888888887,24.784128312412832,23.95728789986092,24.65348611111111,24.907527777777776,23.66956884561891,23.61062761506276,24.136063977746872,24.160723226703755,23.688203342618387,23.334394993045898,22.80712100139082,23.34375,24.356041666666663,25.89465924895688,23.534916666666668,23.599375,25.565847701149423,24.74518776077886,24.44344923504868
180,2013-08-31 03:00:00,481.8298465829847,487.47632311977713,360.0236111111111,463.4638888888889,347.2510460251046,417.2562674094708,362.7125,410.95403899721447,461.2200557103064,489.8722222222222,391.7182705718271,371.5893854748603,344.2597222222222,432.7629009762901,482.5236111111111,442.5746164574617,340.1994421199442,,336.95416666666665,373.817802503477,439.231520223152,450.7409470752089,411.4673157162726,252.04463040446305,277.95403899721447,441.6680555555556,365.51324965132494,426.7791666666666,479.7423398328691,484.1478382147838,416.8884239888424,457.9930167597765,103.8465829846583,443.1208333333333,432.115760111576,346.08472222222224,414.567454798331,332.4555555555556,381.5194444444445,414.59553695955367,328.5746164574617,348.3041666666667,382.136680613668,195.7333333333333,394.0654596100279,320.092050209205,537.4094707520892,485.02231520223154,403.8884239888424,396.9805555555556,539.0654596100278,47.22338888888888,57.55811715481171,57.134652777777774,58.41348675034868,58.096555555555554,56.89632681564245,58.28437325905293,57.47685236768802,56.22148611111111,59.897061281337045,59.16598326359833,52.89804166666666,59.89638386648122,56.472092050209206,59.562,64.82318246110324,51.10222222222222,,56.61803347280334,58.30308333333333,60.26592957746479,56.34448467966574,59.94045833333333,58.3968619246862,56.76105849582173,55.26449093444909,60.53913528591352,56.73905292479109,54.88419444444445,57.57,58.73626740947075,53.99818055555556,52.023857938718656,55.85797768479777,52.42912133891213,53.07778242677824,56.51906944444445,57.44188022284122,55.481808066759385,56.29661111111111,54.38169680111266,54.50825,60.51334722222222,57.64838214783821,53.77200836820084,51.24656944444444,57.44811977715877,55.43508356545961,49.03863699582754,52.39718055555556,54.12351388888889,3.981944444444444,3.873082287308229,3.4652777777777777,3.730822873082287,18.101388888888888,27.865921787709496,3.4080779944289694,3.594707520891365,4.091666666666667,3.161559888579387,4.073919107391911,2.8222222222222224,3.2044506258692627,3.308228730822873,3.6347222222222224,3.528995756718529,3.293055555555556,,3.608089260808926,3.3541666666666665,5.133802816901408,3.5891364902506964,3.619444444444445,2.750348675034868,4.284122562674095,6.0948396094839605,4.00139470013947,3.64066852367688,3.363888888888889,6.7,4.098885793871866,4.066666666666666,3.83008356545961,4.737796373779638,3.3695955369595536,11.652719665271968,3.311111111111111,2168.83704735376,4.051460361613352,3.7875,3.6272600834492352,3.751388888888889,2.9763888888888888,4.698744769874477,3.142259414225941,4.006944444444445,3.33983286908078,2.98050139275766,4.201668984700974,3.748611111111111,4.220833333333333,0.0,0.0,0.0,0.0,0.0,0.0,0.0,0.0,0.0,0.0,0.0,0.0,0.0,0.0,0.0,0.0,0.0,,0.0,0.0,0.0,0.0,0.0,0.0,0.0,0.0,0.0,0.0,0.0,-1.0,0.0,0.0,0.0,0.0,0.0,0.5277777777777778,0.0,0.0,0.0,0.0,0.0,0.0,0.0,0.0,0.0,0.0,0.0,0.0,0.0,0.0,0.0,25.04606944444444,23.409093444909345,23.602805555555555,67.26769874476987,23.130375,23.939846368715084,23.100027855153204,23.55115598885794,23.80584722222222,22.667548746518104,23.17061366806137,23.043152777777777,22.98513212795549,23.784979079497912,22.96813888888889,21.69025459688826,25.45883333333333,,23.76856345885635,23.09318055555556,22.539535211267605,23.592214484679666,23.124791666666663,23.20557880055788,23.43981894150418,25.509721059972108,22.46880055788005,23.576685236768803,24.276875,23.57926388888889,22.77459610027855,24.220569444444447,24.573788300835652,24.03587168758717,24.70125523012552,24.666708507670847,23.795416666666668,23.463467966573816,23.78672222222222,23.765597222222222,23.36207232267038,23.235208333333333,22.55527777777778,23.305829846582984,24.332036262203623,24.98744444444444,23.0783286908078,23.55825905292479,25.63920723226704,24.491083333333336,24.39576388888889
181,2013-08-31 04:00:00,478.6030640668524,488.9902506963789,360.3880389429764,464.557719054242,348.1545961002785,415.1309192200557,359.73018080667595,408.71866295264624,460.84122562674094,490.1611111111111,388.7126917712692,370.0,341.57916666666665,431.0611961057024,489.40851063829786,447.66713091922,335.70194986072426,,334.54242002781643,371.7555865921788,439.6727019498607,447.5487465181059,410.17385257301805,251.966573816156,275.2771587743733,443.7409470752089,365.12691771269175,423.4555555555556,478.8955431754875,481.0125874125874,418.0821727019498,455.2632311977716,104.83286908077994,439.2339832869081,429.7977684797768,317.2736111111111,414.0737134909597,330.7708333333333,381.3421418636996,413.5961002785516,324.07252440725244,342.9109874826148,387.8953974895397,194.2642559109875,390.8857938718663,321.44846796657384,528.509040333797,484.3769123783032,408.5146036161335,399.0347705146036,530.2705718270572,47.8847287899861,57.96508356545961,57.71294853963839,58.90150417827298,58.77299026425591,57.65073919107392,58.32139275766017,57.49276150627615,56.30656467315716,59.975660639777466,59.174937413073714,52.89745125348189,59.91,56.48022284122563,59.56682451253482,64.70979137691238,53.627472222222224,,57.62258019525802,58.53105702364395,60.56415041782729,56.41349858356941,60.0147983310153,58.62529986052999,57.115550906555086,55.280696378830086,61.59034770514604,57.49133891213389,55.88594444444444,57.95409722222222,58.80221757322176,54.4561057023644,52.60269177126917,55.9757938718663,52.50645746164575,53.371324965132494,56.67087743732591,58.2718776077886,56.46816666666667,57.40780250347705,55.31838664812239,54.72873435326843,61.54123783031989,57.80708507670851,53.88587168758717,52.77821974965229,58.838913649025066,55.534025069637885,48.7950347705146,53.33472878998609,54.68038942976356,3.904033379694019,3.896935933147632,3.4255910987482614,3.608635097493036,18.11961057023644,27.694560669456067,3.4206128133704734,3.599721059972106,4.102920723226704,3.244784422809458,4.079276773296245,2.8426183844011144,3.1492329149232914,3.119777158774373,3.532033426183844,3.421418636995828,3.098611111111111,,3.591352859135286,3.2058414464534075,4.77158774373259,3.4575070821529743,3.382475660639777,2.6666666666666665,3.8633193863319386,6.162952646239554,3.9068150208623087,3.589958158995816,3.1152777777777776,6.609722222222223,4.152022315202231,4.001390820584144,3.856345885634589,4.757660167130919,3.237099023709902,3.217573221757322,3.394150417827298,2180.567454798331,4.143055555555556,3.4144645340751043,3.631432545201669,3.721835883171071,2.7899860917941584,4.743375174337517,3.200836820083682,3.9541029207232263,3.5598885793871866,2.9637883008356547,4.246175243393602,3.7121001390820574,4.201668984700974,0.0,0.0,0.0,0.0,0.0,0.0,0.0,0.0,0.0,0.0,0.0,0.0,0.0,0.0,0.0,0.0,0.0,,0.0,0.0,0.0,0.0,0.0,0.0,0.0,1.2880886426592797,0.0,0.0,0.0,-1.0,0.0,0.0,0.0,0.0,0.0,0.0,0.0,0.0,0.0,0.0,0.0,0.0,0.0,0.0,0.0,0.0,0.0,0.0,0.0,0.0,0.0,24.78005563282337,23.251949860724235,23.411780250347704,71.67232590529247,22.932322670375523,23.62966527196653,23.05442896935933,23.514574616457462,23.744575799721837,22.63795549374131,23.15662030598053,23.024220055710305,22.962301255230127,23.767158774373257,22.999693593314763,21.759290681502087,24.505902777777777,,23.37959553695956,23.061390820584144,22.47732590529248,23.59,23.12083449235049,23.148089260808927,23.30386331938633,25.444979079497905,22.099304589707927,23.28440111420613,23.859458333333336,23.395263888888888,22.788256624825664,24.05413073713491,24.33171548117155,23.93366295264624,24.649400278940025,24.43041841004184,23.695222841225625,23.229095966620307,23.417069444444447,23.31929068150209,22.960945757997216,23.14865090403338,22.21655076495132,23.258228730822875,24.28322175732217,24.479165507649515,22.65256267409471,23.588998609179416,25.822962447844223,24.200111265646733,24.18240611961057
182,2013-08-31 05:00:00,482.9011142061281,493.6638772663877,365.297635605007,469.3769123783032,353.5738161559889,428.3774373259053,363.95972222222224,412.7966573816156,465.7548746518106,496.4555555555556,393.0974930362117,373.36768802228414,346.6995827538248,436.60863509749305,478.4172461752434,451.9874651810585,331.3342618384401,,342.8609179415855,379.1910739191074,443.4902506963789,454.7158774373259,415.1406685236769,255.84401114206128,281.61474269819195,466.0793871866295,368.10152990264254,428.4236111111111,482.1601671309192,487.0208913649025,423.7009735744089,458.9290681502087,111.10152990264255,444.67966573816153,436.1768802228413,342.41585535465924,421.1977715877437,334.1835883171071,385.8902777777778,419.1058495821727,327.4874651810585,346.5055710306407,393.1476323119777,198.16411682892908,397.2370990237099,321.0917941585536,527.8352272727273,489.57528409090907,415.4025069637883,403.125173852573,539.2412831241284,48.455841446453405,58.07411682892907,57.99204735376045,59.23825905292479,58.90161335187761,58.503398328690814,58.473621169916434,57.62064066852368,56.514833333333335,60.12121338912134,59.29604456824512,53.02715877437326,60.009832869080775,56.61907949790795,61.28574408901251,64.44193324061196,55.44397774687066,,57.99149025069638,58.487,60.8274512534819,56.5241643454039,60.15111265646732,58.81570236439499,57.46941422594142,55.08556328233657,62.659498607242334,58.1531659693166,56.7157719054242,58.57703755215577,58.65721448467966,54.98331015299026,53.281100278551534,56.33188022284123,52.78229485396384,53.92148817802504,57.15888579387187,58.96293463143255,57.27385257301808,58.45585535465925,56.32894150417828,54.95038942976356,62.40045133991537,57.97140668523677,54.09031988873436,53.52435326842838,59.72076601671309,55.53877607788595,48.358250000000005,54.18227777777778,55.141375,3.859527121001391,3.9610570236439497,3.285515320334262,3.566852367688022,17.803894297635605,27.667130919220057,3.4596100278551534,3.724233983286908,4.2652777777777775,3.3640167364016738,4.06824512534819,2.8217270194986077,3.2743732590529246,3.090655509065551,3.499304589707928,3.365785813630042,2.9541029207232268,,3.5055710306406684,3.213888888888889,4.56824512534819,3.367688022284123,3.5744089012517386,2.670375521557719,3.7405857740585775,6.068150208623088,3.795264623955432,3.605299860529986,3.1738525730180807,6.521557719054242,4.121169916434541,4.037552155771905,3.7729805013927575,4.545961002785515,3.322670375521558,12.3769123783032,3.36908077994429,2158.3226703755217,4.043115438108484,3.5479833101529903,3.445682451253482,3.6801112656467314,2.8787023977433006,4.662952646239554,3.0876216968011128,3.980528511821975,3.619777158774373,3.023643949930459,4.272222222222222,3.755555555555556,4.318055555555556,0.0,0.0,0.0,0.0,0.0,0.0,0.0,0.0,0.0,0.0,0.0,0.0,0.0,0.0,0.0,0.0,0.0,,0.0,0.0,0.0,0.0,0.0,0.0,0.0,0.0,0.0,0.0,0.0,-1.0,0.0,0.0,0.0,0.0,0.0,7.368,0.0,0.0,0.0,0.0,0.0,0.0,0.0,0.0,0.0,0.0,0.0,0.0,0.0,0.0,0.0,24.57350486787204,23.275549374130737,23.37965181058496,55.33870473537605,22.94276773296245,23.362520891364905,23.011211699164345,23.477632311977715,23.691041666666667,22.622036262203626,23.13747910863509,22.994373259052924,22.93874651810585,23.737601115760118,22.292239221140477,21.92702364394993,23.92700973574409,,23.28199164345404,23.140944444444443,22.435194986072425,23.570779944289693,23.092169680111265,23.106564673157163,23.195983263598325,25.486981919332404,21.77541782729805,23.056959553695958,23.556189151599444,23.172044506258693,22.895445682451253,23.887635605006952,24.09643949930459,23.794888579387187,24.540904033379693,24.24481223922114,23.525905292479106,23.03300417246175,23.1501668984701,22.97700973574409,22.59227019498607,23.08269819193324,21.981650211565587,23.225,24.22570236439499,24.305173852573017,22.447674094707523,23.63076495132128,26.063416666666665,23.970805555555557,24.049694444444444
183,2013-08-31 06:00:00,481.4770514603616,495.0796089385475,363.1418636995828,470.4180555555556,353.54659248956887,427.4625,365.60729312762976,413.6136680613668,466.43611111111113,498.1041666666667,396.3980446927374,376.5662482566248,348.8625,437.9958275382476,468.4916666666667,451.3518776077886,328.78998609179416,,344.02928870292885,379.5861111111111,445.94297635605005,455.5169971671388,416.4694444444444,256.89568845618913,284.5991620111732,472.25416666666666,369.0,430.3236111111111,482.825,488.4469273743017,422.7649513212796,459.375,113.19749652294854,443.6173184357542,437.10041841004187,485.81944444444446,423.9375,335.55493741307373,386.05,418.9068150208623,329.18715083798884,347.61538461538464,397.7723463687151,199.268156424581,397.0027932960894,326.50069541029205,524.4217877094972,491.9860335195531,414.46314325452016,403.2361111111111,540.6703910614525,48.78272346368715,58.01166666666667,57.97900837988827,59.36841446453408,58.90562499999999,58.84848189415042,58.456222222222216,57.58124301675977,56.448819444444446,60.00874301675978,59.26840055632824,52.91311111111112,59.96843575418995,56.6893602225313,64.51603616133518,63.71841666666667,56.55945757997218,,58.27885474860336,58.23705555555556,60.80591666666667,56.57459722222222,60.21378303198888,58.919125,57.764553072625695,54.82684283727399,63.29159944367177,58.73370990237099,57.29737134909596,59.1229207232267,58.21233240223464,55.29863888888888,53.75790502793296,56.568539638386646,52.98072524407253,54.33013888888888,57.4905,59.33384937238494,57.812865090403335,59.01955493741307,57.57718055555556,55.018166666666666,62.83204166666667,57.98878661087866,54.14967966573816,53.60343055555556,60.11401388888888,55.47763560500695,47.874,54.50709722222222,55.31923611111111,3.884078212290503,3.8625,3.377094972067039,3.652294853963839,18.043055555555554,27.6949860724234,3.5388888888888888,3.6983240223463687,4.286111111111111,3.372905027932961,4.044506258692628,2.763888888888889,3.2206703910614527,3.115438108484005,3.439499304589708,3.2111111111111112,2.91933240611961,,3.594972067039106,3.305555555555556,4.638888888888889,3.45,3.4450625869262863,2.634214186369958,3.649441340782123,6.052851182197497,3.809457579972184,3.4672245467224547,3.1057023643949933,6.60778859527121,4.2136871508379885,4.125,3.727653631284916,4.719054242002781,3.305439330543933,32.638888888888886,3.333333333333333,2172.50069735007,4.029207232267037,3.521557719054242,3.5416666666666665,3.619444444444445,2.925,4.673640167364017,3.181058495821727,3.9138888888888888,3.5569444444444445,2.995827538247566,4.126388888888889,3.630555555555556,4.1402777777777775,0.0,0.0,0.0,0.0,0.0,0.0,0.0,0.0,0.0,0.0,0.0,0.0,0.0,0.0,0.0,0.0,0.0,,0.0,0.0,0.0,0.0,0.0,0.0,0.0,0.0,0.0,0.0,0.0,-1.0,0.0,0.0,0.0,0.0,0.0,20.928400954653934,0.0,0.0,0.0,0.0,0.0,0.0,0.0,0.0,0.0,0.0,0.0,0.0,0.0,0.0,0.0,24.348421787709498,23.23004166666667,23.3261312849162,61.39603616133519,22.88155555555556,23.185863509749304,22.975041666666662,23.444078212290503,23.657444444444444,22.59649441340782,23.10472878998609,22.987125,22.91067039106145,23.64673157162726,21.23899860917941,22.089430555555555,23.49792767732962,,23.099553072625696,23.206361111111114,22.39390277777777,23.51213888888889,23.024867872044503,23.02790277777778,23.053449720670397,25.428833333333337,21.53084840055633,22.78691771269177,23.26666203059805,22.909958275382472,22.983477653631283,23.742097222222224,23.88805865921788,23.65250347705146,24.413361227336125,24.421611111111112,23.35536111111111,22.851073919107392,22.913101529902644,22.74767732962448,22.084055555555555,23.026333333333334,21.80154166666667,23.194351464435144,24.17682892906815,24.244347222222224,22.300680555555555,23.62865090403338,26.23036111111111,23.85395833333333,23.954875
184,2013-08-31 07:00:00,483.3821478382148,495.5682451253482,366.0237430167598,467.36578581363005,355.80195258019523,429.3018080667594,367.3157162726008,414.31615598885793,467.80945757997216,500.0652777777778,398.5924895688456,377.6039051603905,350.66203059805287,441.2663877266388,466.20305980528514,452.1687587168759,329.7168758716876,,348.1696801112656,383.6759388038943,448.3793584379358,455.88595271210016,416.336578581363,256.7545327754533,288.0347705146036,470.4367176634214,374.79387186629526,431.6592489568845,483.7872044506259,491.4464534075104,425.7768479776848,460.7112970711297,116.44444444444444,445.2656467315716,436.59583333333336,385.8555555555556,424.52222222222224,339.356050069541,387.0208333333333,420.7140864714086,325.69262865090406,347.5132127955493,402.8567454798331,200.37830319888732,396.6462395543176,328.5684357541899,520.663421418637,494.6258692628651,415.25662482566247,403.5305555555556,531.5766016713092,49.27390820584145,58.110055788005575,58.12673157162725,59.63564853556485,59.09542420027817,59.273514644351465,58.50760445682451,57.61920723226704,56.48304589707927,60.04651810584959,59.29196652719666,52.99336578581364,60.0015,56.97719665271967,66.40620111731845,63.36122392211405,57.54959497206704,,58.85344923504867,58.14178025034771,60.931599443671765,56.65595271210015,60.31280726256984,59.09009735744089,58.020041782729805,54.78131837307153,63.91329149232915,59.35805013927577,57.98566248256625,59.77888268156425,58.16899860917942,55.66599443671766,54.2453685674548,56.91022315202231,53.24801388888889,53.997037552155774,57.86111265646731,59.88753824756606,58.378786610878656,59.58974895397489,58.69739916550765,55.113171070931855,63.35225312934631,58.03840277777778,54.230375,54.02678720445063,60.60424999999999,55.4733240611961,47.63507649513213,54.83561891515994,55.49780250347705,3.852573018080668,3.789400278940028,3.4617524339360224,3.668061366806137,18.05424200278164,27.59693165969317,3.8091922005571033,3.695410292072322,4.161335187760779,3.231197771587744,3.97489539748954,2.732962447844228,3.2222222222222223,3.198047419804742,3.4553072625698324,3.2948539638386647,3.085195530726257,,3.484005563282337,3.305980528511822,4.584144645340751,3.442280945757997,3.4874301675977653,2.6383866481223923,3.750696378830084,6.084151472650771,3.928870292887029,3.5445682451253484,3.1673640167364017,6.645251396648045,4.201668984700974,4.023643949930459,3.681502086230876,4.662482566248257,3.3027777777777776,8.055632823365785,3.308762169680111,2149.155771905424,4.048814504881451,3.4630404463040447,3.5479833101529903,3.687065368567455,2.881780250347705,4.718055555555556,3.156944444444445,3.933240611961057,3.55,2.9707927677329624,4.00278164116829,3.5062586926286508,4.057023643949931,0.0,0.0,0.0,0.0,0.0,0.0,0.0,0.0,0.0,0.0,0.0,0.0,0.0,0.0,0.0,0.0,0.0,,0.0,0.0,0.0,0.0,0.0,0.0,0.0,0.0,0.0,0.0,0.0,-1.0,0.0,0.0,0.0,0.0,0.0,0.0,0.0,0.0,0.0,0.0,0.0,0.0,0.0,0.0,0.0,0.0,0.0,0.0,0.0,0.0,0.0,24.14913769123783,23.14638772663877,23.24109874826147,62.94835425383543,22.7836578581363,23.037308228730826,22.933551532033427,23.40816411682893,23.62751043115438,22.574261838440112,23.077907949790795,22.93920723226704,22.87961111111111,23.52705718270572,20.769804469273744,22.16575799721836,23.193337988826816,,22.890361613351875,23.223004172461756,22.357538247566065,23.48214186369958,22.983417015341704,22.96835883171071,22.958523676880223,25.37198611111111,21.34457461645746,22.565194986072424,23.00274755927476,22.659175977653632,22.95346314325452,23.595646731571627,23.699012517385256,23.50884239888424,24.28198611111111,24.420292072322667,23.218720445062583,22.66668984700973,22.70548117154812,22.545453277545327,21.730445062586927,22.98158553546592,21.645243393602225,23.166125,24.13076388888889,24.06892906815021,22.163777777777774,23.61265646731572,26.28158553546592,23.740639777468708,23.859847009735745
185,2013-08-31 08:00:00,478.6208333333333,492.9191073919108,362.739916550765,464.1625,353.8358831710709,424.7111111111111,365.40972222222223,411.83960948396094,464.75555555555553,496.6847222222222,395.74755927475593,375.8442280945758,347.2294853963839,436.990264255911,464.3444444444444,447.990264255911,326.3324061196106,,345.21199442119945,380.6013888888889,445.45618915159946,454.3638888888889,413.11854951185495,254.8414464534075,286.58995815899584,469.0944444444444,378.1627260083449,428.14722222222224,480.6740947075209,488.9125,424.1641168289291,456.9541029207232,116.44923504867872,443.9777468706537,435.6625,331.67176634214184,422.7746870653685,337.7440890125174,383.2986111111111,416.855354659249,323.2757660167131,345.6652719665272,404.6624825662482,199.12273361227332,394.3012552301256,326.6050069541029,516.1854951185495,491.5367231638418,411.7566063977747,402.4909596662031,524.2970711297071,49.71170153417015,58.27342141863699,58.31092050209205,59.89425591098748,59.31008333333334,59.67322670375522,58.55362622036262,57.66614742698192,56.54170833333333,60.10640167364017,59.34079276773296,53.08831944444445,60.04708333333333,57.16043115438108,67.54143254520167,63.145375,58.45255910987483,,59.41881615598886,58.11519444444445,61.04392211404729,56.59881780250348,60.41248956884562,59.22721835883171,58.23503486750348,54.8435,64.42460361613352,59.85934449093445,58.63438108484006,60.35216968011127,58.2974930362117,56.10456944444445,54.78642956764296,57.29183588317108,53.64368055555555,54.12425591098748,58.30609722222222,60.43934449093445,58.92144645340751,60.12954102920723,59.631534170153415,55.21638386648122,63.76938888888889,58.1130780141844,54.3393758668516,54.55820584144645,61.194291666666665,55.51994444444445,47.43891666666666,55.27326388888889,55.77802777777778,3.8326359832635983,3.91933240611961,3.390516039051604,3.5312934631432547,18.04861111111111,27.656467315716277,3.9567642956764297,3.649513212795549,4.052777777777778,3.2203626220362622,4.111265646731572,2.7375,3.2152777777777777,3.246175243393602,3.536856745479833,3.338888888888889,3.808066759388039,,3.5389972144846795,3.3472222222222223,4.652294853963839,3.376912378303199,3.510431154381085,2.546592489568845,3.772663877266388,6.1625,3.877607788595271,3.4602510460251046,3.2058414464534075,6.556328233657858,4.139275766016713,3.9583333333333335,3.829846582984658,4.543810848400557,3.2402777777777776,3.2030598052851182,3.2444444444444445,2195.217573221757,4.004172461752434,3.534075104311544,3.570432357043236,3.689847009735744,2.861111111111111,4.714893617021277,3.0915395284327323,3.9860917941585536,3.5652777777777778,3.051388888888889,4.15,3.577777777777778,4.2125,0.0,0.0,0.0,0.0,0.0,0.0,0.0,0.0,0.0,0.0,0.0,0.0,0.0,0.0,0.0,0.0,0.0,,0.0,0.0,0.0,0.0,0.0,0.0,0.0,0.0,0.0,0.0,0.0,-1.0,0.0,0.0,0.0,0.0,0.0,0.0,0.0,0.0,0.0,0.0,0.0,0.0,0.0,0.0,0.0,0.0,0.0,0.0,0.0,0.0,0.0,23.97490934449093,23.047204450625863,23.14311018131102,57.311655076495136,22.679805555555557,22.895994436717665,22.899818688981867,23.372851182197493,23.59030555555556,22.5484239888424,23.048205841446453,22.892916666666665,22.848222222222223,23.444937413073717,20.526981919332407,22.19993055555556,22.906467315716277,,22.700974930362115,23.224527777777777,22.327830319888733,23.51756606397775,22.9504033379694,22.92837273991655,22.888298465829845,25.30037552155772,21.210570236439494,22.39365411436541,22.76912378303199,22.44810848400556,22.881880222841225,23.44325,23.506331938633195,23.365813630041725,24.11325,24.15883171070932,23.062555555555555,22.496861924686197,22.525646731571623,22.366203059805283,21.449065550906557,22.9332545201669,21.554027777777776,23.137148936170213,24.08361997226075,23.871766342141864,22.003194444444443,23.578569444444444,26.323472222222215,23.590972222222224,23.737736111111115
186,2013-08-31 09:00:00,471.8050139275766,488.4951185495119,360.2771587743733,459.3440111420613,350.0069637883008,420.2712100139082,362.7284122562674,408.0850767085077,459.9400278940028,490.6392757660168,391.3523676880223,371.9526462395543,343.8205841446453,433.2548746518106,457.1378830083565,443.05153203342616,321.74373259052925,,340.59832635983264,378.0264255910988,441.12534818941504,449.6675938803894,408.9275766016713,252.8983286908078,283.3723849372385,464.2841225626741,375.1350974930362,424.6773296244784,477.61087866108784,485.5799721835883,419.86768802228414,454.38718662952647,115.00278551532034,439.3235294117647,429.6972222222222,321.08205841446454,417.68479776847977,332.9055555555556,380.1070931849792,412.1727019498607,317.4840055632823,340.9791086350975,401.90947075208913,195.61645746164572,390.3751743375174,323.94297635605005,508.3152022315202,487.8995815899581,407.7465181058496,399.3888888888889,518.8479776847978,49.84596931659693,58.34324512534818,58.378186889818686,60.00022284122563,59.39682451253481,59.80174094707521,58.45888423988842,57.574728789986096,56.45369958275382,59.92966527196653,59.199066852367686,52.99756606397775,59.94254166666666,57.136908077994434,67.7474651810585,62.77339832869081,58.95151599443672,,59.73998607242339,57.96449860724234,60.8679079497908,56.409079497907946,60.302375,59.12449860724234,58.25585774058577,54.82376044568245,64.54813370473538,60.126066945606695,58.88545961002786,60.73016666666667,58.303421418637,56.37271210013909,55.12052998605299,57.50696378830084,53.89755894590846,54.34136490250696,58.53916550764951,60.631841004184096,59.20054242002782,60.467134909596666,60.15264623955432,55.17030598052851,63.64257660167132,58.02905424200278,54.30725626740947,54.93104311543811,61.35418636995828,55.49874826147427,47.27267409470752,55.59025034770514,55.96974930362117,3.797768479776848,3.8454038997214486,3.476987447698745,3.596100278551532,18.02367688022284,27.643454038997213,4.192468619246862,3.7037552155771913,4.093184979137691,3.2566248256624823,4.023676880222841,2.7719054242002783,3.2,3.1420612813370474,3.4317548746518107,3.243732590529248,3.888734353268428,,3.6128133704735377,3.247910863509749,4.518828451882845,3.4337517433751743,3.484722222222222,2.584958217270195,3.6820083682008367,6.158774373259053,3.885793871866295,3.616457461645746,3.0891364902506964,6.513888888888889,4.065368567454798,4.01808066759388,3.684797768479777,4.589136490250697,3.20249653259362,3.0891364902506964,3.2878998609179417,2143.8200836820083,3.934631432545202,3.5618915159944367,3.6253481894150417,3.717663421418637,2.9526462395543174,4.574408901251738,3.0807799442896937,3.860917941585536,3.564673157162726,2.9707927677329624,3.895543175487465,3.556328233657858,4.132311977715878,0.0,0.0,0.0,0.0,0.0,0.0,0.0,0.0,0.0,0.0,0.0,0.0,0.0,0.0,0.0,0.0,0.0,,0.0,0.0,0.0,0.0,0.0,0.0,0.0,0.0,0.0,0.0,0.0,-1.0,0.0,0.0,0.0,0.0,0.0,0.0,0.0,0.0,0.0,0.0,0.0,0.0,0.0,0.0,0.0,0.0,0.0,0.0,0.0,0.0,0.0,23.80750348675035,22.930403899721448,23.029707112970712,49.491573816155984,22.56596100278552,22.75735376044568,22.861143654114365,23.33808066759388,23.532934631432543,22.519205020920506,23.03016713091922,22.86126564673157,22.81729166666667,23.38410863509749,20.38346796657381,22.214359331476324,22.655591098748264,,22.512827298050137,23.2083008356546,22.299121338912133,23.519344490934447,22.919111111111118,22.89671309192201,22.82629009762901,25.275905292479116,21.08610027855153,22.229330543933056,22.597548746518104,22.233319444444444,22.78776077885953,23.28728789986092,23.328688981868897,23.223189415041784,23.95825242718447,23.959972144846795,22.909568845618917,22.33412831241283,22.37077885952712,22.19440890125174,21.23026462395543,22.894923504867872,21.514401114206127,23.1105702364395,24.045445682451252,23.66299026425591,21.86781641168289,23.53260083449235,26.31069637883008,23.42312934631433,23.59320334261838
187,2013-08-31 10:00:00,461.88595271210016,478.7810320781032,352.89847009735746,448.93888888888887,342.2451253481894,411.08472222222224,354.5888888888889,400.01534170153417,451.7029288702929,483.3125,382.7204450625869,363.7997218358832,334.8111111111112,424.4777158774373,448.1166666666667,434.6462395543176,311.38718662952647,,331.92597765363126,368.8523676880223,432.7858136300417,442.4951321279555,400.6317991631799,246.68011126564676,274.6815642458101,453.59583333333336,366.9406779661017,417.6388888888889,469.5481171548117,473.3221757322176,410.00139082058416,443.7367688022284,109.64623955431756,431.5452016689847,421.2103064066852,315.6166666666667,407.4504881450488,325.7638888888889,370.975,404.8732590529248,308.3936022253129,332.7232267037552,393.00278551532034,189.57122905027933,383.53835425383545,315.1847222222222,499.9427374301676,480.6131284916201,400.6262341325811,389.4680555555556,508.9511854951185,49.87412011173185,58.26703342618385,58.27776077885952,59.92972183588317,59.295208333333335,59.728859527121,58.207447698744765,57.30519444444444,56.09395833333333,59.520726256983245,58.862573018080674,52.713388888888886,59.671211699164346,56.83746870653685,67.49517385257302,62.18725,59.12070833333334,,59.77141863699583,57.65740277777778,60.48606694560669,56.08546722454672,60.015375,58.862688022284125,58.07175977653631,54.67689847009736,64.50759388038942,60.190585774058576,58.86351877607789,60.8415,58.151103351955314,56.445791666666665,55.25973463687151,57.518609179415854,53.95991643454039,54.4333286908078,58.514763888888886,60.539203910614525,59.256875,60.562125,60.41414225941423,54.96451388888889,63.412,57.788763888888894,54.10204735376044,55.15948611111112,61.34804166666666,55.35566852367688,47.07091666666666,55.64211267605634,56.03391666666666,3.758379888268157,3.8356545961002784,3.403337969401947,3.5618915159944367,18.041666666666668,27.57162726008345,4.4030683403068345,3.626388888888889,4.088888888888889,3.2835195530726256,4.061196105702364,2.813888888888889,3.1977715877437327,3.208623087621697,3.388038942976356,3.3041666666666667,3.856944444444444,,3.507649513212796,3.213888888888889,4.7322175732217575,3.514644351464435,3.459722222222222,2.628133704735376,3.702513966480447,6.072322670375522,3.859527121001391,3.489539748953975,3.164116828929068,6.606944444444444,4.192737430167598,4.116666666666666,3.777932960893855,4.602225312934632,3.215877437325905,3.167130919220056,3.248611111111111,2168.308659217877,4.072222222222222,3.401388888888889,3.5076708507670853,3.744444444444445,2.9277777777777776,4.647222222222222,3.1239554317548746,4.034722222222222,3.577777777777778,2.916434540389972,4.118055555555555,3.547887323943662,4.163888888888889,0.0,0.0,0.0,0.0,0.0,0.0,0.0,0.0,0.0,0.0,0.0,0.0,0.0,0.0,0.0,0.0,0.0,,0.0,0.0,0.0,0.0,0.0,0.0,0.0,0.0,0.0,0.0,0.0,-1.0,0.0,0.0,0.0,0.0,0.0,0.0,0.0,0.0,0.0,0.0,0.0,0.0,0.0,0.0,0.0,0.0,0.0,0.0,0.0,0.0,0.0,23.604692737430167,22.79682451253482,22.904909596662037,55.526773296244784,22.43958333333333,22.60958275382476,22.81299860529986,23.29406944444444,23.50243055555556,22.47729050279329,22.99621696801113,22.825805555555554,22.78409470752089,23.34059805285118,20.306870653685674,22.214319444444445,22.4385,,22.344742698191933,23.17084722222222,22.26666666666667,23.492566248256622,22.881194444444443,22.84870473537604,22.765628491620117,25.211768802228413,20.94219749652295,22.065174337517437,22.44853963838665,22.0425,22.678072625698324,23.13125,23.159231843575416,23.0874826147427,23.80530640668524,23.77948467966573,22.762055555555555,22.19703910614525,22.22208333333333,22.031402777777775,21.026122733612272,22.84976388888889,21.421166666666668,23.074430555555555,24.00863509749304,23.42716666666667,21.71211111111111,23.47557103064067,26.25613888888889,23.27274647887324,23.430986111111118
188,2013-08-31 11:00:00,460.2089136490251,476.2576601671309,351.9151599443672,446.7830319888735,339.55648535564853,410.8597222222222,352.4986111111112,399.1824512534819,448.8133704735376,482.2865090403338,381.13490959666206,363.1281337047354,333.7218358831711,422.78133704735376,449.7287899860918,435.0083682008368,308.8702928870293,,329.5397489539749,367.0933147632312,432.45403899721447,440.84122562674094,398.5598885793872,245.53203342618383,273.4958217270195,450.9541029207232,365.1685236768802,418.00694444444446,469.8022284122563,471.2116991643454,410.5849582172702,441.5724233983287,109.6276150627615,430.7977684797768,416.5439330543933,315.2920723226704,407.09052924791087,327.1641168289291,369.5757997218359,402.5592747559275,305.7130919220056,330.88317107093184,393.83310152990265,188.01810584958216,380.0821727019498,312.48948106591865,499.3574408901252,477.144645340751,396.5891364902507,387.6759388038943,505.36072423398326,49.8399442896936,58.12471408647141,58.12826147426982,59.78700557103064,59.11467315716272,59.528370473537606,57.858342618384405,56.97803347280335,55.71941585535466,59.03005578800557,58.44245125348189,52.359652294853966,59.31555084745762,56.45880222841225,66.8992339832869,61.61237830319889,59.21589707927678,,59.6864116828929,57.27880555555555,60.0049442896936,55.73522284122563,59.622809457579976,58.52246861924687,57.80490934449094,54.44759052924791,64.37846796657381,60.150878661087866,58.824798331015295,60.88157162726008,57.94130919220056,56.382586926286514,55.28217573221757,57.45107242339833,53.947629009762906,54.3731520223152,58.48447844228094,60.2816016713092,59.1833240611961,60.532712100139086,60.498823529411766,54.69283727399166,63.12126564673157,57.4629009762901,53.81142259414226,55.3113769123783,61.20109874826147,55.13522284122562,46.85237830319889,55.59874826147427,56.01184722222222,3.883008356545961,3.845188284518828,3.336578581363004,3.618384401114206,18.01529902642559,27.635097493036213,4.370473537604457,3.652719665271967,4.13490959666203,3.2119944211994422,4.048746518105849,2.769123783031989,3.254237288135593,3.1935933147632314,3.433147632311978,3.339360222531293,3.819193324061196,,3.617524339360223,3.352777777777778,4.644846796657381,3.415041782729805,3.4172461752433936,2.6150627615062763,3.739191073919107,6.161559888579387,3.877437325905293,3.577405857740586,3.1432545201668987,6.518776077885953,4.18941504178273,3.9791376912378302,3.767085076708508,4.667130919220056,3.214783821478382,3.126917712691771,3.2531293463143256,2197.965181058496,4.0055632823365785,3.3949930458970794,3.538020086083214,3.710709318497914,2.9123783031988872,4.680613668061367,3.1520223152022315,4.337969401947149,3.5549374130737137,2.9707520891364902,4.023643949930459,3.588317107093185,4.034722222222222,0.0,0.0,0.0,0.0,0.0,0.0,0.0,0.0,0.0,0.0,0.0,0.0,0.0,0.0,0.0,0.0,0.0,,0.0,0.0,0.0,0.0,0.0,0.0,0.0,0.0,0.0,0.0,0.0,-1.0,0.0,0.0,0.0,0.0,0.0,0.0,0.0,0.0,0.0,0.0,0.0,0.0,0.0,0.0,0.0,0.0,0.0,0.0,0.0,0.0,0.0,23.40778551532033,22.65391910739191,22.77189151599444,62.43206128133705,22.31242002781641,22.47766016713092,22.76867688022284,23.24564853556485,23.44089012517385,22.435620641562064,22.9658217270195,22.79031988873436,22.743333333333336,23.297242339832867,20.289902506963788,22.190333796940195,22.21165507649513,,22.186397774687062,23.13055555555556,22.230612813370477,23.448718662952647,22.844534075104317,22.800516039051605,22.709330543933053,25.128675034867506,20.79473537604457,21.90853556485356,22.276077885952716,21.84787204450626,22.55259052924791,22.99275382475661,23.00054393305439,22.941016713091923,23.642147838214782,23.634407252440724,22.594895688456187,22.076643454039,22.085271210013907,21.88111265646732,20.84764705882353,22.804951321279557,21.320417246175243,23.0431659693166,23.978061366806138,23.189707927677333,21.56481223922114,23.4083008356546,26.188664812239224,23.12006954102921,23.276611111111112
189,2013-08-31 12:00:00,458.1070931849792,476.5139275766017,351.97083333333336,446.2361111111111,339.22175732217573,409.38055555555553,351.34444444444443,398.0766016713092,449.3440111420613,480.8652777777778,381.03481894150417,362.41727672035137,333.01944444444445,422.1460361613352,447.9736111111111,433.8410041841004,308.7531380753138,,330.7960893854749,365.7576601671309,433.3393602225313,440.92896935933146,397.6866295264624,244.98331015299027,276.1601671309192,449.1,363.6578581363004,417.4011142061281,469.7284122562674,469.9581589958159,410.61613351877605,441.2100139082058,113.90264255910988,431.16178521617854,415.7991631799163,314.075,408.2660167130919,325.2611111111111,369.0888888888889,402.8036211699164,304.40725244072524,329.6044568245125,393.7576601671309,186.427374301676,379.44150417827296,316.0472222222222,499.8649025069638,475.7883008356546,396.7944444444444,390.12638888888887,501.8635097493036,50.02442737430167,58.10150208623087,58.10678272980501,59.77020862308762,59.07823611111111,59.559040333796936,57.60958217270195,56.7223709902371,55.49425,58.75715083798882,58.105591098748256,52.09123955431755,59.04803347280336,56.15668984700974,66.60370833333334,61.203625,59.449041666666666,,59.700459610027856,56.98769444444444,59.733816155988855,55.435348189415045,59.31758333333334,58.22066759388039,57.57956703910615,54.21994436717663,64.37541029207232,60.161466480446926,58.88963888888889,60.944,57.847949790794985,56.34654166666667,55.31072625698324,57.43853963838664,53.99230125523012,54.30192468619247,58.44795833333333,60.30952513966481,59.133625,60.525625,60.62296657381616,54.45283333333334,62.97033333333333,57.17648535564854,53.54412831241283,55.52055555555556,61.248333333333335,54.91595536959554,46.61993055555556,55.606208333333335,56.016305555555554,3.7541899441340782,3.8247566063977754,3.376044568245125,3.659248956884562,17.969444444444445,27.62586926286509,4.462395543175488,3.5676429567642955,4.026388888888889,3.3226256983240225,4.068150208623088,2.732590529247911,3.216178521617852,3.172461752433936,3.4680555555555554,3.338888888888889,3.827777777777778,,3.5055710306406684,3.313888888888889,4.589136490250697,3.4275766016713094,3.4125,2.592489568845619,3.736033519553073,6.187760778859527,3.8692628650904033,3.553072625698324,3.1791666666666667,6.595833333333333,4.152022315202231,4.033333333333333,3.741620111731844,4.631432545201669,3.287308228730823,3.1087866108786613,3.368055555555556,2180.472067039106,4.027777777777778,3.4125,3.5250696378830084,3.7263888888888888,2.9402777777777778,4.684797768479777,3.1673640167364017,4.620833333333334,3.5083333333333333,2.9358437935843797,4.084722222222222,3.5861111111111112,4.016666666666667,0.0,0.0,0.0,0.0,0.0,0.0,0.0,0.0,0.0,0.0,0.0,0.0,0.0,0.0,0.0,0.0,0.0,,0.0,0.0,0.0,0.0,0.0,0.0,0.0,0.0,0.0,0.0,0.0,-1.0,0.0,0.0,0.0,0.0,0.0,0.0,0.0,0.0,0.0,0.0,0.0,0.0,0.0,0.0,0.0,0.0,0.0,0.0,0.0,0.0,0.0,23.20424581005587,22.504770514603617,22.63318941504178,65.34595271210014,22.170777777777776,22.33346314325452,22.707715877437327,23.192357043235702,23.372597222222225,23.16203910614525,22.92461752433936,22.742924791086352,22.69707520891365,23.2607371349096,20.28993055555556,22.172972222222224,22.02198611111111,,22.034052924791087,23.073375,22.17615598885794,23.39990250696379,22.80188888888889,22.7646314325452,22.646787709497207,25.064923504867878,20.66036161335188,21.75620111731844,22.105944444444447,21.675819444444446,22.417935843793583,22.85727777777778,22.852248603351956,22.79712100139082,23.473165969316597,23.50548117154812,22.45798611111111,21.913673184357545,21.953972222222223,21.740291666666668,20.67369080779944,22.75295833333333,21.216513888888887,22.99403068340307,23.93133891213389,22.96330555555556,21.410208333333333,23.333430962343098,26.114875,22.96433333333333,23.12675
190,2013-08-31 13:00:00,450.5952712100139,471.475,347.0361613351878,441.7637906647808,335.87150837988827,404.78859527121,346.7705146036161,393.4125,443.53685674547984,477.7510431154381,376.7517433751743,357.4200278164117,329.29346314325454,417.326842837274,445.9068150208623,427.4804469273743,302.1019553072626,,325.30822873082286,361.26080892608087,427.0625869262865,435.6592489568845,392.0166898470097,240.96383866481224,271.9567642956764,448.5702364394993,358.86509040333794,410.6258692628651,465.00555555555553,461.1460361613352,406.6203059805285,433.452016689847,108.52573018080668,424.8324022346369,409.6885474860336,309.6244784422809,400.3173483779972,321.1571627260083,363.80250347705146,396.8077994428969,297.94692737430165,324.3100558659218,390.1241283124128,183.53835425383545,375.9346314325452,316.5994436717663,493.1434540389972,470.0877437325905,392.42280945758,386.5535465924896,496.3175487465181,50.60103207810321,58.40870653685675,58.39543296089385,60.07969401947149,59.38107093184979,59.93179415855354,57.65251388888888,56.76536312849162,55.62746870653686,58.915299860529984,58.13911111111111,52.10908205841447,59.059707520891365,56.21208623087622,66.84696801112656,61.22158553546593,60.21048746518105,,60.136634078212296,57.02849791376912,59.94477777777777,55.45734722222223,59.37977715877437,58.2919471488178,57.658814504881455,54.21190542420028,64.88578581363005,60.53295676429568,59.35158553546593,61.39364902506964,58.16508379888268,56.68696801112657,55.66244072524408,57.73962447844228,54.310195530726254,54.5183147632312,58.853157162726006,60.86364016736402,59.40794158553546,60.84176634214187,61.005625,54.49183588317107,63.28394993045897,57.180669456066944,53.533737796373785,56.127054698457215,61.82141863699582,54.8873640167364,46.54904033379695,55.97756606397775,56.32774687065369,5.057182705718271,4.617524339360222,4.568435754189944,5.439499304589708,20.47705146036161,30.009735744089014,4.5,3.516759776536313,4.00278164116829,3.237099023709902,4.088888888888889,2.7858136300417247,3.201949860724234,3.152990264255911,3.4061196105702365,3.329624478442281,4.4164345403899725,,3.6410614525139664,3.301808066759388,4.573611111111111,3.4444444444444446,3.455431754874652,2.560500695410292,3.7503486750348674,6.151599443671766,5.250347705146036,7.864714086471409,7.78442280945758,7.639275766016713,4.156424581005586,4.742698191933241,4.323570432357044,5.119610570236439,3.544692737430168,3.094707520891365,4.008344923504868,2176.1450488145047,6.554937413073714,10.567454798331015,9.876388888888888,3.7468706536856735,5.37134909596662,4.649930264993026,3.179916317991632,4.828892005610098,3.64673157162726,2.9735006973500697,4.093184979137691,3.5910987482614742,4.438108484005563,0.0,0.0,0.0,0.0,0.0,0.0,0.0,0.0,0.0,0.0,0.0,0.0,0.0,0.0,0.0,0.0,0.0,,0.0,0.0,0.0,0.0,0.0,0.0,0.0,0.0,0.0,0.0,0.0,-1.0,0.0,0.0,0.0,0.0,0.0,0.0,0.0,0.0,0.0,0.0,0.0,0.0,0.0,0.0,0.0,0.0,0.0,0.0,0.0,0.0,0.0,23.03905160390516,22.38011126564673,22.528435754189942,41.98578581363004,22.0582892906815,22.251307371349096,22.654944444444443,23.146117318435756,23.331877607788595,22.34708507670851,22.89133333333333,22.708553546592487,22.662100139082057,23.220598052851184,20.346968011126563,22.17941585535466,21.853356545961,,21.9143156424581,23.036230876216965,22.140013888888888,23.35823611111111,22.765529247910862,22.73974965229485,22.60150627615063,25.05119828815977,20.56662030598053,21.64510460251046,21.97720445062587,21.535891364902508,22.299664804469277,22.72173852573018,22.725495118549517,22.688386648122396,23.33963687150838,23.398704735376047,22.347260083449235,21.799302649930265,21.86068150208623,21.64418636995828,20.580902777777776,22.71322670375521,21.15689847009736,22.95175732217573,23.88921896792189,22.772861150070124,21.31360222531293,23.271589958158994,26.060848400556328,22.839958275382475,23.012642559109874
191,2013-08-31 14:00:00,458.7248603351956,476.7055555555556,349.3659217877095,446.1376912378303,342.39638386648124,413.4138888888889,353.1430555555556,397.9638888888889,451.0,483.7988826815642,381.3936022253129,361.9217877094972,333.04888268156424,422.1486111111111,453.56666666666666,434.7955493741308,305.19193324061195,,331.0458970792768,366.6119610570236,434.6131284916201,439.6875,396.56388888888887,245.3296089385475,277.2888888888889,449.80806675938805,366.6298882681565,415.2888888888889,470.84005563282335,465.83310152990265,412.00418994413405,437.909217877095,106.21974965229484,431.575,414.69166666666666,313.6083333333333,405.0027777777778,328.3519553072626,369.12916666666666,403.025,303.2336578581363,329.9721835883171,396.8803894297636,187.32545201668984,380.4847222222222,321.2614742698192,502.0472878998609,472.9874826147427,395.5446927374302,392.64525139664806,502.6666666666667,51.23148817802504,58.861291666666666,58.77068150208624,60.50463687150838,59.73243055555555,60.34173184357542,57.88466666666667,57.02335187760779,55.90861924686193,59.19229485396384,58.36331005586592,52.34372222222222,59.20783333333333,56.46951117318436,66.94378491620111,61.46725,61.09174581005587,,60.782642559109874,57.38379166666667,60.32934722222222,55.81355555555556,59.69912011173184,58.62677374301676,58.01223922114048,54.39441340782123,65.49335195530726,61.162378303198885,59.98879888268156,62.132025139664805,58.817413073713496,57.34225,56.240806675938806,58.30666201117318,54.90350486787205,55.04777777777778,59.487371349095966,61.52571627260083,59.93872905027933,61.43062849162011,61.49279166666666,54.85753155680224,63.77811111111111,57.51301808066759,53.864583333333336,57.047583333333336,62.55095833333333,55.182141863699584,46.83418055555556,56.70813888888889,56.95055555555556,22.671766342141865,16.16111111111111,20.85535465924896,33.29329608938548,57.30277777777778,64.79329608938548,4.625,3.70653685674548,4.112970711297071,3.2058414464534075,4.009776536312849,2.772222222222222,3.2222222222222223,3.159217877094972,3.4818435754189943,3.327777777777778,14.512569832402235,,5.133518776077886,3.3,4.620833333333334,3.368055555555556,3.4874301675977653,2.589385474860335,3.709318497913769,6.039106145251397,26.449720670391063,71.8289290681502,74.38966480446928,23.39804469273743,4.624478442280946,15.647222222222222,15.653685674547985,13.455307262569832,8.020862308762169,3.084722222222222,16.578581363004172,2181.102920723227,40.7709497206704,113.00837988826817,100.27222222222224,3.758765778401122,42.65972222222222,4.739916550764951,3.230555555555556,6.351388888888889,4.168055555555555,2.9624478442280946,4.123783031988873,4.408333333333333,10.322222222222225,0.0,0.0,0.0,0.0,0.0,0.0,0.0,0.0,0.0,0.0,0.0,0.0,0.0,0.0,0.0,0.0,0.0,,0.0,0.0,0.0,0.0,0.0,0.0,0.0,2.5761772853185594,0.0,0.0,0.0,-1.0,0.0,0.0,0.0,0.0,0.0,0.0,0.0,0.0,0.0,0.0,0.0,0.0,0.0,0.0,0.0,0.0,0.0,0.0,0.0,0.0,0.0,22.937802503477048,22.31544444444444,22.49489568845619,42.80924581005586,22.032958333333333,22.242430167597764,22.639930555555555,23.11751388888889,23.330251046025104,22.365452016689847,22.8902374301676,22.69648611111111,22.66840277777778,23.227863128491617,20.40829608938548,22.209916666666665,21.754986033519558,,21.87030598052851,23.016638888888888,22.158986111111112,23.325277777777774,22.764888268156422,22.74145251396648,22.589777468706536,25.035791666666668,20.576522346368712,21.62125173852573,21.92473463687151,21.4656843575419,22.24621696801113,22.63763888888889,22.6665090403338,22.63290502793296,23.257093184979137,23.333152777777777,22.31125173852573,21.7425173852573,21.855279329608937,21.64445530726257,20.61938888888889,22.69719887955182,21.20426388888889,22.9559388038943,23.873180555555557,22.65284722222222,21.304180555555558,23.238011126564675,26.01601388888889,22.770347222222224,22.940527777777778
192,2013-08-31 15:00:00,450.07093184979135,474.9274755927476,346.82197496522946,440.6991643454039,339.31894150417827,407.6058495821727,347.86072423398326,394.4075104311544,444.2155771905424,477.1643454038997,378.0864714086471,357.653685674548,330.16295264623955,417.5271210013908,444.9637883008356,428.465829846583,297.68200836820085,,326.59553695955367,363.5536959553696,426.34770514603616,435.9596100278552,392.6727019498607,242.31710709318497,273.9818688981869,448.27615062761504,358.0792767732963,411.82451253481895,465.6150627615063,461.24930362116993,406.6036161335188,434.3727399165508,103.99304589707928,428.0861111111111,412.8041666666667,310.3732590529248,400.5230125523013,321.0557103064067,366.6142061281337,400.29027777777776,296.85376044568244,325.5202231520223,388.3919107391911,184.44909344490932,378.98467966573816,317.6016713091922,494.9191073919108,472.2008368200837,394.3718662952646,385.77437325905294,497.7256267409471,51.04260808926081,58.77994436717663,58.53813110181311,60.29337969401948,59.5050557103064,59.930556328233656,57.734756606397774,56.87229166666667,55.629246861924685,58.85569037656904,58.12673157162726,52.0725069637883,58.99727399165508,56.23037552155772,66.66901251738527,61.05458217270196,60.772175732217576,,60.43793584379358,57.12047353760445,59.91803894297635,55.67876216968011,59.43739554317549,58.38296244784423,57.81623430962343,54.27610570236439,64.9453685674548,60.81146443514644,59.614812239221145,61.85564066852368,58.60483286908077,57.296239554317545,55.96520223152023,58.00827538247566,54.708013888888885,55.00323611111112,59.00678272980502,61.44121338912134,59.54848189415041,60.873830083565466,60.77681058495822,54.66381615598886,63.066796657381616,57.31522222222222,53.69979166666666,56.97189415041783,61.9083286908078,55.09938718662953,46.72913649025069,56.38557103064068,56.81307365439093,54.41004184100419,40.81084840055633,45.96931659693166,83.54659248956885,107.3175487465181,118.1905424200278,4.56884561891516,3.702777777777778,4.193863319386332,3.288702928870293,4.05980528511822,2.8091922005571037,3.214186369958276,3.1905424200278163,3.553546592489569,3.5041782729805013,45.10599721059972,,7.5592747559274756,3.201949860724234,4.6230876216968015,3.4534075104311546,3.4637883008356547,2.610570236439499,4.131101813110181,6.122392211404729,61.42559109874826,179.90934449093444,185.8956884561892,54.51114206128134,5.6504178272980505,56.306406685236766,135.11854951185495,83.59944367176634,37.73888888888889,3.2597222222222224,150.0306406685237,2157.1408647140865,102.68802228412255,299.64484679665736,198.4568245125348,3.87883008356546,153.66155988857938,4.831944444444445,3.254166666666667,11.027855153203342,9.818941504178271,3.0250696378830084,4.06824512534819,10.275766016713092,29.4971671388102,0.0,0.0,0.0,0.0,0.0,0.0,0.0,0.0,0.0,0.0,0.0,0.0,0.0,0.0,0.0,0.0,0.0,,0.0,0.0,0.0,0.0,0.0,0.0,0.0,1.2138888888888888,0.0,0.0,0.0,-1.0,0.0,0.0,0.0,0.0,0.0,0.0,0.0,0.0,0.0,0.0,0.0,0.0,0.0,0.0,0.0,0.0,0.0,0.0,0.0,0.0,0.0,22.908605299860533,22.321182197496523,22.53308228730823,41.207399165507645,22.060055710306404,22.30112656467316,22.62471488178025,23.100875,23.345829846582983,22.37986052998605,22.902489568845617,22.73491643454039,22.67605006954103,23.236703755215576,20.338317107093182,22.237896935933147,21.7486889818689,,21.906234309623432,23.043272980501392,22.167134909596665,23.28468706536857,22.762228412256267,22.72645340751043,22.57979079497908,25.03447222222222,20.646481223922112,21.706122733612272,21.995271210013907,21.50217270194986,22.249596100278552,22.60568245125348,22.74596931659693,22.71913769123783,23.328722222222225,23.284611111111115,22.44493036211699,21.657726638772665,21.94743732590529,21.804164345403898,20.813189415041784,22.69196378830084,21.34476323119777,22.954375,23.865819444444444,22.627604456824518,21.41669916434541,23.23433147632312,26.03564066852368,22.853189415041783,22.932464589235128
193,2013-08-31 16:00:00,444.36541143654114,466.86509040333794,342.8994413407821,436.356050069541,332.7402777777778,402.2545201668985,342.57719054242006,388.75521557719054,438.62916666666666,471.980528511822,372.3036211699164,352.05857740585776,324.7252440725244,412.1601671309192,438.88317107093184,422.336578581363,292.12831241283124,,319.69401947148816,357.4019471488178,421.7029288702929,429.47222222222223,386.4840055632823,238.5048814504881,266.85118219749654,432.0806675938804,353.81058495821725,406.8497913769124,461.03337969401946,454.9220055710306,398.7590529247911,426.4267782426778,99.27754532775454,422.35564853556485,409.547983310153,401.1223922114047,390.2712100139082,316.6091794158553,361.43115438108487,394.9402777777778,291.8998609179416,320.78859527121,381.7952646239554,180.5910987482615,371.37830319888735,311.1852367688022,488.7440890125174,465.80806675938805,387.518156424581,378.44367176634216,495.8692628650904,50.87658333333333,58.56058577405858,58.25922114047288,59.99602510460251,59.11057103064067,59.58832635983264,57.556689847009736,56.70755215577191,55.41077885952712,58.57506944444445,57.86928870292887,51.85175,58.80158995815899,56.01199442119944,66.3936592178771,60.68788595271211,60.50274755927476,,60.049790794979074,56.87785813630042,59.68449235048679,55.52475660639778,59.22037709497207,58.17005578800558,57.62616133518776,54.101548117154806,64.5944909344491,60.47151599443672,59.280921787709495,61.57603064066853,58.35591666666667,56.989805285118216,55.1404033379694,56.86793584379358,53.70315716272601,55.18771587743733,57.27257660167131,61.09273991655076,59.05122392211405,60.233421418637,60.200305980528505,54.48370473537605,62.39146036161335,57.114250000000006,53.53320334261838,56.774846796657386,60.85895688456189,54.900375,46.55347705146036,55.114325452016686,56.376666666666665,80.5111111111111,45.50348675034868,56.63143254520167,102.9483960948396,153.55431754874652,144.91352859135287,4.525730180806676,3.749652294853964,4.312934631432546,3.327777777777778,4.100418410041841,2.826388888888889,3.196652719665272,3.133891213389121,3.539106145251397,3.486787204450626,54.49232914923292,,8.800557880055788,3.273991655076495,4.657858136300417,3.3699582753824755,3.3966480446927374,2.6569037656903767,3.881780250347705,6.2510460251046025,65.14923291492329,206.15994436717665,203.58100558659217,62.25626740947075,5.897222222222222,86.76773296244784,72.06954102920723,141.07252440725244,58.79554937413074,25.550139275766018,239.11559888579387,2186.500695410292,113.6258692628651,338.1752433936022,146.1808066759388,3.884401114206128,205.7009735744089,4.844444444444444,3.222841225626741,12.807799442896936,12.948539638386649,3.058333333333333,4.045897079276774,13.979137691237831,125.7768479776848,0.0,0.0,0.0,0.0,0.0,0.0,0.0,0.0,0.0,0.0,0.0,0.0,0.0,0.0,0.0,0.0,0.0,,0.0,0.0,0.0,0.0,0.0,0.0,0.0,0.077562326869806,0.0,0.0,0.0,-1.0,0.0,0.0,0.0,0.0,0.0,9.206185567010309,0.0,0.0,0.0,0.0,0.0,0.0,0.0,0.0,0.0,0.0,0.0,0.0,0.0,0.0,0.0,22.872541666666667,22.33490934449093,22.55838664812239,37.40417015341701,22.12274373259053,22.31278940027894,22.601961057023647,23.0781223922114,23.31931849791377,22.36548611111111,22.902580195258015,22.72856944444444,22.66043235704324,23.22260808926081,20.298324022346367,22.245535465924892,21.731239554317547,,21.9386889818689,23.038150208623087,22.12734353268428,23.24283727399165,22.73349162011173,22.69743375174337,22.55757997218359,24.94597222222222,20.644853556485355,21.73847009735744,22.04349162011173,21.52807799442897,22.23995833333333,22.6561057023644,23.05897079276773,23.23192468619247,23.84821974965229,23.374679665738164,23.1541922005571,21.709680111265648,22.036968011126564,21.934812239221134,20.92008344923505,22.661880222841223,21.455048678720445,22.928416666666667,23.831810584958216,22.65559888579387,21.70728789986092,23.263944444444444,26.06151599443672,23.39118219749652,23.16037656903766
194,2013-08-31 17:00:00,443.8342618384401,466.1938633193863,340.7799442896936,434.7562674094708,331.8358831710709,400.6564673157162,340.81894150417827,385.8870292887029,436.6629526462396,471.0417246175243,369.8575418994413,349.92468619246864,321.9236111111111,409.9456824512535,440.0069541029207,422.9233983286908,294.1717877094972,,317.30404463040446,355.2200557103064,421.6949860724234,428.1114206128134,384.6908077994429,236.46164574616455,264.3899721448468,421.82058414464535,354.31894150417827,403.8636995827538,458.77545327754535,452.3969359331476,395.3286908077994,426.97632311977713,98.45961002785516,424.6197771587744,410.458217270195,488.8286908077994,387.3403068340307,315.1125,361.3824756606398,393.94853963838665,291.1450488145049,319.1882845188284,381.8491620111732,179.01115760111577,367.3690807799443,306.5738161559889,494.7952646239554,464.9874651810585,385.21448467966576,374.8875,498.9066852367688,51.14032122905028,58.58676880222841,58.2499164345404,59.9665877437326,59.025208913649024,59.69954038997215,57.60304044630404,56.74974930362117,55.531140472879,58.735473537604456,57.89120464441219,51.96129526462396,58.82597493036212,56.05764623955432,66.89507670850767,60.79570236439499,60.73030598052852,,60.04121508379889,56.89615598885794,59.92875871687587,55.62831241283124,59.34033379694019,58.29289693593315,57.62826147426982,54.14378830083565,64.79257660167131,60.50788300835654,59.33682451253481,61.60687065368568,58.34026425591099,56.63722841225626,54.86546592489569,55.13862116991643,52.0542119944212,55.02635097493036,54.91307799442897,60.103922114047286,58.822125,59.97870833333333,59.81020920502092,54.55649513212796,62.10391364902507,57.15143454038998,53.57292479108635,56.657005571030645,59.76803894297636,54.6682892906815,46.41431154381085,53.31988857938719,55.331406685236765,95.02653631284916,47.86350974930362,66.46518105849582,115.08217270194986,184.53899721448468,166.77437325905294,4.709902370990237,3.642061281337048,4.592489568845619,3.331476323119777,4.127721335268505,2.7701949860724238,3.256267409470752,3.252089136490251,3.663877266387727,3.7051460361613353,53.276773296244784,,10.21927374301676,3.311977715877437,4.647140864714086,3.408647140864714,3.4019471488178024,2.5919220055710306,3.787204450625869,6.281337047353761,74.64066852367688,229.35376044568244,223.55292479108635,68.35883171070932,10.849791376912378,146.85793871866295,152.9986091794159,164.67548746518105,77.25244072524407,30.78969359331476,269.04456824512533,2168.30876216968,126.55,364.5736111111111,155.3486750348675,3.917941585535466,227.94568245125348,4.85933147632312,3.3022284122562677,12.778551532033426,13.290681502086231,2.9749652294853965,4.154381084840056,15.401114206128131,107.79387186629526,0.0,0.0,0.0,0.0,0.0,0.0,0.0,0.0,0.0,0.0,0.0,0.0,0.0,0.0,0.0,0.0,0.0,,0.0,0.0,0.0,0.0,0.0,0.0,0.0,0.0,0.0,0.0,0.0,-1.0,0.0,0.0,0.0,0.0,0.0,13.27906976744186,0.0,0.0,0.0,0.0,0.0,0.0,0.0,0.0,0.0,0.0,0.0,0.0,0.0,0.0,0.0,22.852877094972065,22.350041782729804,22.589944367176635,55.27576601671309,22.16823119777159,22.333844011142062,22.580613668061364,23.05944289693593,23.304116828929068,22.34607242339833,22.887503628447025,22.68534818941504,22.64633704735376,23.207116991643453,20.323821478382147,22.24461752433936,21.78880389429764,,21.99265363128492,23.03472144846797,22.113277545327755,23.21843793584379,22.71824756606398,22.691016713091923,22.582475660639776,24.7608217270195,20.672813370473538,21.786629526462395,22.109025069637884,21.587997218358836,22.370528511821973,22.89477715877437,23.1626842837274,23.99899721448468,24.72284518828452,23.717033426183846,24.16097493036212,22.23155771905424,22.163416666666667,22.072097222222222,21.11442119944212,22.6392628650904,21.58533426183844,22.9158356545961,23.810557103064067,22.794540389972145,22.252517385257303,23.37499304589708,26.16497913769124,24.206796657381616,23.81259052924791
195,2013-08-31 18:00:00,446.7402135231317,467.2953736654805,341.29537366548044,435.9678571428572,332.5607142857143,405.9681978798587,341.14642857142854,386.5409252669039,439.0886524822695,472.9751773049645,371.575,351.1708185053381,323.43109540636044,410.7544483985765,442.34875444839855,423.9326241134752,294.914590747331,,317.8233215547703,356.4476534296029,423.5943060498221,431.031914893617,387.8368794326241,237.4642857142857,264.73571428571427,420.3546099290781,356.16785714285714,405.4946619217082,460.06405693950177,455.0408163265306,391.4341637010676,433.0964285714286,96.65357142857142,429.00714285714287,413.932384341637,553.355871886121,390.2392857142857,319.93617021276594,362.1032028469751,396.19572953736656,293.0178571428572,320.2964285714286,381.1464285714285,178.84642857142856,370.23674911660777,304.636690647482,502.2114695340502,466.1362007168459,387.5964285714286,375.2170818505338,507.2419928825623,51.42478571428571,58.75786476868327,58.345642857142856,60.08419928825623,59.17307142857143,59.88241992882562,57.80338078291815,56.94352313167259,55.76886120996441,59.01232974910394,58.11516014234875,52.17348754448398,58.983285714285714,56.28914590747331,67.04021352313167,61.010854092526685,60.8813829787234,,60.1495,57.05285714285714,60.16565836298932,55.82498220640569,59.51659574468085,58.46478571428571,57.754178571428575,54.35195729537367,64.9211743772242,60.619679715302496,59.42850533807829,61.69124555160143,57.75505338078292,56.21710714285714,54.64517730496454,53.98391459074733,50.75003558718861,55.059679715302494,53.02220640569395,58.79071428571429,58.72324999999999,60.01320284697509,59.42217857142857,54.71028571428572,62.02476868327402,57.28256227758007,53.726049822064056,56.537214285714285,58.63957446808511,54.53796363636364,46.335531914893615,51.97278571428571,54.4185,102.24642857142857,48.49822064056939,72.56428571428572,120.83985765124557,195.79642857142855,177.8185053380783,4.708185053380783,3.7295373665480422,4.544483985765124,3.193548387096774,4.103202846975089,2.775800711743772,3.271428571428572,3.281138790035587,3.9323843416370106,4.128113879003559,55.205673758865245,,11.05,3.378571428571429,5.145907473309609,3.5338078291814945,3.5815602836879434,2.682142857142857,4.353571428571429,6.2562277580071175,79.40925266903915,240.50533807829183,233.270462633452,70.87188612099644,16.13879003558719,201.62142857142857,227.7872340425532,175.95017793594306,85.57651245551601,29.740213523131672,284.65124555160145,2164.075,132.97857142857143,374.3665480427046,160.65357142857144,3.8642857142857134,236.32740213523127,4.960854092526691,3.209964412811388,12.832142857142856,13.847517730496454,3.08,4.297872340425532,16.492857142857144,70.48928571428571,0.0,0.0,0.0,0.0,0.0,0.0,0.0,0.0,0.0,0.0,0.0,0.0,0.0,0.0,0.0,0.0,0.0,,0.0,0.0,4.361930294906166,0.0,0.0,0.0,0.0,0.0,0.0,0.0,0.0,-1.0,0.0,0.0,0.0,0.0,0.0,9.83375959079284,0.0,0.0,0.0,0.0,0.0,0.0,0.0,0.0,0.0,0.0,0.0,0.0,0.0,0.0,0.0,22.864464285714288,22.38540925266904,22.645535714285717,55.66366548042704,22.208142857142857,22.380391459074733,22.57202846975089,23.05032028469751,23.29476868327402,22.345017921146955,22.88355871886121,22.68,22.64542857142857,23.205836298932383,20.341103202846977,22.262313167259787,21.82787234042553,,22.049,23.03725,22.112633451957297,23.21035587188612,22.7186524822695,22.690142857142856,22.598535714285717,24.71659574468085,20.724839857651247,21.851459074733096,22.17693950177936,21.65693950177936,22.89935943060498,23.2095,23.397836879432624,24.507473309608542,25.434448398576517,23.990854092526693,24.98622775800712,22.80739285714285,22.28692857142857,22.15341637010676,21.352857142857143,22.62907142857143,21.696370106761567,22.91665480427046,23.79829181494662,22.95142857142857,22.7236170212766,23.4892,26.286702127659577,24.824857142857145,24.29321428571429
196,2013-08-31 19:00:00,-1.0,-1.0,-1.0,-1.0,-1.0,-1.0,-1.0,-1.0,-1.0,-1.0,-1.0,-1.0,-1.0,-1.0,-1.0,-1.0,-1.0,,-1.0,-1.0,-1.0,-1.0,-1.0,-1.0,-1.0,-1.0,-1.0,-1.0,-1.0,303.02721088435374,-1.0,-1.0,-1.0,-1.0,-1.0,-1.0,-1.0,-1.0,-1.0,-1.0,-1.0,-1.0,-1.0,-1.0,-1.0,-1.0,-1.0,-1.0,-1.0,-1.0,-1.0,-1.0,-1.0,-1.0,-1.0,-1.0,-1.0,-1.0,-1.0,-1.0,-1.0,-1.0,-1.0,-1.0,56.32,-1.0,-1.0,-1.0,,-1.0,-1.0,-1.0,-1.0,-1.0,-1.0,-1.0,-1.0,-1.0,-1.0,-1.0,61.49416370106762,-1.0,-1.0,-1.0,-1.0,-1.0,-1.0,-1.0,-1.0,-1.0,-1.0,-1.0,-1.0,61.44,-1.0,-1.0,-1.0,-1.0,-1.0,-1.0,-1.0,-1.0,-1.0,-1.0,-1.0,-1.0,-1.0,-1.0,-1.0,-1.0,-1.0,-1.0,-1.0,-1.0,-1.0,4.0,-1.0,-1.0,-1.0,,-1.0,-1.0,-1.0,-1.0,-1.0,-1.0,-1.0,-1.0,-1.0,-1.0,-1.0,70.24792408066429,-1.0,-1.0,-1.0,-1.0,-1.0,-1.0,-1.0,-1.0,-1.0,-1.0,-1.0,-1.0,230.16666666666663,-1.0,-1.0,-1.0,-1.0,-1.0,-1.0,-1.0,-1.0,0.0,0.0,0.0,0.0,0.0,0.0,0.0,0.0,0.0,0.0,0.0,0.0,0.0,0.0,0.0,0.0,0.0,,0.0,0.0,3.5597826086956523,0.0,0.0,0.0,0.0,0.0,0.0,0.0,0.0,-1.0,0.0,0.0,0.0,0.0,0.0,6.902887139107611,0.0,0.0,0.0,0.0,0.0,0.0,0.0,0.0,0.0,0.0,0.0,0.0,0.0,0.0,0.0,-1.0,-1.0,-1.0,-1.0,-1.0,-1.0,-1.0,-1.0,-1.0,-1.0,-1.0,-1.0,-1.0,23.21,-1.0,-1.0,-1.0,,-1.0,-1.0,-1.0,-1.0,-1.0,-1.0,-1.0,-1.0,-1.0,-1.0,-1.0,21.81129300118624,-1.0,-1.0,-1.0,-1.0,-1.0,-1.0,-1.0,-1.0,-1.0,-1.0,-1.0,-1.0,21.9175,-1.0,-1.0,-1.0,-1.0,-1.0,-1.0,-1.0,-1.0
197,2013-08-31 20:00:00,-1.0,-1.0,-1.0,-1.0,-1.0,-1.0,-1.0,-1.0,-1.0,-1.0,-1.0,-1.0,-1.0,-1.0,-1.0,-1.0,-1.0,,-1.0,-1.0,-1.0,-1.0,-1.0,-1.0,-1.0,-1.0,-1.0,-1.0,465.875,151.01360544217687,-1.0,-1.0,-1.0,823.0,-1.0,-1.0,-1.0,-1.0,-1.0,-1.0,-1.0,-1.0,-1.0,-1.0,-1.0,-1.0,-1.0,-1.0,-1.0,-1.0,-1.0,-1.0,-1.0,-1.0,-1.0,-1.0,-1.0,-1.0,-1.0,-1.0,-1.0,-1.0,52.56,-1.0,-1.0,-1.0,-1.0,-1.0,,-1.0,-1.0,-1.0,-1.0,-1.0,-1.0,-1.0,-1.0,-1.0,-1.0,-1.0,61.297081850533814,-1.0,-1.0,-1.0,-1.0,-1.0,-1.0,-1.0,-1.0,-1.0,-1.0,-1.0,-1.0,-1.0,-1.0,-1.0,-1.0,-1.0,-1.0,-1.0,-1.0,-1.0,-1.0,-1.0,-1.0,-1.0,-1.0,-1.0,-1.0,-1.0,-1.0,-1.0,-1.0,3.0,-1.0,-1.0,-1.0,-1.0,-1.0,,-1.0,-1.0,-1.0,-1.0,-1.0,-1.0,-1.0,-1.0,-1.0,-1.0,-1.0,69.62396204033215,-1.0,-1.0,-1.0,-1.0,-1.0,-1.0,-1.0,-1.0,-1.0,-1.0,-1.0,-1.0,-1.0,-1.0,-1.0,-1.0,-1.0,-1.0,-1.0,-1.0,-1.0,0.0,0.0,0.0,0.0,0.0,0.0,0.0,0.0,0.0,0.0,0.0,0.0,0.0,0.0,0.0,0.0,0.0,,0.0,0.0,7.676470588235294,0.0,0.0,0.0,0.0,0.0,0.0,0.0,0.0,-1.0,0.0,0.0,0.0,24.533482142857142,0.0,0.0,0.0,0.0,0.0,0.0,0.0,0.0,0.0,0.0,0.0,0.0,0.0,0.0,0.0,9.947780678851174,0.0,-1.0,-1.0,-1.0,-1.0,-1.0,-1.0,-1.0,-1.0,-1.0,-1.0,-1.0,22.66,-1.0,-1.0,-1.0,-1.0,-1.0,,-1.0,-1.0,-1.0,-1.0,-1.0,-1.0,-1.0,-1.0,-1.0,-1.0,-1.0,21.96564650059312,-1.0,-1.0,-1.0,-1.0,-1.0,-1.0,-1.0,-1.0,-1.0,-1.0,-1.0,-1.0,-1.0,-1.0,-1.0,-1.0,-1.0,-1.0,-1.0,-1.0,-1.0
198,2013-08-31 21:00:00,-1.0,-1.0,-1.0,-1.0,-1.0,-1.0,-1.0,-1.0,-1.0,-1.0,-1.0,-1.0,-1.0,-1.0,-1.0,-1.0,-1.0,,-1.0,-1.0,-1.0,-1.0,-1.0,-1.0,-1.0,-1.0,-1.0,-1.0,-1.0,-1.0,-1.0,-1.0,-1.0,-1.0,-1.0,-1.0,-1.0,-1.0,-1.0,-1.0,-1.0,-1.0,-1.0,-1.0,-1.0,-1.0,-1.0,-1.0,-1.0,-1.0,-1.0,-1.0,-1.0,-1.0,-1.0,-1.0,-1.0,-1.0,-1.0,-1.0,-1.0,-1.0,-1.0,-1.0,-1.0,-1.0,-1.0,-1.0,,-1.0,-1.0,-1.0,-1.0,-1.0,-1.0,-1.0,-1.0,-1.0,-1.0,-1.0,61.1,-1.0,-1.0,47.56,-1.0,-1.0,-1.0,-1.0,-1.0,-1.0,-1.0,-1.0,-1.0,-1.0,-1.0,54.15857142857143,-1.0,-1.0,-1.0,-1.0,-1.0,-1.0,-1.0,-1.0,-1.0,-1.0,-1.0,-1.0,-1.0,-1.0,-1.0,-1.0,-1.0,-1.0,-1.0,-1.0,-1.0,-1.0,-1.0,,-1.0,-1.0,-1.0,-1.0,-1.0,-1.0,-1.0,-1.0,-1.0,-1.0,-1.0,69.0,-1.0,-1.0,189.66666666666663,-1.0,-1.0,-1.0,-1.0,-1.0,-1.0,-1.0,-1.0,-1.0,-1.0,-1.0,3.2142857142857144,-1.0,-1.0,-1.0,-1.0,-1.0,-1.0,0.0,0.0,0.0,0.0,0.0,0.0,0.0,0.0,0.0,0.0,0.0,0.0,0.0,0.0,0.0,0.0,0.0,,0.0,0.0,3.198910081743869,0.0,0.0,0.0,0.0,0.0,0.0,0.0,0.0,-1.0,0.0,0.0,0.0,5.255050505050505,0.0,6.7375,0.0,0.0,0.0,0.0,0.0,0.0,0.0,0.0,0.0,0.0,0.0,0.0,0.0,6.043478260869565,0.0,-1.0,-1.0,-1.0,-1.0,-1.0,-1.0,-1.0,-1.0,-1.0,-1.0,-1.0,-1.0,-1.0,-1.0,-1.0,-1.0,-1.0,,-1.0,-1.0,-1.0,-1.0,-1.0,-1.0,-1.0,-1.0,-1.0,-1.0,-1.0,22.12,-1.0,-1.0,26.69666666666667,-1.0,-1.0,-1.0,-1.0,-1.0,-1.0,-1.0,-1.0,-1.0,-1.0,-1.0,23.782857142857143,-1.0,-1.0,-1.0,-1.0,-1.0,-1.0
199,2013-08-31 22:00:00,-1.0,-1.0,-1.0,-1.0,-1.0,-1.0,-1.0,-1.0,452.0,-1.0,-1.0,-1.0,-1.0,-1.0,-1.0,-1.0,-1.0,,-1.0,-1.0,-1.0,-1.0,-1.0,-1.0,-1.0,-1.0,-1.0,-1.0,-1.0,158.5,-1.0,-1.0,-1.0,-1.0,-1.0,-1.0,-1.0,-1.0,-1.0,-1.0,-1.0,-1.0,-1.0,-1.0,-1.0,-1.0,-1.0,-1.0,-1.0,-1.0,-1.0,-1.0,-1.0,-1.0,-1.0,-1.0,-1.0,-1.0,-1.0,-1.0,-1.0,-1.0,-1.0,-1.0,-1.0,-1.0,-1.0,-1.0,,-1.0,-1.0,-1.0,-1.0,-1.0,-1.0,-1.0,-1.0,-1.0,-1.0,-1.0,40.400000000000006,-1.0,-1.0,-1.0,-1.0,-1.0,-1.0,-1.0,-1.0,-1.0,-1.0,56.93625,-1.0,-1.0,-1.0,54.17,-1.0,-1.0,-1.0,-1.0,-1.0,-1.0,-1.0,-1.0,-1.0,-1.0,-1.0,-1.0,-1.0,-1.0,-1.0,-1.0,-1.0,-1.0,-1.0,-1.0,-1.0,-1.0,-1.0,,-1.0,-1.0,-1.0,-1.0,-1.0,-1.0,-1.0,-1.0,-1.0,-1.0,-1.0,45.66666666666667,-1.0,-1.0,-1.0,-1.0,-1.0,-1.0,-1.0,-1.0,-1.0,-1.0,188.125,-1.0,-1.0,-1.0,4.0,-1.0,-1.0,-1.0,-1.0,-1.0,-1.0,0.0,0.0,0.0,0.0,0.0,0.0,0.0,0.0,0.0,0.0,0.0,0.0,0.0,0.0,0.0,0.0,0.0,,0.0,0.0,4.008152173913044,0.0,0.0,0.0,0.0,3.4,0.0,0.0,0.0,-1.0,0.0,0.0,0.0,0.0,0.0,16.666666666666668,0.0,0.0,0.0,0.0,0.0,0.0,0.0,0.0,0.0,2.9178082191780823,0.0,0.0,0.0,3.306849315068493,0.0,-1.0,-1.0,-1.0,-1.0,-1.0,-1.0,-1.0,-1.0,-1.0,-1.0,-1.0,-1.0,-1.0,-1.0,-1.0,-1.0,-1.0,,-1.0,-1.0,-1.0,-1.0,-1.0,-1.0,-1.0,-1.0,-1.0,-1.0,-1.0,14.413333333333334,-1.0,-1.0,-1.0,-1.0,-1.0,-1.0,-1.0,-1.0,-1.0,-1.0,22.32375,-1.0,-1.0,-1.0,23.79,-1.0,-1.0,-1.0,-1.0,-1.0,-1.0
200,2013-08-31 23:00:00,-1.0,-1.0,-1.0,-1.0,-1.0,-1.0,-1.0,-1.0,-1.0,-1.0,-1.0,-1.0,-1.0,-1.0,-1.0,-1.0,-1.0,,-1.0,-1.0,-1.0,-1.0,-1.0,-1.0,-1.0,-1.0,-1.0,-1.0,-1.0,318.0,-1.0,-1.0,-1.0,-1.0,-1.0,-1.0,-1.0,-1.0,-1.0,-1.0,-1.0,-1.0,-1.0,-1.0,-1.0,-1.0,-1.0,-1.0,-1.0,-1.0,-1.0,-1.0,-1.0,-1.0,-1.0,-1.0,-1.0,-1.0,-1.0,-1.0,-1.0,-1.0,-1.0,-1.0,57.00428571428571,-1.0,-1.0,-1.0,,-1.0,-1.0,-1.0,-1.0,-1.0,-1.0,-1.0,-1.0,-1.0,-1.0,-1.0,19.700000000000003,-1.0,-1.0,-1.0,-1.0,-1.0,-1.0,-1.0,-1.0,-1.0,-1.0,-1.0,-1.0,-1.0,-1.0,-1.0,-1.0,-1.0,-1.0,-1.0,-1.0,-1.0,-1.0,-1.0,-1.0,-1.0,-1.0,-1.0,-1.0,-1.0,-1.0,-1.0,-1.0,-1.0,-1.0,2.619047619047619,-1.0,-1.0,-1.0,,-1.0,-1.0,-1.0,-1.0,-1.0,-1.0,-1.0,-1.0,-1.0,-1.0,-1.0,22.333333333333336,-1.0,-1.0,-1.0,-1.0,-1.0,-1.0,-1.0,-1.0,-1.0,-1.0,-1.0,-1.0,-1.0,-1.0,-1.0,-1.0,-1.0,-1.0,-1.0,-1.0,-1.0,0.0,0.0,0.0,0.0,0.0,0.0,0.0,0.0,0.0,0.0,0.0,0.0,0.0,0.0,26.899830220713078,0.0,0.0,,0.0,0.0,0.0,0.0,0.0,0.0,0.0,4.662983425414365,0.0,0.0,0.0,-1.0,0.0,0.0,0.0,0.0,0.0,12.690821256038648,0.0,0.0,0.0,0.0,0.0,0.0,0.0,0.0,0.0,6.525798525798526,18.56420233463035,0.0,0.0,2.851239669421488,0.0,-1.0,-1.0,-1.0,-1.0,-1.0,-1.0,-1.0,-1.0,-1.0,-1.0,-1.0,-1.0,-1.0,23.205714285714286,-1.0,-1.0,-1.0,,-1.0,-1.0,-1.0,-1.0,-1.0,-1.0,-1.0,-1.0,-1.0,-1.0,-1.0,6.706666666666667,-1.0,-1.0,-1.0,-1.0,-1.0,-1.0,-1.0,-1.0,-1.0,-1.0,-1.0,-1.0,-1.0,-1.0,-1.0,-1.0,-1.0,-1.0,-1.0,-1.0,-1.0
201,2013-09-01 00:00:00,-1.0,-1.0,-1.0,-1.0,-1.0,-1.0,-1.0,-1.0,-1.0,-1.0,-1.0,-1.0,-1.0,-1.0,-1.0,-1.0,-1.0,,-1.0,-1.0,-1.0,-1.0,-1.0,-1.0,-1.0,-1.0,-1.0,-1.0,-1.0,477.5,-1.0,-1.0,-1.0,-1.0,-1.0,-1.0,-1.0,-1.0,-1.0,-1.0,-1.0,-1.0,-1.0,-1.0,-1.0,-1.0,-1.0,-1.0,-1.0,-1.0,-1.0,-1.0,-1.0,-1.0,-1.0,-1.0,-1.0,-1.0,-1.0,-1.0,-1.0,-1.0,-1.0,59.68272727272727,57.1109090909091,-1.0,-1.0,-1.0,,-1.0,-1.0,-1.0,-1.0,-1.0,59.46272727272728,-1.0,-1.0,-1.0,-1.0,-1.0,-1.0,-1.0,-1.0,-1.0,-1.0,-1.0,-1.0,-1.0,-1.0,-1.0,-1.0,-1.0,-1.0,-1.0,-1.0,-1.0,-1.0,-1.0,53.015,-1.0,-1.0,-1.0,-1.0,-1.0,-1.0,-1.0,-1.0,-1.0,-1.0,-1.0,-1.0,-1.0,-1.0,-1.0,3.272727272727273,3.1818181818181817,-1.0,-1.0,-1.0,,-1.0,-1.0,-1.0,-1.0,-1.0,2.727272727272727,-1.0,-1.0,-1.0,-1.0,-1.0,-1.0,-1.0,-1.0,-1.0,-1.0,-1.0,-1.0,-1.0,-1.0,-1.0,-1.0,-1.0,-1.0,-1.0,-1.0,-1.0,-1.0,-1.0,3.5,-1.0,-1.0,-1.0,0.0,0.0,0.0,0.0,0.0,0.0,0.0,0.0,0.0,0.0,0.0,0.0,0.0,0.0,18.98109243697479,0.0,0.0,,0.0,0.0,0.0,0.0,0.0,0.0,0.0,2.569060773480663,0.0,0.0,0.0,-1.0,0.0,0.0,0.0,0.0,0.0,6.423469387755102,0.0,0.0,0.0,0.0,0.0,0.0,0.0,0.0,0.0,10.543478260869565,12.47545219638243,0.0,0.0,4.159029649595688,0.0,-1.0,-1.0,-1.0,-1.0,-1.0,-1.0,-1.0,-1.0,-1.0,-1.0,-1.0,-1.0,22.65909090909091,23.201818181818183,-1.0,-1.0,-1.0,,-1.0,-1.0,-1.0,-1.0,-1.0,22.68,-1.0,-1.0,-1.0,-1.0,-1.0,-1.0,-1.0,-1.0,-1.0,-1.0,-1.0,-1.0,-1.0,-1.0,-1.0,-1.0,-1.0,-1.0,-1.0,-1.0,-1.0,-1.0,-1.0,24.355,-1.0,-1.0,-1.0
202,2013-09-01 01:00:00,-1.0,-1.0,-1.0,-1.0,-1.0,-1.0,355.38461538461536,-1.0,-1.0,-1.0,-1.0,-1.0,-1.0,-1.0,-1.0,-1.0,-1.0,,-1.0,-1.0,-1.0,-1.0,-1.0,-1.0,-1.0,-1.0,-1.0,-1.0,-1.0,,-1.0,-1.0,-1.0,442.0,-1.0,-1.0,398.7142857142857,-1.0,-1.0,-1.0,-1.0,-1.0,-1.0,-1.0,-1.0,-1.0,-1.0,-1.0,-1.0,-1.0,-1.0,-1.0,-1.0,-1.0,58.79,58.27,-1.0,-1.0,-1.0,-1.0,-1.0,-1.0,-1.0,-1.0,-1.0,-1.0,-1.0,-1.0,,-1.0,-1.0,-1.0,-1.0,-1.0,-1.0,-1.0,-1.0,-1.0,-1.0,-1.0,,-1.0,-1.0,-1.0,-1.0,-1.0,-1.0,-1.0,-1.0,-1.0,-1.0,-1.0,-1.0,-1.0,-1.0,-1.0,-1.0,-1.0,-1.0,-1.0,-1.0,-1.0,-1.0,-1.0,-1.0,159.0,166.47368421052633,-1.0,-1.0,-1.0,-1.0,-1.0,-1.0,-1.0,-1.0,-1.0,-1.0,-1.0,-1.0,,-1.0,-1.0,-1.0,-1.0,-1.0,-1.0,-1.0,-1.0,-1.0,-1.0,-1.0,,-1.0,-1.0,-1.0,-1.0,-1.0,-1.0,-1.0,-1.0,-1.0,-1.0,-1.0,-1.0,-1.0,-1.0,-1.0,-1.0,-1.0,-1.0,-1.0,-1.0,-1.0,0.0,0.0,0.0,0.0,0.0,0.0,0.0,0.0,0.0,0.0,0.0,0.0,0.0,0.0,0.0,0.0,0.0,,0.0,0.0,0.0,0.0,0.0,0.0,0.0,3.7955801104972378,0.0,0.0,0.0,,0.0,0.0,0.0,0.0,0.0,1.781767955801105,0.0,0.0,0.0,0.0,0.0,0.0,0.0,0.0,0.0,29.724373576309794,6.912234042553192,0.0,0.0,0.0,0.0,-1.0,-1.0,-1.0,22.9,23.10368421052632,-1.0,-1.0,-1.0,-1.0,-1.0,-1.0,-1.0,-1.0,-1.0,-1.0,-1.0,-1.0,,-1.0,-1.0,-1.0,-1.0,-1.0,-1.0,-1.0,-1.0,-1.0,-1.0,-1.0,,-1.0,-1.0,-1.0,-1.0,-1.0,-1.0,-1.0,-1.0,-1.0,-1.0,-1.0,-1.0,-1.0,-1.0,-1.0,-1.0,-1.0,-1.0,-1.0,-1.0,-1.0
203,2013-09-01 02:00:00,-1.0,-1.0,-1.0,-1.0,-1.0,-1.0,-1.0,-1.0,-1.0,-1.0,-1.0,-1.0,-1.0,-1.0,-1.0,-1.0,-1.0,,-1.0,-1.0,-1.0,-1.0,-1.0,-1.0,-1.0,-1.0,-1.0,-1.0,-1.0,,-1.0,-1.0,-1.0,-1.0,-1.0,-1.0,-1.0,-1.0,-1.0,-1.0,-1.0,-1.0,-1.0,-1.0,-1.0,-1.0,-1.0,-1.0,-1.0,-1.0,-1.0,-1.0,-1.0,-1.0,-1.0,57.67,-1.0,-1.0,-1.0,-1.0,-1.0,-1.0,-1.0,-1.0,-1.0,-1.0,-1.0,-1.0,,-1.0,-1.0,-1.0,-1.0,-1.0,-1.0,-1.0,-1.0,-1.0,-1.0,-1.0,,-1.0,-1.0,-1.0,-1.0,-1.0,-1.0,-1.0,55.74470588235294,-1.0,-1.0,-1.0,-1.0,-1.0,-1.0,-1.0,-1.0,-1.0,-1.0,-1.0,-1.0,-1.0,-1.0,-1.0,-1.0,-1.0,81.5,-1.0,-1.0,-1.0,-1.0,-1.0,-1.0,-1.0,-1.0,-1.0,-1.0,-1.0,-1.0,,-1.0,-1.0,-1.0,-1.0,-1.0,-1.0,-1.0,-1.0,-1.0,-1.0,-1.0,,-1.0,-1.0,-1.0,-1.0,-1.0,-1.0,-1.0,2167.3529411764707,-1.0,-1.0,-1.0,-1.0,-1.0,-1.0,-1.0,-1.0,-1.0,-1.0,-1.0,-1.0,-1.0,0.0,0.0,0.0,0.0,0.0,0.0,0.0,0.0,0.0,0.0,0.0,0.0,0.0,0.0,0.0,0.0,0.0,,0.0,0.0,1.4542936288088644,0.0,0.0,0.0,0.0,0.0,0.0,0.0,0.0,,0.0,0.0,0.0,0.0,0.0,0.0,0.0,0.0,0.0,0.0,0.0,0.0,0.0,0.0,0.0,29.547486033519554,2.8925619834710745,0.0,0.0,0.0,0.0,-1.0,-1.0,-1.0,-1.0,23.29,-1.0,-1.0,-1.0,-1.0,-1.0,-1.0,-1.0,-1.0,-1.0,-1.0,-1.0,-1.0,,-1.0,-1.0,-1.0,-1.0,-1.0,-1.0,-1.0,-1.0,-1.0,-1.0,-1.0,,-1.0,-1.0,-1.0,-1.0,-1.0,-1.0,-1.0,23.90705882352941,-1.0,-1.0,-1.0,-1.0,-1.0,-1.0,-1.0,-1.0,-1.0,-1.0,-1.0,-1.0,-1.0
204,2013-09-01 03:00:00,-1.0,-1.0,-1.0,-1.0,-1.0,424.0,-1.0,-1.0,-1.0,-1.0,-1.0,-1.0,328.0,-1.0,-1.0,-1.0,-1.0,,-1.0,-1.0,-1.0,-1.0,-1.0,-1.0,-1.0,-1.0,-1.0,-1.0,-1.0,,-1.0,-1.0,-1.0,-1.0,-1.0,-1.0,-1.0,-1.0,-1.0,-1.0,-1.0,324.8181818181818,-1.0,-1.0,-1.0,-1.0,-1.0,-1.0,-1.0,-1.0,-1.0,-1.0,-1.0,-1.0,-1.0,-1.0,-1.0,-1.0,-1.0,-1.0,60.13,-1.0,-1.0,-1.0,-1.0,-1.0,-1.0,-1.0,,-1.0,-1.0,-1.0,-1.0,-1.0,-1.0,-1.0,-1.0,-1.0,-1.0,-1.0,,-1.0,-1.0,-1.0,-1.0,-1.0,-1.0,-1.0,-1.0,-1.0,-1.0,-1.0,-1.0,-1.0,-1.0,-1.0,-1.0,-1.0,-1.0,-1.0,-1.0,-1.0,-1.0,-1.0,-1.0,-1.0,-1.0,-1.0,-1.0,-1.0,-1.0,2.833333333333333,-1.0,-1.0,-1.0,-1.0,-1.0,-1.0,-1.0,,-1.0,-1.0,-1.0,-1.0,-1.0,-1.0,-1.0,-1.0,-1.0,-1.0,-1.0,,-1.0,-1.0,-1.0,-1.0,-1.0,-1.0,-1.0,-1.0,-1.0,-1.0,-1.0,-1.0,-1.0,-1.0,-1.0,-1.0,-1.0,-1.0,-1.0,-1.0,-1.0,0.0,0.0,0.0,0.0,0.0,0.0,0.0,0.0,0.0,0.0,0.0,0.0,0.0,0.0,0.0,0.0,0.0,,0.0,0.0,0.0,0.0,0.0,0.0,0.0,0.0,0.0,0.0,0.0,,0.0,0.0,0.0,0.0,0.0,0.0,0.0,0.0,0.0,0.0,0.0,0.0,0.0,0.0,0.0,13.522821576763484,7.551451187335092,0.0,0.0,0.0,0.0,-1.0,-1.0,-1.0,-1.0,-1.0,-1.0,-1.0,-1.0,-1.0,22.42,-1.0,-1.0,-1.0,-1.0,-1.0,-1.0,-1.0,,-1.0,-1.0,-1.0,-1.0,-1.0,-1.0,-1.0,-1.0,-1.0,-1.0,-1.0,,-1.0,-1.0,-1.0,-1.0,-1.0,-1.0,-1.0,-1.0,-1.0,-1.0,-1.0,-1.0,-1.0,-1.0,-1.0,-1.0,-1.0,-1.0,-1.0,-1.0,-1.0
205,2013-09-01 04:00:00,-1.0,-1.0,-1.0,-1.0,-1.0,-1.0,-1.0,-1.0,-1.0,-1.0,-1.0,-1.0,327.2758620689655,-1.0,-1.0,-1.0,-1.0,,-1.0,-1.0,-1.0,-1.0,-1.0,-1.0,-1.0,-1.0,-1.0,-1.0,-1.0,,-1.0,-1.0,90.41666666666669,-1.0,-1.0,-1.0,-1.0,-1.0,-1.0,-1.0,-1.0,-1.0,-1.0,-1.0,-1.0,-1.0,-1.0,-1.0,-1.0,-1.0,-1.0,-1.0,-1.0,-1.0,-1.0,-1.0,-1.0,-1.0,-1.0,-1.0,-1.0,-1.0,-1.0,-1.0,-1.0,-1.0,-1.0,-1.0,,-1.0,-1.0,-1.0,-1.0,-1.0,-1.0,-1.0,53.80125,-1.0,-1.0,-1.0,,-1.0,-1.0,-1.0,-1.0,-1.0,-1.0,-1.0,-1.0,-1.0,-1.0,-1.0,-1.0,-1.0,-1.0,-1.0,-1.0,-1.0,-1.0,-1.0,-1.0,-1.0,-1.0,-1.0,-1.0,-1.0,-1.0,-1.0,-1.0,-1.0,-1.0,-1.0,-1.0,-1.0,-1.0,-1.0,-1.0,-1.0,-1.0,,-1.0,-1.0,-1.0,-1.0,-1.0,-1.0,-1.0,5.625,-1.0,-1.0,-1.0,,-1.0,-1.0,-1.0,-1.0,-1.0,-1.0,-1.0,-1.0,-1.0,-1.0,-1.0,-1.0,-1.0,-1.0,-1.0,-1.0,-1.0,-1.0,-1.0,-1.0,-1.0,0.0,0.0,0.0,0.0,0.0,0.0,0.0,0.0,0.0,0.0,0.0,0.0,0.0,0.0,0.0,0.0,0.0,,0.0,0.0,0.0,0.0,0.0,0.0,0.0,0.0,0.0,0.0,0.0,,0.0,0.0,0.0,0.0,0.0,1.5289256198347108,0.0,0.0,0.0,0.0,0.0,0.0,0.0,0.0,0.0,0.0,0.0,0.0,0.0,0.0,0.0,-1.0,-1.0,-1.0,-1.0,-1.0,-1.0,-1.0,-1.0,-1.0,-1.0,-1.0,-1.0,-1.0,-1.0,-1.0,-1.0,-1.0,,-1.0,-1.0,-1.0,-1.0,-1.0,-1.0,-1.0,-1.0,-1.0,-1.0,-1.0,,-1.0,-1.0,-1.0,-1.0,-1.0,-1.0,-1.0,-1.0,-1.0,-1.0,-1.0,-1.0,-1.0,-1.0,-1.0,-1.0,-1.0,-1.0,-1.0,-1.0,-1.0
206,2013-09-01 05:00:00,-1.0,476.5,-1.0,-1.0,-1.0,-1.0,-1.0,-1.0,-1.0,468.0,-1.0,-1.0,-1.0,-1.0,-1.0,-1.0,-1.0,,-1.0,-1.0,-1.0,-1.0,-1.0,-1.0,-1.0,-1.0,349.0,-1.0,-1.0,,-1.0,-1.0,-1.0,-1.0,-1.0,-1.0,-1.0,-1.0,-1.0,-1.0,-1.0,-1.0,-1.0,-1.0,-1.0,-1.0,-1.0,-1.0,-1.0,-1.0,-1.0,-1.0,-1.0,-1.0,-1.0,-1.0,-1.0,-1.0,-1.0,-1.0,-1.0,-1.0,-1.0,-1.0,-1.0,-1.0,-1.0,-1.0,,-1.0,-1.0,-1.0,-1.0,-1.0,-1.0,-1.0,-1.0,-1.0,-1.0,-1.0,,-1.0,-1.0,-1.0,-1.0,-1.0,-1.0,-1.0,-1.0,-1.0,-1.0,-1.0,-1.0,-1.0,-1.0,-1.0,-1.0,-1.0,-1.0,-1.0,-1.0,-1.0,-1.0,-1.0,-1.0,-1.0,-1.0,-1.0,-1.0,-1.0,-1.0,-1.0,-1.0,-1.0,-1.0,-1.0,-1.0,-1.0,-1.0,,-1.0,-1.0,-1.0,-1.0,-1.0,-1.0,-1.0,-1.0,-1.0,-1.0,-1.0,,-1.0,-1.0,-1.0,-1.0,-1.0,-1.0,-1.0,-1.0,-1.0,-1.0,-1.0,-1.0,-1.0,-1.0,-1.0,-1.0,-1.0,-1.0,-1.0,-1.0,-1.0,0.0,0.0,0.0,0.0,0.0,0.0,0.0,0.0,0.0,0.0,0.0,0.0,0.0,0.0,0.0,0.0,0.0,,0.0,0.0,0.0,0.0,0.0,0.0,0.0,0.0,0.0,0.0,0.0,,0.0,0.0,0.0,0.0,0.0,0.0,0.0,0.0,0.0,0.0,0.0,0.0,0.0,0.0,0.0,0.0,0.0,0.0,0.0,0.0,0.0,-1.0,-1.0,-1.0,-1.0,-1.0,-1.0,-1.0,-1.0,-1.0,-1.0,-1.0,-1.0,-1.0,-1.0,-1.0,-1.0,-1.0,,-1.0,-1.0,-1.0,-1.0,-1.0,-1.0,-1.0,-1.0,-1.0,-1.0,-1.0,,-1.0,-1.0,-1.0,-1.0,-1.0,-1.0,-1.0,-1.0,-1.0,-1.0,-1.0,-1.0,-1.0,-1.0,-1.0,-1.0,-1.0,-1.0,-1.0,-1.0,-1.0
207,2013-09-01 06:00:00,-1.0,-1.0,-1.0,438.6666666666667,-1.0,-1.0,-1.0,-1.0,-1.0,481.0,-1.0,-1.0,-1.0,-1.0,-1.0,-1.0,-1.0,,-1.0,-1.0,-1.0,-1.0,-1.0,-1.0,-1.0,-1.0,-1.0,-1.0,-1.0,,-1.0,-1.0,-1.0,-1.0,-1.0,-1.0,-1.0,-1.0,-1.0,-1.0,-1.0,-1.0,-1.0,-1.0,-1.0,-1.0,-1.0,-1.0,-1.0,-1.0,-1.0,-1.0,-1.0,-1.0,-1.0,-1.0,-1.0,-1.0,-1.0,-1.0,-1.0,-1.0,52.31625,-1.0,-1.0,-1.0,-1.0,-1.0,,-1.0,-1.0,-1.0,-1.0,-1.0,-1.0,-1.0,-1.0,-1.0,-1.0,-1.0,,-1.0,-1.0,-1.0,-1.0,-1.0,-1.0,-1.0,-1.0,-1.0,-1.0,-1.0,-1.0,62.57,-1.0,-1.0,-1.0,-1.0,-1.0,-1.0,-1.0,-1.0,-1.0,-1.0,-1.0,-1.0,-1.0,-1.0,-1.0,-1.0,-1.0,-1.0,-1.0,2.375,-1.0,-1.0,-1.0,-1.0,-1.0,,-1.0,-1.0,-1.0,-1.0,-1.0,-1.0,-1.0,-1.0,-1.0,-1.0,-1.0,,-1.0,-1.0,-1.0,-1.0,-1.0,-1.0,-1.0,-1.0,-1.0,-1.0,-1.0,-1.0,3.0,-1.0,-1.0,-1.0,-1.0,-1.0,-1.0,-1.0,-1.0,0.0,0.0,0.0,0.0,0.0,0.0,0.0,0.0,0.0,0.0,0.0,0.0,0.0,0.0,0.0,0.0,0.0,,0.0,0.0,0.0,0.0,0.0,0.0,0.0,2.084507042253521,0.0,0.0,0.0,,0.0,0.0,0.0,0.0,0.0,3.3013698630136985,0.0,0.0,0.0,0.0,0.0,0.0,0.0,0.0,0.0,0.0,0.0,0.0,0.0,0.0,2.196132596685083,-1.0,-1.0,-1.0,-1.0,-1.0,-1.0,-1.0,-1.0,-1.0,-1.0,-1.0,22.65375,-1.0,-1.0,-1.0,-1.0,-1.0,,-1.0,-1.0,-1.0,-1.0,-1.0,-1.0,-1.0,-1.0,-1.0,-1.0,-1.0,,-1.0,-1.0,-1.0,-1.0,-1.0,-1.0,-1.0,-1.0,-1.0,-1.0,-1.0,-1.0,21.45,-1.0,-1.0,-1.0,-1.0,-1.0,-1.0,-1.0,-1.0
