student_id,age,gender,major,study_hours_per_day,social_media_hours,netflix_hours,part_time_job,attendance_percentage,sleep_hours,diet_quality,exercise_frequency,parental_education_level,internet_quality,mental_health_rating,extracurricular_participation,previous_gpa,semester,stress_level,dropout_risk,social_activity,screen_time,study_environment,access_to_tutoring,family_income_range,parental_support_level,motivation_level,exam_anxiety_score,learning_style,time_management_score,exam_score
135081,20,Other,Arts,2.0,3.6,1.7,No,99.3,8.7,Good,7,Some College,High,6.3,Yes,3.47,2,6.8,No,5,7.5,Co-Learning Group,No,Medium,7,2,10,Visual,6.2,90
115666,26,Male,Business,3.6,3.8,1.4,Yes,67.1,7.4,Good,3,Some College,Medium,3.6,No,4.0,8,8.6,No,5,9.3,Library,Yes,Medium,8,10,5,Visual,9.4,99
120354,28,Other,Biology,6.5,3.4,1.4,No,69.1,5.6,Good,4,PhD,High,6.5,No,4.0,2,1.4,No,5,12.5,Co-Learning Group,Yes,Low,5,7,8,Reading,7.5,99
160703,17,Female,Biology,7.3,4.8,1.7,Yes,97.2,7.0,Good,7,Bachelor,Low,6.0,Yes,3.67,7,7.9,No,3,15.1,Library,No,Low,1,8,7,Auditory,6.7,93
108586,28,Female,Arts,3.1,1.0,1.1,No,53.3,6.4,Good,3,Some College,Low,6.1,No,4.0,4,8.1,No,0,7.2,Cafe,No,High,5,8,7,Auditory,2.4,100
127227,22,Other,Engineering,6.6,2.6,1.9,Yes,61.7,5.0,Fair,0,Bachelor,Low,7.6,No,4.0,7,4.0,No,1,11.2,Co-Learning Group,No,Low,8,7,8,Auditory,5.0,100
159396,24,Female,Psychology,6.3,2.9,1.0,Yes,76.7,7.6,Good,6,Some College,Medium,9.4,Yes,4.0,5,5.1,No,2,11.4,Cafe,Yes,Medium,7,7,8,Reading,9.8,100
176636,26,Female,Biology,1.0,1.4,0.6,Yes,53.9,8.4,Good,4,Bachelor,Low,9.0,No,4.0,5,4.6,No,3,3.1,Cafe,No,Low,4,7,8,Reading,3.2,100
130091,24,Female,Business,1.6,1.1,1.0,No,91.9,6.4,Good,7,Master,Medium,7.1,No,3.21,5,5.8,No,1,4.7,Quiet Room,No,High,9,2,10,Kinesthetic,9.2,88
172165,21,Other,Business,8.0,3.3,1.8,No,95.3,6.2,Good,0,Bachelor,High,10.0,Yes,4.0,5,5.0,No,5,13.7,Co-Learning Group,No,High,9,8,7,Auditory,7.5,100
116335,23,Other,Psychology,4.1,2.1,0.8,Yes,84.5,6.4,Good,4,High School,Medium,9.3,Yes,4.0,1,3.6,No,0,8.2,Dorm,No,High,10,5,10,Reading,7.8,100
134062,17,Female,Business,5.8,1.8,3.2,No,93.1,6.2,Fair,2,Master,Low,8.5,Yes,3.56,4,5.9,No,5,11.4,Co-Learning Group,Yes,Low,4,7,8,Auditory,5.4,86
119729,25,Other,Arts,1.2,3.8,0.8,Yes,51.0,5.2,Good,7,PhD,High,6.5,No,3.8,6,8.3,No,5,5.9,Dorm,Yes,Low,5,6,9,Visual,4.9,94
175846,18,Other,Computer Science,8.536337553744247,2.5,0.4,Yes,54.6,5.0,Good,3,Some College,Low,6.5,Yes,4.0,4,1.0,No,3,13.1,Cafe,No,Low,3,8,7,Visual,2.0,92
115391,25,Male,Arts,4.4,4.8,2.6,Yes,83.6,6.4,Fair,1,High School,Medium,5.7,Yes,3.58,4,6.4,No,2,12.1,Cafe,Yes,High,6,2,10,Auditory,7.7,97
111311,20,Male,Biology,4.7,0.6,3.7,No,54.9,4.3,Fair,6,High School,High,4.3,No,3.4,7,4.5,No,1,10.2,Co-Learning Group,No,Medium,2,3,10,Auditory,8.2,78
130051,25,Male,Biology,5.7,4.6,3.8,No,49.1,4.9,Good,4,High School,Low,8.1,Yes,3.74,4,3.4,No,2,15.4,Co-Learning Group,No,Medium,1,3,10,Reading,9.5,95
127072,25,Other,Psychology,6.2,4.1,1.4,Yes,91.4,7.8,Good,0,Some College,Low,3.3,No,4.0,6,5.1,No,4,12.7,Co-Learning Group,Yes,Medium,6,6,9,Kinesthetic,8.8,99
158493,16,Male,Psychology,3.3,4.7,0.7,No,50.7,5.9,Good,0,Some College,Low,7.6,No,3.65,7,2.7,No,3,10.6,Dorm,No,High,3,10,5,Visual,3.4,93
107468,24,Other,Biology,3.3,0.9,3.6,No,77.6,8.7,Poor,7,High School,High,8.3,No,3.59,3,7.1,No,5,9.0,Library,Yes,Low,6,8,7,Visual,7.2,88
131902,21,Other,Computer Science,5.438164968032649,2.5,0.5,Yes,46.5,5.8,Fair,3,PhD,High,2.9,Yes,3.45,6,6.7,No,3,8.6,Co-Learning Group,Yes,High,2,2,10,Kinesthetic,8.5,90
171872,16,Male,Psychology,1.5,2.9,2.7,Yes,91.2,7.2,Good,0,High School,Medium,6.2,Yes,4.0,8,4.9,No,2,8.2,Co-Learning Group,Yes,Low,5,6,9,Reading,6.9,100
148469,19,Male,Psychology,5.1,3.1,2.1,No,63.6,5.6,Good,4,High School,High,4.9,No,2.89,1,7.3,No,4,12.0,Library,Yes,Medium,9,4,10,Kinesthetic,7.5,74
135044,25,Other,Business,2.4,2.0,0.0,No,79.2,6.4,Fair,7,Some College,Low,5.8,Yes,3.84,7,3.8,No,4,5.9,Library,Yes,Medium,4,10,5,Visual,3.4,92
139642,22,Male,Psychology,5.7,4.2,0.5,Yes,74.1,8.6,Fair,7,High School,Low,6.7,No,4.0,5,4.7,No,1,11.7,Quiet Room,Yes,Low,1,9,6,Reading,1.9,96
101764,24,Male,Biology,2.8,2.1,2.7,No,94.1,8.5,Good,4,PhD,Low,7.4,No,3.01,4,4.2,No,4,8.0,Quiet Room,No,Medium,6,7,8,Reading,6.0,77
119812,27,Female,Psychology,7.7,3.8,3.3,No,61.3,10.8,Good,7,High School,Low,8.4,No,4.0,2,2.7,No,5,14.8,Co-Learning Group,Yes,Low,1,10,5,Auditory,5.3,100
163359,21,Other,Psychology,2.5,0.4,0.3,Yes,71.7,8.6,Fair,7,Master,Low,10.0,No,3.55,6,5.8,No,0,4.2,Library,No,Medium,10,8,7,Kinesthetic,3.1,98
148077,20,Male,Arts,0.0,3.6,1.4,No,69.1,4.0,Fair,0,Bachelor,Medium,8.1,No,2.4,4,4.2,No,5,5.5,Library,No,Low,10,1,10,Reading,2.9,66
126247,25,Male,Arts,6.1,0.4,2.9,Yes,66.3,5.7,Good,7,Some College,Low,7.2,Yes,3.68,3,4.7,No,0,11.3,Cafe,No,Medium,3,7,8,Visual,7.0,99
104455,17,Female,Engineering,4.4,2.5,3.5,Yes,63.9,7.2,Good,1,PhD,Medium,7.9,No,3.35,1,8.0,No,1,11.6,Cafe,No,Medium,3,4,10,Visual,9.1,80
174764,28,Other,Arts,3.3,2.6,1.1,Yes,46.5,7.5,Poor,4,Master,Medium,9.9,Yes,2.53,7,6.0,No,5,8.3,Cafe,No,Low,10,3,10,Visual,1.2,65
171663,20,Other,Biology,4.8,3.1,1.7,Yes,70.1,8.1,Good,5,High School,High,8.5,Yes,2.86,1,3.6,No,5,11.1,Cafe,Yes,Medium,4,2,10,Reading,4.1,70
176652,24,Female,Arts,3.1,2.7,3.3,Yes,47.5,8.7,Fair,2,Some College,High,8.6,No,3.3,1,5.9,No,4,11.0,Dorm,No,High,10,5,10,Auditory,3.7,76
173809,18,Female,Biology,8.8,3.0,3.5,No,43.7,6.6,Good,5,Bachelor,High,9.1,Yes,4.0,2,4.7,No,1,16.1,Co-Learning Group,Yes,Low,2,4,10,Reading,6.3,100
110085,27,Female,Computer Science,1.6826956270418352,2.5,3.4,No,68.4,5.7,Fair,4,Bachelor,Medium,4.4,Yes,3.0,5,5.5,No,2,7.8,Dorm,No,Low,7,4,10,Reading,9.8,75
172155,22,Female,Business,5.0,0.9,3.2,Yes,58.2,8.4,Good,2,Bachelor,High,4.7,Yes,3.58,2,5.8,No,1,9.6,Co-Learning Group,No,Low,1,10,5,Reading,2.1,86
174448,21,Female,Arts,0.6,0.9,3.6,No,50.1,8.2,Fair,3,High School,Low,7.1,No,3.15,8,6.9,No,3,7.0,Library,Yes,Medium,6,9,6,Kinesthetic,7.5,81
146656,20,Male,Biology,4.9,3.1,3.7,Yes,67.5,7.1,Fair,3,High School,High,7.0,Yes,4.0,5,4.6,No,2,12.2,Co-Learning Group,Yes,Low,1,8,7,Kinesthetic,7.7,94
159067,22,Other,Arts,0.9,0.2,2.4,Yes,94.1,6.0,Good,7,Master,High,2.3,Yes,2.7,5,8.1,Yes,2,5.0,Library,Yes,Low,3,3,10,Reading,4.0,65
100774,18,Other,Psychology,2.4,1.1,0.5,No,44.0,6.3,Good,1,Bachelor,Medium,4.8,Yes,2.63,1,4.3,No,5,5.5,Library,No,High,10,4,10,Visual,7.3,66
151292,19,Female,Biology,4.1,3.3,3.4,Yes,42.3,7.5,Good,2,Some College,Low,9.5,No,2.62,7,6.3,No,2,11.6,Cafe,No,Medium,5,2,10,Visual,2.5,59
160120,28,Male,Psychology,5.1,2.9,2.9,Yes,76.3,7.4,Good,6,Some College,Low,9.3,No,4.0,1,3.7,No,2,12.6,Quiet Room,No,Medium,10,4,10,Visual,4.8,97
121739,19,Other,Arts,1.9,2.8,0.9,No,49.0,9.8,Good,7,PhD,Low,7.5,No,4.0,6,3.1,No,2,6.3,Cafe,Yes,Medium,9,9,6,Kinesthetic,8.0,100
103787,19,Other,Business,1.6,0.3,2.4,No,77.7,8.0,Fair,7,Master,High,4.9,No,3.0,4,7.0,No,0,6.0,Cafe,Yes,Medium,5,8,7,Visual,5.0,71
135632,16,Female,Computer Science,5.376259570415453,0.2,0.1,No,51.8,7.5,Good,3,Some College,High,8.9,No,4.0,5,3.0,No,3,6.9,Cafe,No,High,1,9,6,Auditory,9.3,98
122955,18,Male,Psychology,1.1,4.8,2.7,Yes,42.2,9.3,Poor,1,Bachelor,Medium,7.2,No,4.0,5,6.3,No,1,9.0,Quiet Room,No,Medium,9,7,8,Reading,7.7,97
108293,18,Female,Computer Science,2.751122275360299,0.7,0.6,Yes,85.6,5.9,Fair,4,PhD,Medium,7.6,No,2.67,6,6.8,No,3,4.1,Library,No,High,6,3,10,Auditory,3.4,73
107285,18,Other,Business,4.4,0.3,2.0,Yes,59.6,7.1,Good,7,High School,Medium,7.2,No,4.0,3,4.2,No,0,8.5,Dorm,No,Medium,5,7,8,Visual,7.1,97
134115,19,Female,Business,2.8,1.2,1.7,No,90.7,6.4,Good,3,PhD,Medium,7.5,No,2.43,2,5.0,No,5,5.9,Dorm,No,High,6,4,10,Kinesthetic,5.1,74
162465,16,Female,Business,4.4,1.0,0.7,Yes,49.0,4.3,Good,2,Master,Medium,6.0,Yes,3.72,7,1.0,No,1,7.2,Quiet Room,No,Medium,7,8,7,Visual,1.3,95
112522,27,Other,Psychology,3.8,4.2,2.7,Yes,45.5,6.7,Good,3,Bachelor,High,7.7,Yes,2.14,6,6.1,No,1,10.7,Dorm,No,Medium,5,2,10,Reading,4.8,55
136694,24,Female,Business,5.6,4.3,1.2,No,93.7,8.3,Good,7,Some College,Medium,8.8,Yes,4.0,5,7.1,No,2,11.2,Library,No,High,9,9,6,Kinesthetic,9.1,88
159058,18,Male,Engineering,6.0,0.1,3.6,Yes,45.2,5.3,Good,0,Bachelor,High,6.1,Yes,4.0,5,5.6,No,4,10.4,Dorm,Yes,High,8,10,5,Reading,3.4,95
100649,25,Male,Psychology,4.1,2.5,1.7,Yes,46.2,6.6,Good,1,Some College,Medium,5.8,No,2.72,6,5.1,No,4,9.4,Co-Learning Group,No,Medium,1,4,10,Visual,5.2,62
107854,23,Female,Business,0.4,1.9,2.2,Yes,44.9,6.5,Good,4,Master,High,6.6,No,3.55,8,6.8,No,5,5.2,Dorm,No,Low,2,4,10,Reading,9.4,95
116396,28,Male,Business,3.4,1.2,2.2,Yes,63.5,6.0,Good,0,PhD,Low,6.7,No,4.0,6,6.1,No,2,8.0,Quiet Room,No,Low,3,6,9,Visual,3.7,100
163450,20,Other,Business,5.5,0.6,1.5,No,59.0,8.0,Fair,0,PhD,Medium,10.0,No,3.65,1,5.5,No,1,9.3,Co-Learning Group,Yes,Medium,10,8,7,Auditory,3.0,84
156935,23,Other,Psychology,4.4,3.4,3.0,Yes,51.0,4.8,Poor,2,High School,High,6.0,Yes,2.86,1,3.7,No,1,10.9,Cafe,Yes,High,9,3,10,Kinesthetic,7.8,76
147403,27,Female,Engineering,1.7,0.2,0.2,No,46.2,4.0,Good,3,PhD,Medium,7.4,No,4.0,8,3.3,No,0,2.3,Library,No,Low,3,8,7,Visual,8.3,100
120217,24,Female,Computer Science,1.1319716706438083,4.2,2.7,No,45.6,5.8,Fair,2,High School,High,8.2,Yes,2.45,1,3.3,No,0,10.0,Cafe,Yes,High,2,2,10,Auditory,2.2,55
134239,22,Male,Biology,4.4,0.8,0.8,Yes,78.8,8.5,Poor,1,Some College,Medium,7.7,No,4.0,4,3.9,No,2,7.1,Library,Yes,Low,3,2,10,Auditory,6.6,100
138891,27,Female,Psychology,6.4,0.7,3.0,Yes,80.1,5.5,Good,2,Master,Low,3.6,No,3.65,3,5.2,No,0,12.0,Library,Yes,High,5,9,6,Visual,4.0,93
109017,25,Male,Arts,5.4,2.4,3.0,Yes,50.2,4.9,Good,5,Some College,Low,5.4,Yes,3.73,4,4.9,No,1,12.3,Dorm,Yes,Low,1,2,10,Visual,4.1,93
167738,17,Female,Psychology,2.6,1.9,1.4,Yes,74.6,8.1,Good,4,High School,High,7.0,No,3.98,2,6.6,No,4,6.4,Cafe,No,Medium,1,8,7,Auditory,8.9,94
101554,21,Male,Business,3.9,3.9,2.0,No,75.9,8.9,Fair,7,High School,Medium,9.7,No,4.0,3,3.8,No,1,10.7,Quiet Room,No,Low,5,7,8,Auditory,5.1,100
144383,24,Other,Business,10.7,1.2,0.9,Yes,48.0,4.4,Poor,3,Some College,Medium,8.5,Yes,4.0,4,2.4,No,1,14.1,Co-Learning Group,Yes,High,4,10,5,Kinesthetic,6.1,100
123475,17,Male,Computer Science,6.446624938153518,2.8,4.0,Yes,58.3,5.2,Good,4,High School,High,7.4,Yes,3.87,1,6.0,No,4,14.0,Dorm,No,High,3,3,10,Reading,8.1,100
125979,22,Female,Computer Science,6.531072926188752,4.9,3.0,Yes,76.8,8.5,Fair,4,High School,High,5.1,No,4.0,7,3.9,No,4,15.0,Co-Learning Group,No,High,7,9,6,Visual,7.9,99
147369,26,Other,Business,4.6,4.9,1.6,No,99.7,5.1,Good,6,Some College,Low,7.6,Yes,4.0,1,7.9,No,3,12.1,Library,No,Medium,7,10,5,Auditory,3.2,99
151372,21,Other,Biology,1.9,4.5,0.5,Yes,96.8,5.9,Fair,2,High School,High,8.0,No,4.0,6,7.9,No,1,7.3,Library,No,High,5,8,7,Kinesthetic,5.5,91
161170,26,Female,Business,5.5,1.2,2.9,Yes,68.6,4.0,Fair,3,Some College,Low,7.3,Yes,2.78,1,3.2,No,2,10.3,Cafe,No,High,1,5,10,Reading,4.0,67
155533,28,Male,Computer Science,6.533809851594424,1.3,0.6,Yes,50.8,4.0,Poor,6,High School,Medium,4.2,No,3.84,1,7.9,No,3,9.7,Co-Learning Group,No,High,10,8,7,Visual,7.0,100
158564,22,Female,Engineering,6.4,2.9,2.2,No,84.9,4.5,Poor,2,Bachelor,Low,6.8,Yes,4.0,6,7.6,No,2,11.6,Quiet Room,No,Low,4,6,9,Visual,7.4,100
150519,21,Male,Psychology,6.0,3.0,2.9,Yes,56.2,8.5,Good,4,High School,Low,9.4,Yes,3.84,5,3.7,No,4,13.0,Library,Yes,Medium,9,3,10,Auditory,7.8,87
123321,25,Other,Engineering,5.1,4.8,1.1,Yes,59.7,5.2,Fair,1,Master,Medium,6.3,No,3.61,4,4.5,No,1,11.2,Quiet Room,Yes,Low,1,1,10,Visual,6.9,86
114745,20,Male,Biology,5.9,1.8,3.2,Yes,61.8,4.8,Fair,7,High School,Low,5.7,Yes,3.44,6,4.0,No,0,11.7,Library,No,High,7,2,10,Visual,8.1,88
138953,16,Other,Biology,0.7,1.9,3.1,Yes,70.9,6.3,Good,2,High School,High,4.5,No,3.31,1,4.5,No,2,6.5,Co-Learning Group,Yes,High,9,1,10,Visual,8.9,80
158886,20,Female,Engineering,3.6,1.0,0.3,No,43.9,8.1,Fair,6,Master,Medium,7.699999999999999,No,4.0,8,9.1,Yes,1,6.2,Library,Yes,High,10,2,10,Visual,8.8,97
118408,16,Female,Biology,3.2,0.6,0.5,Yes,71.0,6.0,Good,6,Master,High,9.3,No,2.58,2,4.3,No,3,4.8,Dorm,No,Medium,10,4,10,Visual,5.5,67
152936,28,Female,Computer Science,3.24225541823267,1.8,0.9,No,99.8,6.1,Good,4,Some College,Low,4.0,No,2.57,5,7.2,No,3,7.4,Library,No,Medium,3,5,10,Kinesthetic,7.1,66
147352,25,Male,Business,5.5,0.1,2.5,Yes,64.7,7.4,Good,4,Master,Medium,5.1,Yes,3.51,2,2.9,No,0,9.3,Dorm,Yes,Low,5,3,10,Visual,9.0,80
176341,17,Male,Biology,6.6,0.2,4.0,Yes,59.8,6.6,Fair,6,PhD,Medium,7.7,No,4.0,6,3.5,No,4,12.6,Cafe,Yes,Low,4,2,10,Visual,6.0,100
100873,20,Other,Arts,2.6,3.0,3.1,Yes,97.7,5.0,Fair,2,High School,Low,8.2,Yes,4.0,1,2.1,No,1,10.6,Cafe,Yes,High,6,9,6,Reading,9.0,95
124404,26,Male,Business,8.5,0.4,3.7,No,86.1,6.7,Good,5,Some College,Medium,8.1,Yes,3.48,3,5.8,No,5,12.9,Dorm,Yes,Medium,4,10,5,Kinesthetic,5.3,94
103288,26,Female,Business,5.2,2.0,3.7,No,76.2,5.8,Good,6,High School,High,3.8,No,2.75,4,6.8,No,1,11.0,Dorm,No,Medium,2,8,7,Auditory,6.6,63
125556,24,Female,Psychology,0.0,3.0,0.4,Yes,88.7,6.7,Good,1,High School,Low,3.3,Yes,3.27,3,3.8,No,2,4.2,Dorm,No,Low,9,9,6,Visual,8.6,79
126772,23,Female,Business,2.0,4.9,3.2,No,44.8,6.9,Fair,1,Bachelor,Medium,10.0,Yes,3.07,1,4.7,No,1,11.6,Cafe,No,Low,4,6,9,Reading,6.1,76
165968,21,Female,Psychology,3.0,4.7,2.3,No,84.5,8.5,Poor,7,Master,Low,8.8,Yes,4.0,4,5.5,No,2,11.9,Dorm,No,Low,2,6,9,Reading,8.9,100
101597,28,Male,Business,3.1,4.9,2.2,Yes,57.7,8.7,Good,4,Some College,High,7.4,No,3.07,1,4.9,No,5,11.2,Co-Learning Group,No,Medium,7,6,9,Reading,3.3,78
163701,28,Female,Business,5.2,3.1,0.5,Yes,44.6,9.7,Good,5,Some College,High,3.5,Yes,3.74,1,8.0,No,3,9.2,Co-Learning Group,No,Low,5,7,8,Reading,7.0,97
176992,27,Other,Psychology,3.8,3.5,1.3,No,96.7,6.7,Good,3,Some College,Medium,1.7,Yes,2.72,3,5.9,No,3,10.0,Cafe,No,Low,4,7,8,Visual,8.3,59
163864,27,Other,Psychology,0.7,0.6,1.4,No,67.7,6.7,Good,3,High School,High,5.8,Yes,3.94,2,3.6,No,4,4.3,Quiet Room,Yes,Medium,5,1,10,Auditory,2.7,100
147060,23,Female,Computer Science,6.27338131175746,1.5,1.0,No,70.4,7.3,Poor,0,PhD,Medium,3.4,Yes,3.53,7,4.3,No,3,10.6,Dorm,Yes,Medium,10,5,10,Kinesthetic,8.9,82
172753,17,Male,Engineering,5.2,3.1,2.8,No,90.7,6.5,Fair,1,Some College,Low,10.0,No,4.0,6,6.6,No,3,12.1,Quiet Room,No,Medium,1,5,10,Visual,6.6,100
127263,17,Male,Psychology,4.0,3.8,1.6,Yes,91.4,8.1,Poor,0,Some College,Medium,8.3,Yes,4.0,4,6.7,No,0,10.8,Library,Yes,Low,9,10,5,Visual,8.0,100
173901,24,Female,Computer Science,5.793765257723941,3.9,2.3,Yes,49.0,7.6,Fair,7,PhD,Medium,5.9,No,4.0,5,9.4,No,5,12.1,Co-Learning Group,Yes,High,2,4,10,Kinesthetic,2.8,98
132163,17,Female,Business,4.0,0.7,1.5,No,54.8,7.2,Good,2,Master,High,6.3,Yes,3.18,8,5.8,No,4,7.9,Dorm,No,High,7,4,10,Visual,5.9,78
148023,21,Other,Arts,6.1,3.5,0.7,No,56.1,7.8,Good,2,PhD,Medium,10.0,No,3.74,6,4.5,No,5,10.3,Dorm,No,Medium,1,10,5,Reading,2.1,90
130588,17,Other,Engineering,3.4,3.1,3.1,Yes,60.1,11.2,Good,0,Bachelor,Low,8.0,No,3.94,1,2.7,No,5,10.2,Cafe,Yes,Medium,4,9,6,Reading,8.3,100
172873,28,Female,Biology,1.6,0.1,0.9,Yes,58.9,5.7,Fair,0,PhD,Low,2.5,No,2.58,3,5.4,No,3,4.2,Cafe,No,High,4,2,10,Kinesthetic,3.0,66
160888,28,Female,Biology,3.1,4.4,0.4,Yes,64.8,5.6,Fair,3,PhD,High,8.5,Yes,3.47,2,1.5,No,2,8.5,Dorm,No,Low,7,10,5,Visual,4.7,90
131274,22,Female,Business,2.5,1.6,2.0,Yes,61.1,6.2,Fair,7,Some College,Low,7.9,No,3.94,5,4.3,No,3,8.1,Dorm,No,High,1,5,10,Visual,1.7,100
108851,20,Female,Engineering,4.7,0.5,3.3,Yes,64.6,5.7,Good,3,Master,Medium,6.4,Yes,4.0,2,2.2,No,2,10.3,Quiet Room,No,Low,1,10,5,Kinesthetic,4.2,100
166268,19,Female,Engineering,7.7,1.2,0.7,No,73.8,8.2,Good,6,Bachelor,Low,8.7,Yes,4.0,6,4.6,No,3,11.3,Library,Yes,Low,4,3,10,Visual,6.6,100
161654,23,Other,Biology,9.0,2.2,1.1,No,62.1,7.1,Fair,0,PhD,Low,1.0,Yes,4.0,8,7.3,No,1,12.9,Quiet Room,Yes,Low,8,4,10,Kinesthetic,1.5,92
128144,24,Female,Arts,4.3,2.2,0.3,Yes,68.3,7.9,Poor,7,PhD,Low,7.0,Yes,4.0,4,7.6,No,1,7.2,Cafe,Yes,Low,7,8,7,Auditory,8.6,97
105867,22,Other,Business,1.8,2.0,2.5,Yes,86.6,7.9,Good,2,Bachelor,High,5.4,No,2.24,7,7.0,No,0,7.0,Dorm,Yes,High,4,2,10,Auditory,7.0,52
114939,28,Female,Psychology,5.4,0.2,0.5,No,80.4,7.6,Fair,6,High School,High,10.0,No,3.36,7,3.6,No,1,7.5,Cafe,Yes,Low,2,7,8,Reading,3.4,92
112845,19,Other,Arts,0.0,1.2,2.1,No,91.4,5.7,Good,7,PhD,High,8.5,No,4.0,1,1.7,No,3,4.2,Cafe,Yes,Low,4,9,6,Reading,5.3,97
130936,21,Male,Psychology,4.8,1.0,0.1,No,87.5,8.0,Fair,3,Some College,High,4.7,Yes,4.0,1,7.7,No,0,7.5,Co-Learning Group,No,Low,6,6,9,Kinesthetic,8.6,100
132551,19,Other,Psychology,2.9,4.5,3.1,Yes,54.5,5.5,Fair,4,Master,Low,7.1,Yes,3.44,6,3.2,No,3,10.9,Cafe,Yes,High,8,7,8,Visual,3.5,92
142327,24,Male,Arts,6.7,4.5,3.6,Yes,73.5,5.7,Fair,7,Some College,Low,6.7,Yes,3.02,1,5.7,No,5,15.6,Library,No,Medium,1,5,10,Auditory,4.0,69
138619,17,Female,Arts,0.3,3.1,2.9,Yes,61.7,7.8,Poor,6,PhD,Low,3.8,Yes,3.91,6,9.3,No,1,7.0,Co-Learning Group,No,High,5,9,6,Kinesthetic,4.4,95
135125,27,Female,Psychology,3.6,3.0,3.4,No,80.3,8.3,Fair,5,High School,Medium,3.2,No,3.47,8,7.2,No,5,10.8,Cafe,Yes,High,3,7,8,Kinesthetic,4.8,85
136278,21,Female,Psychology,5.2,2.7,0.9,No,92.0,9.9,Fair,4,Master,Low,2.4,No,3.63,7,7.4,No,0,9.9,Quiet Room,No,High,7,4,10,Visual,6.6,92
173491,18,Female,Arts,3.5,1.1,0.8,No,83.3,4.0,Good,5,Bachelor,Medium,7.1,Yes,4.0,4,5.6,No,3,6.4,Quiet Room,Yes,Low,8,10,5,Reading,4.0,99
102991,17,Other,Biology,6.5,1.8,0.6,Yes,89.7,6.4,Poor,7,PhD,High,8.6,No,4.0,2,3.6,No,5,9.2,Cafe,No,Medium,2,5,10,Auditory,8.7,95
121768,23,Male,Business,1.6,1.0,3.6,Yes,57.9,7.5,Fair,5,Master,Low,9.8,No,2.82,2,2.2,No,4,7.8,Co-Learning Group,No,Medium,3,1,10,Kinesthetic,5.4,63
147978,28,Male,Psychology,0.0,2.6,1.7,No,76.8,7.3,Fair,5,Master,Medium,4.7,Yes,4.0,8,2.5,No,3,5.9,Library,Yes,High,9,6,9,Visual,3.7,100
103690,24,Female,Business,5.8,0.5,1.2,No,50.4,5.8,Fair,0,Some College,Low,3.0,No,4.0,4,4.2,No,2,8.6,Library,Yes,High,4,3,10,Kinesthetic,5.6,100
106977,23,Other,Computer Science,8.519467759159895,5.0,2.9,Yes,68.8,6.4,Good,6,PhD,High,6.0,Yes,3.21,7,5.5,No,0,18.2,Dorm,Yes,High,4,3,10,Reading,4.5,89
136612,19,Other,Business,4.0,4.9,2.6,No,65.9,9.0,Good,6,High School,High,8.3,Yes,4.0,4,2.3,No,5,12.0,Cafe,Yes,Low,9,7,8,Auditory,2.2,96
133628,16,Other,Biology,6.0,0.2,0.2,No,62.7,8.1,Good,0,PhD,Low,7.1,No,4.0,2,3.7,No,1,8.1,Dorm,No,High,6,1,10,Visual,8.1,100
162079,27,Other,Arts,3.6,3.2,2.0,No,48.3,6.0,Good,7,Master,Low,8.8,Yes,4.0,4,7.6,No,4,10.6,Quiet Room,No,Low,5,4,10,Visual,8.7,99
127845,20,Other,Arts,4.0,2.6,2.9,Yes,69.0,8.5,Fair,4,High School,Medium,7.7,Yes,3.57,4,3.1,No,3,11.4,Quiet Room,Yes,Medium,7,5,10,Auditory,6.4,91
145104,28,Other,Arts,3.4,4.2,2.4,No,53.4,7.7,Good,7,Master,Medium,8.2,Yes,3.87,8,6.0,No,3,10.6,Dorm,No,Medium,2,4,10,Reading,1.2,98
149542,23,Female,Psychology,6.8,1.5,1.2,No,83.7,7.9,Good,7,High School,High,7.5,Yes,3.73,7,4.9,No,0,10.3,Library,Yes,High,3,7,8,Visual,10.0,90
157664,24,Other,Arts,3.8,0.3,3.5,No,55.0,5.9,Good,1,Master,Low,5.6,Yes,2.75,4,2.7,No,2,7.8,Library,No,Low,7,3,10,Kinesthetic,7.1,77
178965,21,Male,Biology,4.7,2.0,3.6,No,67.5,5.7,Good,3,PhD,High,9.3,No,3.63,6,5.5,No,4,10.4,Cafe,No,High,7,6,9,Auditory,9.0,100
122900,27,Other,Biology,3.4,4.4,1.0,Yes,83.6,7.3,Fair,3,PhD,High,4.5,No,4.0,2,2.2,No,0,10.4,Quiet Room,No,High,7,6,9,Auditory,4.5,95
113940,25,Male,Psychology,0.7,3.9,0.1,No,70.9,7.6,Good,3,Bachelor,Medium,8.1,Yes,2.94,1,5.5,No,4,5.6,Co-Learning Group,No,High,5,8,7,Auditory,5.5,79
177079,22,Male,Psychology,5.3,4.9,2.8,Yes,44.1,9.5,Good,0,Some College,Medium,7.1,Yes,4.0,6,3.7,No,5,13.2,Library,No,Low,2,6,9,Reading,3.1,100
101119,21,Male,Arts,4.9,4.2,2.1,No,85.6,8.1,Fair,6,Bachelor,High,2.1,No,3.59,4,4.2,No,4,12.8,Quiet Room,No,High,4,7,8,Kinesthetic,8.7,94
146421,16,Other,Business,8.3,0.8,0.7,Yes,54.7,7.6,Fair,4,Some College,High,5.7,Yes,3.77,7,4.3,No,5,10.3,Quiet Room,No,Low,4,7,8,Auditory,2.7,94
111774,25,Female,Arts,3.6,4.0,2.3,Yes,88.6,6.7,Good,1,PhD,High,5.0,No,3.9,8,4.3,No,0,11.9,Library,No,Low,9,4,10,Reading,3.5,96
175127,17,Female,Computer Science,0.9997119505184432,1.8,2.2,Yes,87.6,10.7,Good,6,Some College,High,8.4,Yes,3.8,8,6.3,No,5,5.0,Quiet Room,Yes,Low,2,2,10,Auditory,1.6,94
157206,21,Male,Engineering,4.8,0.9,0.5,No,44.1,8.3,Fair,6,Bachelor,Low,10.0,No,4.0,3,2.8,No,5,6.4,Co-Learning Group,Yes,Low,5,8,7,Kinesthetic,7.6,97
106236,16,Other,Business,2.1,0.9,1.9,Yes,59.8,4.7,Poor,7,High School,Low,8.0,No,3.4,5,4.9,No,3,6.3,Cafe,No,Low,1,6,9,Auditory,1.5,86
112062,23,Female,Engineering,4.6,1.0,0.3,Yes,41.1,6.7,Fair,3,Some College,Medium,5.0,No,3.66,4,1.4,No,0,7.9,Quiet Room,No,High,8,6,9,Auditory,6.1,96
132786,21,Female,Arts,7.2,1.4,0.8,No,85.0,7.7,Fair,2,Master,High,8.3,No,3.58,5,4.4,No,0,10.3,Co-Learning Group,No,High,9,9,6,Visual,9.5,100
137622,21,Other,Engineering,2.1,2.8,3.9,Yes,52.3,8.0,Good,5,Master,Medium,10.0,No,4.0,8,3.4,No,5,9.9,Cafe,No,High,8,4,10,Kinesthetic,1.3,97
158765,16,Female,Business,5.6,1.2,1.3,Yes,42.3,6.3,Good,7,PhD,Medium,8.3,Yes,3.58,6,6.0,No,4,8.8,Library,No,Low,7,10,5,Reading,7.9,81
142340,19,Other,Engineering,2.1,1.3,3.7,No,49.9,9.0,Good,4,Some College,Low,4.4,No,3.13,6,2.8,No,2,7.7,Cafe,No,Medium,2,2,10,Visual,7.1,75
136217,24,Male,Engineering,3.1,3.7,1.6,No,84.6,6.1,Good,2,High School,Medium,5.8,No,3.5,5,5.4,No,1,9.9,Cafe,No,Low,5,6,9,Reading,1.9,81
121282,24,Other,Engineering,5.2,4.7,2.0,No,94.2,6.8,Good,7,High School,Low,6.2,No,3.18,2,6.8,No,5,13.2,Cafe,Yes,High,7,2,10,Auditory,7.1,80
167433,24,Female,Computer Science,1.8987139891850076,1.5,2.8,No,65.8,8.8,Fair,4,High School,Medium,8.6,No,4.0,4,5.7,No,5,7.6,Co-Learning Group,No,Medium,10,10,5,Reading,2.2,94
128714,23,Male,Biology,2.9,2.5,3.0,No,49.1,5.3,Fair,1,Master,Medium,4.6,No,3.31,7,8.1,No,4,8.8,Co-Learning Group,No,High,3,8,7,Visual,8.7,71
142978,28,Male,Psychology,6.3,4.6,0.6,Yes,44.5,7.3,Good,6,Master,Low,3.5,No,3.46,4,1.8,No,1,11.5,Quiet Room,No,High,7,6,9,Auditory,5.2,77
145028,27,Male,Psychology,2.8,1.5,0.5,Yes,88.9,6.0,Good,1,High School,High,6.9,No,4.0,5,3.2,No,3,5.7,Dorm,Yes,Medium,8,8,7,Kinesthetic,3.5,98
120130,21,Other,Business,2.5,1.4,2.1,No,95.7,6.0,Fair,1,Master,Medium,5.0,No,4.0,7,9.5,No,4,6.1,Library,Yes,High,8,9,6,Reading,2.1,99
128605,25,Other,Engineering,1.5,5.0,3.3,No,43.4,8.3,Fair,6,PhD,Low,2.8,Yes,4.0,6,6.8,No,3,11.6,Library,Yes,Medium,9,10,5,Auditory,3.7,97
168872,20,Female,Arts,3.9,3.5,1.6,No,98.8,7.9,Fair,5,PhD,High,6.8,No,3.92,6,7.9,No,0,10.0,Library,No,High,7,7,8,Visual,3.1,98
168074,22,Male,Psychology,3.3,0.2,1.3,No,85.4,4.6,Good,2,Master,Low,10.0,No,3.79,4,6.5,No,3,6.2,Cafe,No,Low,8,5,10,Visual,8.3,94
155428,21,Male,Business,2.1,3.8,1.2,No,92.9,5.7,Good,6,Master,Medium,10.0,No,3.73,8,4.7,No,2,8.1,Library,No,Medium,2,7,8,Reading,7.0,96
115538,28,Other,Computer Science,3.9586739225580807,4.1,3.5,No,73.3,7.5,Fair,0,Master,Medium,5.9,Yes,4.0,3,5.7,No,2,12.4,Co-Learning Group,No,Low,10,5,10,Reading,9.5,95
116639,20,Male,Psychology,5.4,4.4,0.8,No,87.7,5.5,Good,6,Some College,Low,7.0,No,4.0,7,1.0,No,5,12.1,Dorm,Yes,Low,4,7,8,Auditory,8.3,98
114355,16,Male,Engineering,3.6,3.4,2.7,Yes,68.7,7.3,Good,0,Some College,Medium,7.1,Yes,4.0,1,3.3,No,3,11.2,Cafe,No,High,1,7,8,Kinesthetic,3.4,94
160875,28,Other,Biology,3.1,1.1,2.7,Yes,60.1,8.3,Fair,0,Bachelor,Medium,10.0,No,4.0,5,5.4,No,2,8.4,Co-Learning Group,No,High,6,5,10,Reading,9.6,96
174541,19,Female,Psychology,6.8,3.6,2.0,Yes,82.7,6.1,Good,2,Master,High,7.9,Yes,3.12,8,5.1,No,1,13.0,Dorm,Yes,High,4,2,10,Reading,9.8,78
178121,25,Female,Biology,2.2,1.6,3.3,No,82.9,4.9,Good,4,Bachelor,Medium,4.7,Yes,2.82,5,4.4,No,1,7.8,Cafe,Yes,High,9,2,10,Reading,8.3,72
111645,18,Male,Engineering,0.0,0.8,0.6,No,90.1,8.9,Good,2,PhD,High,7.6,Yes,2.66,7,5.5,No,4,2.1,Dorm,Yes,Low,7,6,9,Auditory,2.7,68
178540,27,Other,Engineering,4.9,3.0,0.3,No,61.4,5.6,Good,2,High School,High,3.6,No,4.0,6,5.3,No,1,8.4,Cafe,Yes,Low,6,8,7,Auditory,9.3,100
147840,24,Male,Biology,2.9,0.8,0.9,Yes,59.4,7.9,Good,7,Some College,High,5.5,Yes,3.77,8,3.6,No,4,6.4,Quiet Room,No,High,10,7,8,Visual,4.9,98
150904,20,Female,Business,4.2,3.5,3.4,Yes,68.1,5.3,Fair,5,Bachelor,Low,7.4,No,2.67,3,4.0,No,0,11.9,Library,No,Medium,3,4,10,Kinesthetic,4.5,65
123303,18,Other,Computer Science,3.1342720271785787,4.4,2.3,No,47.8,4.0,Fair,1,Some College,Low,6.6,Yes,3.43,4,7.3,No,5,10.1,Cafe,No,Medium,4,10,5,Auditory,5.6,83
168378,17,Other,Psychology,3.8,0.2,0.8,No,99.4,7.2,Poor,5,High School,High,5.1,Yes,4.0,5,4.8,No,2,6.7,Dorm,No,High,5,7,8,Kinesthetic,9.8,100
155405,26,Female,Computer Science,4.698168190909428,3.7,2.4,No,58.8,11.4,Good,6,Some College,High,7.0,Yes,4.0,6,5.0,No,1,11.8,Co-Learning Group,No,Low,1,5,10,Visual,4.9,94
178362,25,Male,Engineering,3.6,0.0,2.1,No,83.5,7.2,Fair,5,PhD,Low,4.3,No,2.43,1,6.1,No,1,5.9,Dorm,No,Medium,2,3,10,Auditory,3.6,59
161287,23,Other,Biology,3.9,3.7,1.0,No,51.8,6.4,Good,7,High School,Low,7.0,No,2.97,5,5.9,No,3,10.4,Cafe,No,Low,2,4,10,Kinesthetic,7.0,75
179719,16,Other,Business,4.2,2.3,3.4,Yes,77.7,4.0,Good,0,Some College,High,6.9,No,3.56,5,5.8,No,4,11.8,Cafe,Yes,Medium,3,2,10,Reading,8.2,97
175226,16,Other,Computer Science,7.260197236485344,2.7,2.3,Yes,96.5,5.9,Fair,4,PhD,Low,8.5,No,3.23,8,9.3,Yes,3,13.7,Dorm,No,Low,10,3,10,Kinesthetic,5.9,72
142462,28,Male,Biology,2.6,4.0,1.3,Yes,93.6,6.3,Good,1,Master,High,5.9,Yes,3.49,1,3.2,No,3,8.6,Quiet Room,No,Low,6,2,10,Auditory,8.2,90
179217,24,Other,Arts,2.1,1.6,1.5,Yes,59.8,6.9,Poor,2,Bachelor,Medium,6.2,No,3.83,2,6.9,No,3,5.9,Cafe,No,High,5,9,6,Auditory,4.9,96
159872,17,Female,Biology,4.7,1.0,3.5,Yes,78.9,7.6,Good,7,PhD,Low,4.4,No,3.96,1,1.2,No,3,9.9,Dorm,No,High,4,10,5,Visual,8.4,100
133716,18,Other,Biology,4.2,2.2,3.0,No,47.2,5.2,Good,6,Some College,Low,8.8,No,3.49,7,1.0,No,0,9.7,Co-Learning Group,Yes,Low,4,6,9,Kinesthetic,8.4,94
107348,26,Male,Psychology,5.1,0.2,2.6,Yes,64.5,5.8,Fair,0,Master,Low,4.7,Yes,3.18,3,2.6,No,3,9.0,Library,No,Medium,6,9,6,Reading,3.9,78
131146,16,Female,Business,3.3,0.9,2.5,Yes,66.2,6.0,Good,5,Bachelor,High,9.3,No,3.63,3,4.9,No,2,6.8,Quiet Room,No,Low,7,4,10,Reading,1.4,90
169114,27,Other,Business,5.9,3.8,3.1,Yes,53.5,9.1,Fair,6,Some College,Medium,7.9,Yes,3.09,4,6.9,No,4,13.1,Dorm,No,High,6,2,10,Reading,7.6,76
127764,26,Other,Biology,5.4,1.3,0.4,Yes,68.7,6.8,Good,4,Some College,High,3.4,Yes,4.0,6,1.0,No,1,9.1,Library,No,High,10,5,10,Visual,7.7,99
106682,22,Male,Business,2.1,4.1,2.7,Yes,49.0,7.4,Good,5,High School,Medium,6.7,No,3.07,1,8.2,Yes,4,10.4,Dorm,Yes,High,9,2,10,Visual,7.4,79
145742,23,Male,Business,6.4,2.8,3.8,No,74.6,8.5,Good,2,Some College,High,8.5,Yes,3.46,3,6.4,No,3,13.7,Cafe,Yes,Low,8,3,10,Visual,4.1,89
103071,24,Female,Arts,1.8,4.9,3.8,Yes,77.4,5.2,Fair,2,High School,Low,3.6,Yes,2.72,5,9.4,Yes,4,12.0,Quiet Room,Yes,Low,5,1,10,Visual,6.6,66
118717,22,Male,Engineering,4.5,2.1,2.2,Yes,79.8,9.4,Good,7,Master,High,4.6,Yes,3.55,2,7.9,No,5,9.4,Dorm,No,Medium,2,4,10,Kinesthetic,8.3,92
151093,16,Male,Biology,6.2,4.7,1.7,No,87.6,6.6,Good,5,Some College,High,8.2,Yes,4.0,7,4.2,No,1,13.8,Quiet Room,Yes,High,5,9,6,Visual,7.8,93
117380,16,Male,Business,3.8,0.5,2.2,Yes,52.7,7.2,Good,7,PhD,Medium,5.2,No,3.85,8,5.1,No,0,6.9,Dorm,Yes,Low,3,4,10,Auditory,5.9,93
134612,18,Female,Business,1.4,3.7,1.5,No,52.6,6.6,Good,7,PhD,Low,7.5,No,2.97,8,1.0,No,5,8.2,Quiet Room,No,High,8,4,10,Visual,5.5,70
132837,23,Female,Psychology,4.1,2.5,3.3,No,84.0,5.3,Fair,6,Some College,Low,5.6,Yes,4.0,6,5.4,No,5,10.8,Co-Learning Group,No,High,7,3,10,Auditory,8.4,100
134185,23,Female,Psychology,4.6,2.5,2.2,Yes,48.8,7.6,Good,4,Bachelor,Low,6.3,No,2.94,5,3.4,No,4,10.6,Co-Learning Group,Yes,Medium,5,1,10,Visual,8.7,75
118183,23,Other,Psychology,4.7,1.2,3.2,Yes,83.1,7.2,Fair,7,PhD,Medium,6.3,Yes,4.0,5,3.0,No,1,9.2,Quiet Room,Yes,Medium,3,2,10,Kinesthetic,8.8,100
178034,25,Female,Arts,2.5,0.4,1.5,Yes,80.8,5.7,Fair,4,Bachelor,Medium,5.3,Yes,3.27,3,7.2,No,1,4.7,Dorm,Yes,Low,6,10,5,Kinesthetic,4.4,88
110266,28,Other,Computer Science,5.556792470011517,1.9,0.9,Yes,49.0,7.9,Poor,5,PhD,Low,8.7,No,3.59,5,6.7,No,0,9.5,Co-Learning Group,Yes,Medium,10,4,10,Kinesthetic,1.1,97
112365,28,Female,Business,8.2,4.3,1.5,No,97.8,7.6,Good,6,High School,High,2.3,No,3.31,3,7.3,No,0,15.9,Co-Learning Group,No,Medium,4,4,10,Auditory,9.8,87
165594,18,Female,Engineering,4.0,2.6,0.3,No,45.8,4.0,Good,0,PhD,Medium,6.1,No,4.0,2,7.2,No,5,8.1,Cafe,No,Low,6,5,10,Reading,8.3,100
129720,27,Female,Business,0.3,0.7,1.6,Yes,74.9,5.7,Good,1,Master,Medium,3.3,Yes,3.47,5,1.7,No,5,3.7,Library,Yes,Medium,7,9,6,Auditory,7.9,85
169472,22,Other,Computer Science,4.976868039719186,3.0,2.6,Yes,54.0,7.1,Fair,3,Some College,Medium,6.5,No,2.75,4,4.6,No,1,11.6,Cafe,Yes,Medium,6,2,10,Reading,6.2,65
120931,23,Male,Biology,2.6,1.3,1.8,Yes,78.9,4.1,Poor,3,Master,High,6.5,Yes,2.77,8,5.8,No,5,5.9,Co-Learning Group,Yes,High,5,6,9,Auditory,7.1,53
115402,19,Female,Business,6.1,1.5,3.1,No,43.3,7.1,Good,1,Master,Medium,6.5,Yes,4.0,8,1.3,No,5,12.0,Quiet Room,Yes,Medium,8,7,8,Auditory,1.8,96
140582,26,Other,Computer Science,6.019692112121998,2.4,3.4,No,98.2,6.9,Good,1,Bachelor,High,4.2,No,2.67,3,4.6,No,3,12.6,Cafe,No,High,10,2,10,Kinesthetic,1.4,66
131938,27,Other,Engineering,2.4,0.7,1.3,Yes,79.3,5.4,Fair,7,High School,Low,9.1,Yes,3.43,3,6.9,No,0,5.0,Dorm,Yes,Low,7,10,5,Reading,3.6,89
147681,19,Female,Engineering,6.6,3.7,2.4,Yes,57.1,8.0,Good,6,Master,Low,8.0,Yes,4.0,6,5.3,No,4,14.3,Library,Yes,Medium,7,1,10,Kinesthetic,4.4,93
111934,18,Other,Arts,1.5,2.5,0.6,Yes,51.8,8.2,Fair,1,High School,High,6.0,Yes,4.0,5,1.0,No,4,5.4,Co-Learning Group,Yes,Medium,2,10,5,Kinesthetic,8.9,96
168358,23,Other,Arts,7.5,3.2,3.1,No,71.0,4.3,Poor,1,Some College,Low,3.2,No,3.27,6,5.0,No,2,14.2,Cafe,Yes,Low,6,1,10,Reading,8.2,90
111219,19,Male,Business,5.7,3.0,3.2,Yes,62.0,7.0,Fair,4,PhD,High,8.2,Yes,4.0,1,9.4,No,4,12.9,Cafe,Yes,Low,4,10,5,Visual,9.2,95
177516,21,Male,Arts,6.8,4.9,3.6,No,47.3,7.8,Good,3,High School,Low,4.2,Yes,4.0,4,1.0,No,2,15.9,Library,Yes,Medium,8,8,7,Auditory,9.3,100
154765,25,Other,Arts,4.5,2.2,2.3,Yes,85.4,5.0,Good,2,Master,Medium,10.0,Yes,4.0,6,5.0,No,0,9.5,Library,Yes,Low,4,1,10,Visual,8.1,100
106103,22,Male,Psychology,2.9,0.9,2.6,No,98.7,5.9,Good,1,Some College,High,7.4,No,4.0,7,2.9,No,0,6.7,Library,Yes,Medium,6,1,10,Visual,3.1,93
147808,27,Female,Computer Science,3.1807185847570025,3.3,2.4,Yes,56.2,9.4,Good,4,PhD,Medium,5.4,No,3.78,2,2.0,No,5,9.6,Cafe,Yes,Medium,5,9,6,Visual,5.0,94
121674,28,Male,Psychology,3.3,1.3,1.0,Yes,79.9,9.5,Fair,0,Master,Medium,4.7,No,4.0,1,9.7,No,5,6.5,Co-Learning Group,No,Medium,2,6,9,Auditory,3.3,100
133561,16,Female,Psychology,3.1,0.9,3.4,Yes,59.1,9.2,Good,7,High School,High,9.6,No,3.76,4,1.6,No,5,9.2,Cafe,Yes,Low,7,3,10,Visual,4.6,95
179993,28,Male,Arts,1.3,1.9,1.9,Yes,75.7,5.3,Good,4,Master,Medium,9.0,No,2.62,3,3.5,No,1,6.1,Quiet Room,Yes,Medium,2,3,10,Kinesthetic,8.3,60
169128,24,Other,Engineering,6.6,0.4,1.5,Yes,90.3,8.0,Fair,6,High School,Medium,4.4,Yes,4.0,7,5.3,No,0,9.9,Library,Yes,Medium,1,5,10,Visual,8.0,99
161289,26,Male,Psychology,1.8,0.6,2.4,No,97.0,7.2,Good,4,High School,Low,5.8,No,2.42,3,10.0,Yes,3,5.4,Library,No,High,10,3,10,Visual,9.5,58
123702,20,Male,Computer Science,6.569479971677913,4.8,2.0,No,57.0,5.7,Good,3,Bachelor,Medium,6.5,Yes,4.0,1,5.3,No,3,14.3,Co-Learning Group,Yes,High,7,8,7,Kinesthetic,3.7,100
123171,24,Female,Biology,3.7,3.3,0.4,No,96.6,4.0,Good,1,PhD,Low,10.0,Yes,3.13,7,5.3,No,1,7.8,Cafe,Yes,Medium,4,9,6,Kinesthetic,9.9,74
141628,28,Male,Business,1.8,3.5,2.7,Yes,78.0,6.9,Good,6,Master,Medium,6.4,No,4.0,3,7.7,No,1,8.3,Dorm,No,High,9,7,8,Kinesthetic,2.1,96
122359,28,Other,Business,2.3,3.0,3.2,Yes,41.5,8.2,Good,0,High School,High,8.3,No,4.0,8,4.0,No,5,10.0,Library,No,High,4,8,7,Kinesthetic,5.0,95
128158,24,Male,Psychology,4.4,4.4,2.4,No,51.4,8.1,Good,2,Some College,Medium,6.0,Yes,4.0,2,3.4,No,3,12.4,Library,Yes,Low,3,7,8,Visual,10.0,100
151763,28,Other,Engineering,2.9,0.6,0.3,No,45.2,6.1,Good,2,Bachelor,High,10.0,No,2.52,8,4.6,No,5,4.9,Library,No,Medium,10,1,10,Kinesthetic,1.8,67
143341,23,Other,Psychology,5.5,4.1,1.2,No,86.3,9.7,Fair,4,Some College,Low,7.8,Yes,2.8,6,2.8,No,3,12.2,Dorm,No,Medium,2,3,10,Visual,9.8,70
116789,25,Female,Biology,4.8,1.1,3.6,No,56.8,6.8,Good,0,Bachelor,Medium,6.1,Yes,3.08,1,2.8,No,3,10.1,Co-Learning Group,Yes,Low,6,4,10,Auditory,6.1,79
156318,23,Female,Psychology,1.2,4.2,3.1,No,73.6,8.2,Good,6,PhD,High,4.7,Yes,3.19,7,2.4,No,5,9.3,Dorm,Yes,Low,10,4,10,Kinesthetic,4.4,77
138246,24,Other,Computer Science,4.212984394671052,2.9,2.1,Yes,66.6,8.3,Good,7,Some College,High,7.4,No,3.99,7,8.1,No,4,10.8,Library,Yes,High,2,7,8,Kinesthetic,1.3,100
102773,23,Male,Biology,6.7,2.2,0.3,Yes,48.2,9.4,Poor,2,Some College,Medium,7.2,No,4.0,2,2.0,No,4,9.9,Dorm,Yes,Medium,1,6,9,Reading,3.5,91
133256,21,Female,Business,7.4,2.4,1.2,Yes,66.3,7.7,Poor,3,PhD,High,8.5,Yes,4.0,2,8.0,No,1,11.7,Library,No,High,4,6,9,Visual,3.4,97
123770,19,Female,Psychology,1.5,0.2,0.4,Yes,64.5,6.9,Good,2,High School,Medium,9.2,Yes,4.0,3,6.1,No,1,3.9,Quiet Room,Yes,Medium,6,9,6,Visual,5.1,100
117056,28,Female,Biology,2.6,4.8,2.9,Yes,72.5,5.5,Fair,0,PhD,Medium,8.3,No,3.89,4,5.9,No,3,10.6,Quiet Room,Yes,Low,3,8,7,Kinesthetic,10.0,100
162403,22,Other,Business,3.7,4.8,1.6,Yes,72.1,6.9,Good,6,PhD,Low,9.4,Yes,4.0,7,5.5,No,2,12.0,Quiet Room,Yes,Low,5,3,10,Auditory,7.5,100
153569,16,Other,Business,2.9,4.8,3.3,No,88.2,8.7,Fair,4,High School,High,10.0,Yes,3.66,8,5.9,No,2,11.9,Library,Yes,Medium,5,5,10,Auditory,7.4,96
163425,20,Female,Arts,4.0,2.4,3.9,No,93.5,5.8,Fair,3,Master,Medium,5.7,No,3.66,5,3.4,No,3,11.8,Co-Learning Group,Yes,High,7,10,5,Reading,3.3,97
123453,26,Other,Engineering,4.5,4.0,3.5,No,81.5,6.4,Fair,4,Master,Medium,3.2,Yes,2.98,7,2.9,No,5,12.7,Dorm,No,Low,10,5,10,Visual,5.3,79
174661,24,Other,Psychology,1.9,4.4,1.4,Yes,41.9,4.9,Good,4,Bachelor,Medium,6.4,Yes,3.71,8,5.4,No,4,9.5,Cafe,No,High,5,3,10,Visual,3.8,89
156357,16,Male,Arts,1.6,2.1,0.7,Yes,58.0,5.8,Good,4,Some College,Medium,6.6,Yes,3.76,1,6.8,No,2,6.0,Library,Yes,Low,7,9,6,Kinesthetic,7.9,97
175638,19,Male,Biology,7.1,3.6,3.2,No,64.3,6.6,Fair,4,Master,Low,10.0,No,4.0,4,3.4,No,1,13.9,Dorm,Yes,Low,9,7,8,Visual,8.2,84
111623,28,Male,Biology,2.3,3.7,3.3,No,52.1,7.7,Good,0,Some College,Low,9.8,Yes,3.87,2,5.5,No,0,9.6,Dorm,No,High,2,8,7,Reading,4.2,91
141180,25,Male,Engineering,4.7,1.0,3.3,No,63.7,7.7,Fair,0,Some College,High,4.1,Yes,2.93,6,2.6,No,3,10.3,Cafe,No,Low,4,2,10,Kinesthetic,2.1,71
141657,28,Other,Biology,3.0,4.3,1.5,No,59.8,7.0,Fair,3,Master,Low,7.6,No,3.8,8,4.9,No,2,8.9,Co-Learning Group,Yes,High,6,9,6,Auditory,9.0,100
166150,19,Other,Engineering,3.7,4.2,3.1,Yes,47.8,4.4,Poor,1,Master,Low,9.9,No,2.58,3,5.4,No,4,12.5,Cafe,No,Low,8,5,10,Reading,5.8,67
151858,23,Female,Psychology,3.3,0.6,2.0,No,78.7,7.0,Poor,7,Bachelor,Medium,4.3,Yes,4.0,4,3.9,No,3,7.1,Library,No,Low,8,10,5,Reading,5.1,100
119317,19,Female,Engineering,1.1,1.1,3.6,Yes,87.6,7.6,Fair,5,High School,Medium,6.1,No,2.26,1,4.0,No,2,6.1,Dorm,Yes,Low,5,2,10,Visual,9.4,53
164303,25,Male,Business,8.6,4.5,2.9,No,78.9,6.6,Good,6,Master,High,5.5,No,3.22,7,6.5,No,2,17.7,Cafe,No,Medium,7,3,10,Reading,5.1,77
154871,16,Male,Computer Science,3.121969498262727,1.0,3.1,Yes,52.7,6.0,Fair,6,Master,Medium,5.7,Yes,4.0,1,3.8,No,2,9.0,Quiet Room,Yes,Medium,8,5,10,Reading,6.6,100
154922,17,Female,Engineering,4.6,2.3,3.7,No,60.1,7.6,Good,3,PhD,High,4.0,Yes,4.0,4,6.8,No,5,12.0,Quiet Room,Yes,Medium,4,5,10,Reading,1.1,98
165285,26,Female,Biology,8.6,3.6,3.7,Yes,71.0,7.6,Good,0,PhD,High,6.0,No,4.0,3,6.3,No,5,17.4,Quiet Room,Yes,Medium,2,7,8,Reading,7.3,88
163018,28,Male,Arts,6.0,3.5,2.6,Yes,52.8,7.0,Fair,1,Some College,Low,5.2,No,3.95,5,8.6,No,4,13.4,Dorm,No,Low,10,8,7,Kinesthetic,7.0,95
124089,22,Male,Arts,2.7,3.0,2.7,No,48.1,7.0,Fair,5,Some College,High,10.0,Yes,4.0,6,5.4,No,2,9.0,Cafe,No,Medium,10,9,6,Auditory,6.6,100
178811,22,Other,Arts,3.4,1.6,1.2,Yes,57.4,6.9,Good,1,Some College,Low,5.9,Yes,2.33,7,3.8,No,2,7.6,Dorm,No,Medium,7,4,10,Kinesthetic,8.4,62
172622,21,Male,Psychology,3.9,1.8,1.8,Yes,44.4,5.8,Poor,1,Master,Low,6.1,Yes,3.89,5,5.0,No,0,9.3,Co-Learning Group,Yes,Low,5,3,10,Kinesthetic,4.4,99
164872,21,Other,Arts,4.2,4.1,1.3,Yes,48.3,5.6,Fair,5,Bachelor,High,5.2,No,4.0,8,3.8,No,2,10.7,Cafe,No,Medium,10,7,8,Visual,2.7,100
164292,28,Other,Biology,3.6,3.8,3.6,Yes,83.9,5.5,Good,0,PhD,High,7.9,No,3.01,4,6.1,No,4,11.5,Co-Learning Group,Yes,Medium,5,5,10,Visual,9.6,71
103646,24,Female,Biology,5.1,0.5,3.4,Yes,50.1,7.4,Good,1,Bachelor,High,2.6,No,3.82,6,5.1,No,3,9.3,Library,No,Low,3,10,5,Auditory,6.1,90
142379,16,Female,Computer Science,6.8931762568239,4.0,3.8,No,71.9,5.5,Poor,7,Some College,High,9.1,Yes,3.03,4,6.0,No,0,16.0,Library,No,Medium,6,1,10,Auditory,8.9,73
126777,17,Other,Computer Science,2.5560439747807555,2.5,4.0,No,63.4,7.5,Good,3,High School,Low,7.800000000000001,Yes,3.97,4,8.4,Yes,1,10.6,Library,No,Medium,6,1,10,Visual,7.3,100
102282,22,Male,Biology,1.8,1.0,3.6,No,58.6,5.3,Good,7,PhD,High,9.0,Yes,4.0,5,3.9,No,4,8.3,Quiet Room,No,Low,5,9,6,Auditory,5.2,94
123141,19,Male,Psychology,6.7,2.3,1.2,No,58.7,8.6,Good,2,Some College,Medium,5.8,Yes,3.58,3,3.0,No,1,11.0,Co-Learning Group,No,Medium,6,2,10,Reading,1.8,88
139882,17,Other,Biology,1.5,4.2,2.8,Yes,66.7,8.6,Poor,5,Bachelor,Low,8.6,Yes,4.0,1,7.0,No,1,9.8,Cafe,Yes,Low,6,7,8,Kinesthetic,6.5,99
118119,16,Female,Business,3.7,2.6,2.5,Yes,48.9,9.1,Fair,4,Master,High,4.4,No,3.19,1,5.6,No,5,10.5,Library,No,Low,6,4,10,Reading,7.2,77
105721,23,Other,Business,2.0,0.6,2.8,Yes,95.2,5.6,Good,4,PhD,Low,7.4,No,3.09,1,5.5,No,1,6.0,Dorm,Yes,Low,7,5,10,Visual,2.3,74
163453,27,Female,Arts,1.2,3.1,1.3,Yes,79.3,7.2,Good,6,High School,High,10.0,No,4.0,3,3.9,No,4,7.0,Library,Yes,Low,7,9,6,Visual,4.4,100
159367,21,Other,Business,0.0,4.9,3.4,No,94.9,8.3,Poor,7,Master,High,9.0,Yes,3.35,4,4.0,No,4,10.2,Co-Learning Group,No,Medium,8,2,10,Reading,2.2,82
166109,27,Female,Engineering,3.2,3.5,2.8,Yes,41.8,6.8,Fair,0,High School,Medium,5.0,No,3.78,3,4.4,No,0,10.0,Dorm,Yes,Low,8,1,10,Visual,2.4,91
170197,24,Male,Psychology,1.1,4.9,3.2,No,44.3,6.1,Fair,1,Bachelor,Low,3.5,No,3.03,7,6.4,No,4,10.0,Cafe,Yes,High,10,4,10,Visual,9.7,77
167596,16,Other,Arts,4.6,2.2,0.9,Yes,43.1,6.2,Fair,5,High School,Medium,8.1,No,4.0,6,6.3,No,0,8.2,Quiet Room,No,Low,2,4,10,Kinesthetic,3.2,92
137483,22,Other,Computer Science,6.321001307601867,0.9,0.1,No,99.3,9.2,Good,1,Master,Low,8.6,No,4.0,2,6.5,No,1,9.2,Dorm,Yes,High,4,10,5,Reading,4.6,99
151407,22,Male,Business,2.3,3.6,3.1,Yes,96.2,5.1,Fair,1,Some College,Low,5.7,Yes,2.22,7,6.0,No,3,10.7,Co-Learning Group,No,High,5,3,10,Visual,3.1,55
103128,24,Female,Computer Science,5.323356786182316,4.5,3.5,Yes,56.5,4.4,Good,2,PhD,Low,5.8,Yes,3.61,6,5.1,No,0,13.7,Library,Yes,Medium,1,8,7,Auditory,3.7,80
146276,24,Male,Psychology,3.2,3.2,1.8,Yes,44.9,7.8,Fair,6,Master,Medium,7.3,Yes,2.95,6,5.7,No,2,9.9,Co-Learning Group,Yes,Medium,2,5,10,Visual,4.4,67
128842,22,Male,Psychology,3.8,1.2,2.6,No,77.0,4.8,Good,5,Some College,Medium,10.0,No,2.79,4,6.1,No,3,8.8,Co-Learning Group,No,High,7,1,10,Kinesthetic,5.1,73
106111,20,Other,Computer Science,9.884975771594354,3.8,0.7,No,58.1,6.8,Fair,4,Master,Medium,8.5,No,4.0,1,2.3,No,3,16.2,Quiet Room,Yes,Medium,3,7,8,Kinesthetic,3.0,97
139972,19,Female,Computer Science,3.715641172278403,1.0,3.7,Yes,47.7,6.0,Poor,3,High School,Low,10.0,Yes,3.88,4,3.5,No,0,9.9,Cafe,Yes,Low,6,6,9,Kinesthetic,5.9,98
176542,26,Female,Business,4.7,0.4,0.8,Yes,77.6,8.3,Good,3,PhD,Low,7.1,Yes,3.56,8,6.5,No,5,6.1,Library,Yes,Medium,4,2,10,Reading,1.2,76
145031,19,Male,Engineering,6.5,0.4,2.6,No,65.9,10.1,Good,7,High School,High,10.0,Yes,4.0,8,2.0,No,1,9.9,Library,No,Medium,8,9,6,Reading,5.9,99
122831,24,Other,Biology,4.2,2.6,1.3,No,93.4,8.6,Fair,0,Master,Low,5.7,Yes,3.74,5,6.3,No,2,10.0,Dorm,Yes,Low,3,1,10,Kinesthetic,9.4,90
115898,18,Other,Computer Science,4.174646511901727,4.0,2.8,No,78.4,6.6,Good,1,Some College,High,7.1,Yes,4.0,1,4.7,No,4,11.6,Quiet Room,Yes,Medium,5,4,10,Visual,5.9,100
151695,27,Male,Computer Science,5.290211145908104,3.3,2.2,Yes,78.0,8.3,Good,6,Master,Low,8.6,Yes,2.99,5,4.5,No,2,11.2,Dorm,No,Low,8,8,7,Reading,4.0,81
166300,24,Other,Business,0.7,2.9,0.7,Yes,63.4,8.2,Poor,0,PhD,High,6.8,No,4.0,2,1.1,No,2,5.2,Library,No,Medium,3,2,10,Reading,1.9,99
111621,22,Other,Business,4.7,0.3,3.8,Yes,69.3,6.1,Poor,4,High School,Medium,8.9,No,4.0,7,5.5,No,4,9.8,Quiet Room,Yes,Low,1,6,9,Visual,1.6,100
163867,19,Female,Arts,5.4,1.3,2.2,No,47.0,5.5,Fair,5,High School,High,5.4,Yes,3.65,1,6.4,No,0,10.1,Co-Learning Group,Yes,Medium,3,9,6,Kinesthetic,8.8,80
126434,17,Female,Arts,5.2,4.0,1.4,Yes,91.2,5.7,Good,2,Some College,High,6.8,Yes,4.0,6,2.6,No,2,12.1,Co-Learning Group,Yes,High,3,10,5,Reading,4.7,97
131851,27,Female,Psychology,5.2,0.7,0.9,No,88.7,7.2,Poor,0,High School,Low,6.5,No,4.0,6,3.9,No,3,8.4,Quiet Room,No,High,10,2,10,Auditory,6.4,97
172605,28,Female,Psychology,3.3,2.9,2.3,Yes,63.9,9.3,Poor,2,PhD,Medium,5.9,No,3.26,6,6.2,No,0,9.7,Quiet Room,Yes,High,5,8,7,Kinesthetic,5.6,79
159801,24,Female,Psychology,7.8,1.9,2.5,Yes,58.5,8.9,Poor,1,Some College,Low,7.7,Yes,4.0,4,3.8,No,5,13.2,Cafe,Yes,Low,8,5,10,Kinesthetic,4.4,100
110748,16,Other,Business,2.8,3.3,3.8,Yes,85.4,8.9,Poor,7,High School,Low,9.2,No,4.0,8,2.2,No,1,10.4,Library,Yes,High,3,8,7,Reading,2.8,95
173355,24,Female,Biology,2.0,4.9,2.1,No,96.3,7.3,Good,5,Master,High,6.7,Yes,4.0,3,4.3,No,5,10.9,Dorm,No,High,1,6,9,Visual,9.0,100
124220,21,Other,Computer Science,3.471130939084488,3.3,0.8,No,67.8,8.5,Fair,0,PhD,Low,7.6,Yes,2.26,6,3.8,No,3,8.4,Dorm,No,High,7,1,10,Visual,2.7,53
108674,24,Other,Psychology,5.9,4.7,0.4,Yes,56.0,7.4,Fair,0,High School,Medium,3.1,No,4.0,2,3.5,No,4,12.2,Cafe,Yes,High,6,1,10,Visual,5.2,100
125937,28,Female,Business,1.4,1.7,0.1,Yes,66.9,7.5,Fair,7,Master,High,8.3,Yes,4.0,4,4.1,No,2,4.5,Quiet Room,No,Low,3,10,5,Kinesthetic,3.6,98
126572,25,Other,Biology,4.5,0.9,3.8,Yes,98.2,5.5,Good,4,Bachelor,High,10.0,No,3.87,8,2.7,No,2,10.5,Co-Learning Group,Yes,Low,2,4,10,Auditory,6.4,91
154652,22,Other,Engineering,2.0,0.9,1.5,No,75.6,6.9,Good,2,Master,High,3.8,No,4.0,2,6.4,No,1,5.5,Library,Yes,High,3,1,10,Reading,3.9,97
141410,27,Male,Engineering,3.3,4.2,2.7,No,45.6,4.1,Poor,6,Bachelor,High,7.7,No,3.63,1,3.7,No,0,11.6,Cafe,Yes,Medium,5,5,10,Kinesthetic,6.9,88
155589,18,Male,Business,1.7,4.1,1.9,Yes,59.6,8.7,Fair,5,Master,Low,5.6,No,3.56,5,8.8,No,2,9.5,Cafe,Yes,Medium,9,5,10,Kinesthetic,7.9,82
143850,22,Male,Arts,1.8,4.9,2.5,Yes,50.8,4.7,Fair,5,PhD,Medium,10.0,Yes,3.87,5,2.0,No,1,9.6,Co-Learning Group,No,Medium,6,5,10,Visual,2.1,100
113654,22,Other,Biology,2.3,4.1,2.9,No,68.4,8.8,Poor,1,Bachelor,High,5.8,Yes,3.51,1,4.5,No,0,10.3,Dorm,No,High,3,8,7,Visual,2.2,95
142998,25,Male,Business,4.0,3.6,1.7,No,63.2,7.0,Good,6,Bachelor,Medium,6.3,No,3.43,4,1.9,No,1,9.5,Dorm,Yes,High,3,1,10,Reading,1.5,90
102827,27,Other,Arts,3.3,3.7,1.3,Yes,48.9,9.5,Good,0,Some College,Low,9.4,Yes,2.6,2,4.6,No,4,8.4,Library,No,High,5,2,10,Visual,3.8,63
176114,22,Other,Psychology,5.9,0.7,1.7,No,46.0,5.8,Fair,4,Master,Low,7.1,Yes,2.65,8,8.0,No,3,9.0,Dorm,No,Medium,5,6,9,Auditory,2.9,72
156984,18,Female,Computer Science,3.4918322839207354,1.7,0.1,Yes,95.3,5.9,Fair,7,Some College,Low,6.0,No,4.0,3,4.1,No,3,6.0,Cafe,No,Low,1,7,8,Kinesthetic,1.7,100
133454,26,Female,Arts,4.8,2.2,1.3,No,76.7,7.0,Fair,4,Master,High,5.8,No,2.76,7,6.4,No,2,10.3,Library,Yes,Low,10,1,10,Visual,2.7,71
178438,20,Other,Psychology,5.6,1.2,1.5,Yes,66.2,7.4,Good,5,Bachelor,Low,4.5,No,4.0,2,6.1,No,2,8.4,Dorm,Yes,Low,8,3,10,Visual,9.5,100
104448,28,Other,Computer Science,4.302629598897542,2.7,2.4,Yes,97.9,7.2,Fair,7,High School,Medium,5.2,No,4.0,5,1.8,No,4,11.0,Quiet Room,Yes,High,4,5,10,Auditory,1.2,95
127320,23,Male,Engineering,6.6,2.6,1.7,No,58.3,7.4,Good,6,Bachelor,Low,9.0,No,4.0,4,5.7,No,2,11.3,Quiet Room,No,Low,4,10,5,Auditory,9.0,98
128681,19,Other,Arts,0.6,1.6,1.1,Yes,87.2,6.4,Good,2,Bachelor,Medium,6.3,No,3.53,1,7.4,No,1,4.7,Cafe,Yes,Low,5,5,10,Kinesthetic,6.3,98
162168,28,Other,Arts,2.1,0.5,2.8,No,90.3,8.1,Poor,7,High School,Low,8.5,No,3.94,5,8.1,Yes,1,6.3,Library,No,High,5,3,10,Kinesthetic,9.6,100
176296,20,Female,Biology,5.4,1.4,1.1,No,99.1,6.0,Poor,5,Master,Medium,8.0,No,4.0,5,2.6,No,2,9.3,Library,Yes,Low,7,9,6,Visual,7.5,100
111865,17,Female,Biology,5.3,5.0,3.8,Yes,65.5,7.7,Poor,2,Some College,High,8.3,No,4.0,4,2.6,No,0,14.8,Co-Learning Group,No,Medium,2,6,9,Reading,5.2,100
127296,16,Other,Psychology,3.1,3.1,1.6,Yes,60.9,8.0,Good,1,Some College,Low,5.6,Yes,4.0,6,4.8,No,0,8.4,Quiet Room,Yes,Medium,3,10,5,Auditory,2.0,100
174953,17,Male,Engineering,4.4,2.4,1.4,Yes,57.4,6.3,Good,5,Bachelor,Medium,7.1,Yes,4.0,3,5.3,No,5,9.9,Dorm,No,Medium,1,7,8,Kinesthetic,3.0,94
160495,17,Female,Business,4.6,0.4,2.6,No,45.9,9.8,Fair,6,Master,High,6.6,No,4.0,6,5.3,No,4,8.7,Co-Learning Group,No,Low,2,3,10,Reading,3.0,97
169381,20,Other,Psychology,0.6,4.3,0.1,No,68.1,7.1,Poor,2,High School,Medium,3.3,No,3.65,1,3.6,No,1,6.1,Library,Yes,Low,5,5,10,Kinesthetic,9.7,89
163396,23,Female,Biology,3.2,4.0,2.2,Yes,98.3,7.3,Good,4,Master,Low,2.7,Yes,3.23,8,2.2,No,1,10.4,Library,Yes,High,9,4,10,Auditory,5.8,78
163641,22,Male,Engineering,1.5,1.8,2.3,No,91.7,8.4,Good,2,Bachelor,Low,9.8,Yes,3.07,1,9.2,No,0,7.2,Quiet Room,Yes,High,8,10,5,Kinesthetic,6.5,75
100120,28,Male,Biology,0.0,1.2,1.0,No,67.2,6.6,Good,1,Bachelor,High,9.3,Yes,2.31,6,5.5,No,2,4.0,Library,No,High,3,2,10,Visual,1.1,63
171271,18,Other,Psychology,1.2,3.8,1.7,Yes,98.8,7.0,Fair,7,High School,Medium,6.2,No,2.99,4,5.5,No,0,8.2,Dorm,No,Medium,9,5,10,Kinesthetic,2.4,70
101012,16,Male,Computer Science,8.175015539155138,3.9,3.8,Yes,88.9,7.8,Good,6,High School,Medium,6.7,No,3.7,8,7.0,No,0,16.4,Co-Learning Group,Yes,High,3,7,8,Auditory,7.6,95
109420,16,Male,Business,4.3,0.5,3.6,No,90.8,4.3,Good,1,Some College,High,10.0,Yes,2.93,6,6.9,No,3,10.0,Dorm,No,Low,9,4,10,Kinesthetic,2.8,75
152344,28,Male,Biology,5.8,1.8,1.5,Yes,60.9,5.0,Good,3,Bachelor,High,5.1,Yes,3.57,7,7.1,No,5,9.8,Cafe,No,High,1,5,10,Visual,4.1,94
141593,17,Male,Computer Science,3.2059765669135785,2.7,1.9,No,94.1,6.7,Fair,2,Bachelor,Medium,7.7,Yes,2.82,4,5.9,No,5,8.3,Dorm,Yes,High,8,7,8,Auditory,8.4,76
161500,19,Male,Psychology,4.7,1.3,2.3,Yes,73.3,5.3,Fair,5,High School,High,5.7,No,3.38,3,6.5,No,4,8.7,Library,Yes,High,5,1,10,Auditory,4.9,83
135281,19,Male,Engineering,2.7,3.7,2.2,Yes,66.0,8.5,Fair,4,PhD,High,6.9,Yes,3.37,4,4.0,No,1,9.1,Co-Learning Group,Yes,Medium,1,4,10,Auditory,1.5,89
132266,25,Other,Computer Science,5.610184777223597,0.2,3.9,No,92.1,9.4,Good,0,PhD,High,3.4,Yes,4.0,7,6.3,No,0,9.8,Quiet Room,No,Low,8,5,10,Kinesthetic,5.8,91
106645,25,Male,Computer Science,3.269437102145543,2.9,2.3,No,81.8,6.5,Fair,2,Some College,Low,5.6,Yes,2.74,6,5.4,No,3,10.4,Dorm,Yes,Low,8,5,10,Visual,9.0,72
166492,19,Other,Computer Science,6.389682656632735,3.0,0.1,Yes,73.1,7.4,Fair,1,High School,Medium,4.8,No,3.61,1,2.6,No,0,10.8,Library,No,Medium,3,4,10,Kinesthetic,2.6,93
170883,17,Female,Business,2.1,2.7,0.8,Yes,87.4,11.0,Good,6,PhD,Low,4.6,No,3.98,8,5.7,No,1,5.9,Library,Yes,High,1,5,10,Auditory,4.4,98
172185,23,Other,Psychology,2.8,1.7,1.0,Yes,77.3,6.3,Poor,1,Bachelor,Low,6.7,Yes,2.66,6,6.8,No,4,6.5,Co-Learning Group,No,Low,10,1,10,Kinesthetic,4.4,65
136097,17,Male,Psychology,4.1,4.7,1.7,No,93.3,4.0,Good,1,PhD,Low,10.0,No,3.25,5,2.6,No,0,11.1,Dorm,Yes,Low,8,9,6,Auditory,6.6,81
112125,21,Female,Arts,2.8,0.5,2.1,No,43.0,5.9,Fair,2,PhD,High,6.4,No,3.05,5,3.8,No,2,6.3,Quiet Room,No,Low,9,8,7,Kinesthetic,5.0,83
100939,18,Female,Biology,5.5,3.0,1.5,No,73.8,7.3,Poor,6,Master,High,3.7,Yes,3.05,5,10.0,Yes,2,10.3,Co-Learning Group,Yes,Medium,7,2,10,Kinesthetic,9.7,77
100496,16,Other,Biology,4.5,2.2,1.4,Yes,49.0,9.7,Fair,6,Master,Medium,5.9,Yes,4.0,7,6.2,No,0,9.4,Cafe,Yes,Low,5,7,8,Visual,2.6,100
167955,26,Female,Business,2.9,2.7,1.8,No,65.3,8.0,Poor,0,PhD,High,9.3,No,3.23,2,2.2,No,4,8.0,Dorm,Yes,High,10,10,5,Visual,5.4,81
115940,21,Male,Arts,5.3,2.5,1.0,Yes,48.4,4.1,Fair,3,Some College,Low,9.2,Yes,4.0,2,2.8,No,2,9.1,Library,Yes,Medium,4,4,10,Visual,7.7,100
114003,25,Female,Engineering,2.2,4.2,2.3,No,79.5,6.8,Fair,0,PhD,Low,3.5,Yes,4.0,1,1.0,No,0,9.0,Library,No,High,6,4,10,Visual,2.1,97
127055,17,Other,Arts,3.5,4.5,1.5,Yes,93.3,7.7,Good,3,Bachelor,Low,6.6,Yes,4.0,4,1.0,No,0,9.8,Dorm,No,High,1,7,8,Reading,5.7,99
101681,18,Other,Engineering,2.3,2.2,2.0,No,51.5,7.8,Fair,0,Some College,Low,5.4,Yes,3.07,7,3.4,No,1,8.0,Dorm,No,Low,8,8,7,Auditory,6.4,80
167373,26,Female,Psychology,4.7,3.6,0.1,No,92.9,7.2,Poor,1,High School,High,7.0,Yes,3.64,6,3.6,No,2,9.2,Co-Learning Group,No,High,7,7,8,Auditory,9.7,92
154164,26,Female,Business,4.3,4.5,1.1,Yes,98.5,8.3,Good,4,Bachelor,Medium,7.1,No,3.79,7,4.3,No,1,11.7,Cafe,No,High,6,1,10,Kinesthetic,3.9,89
118023,26,Female,Business,2.9,4.2,3.6,No,54.7,8.7,Fair,3,Master,High,6.9,Yes,3.73,2,4.3,No,0,11.4,Dorm,No,High,9,10,5,Kinesthetic,4.6,100
147304,20,Male,Business,1.6,2.1,3.1,Yes,98.6,5.5,Poor,5,Bachelor,Medium,7.1,Yes,2.31,1,6.0,No,1,8.1,Dorm,No,Low,5,5,10,Kinesthetic,2.7,65
116167,17,Male,Arts,4.8,4.9,2.5,Yes,94.0,9.3,Poor,6,PhD,Medium,8.4,No,3.56,4,3.4,No,5,12.4,Co-Learning Group,No,Low,7,4,10,Reading,5.6,82
117068,26,Female,Arts,4.8,4.4,2.0,No,69.8,6.2,Poor,0,Master,High,8.4,No,4.0,7,5.0,No,1,12.4,Quiet Room,No,High,2,6,9,Auditory,5.2,99
143185,26,Other,Business,4.6,0.9,0.7,Yes,58.9,8.5,Fair,4,High School,Low,8.3,No,3.79,4,3.0,No,1,7.6,Co-Learning Group,Yes,Low,2,6,9,Auditory,9.5,95
120967,23,Other,Biology,4.0,4.7,0.8,No,96.6,6.4,Fair,4,High School,High,4.1,Yes,3.0,8,2.5,No,2,10.6,Co-Learning Group,Yes,High,6,3,10,Reading,1.4,70
179845,20,Male,Business,4.1,0.4,1.4,No,73.4,5.1,Fair,7,Some College,Low,3.7,Yes,3.0,4,3.6,No,3,7.2,Library,Yes,Medium,8,5,10,Kinesthetic,5.1,70
126654,28,Male,Biology,3.4,3.5,0.2,Yes,42.3,5.0,Good,0,Bachelor,Medium,7.5,Yes,2.42,2,5.8,No,3,8.8,Dorm,No,High,10,3,10,Kinesthetic,3.8,63
122098,24,Male,Psychology,5.4,4.1,3.7,Yes,60.8,7.3,Fair,0,Bachelor,High,7.9,No,3.01,6,5.8,No,3,13.5,Quiet Room,No,Medium,5,2,10,Visual,1.1,69
116894,18,Female,Arts,7.2,2.2,2.1,No,99.8,7.1,Poor,4,PhD,Low,10.0,No,3.3,7,6.4,No,4,11.5,Dorm,No,Medium,3,10,5,Kinesthetic,8.1,75
171670,24,Other,Business,6.1,4.9,2.4,Yes,96.6,8.2,Good,4,Bachelor,Low,9.6,Yes,3.1,2,6.6,No,4,14.9,Dorm,No,High,3,2,10,Visual,8.2,80
135962,27,Female,Computer Science,5.273775264745889,2.8,3.0,No,67.0,9.9,Fair,4,PhD,High,7.9,No,4.0,1,1.0,No,4,11.5,Quiet Room,Yes,Medium,6,7,8,Visual,9.0,98
141536,24,Male,Business,2.5,3.0,2.3,No,53.1,6.1,Poor,6,Bachelor,Medium,9.7,No,3.75,1,4.6,No,1,9.1,Dorm,Yes,Low,3,8,7,Kinesthetic,5.3,90
142923,23,Male,Computer Science,4.480248301493484,4.1,3.4,Yes,60.9,5.7,Fair,0,High School,High,7.3,No,4.0,8,3.3,No,2,13.2,Cafe,No,Low,3,3,10,Kinesthetic,5.2,95
128022,21,Female,Psychology,7.1,4.7,2.0,No,85.9,6.5,Poor,4,High School,High,6.2,Yes,4.0,1,4.8,No,3,14.6,Co-Learning Group,No,Medium,4,9,6,Reading,6.3,99
179200,18,Female,Psychology,4.3,2.7,1.3,Yes,47.5,7.2,Poor,5,High School,High,5.3,Yes,4.0,8,1.0,No,5,10.2,Dorm,Yes,Low,6,7,8,Kinesthetic,1.3,97
111938,25,Female,Engineering,4.5,4.6,3.6,No,44.7,7.6,Fair,1,High School,Medium,4.3,Yes,2.65,6,2.0,No,1,14.4,Cafe,No,High,6,2,10,Auditory,5.4,61
147505,18,Female,Arts,4.9,1.2,2.9,Yes,56.0,6.9,Good,5,Bachelor,Low,9.8,No,4.0,1,4.6,No,5,10.3,Quiet Room,No,High,8,1,10,Visual,6.3,100
157627,28,Other,Engineering,5.0,0.5,3.1,No,94.7,6.0,Poor,7,Bachelor,Medium,5.3,Yes,4.0,5,6.3,No,3,9.8,Quiet Room,Yes,High,6,9,6,Visual,5.8,98
177325,16,Other,Business,0.1,2.3,3.4,No,99.6,6.0,Fair,6,Master,Low,5.6,No,3.52,2,5.6,No,5,7.7,Dorm,No,High,10,9,6,Reading,5.8,87
100112,26,Female,Psychology,3.0,2.7,1.3,Yes,74.4,10.4,Good,4,PhD,High,8.4,Yes,4.0,3,5.0,No,5,8.4,Cafe,Yes,High,2,3,10,Visual,9.7,100
171986,20,Male,Psychology,7.0,3.7,2.5,No,77.1,5.8,Good,5,PhD,Low,8.1,Yes,3.71,6,4.0,No,5,14.5,Dorm,No,Low,6,8,7,Kinesthetic,6.1,100
157769,26,Other,Engineering,3.4,2.1,2.5,No,57.0,9.4,Good,6,High School,Low,8.2,No,3.82,2,7.9,No,0,8.8,Quiet Room,No,High,7,9,6,Reading,3.8,90
173606,18,Female,Biology,3.4,4.7,1.7,Yes,56.2,9.3,Good,1,Master,High,5.3,No,3.87,5,3.7,No,4,10.7,Quiet Room,No,Low,6,9,6,Kinesthetic,5.1,88
121685,28,Male,Computer Science,3.8276761009652,0.7,0.8,Yes,77.0,8.6,Good,4,High School,High,4.1,No,3.8,8,4.8,No,2,5.4,Dorm,No,High,1,2,10,Kinesthetic,5.5,88
161526,27,Female,Business,3.9,1.8,2.0,Yes,49.9,8.5,Good,1,Master,Medium,6.3,Yes,2.93,8,2.6,No,1,8.5,Cafe,No,Low,4,3,10,Visual,8.1,77
159227,23,Female,Engineering,5.8,4.3,1.1,No,47.0,8.4,Fair,2,Bachelor,Low,9.7,No,3.72,8,1.0,No,3,11.8,Library,No,Medium,8,5,10,Kinesthetic,9.1,87
109672,25,Male,Business,3.7,4.9,3.7,No,87.9,8.1,Fair,1,PhD,Low,9.4,Yes,3.17,6,2.8,No,4,13.3,Library,Yes,Low,9,2,10,Reading,3.0,73
126422,18,Male,Arts,2.5,4.7,0.7,Yes,76.8,5.8,Good,4,PhD,Low,5.1,No,3.52,2,1.4,No,2,9.3,Dorm,No,Medium,10,8,7,Auditory,1.3,92
118785,27,Male,Arts,7.0,3.6,0.8,Yes,59.8,7.4,Good,7,Some College,High,7.9,No,4.0,4,5.5,No,1,11.7,Quiet Room,No,High,9,2,10,Reading,2.8,99
154642,20,Female,Computer Science,4.842136979377553,3.4,1.9,Yes,67.5,6.4,Fair,0,Some College,Low,6.8,Yes,3.63,6,2.7,No,0,11.2,Quiet Room,No,Low,3,2,10,Kinesthetic,1.5,96
106447,19,Male,Psychology,5.4,4.5,2.7,Yes,72.1,6.1,Good,0,High School,Low,3.7,No,3.77,3,3.2,No,5,13.9,Co-Learning Group,Yes,High,1,3,10,Reading,6.4,86
166455,28,Male,Psychology,2.8,2.0,2.6,Yes,95.1,6.6,Good,0,Master,High,9.8,Yes,3.24,3,5.5,No,1,9.2,Library,Yes,Medium,5,1,10,Visual,2.3,82
122120,20,Other,Psychology,1.0,4.2,0.1,No,50.4,6.1,Fair,6,Master,High,6.6,Yes,2.78,2,3.0,No,3,5.8,Library,No,Low,6,5,10,Visual,3.4,64
165714,25,Male,Engineering,3.8,1.4,0.1,Yes,82.7,8.1,Good,2,Some College,High,5.6,No,3.46,5,5.8,No,3,5.8,Cafe,No,Medium,3,1,10,Kinesthetic,2.5,82
179581,22,Male,Psychology,2.3,4.8,0.9,No,48.7,7.4,Good,3,Bachelor,Low,7.2,Yes,2.48,3,2.5,No,1,9.2,Dorm,Yes,High,3,3,10,Reading,3.4,61
102300,18,Female,Psychology,3.2,1.7,0.4,Yes,96.0,5.7,Good,2,PhD,Medium,8.7,No,3.37,7,5.3,No,5,6.0,Dorm,Yes,Medium,8,6,9,Reading,6.5,84
134905,19,Other,Arts,7.4,4.4,0.5,No,70.1,6.0,Fair,3,PhD,High,10.0,No,4.0,3,5.5,No,5,13.5,Quiet Room,Yes,High,10,9,6,Visual,6.0,100
149460,17,Other,Computer Science,9.187832225800868,4.7,2.6,No,95.5,10.3,Good,0,Some College,Medium,7.0,No,3.82,6,5.2,No,5,18.5,Dorm,Yes,Low,3,8,7,Reading,7.9,99
121328,28,Male,Engineering,3.8,1.6,2.4,Yes,52.3,7.0,Poor,1,Some College,High,6.3,Yes,3.78,3,5.4,No,2,9.0,Dorm,Yes,Medium,8,8,7,Auditory,4.7,95
117318,17,Male,Psychology,0.0,0.3,0.6,No,68.1,8.0,Fair,2,PhD,Medium,6.2,No,2.3,7,6.9,No,1,2.7,Co-Learning Group,No,Low,9,5,10,Auditory,7.3,61
106301,18,Other,Arts,3.3,3.2,3.2,Yes,70.8,7.0,Good,3,Master,High,10.0,No,4.0,3,6.8,No,2,10.3,Cafe,Yes,Low,9,4,10,Reading,5.3,100
147093,26,Male,Arts,4.0,0.4,2.4,Yes,78.3,4.2,Good,4,PhD,High,5.0,No,3.01,6,8.3,No,3,8.7,Cafe,Yes,High,7,7,8,Visual,5.0,82
166626,23,Female,Arts,3.6,3.8,0.5,No,96.9,5.4,Good,6,Bachelor,High,5.9,Yes,3.48,1,1.7,No,4,8.0,Dorm,No,Medium,5,8,7,Visual,6.9,88
141863,23,Male,Engineering,6.4,1.6,2.4,Yes,78.2,7.5,Good,7,High School,Medium,6.9,Yes,4.0,4,1.0,No,3,11.4,Library,Yes,Low,9,1,10,Auditory,3.6,100
175152,20,Male,Computer Science,8.590409090078044,1.9,0.6,Yes,64.6,7.0,Good,0,Some College,Medium,3.2,Yes,4.0,6,3.5,No,0,12.9,Cafe,No,Low,3,10,5,Visual,1.6,100
116296,26,Other,Computer Science,6.734770154400382,1.7,2.4,Yes,73.6,7.3,Good,3,Some College,Low,7.5,No,4.0,6,6.6,No,5,11.0,Co-Learning Group,Yes,High,1,1,10,Auditory,7.1,100
160025,26,Female,Business,3.5,3.6,1.6,Yes,47.5,9.3,Good,4,Master,Medium,8.8,Yes,3.76,5,1.4,No,3,10.5,Co-Learning Group,Yes,High,9,9,6,Kinesthetic,9.0,93
105074,17,Male,Arts,0.9,1.7,2.0,No,89.4,4.8,Poor,5,High School,Medium,6.5,Yes,2.88,3,2.9,No,5,5.1,Cafe,Yes,Medium,7,6,9,Reading,7.3,80
138563,24,Male,Psychology,3.4,2.4,3.3,Yes,71.9,7.3,Fair,0,Some College,Medium,3.5,Yes,4.0,5,4.5,No,1,10.3,Dorm,Yes,High,6,9,6,Kinesthetic,8.6,97
148684,27,Male,Psychology,3.7,1.6,1.9,Yes,84.1,8.8,Good,6,PhD,Low,6.2,No,4.0,6,3.3,No,2,8.7,Quiet Room,No,High,7,9,6,Visual,2.8,100
147785,27,Male,Computer Science,5.0853611325011965,4.7,2.4,Yes,58.5,7.0,Good,1,High School,Medium,7.7,No,4.0,3,6.5,No,0,13.5,Dorm,Yes,High,6,10,5,Auditory,1.1,100
128813,18,Male,Biology,5.4,3.0,1.3,Yes,89.3,5.0,Good,0,PhD,Medium,8.7,No,3.86,4,4.7,No,0,9.8,Dorm,No,Medium,9,7,8,Visual,9.4,100
137507,24,Other,Business,2.6,2.6,1.2,Yes,74.0,6.9,Good,2,Some College,Medium,5.8,Yes,3.04,2,4.9,No,5,7.8,Cafe,Yes,Low,1,1,10,Auditory,1.1,77
175210,17,Other,Arts,0.8,4.7,2.0,Yes,83.7,7.9,Poor,5,Master,High,10.0,No,4.0,1,4.5,No,3,8.5,Quiet Room,No,Medium,8,2,10,Auditory,5.9,98
169636,20,Male,Business,4.7,3.3,2.1,No,50.4,6.3,Good,2,PhD,Medium,8.0,Yes,4.0,4,3.3,No,1,11.5,Co-Learning Group,Yes,High,7,8,7,Reading,9.0,100
148144,17,Male,Biology,3.2,3.9,3.3,Yes,59.1,6.3,Poor,2,Master,High,8.7,Yes,4.0,5,4.6,No,3,10.7,Quiet Room,Yes,High,6,3,10,Reading,9.7,100
137388,16,Female,Biology,4.5,2.2,3.4,No,68.0,6.7,Fair,4,Bachelor,Medium,9.8,No,2.42,6,6.4,No,2,11.9,Dorm,No,Low,1,4,10,Visual,3.0,66
118402,23,Other,Engineering,7.1,3.5,1.6,No,70.7,8.2,Poor,7,Master,Medium,5.4,Yes,4.0,1,9.8,No,4,13.8,Library,Yes,Medium,3,6,9,Reading,5.3,97
114807,18,Male,Computer Science,0.0,2.4,3.1,Yes,95.7,8.4,Fair,2,Some College,Medium,6.3,Yes,3.41,2,3.9,No,5,6.2,Library,Yes,High,3,5,10,Reading,4.4,91
166058,19,Female,Business,2.7,1.8,1.1,Yes,64.2,7.0,Good,2,Bachelor,High,6.2,No,3.54,4,3.6,No,0,7.5,Dorm,Yes,High,3,10,5,Auditory,9.0,86
143621,27,Other,Biology,3.4,4.6,2.1,No,99.3,7.6,Good,5,High School,Medium,7.8,Yes,2.94,4,5.0,No,3,11.5,Cafe,No,Medium,10,8,7,Visual,1.6,77
160443,21,Female,Biology,3.3,3.9,1.0,No,48.4,5.4,Fair,3,PhD,High,6.4,Yes,3.56,2,3.2,No,4,9.2,Cafe,No,Medium,6,2,10,Auditory,8.3,95
133721,21,Female,Computer Science,9.503465276912712,2.9,1.3,No,79.5,6.4,Poor,1,Some College,Low,9.6,Yes,4.0,1,6.3,No,4,15.4,Library,No,High,6,3,10,Reading,2.7,94
137880,17,Male,Arts,2.5,3.6,2.7,No,74.8,8.7,Good,0,High School,Low,5.5,Yes,3.71,7,1.0,No,1,9.0,Library,Yes,Low,9,7,8,Reading,1.5,90
166619,27,Other,Engineering,5.5,2.1,1.7,Yes,92.1,4.5,Poor,2,Bachelor,Medium,5.0,Yes,3.04,7,5.1,No,3,9.6,Quiet Room,No,Medium,10,4,10,Visual,4.8,75
128867,26,Male,Biology,4.2,0.2,3.2,Yes,50.9,8.3,Good,2,Some College,Medium,5.5,No,3.55,3,2.2,No,1,8.1,Library,No,High,7,6,9,Reading,4.0,90
176523,22,Male,Business,3.9,4.8,3.2,No,98.0,4.5,Good,0,Master,High,5.8,Yes,4.0,3,5.8,No,4,12.1,Co-Learning Group,Yes,High,6,1,10,Reading,7.2,99
128708,26,Male,Engineering,3.6,4.6,2.5,Yes,86.8,8.1,Good,2,High School,Low,10.0,No,3.68,5,3.5,No,1,10.8,Co-Learning Group,No,Low,4,7,8,Auditory,6.2,92
173959,23,Other,Engineering,1.9,2.9,1.1,No,88.6,6.4,Good,3,Some College,Medium,4.7,Yes,4.0,2,4.5,No,5,7.0,Co-Learning Group,No,High,10,3,10,Kinesthetic,9.0,100
150556,24,Other,Business,4.0,2.3,3.0,No,45.5,5.6,Good,1,Some College,Low,5.6,Yes,3.67,4,4.8,No,3,10.1,Co-Learning Group,No,High,6,1,10,Reading,4.9,94
111306,21,Male,Business,1.1,2.1,1.2,Yes,51.1,5.3,Fair,6,Master,Medium,9.2,Yes,4.0,7,5.7,No,0,5.9,Quiet Room,No,Low,8,10,5,Auditory,6.7,100
157360,19,Female,Computer Science,6.283327831550356,1.8,0.9,No,60.8,6.8,Good,4,Some College,High,4.2,No,3.88,5,7.3,No,5,10.2,Co-Learning Group,No,High,3,9,6,Visual,4.3,93
144748,17,Other,Business,5.5,3.4,2.9,No,62.3,4.1,Good,6,PhD,Low,6.1,Yes,3.11,4,8.2,No,1,12.9,Co-Learning Group,Yes,Medium,7,6,9,Reading,3.0,72
161720,17,Female,Psychology,5.2,0.1,1.3,No,87.3,8.0,Poor,6,High School,Medium,8.1,Yes,4.0,4,3.5,No,4,7.2,Dorm,Yes,Medium,9,1,10,Visual,9.8,100
100653,18,Female,Computer Science,4.908439724405247,1.1,3.3,No,93.2,9.7,Poor,5,PhD,Low,5.6,Yes,4.0,3,5.2,No,3,9.8,Cafe,Yes,High,10,4,10,Auditory,9.6,100
108268,16,Male,Business,2.9,3.7,1.2,Yes,60.1,6.8,Good,0,Bachelor,Low,6.9,Yes,3.3,2,6.7,No,1,9.4,Library,No,High,6,6,9,Reading,7.5,81
120187,22,Female,Engineering,2.9,1.8,0.4,No,61.4,8.3,Fair,7,PhD,Low,8.8,Yes,4.0,1,4.2,No,1,6.2,Cafe,No,Medium,9,9,6,Reading,9.3,99
171234,21,Female,Psychology,3.9,5.0,2.1,No,73.0,7.5,Good,2,Master,Medium,5.3,Yes,3.74,6,10.0,Yes,0,12.3,Library,No,Medium,8,3,10,Visual,2.3,93
105787,28,Male,Arts,6.8,0.8,1.6,No,55.8,6.5,Good,3,PhD,High,4.7,No,4.0,6,4.6,No,4,10.2,Library,Yes,Low,8,8,7,Auditory,6.2,98
170462,16,Female,Computer Science,8.08542407668417,2.0,0.1,Yes,42.8,6.4,Good,2,Master,High,6.8,Yes,4.0,5,3.3,No,2,11.7,Dorm,No,Low,10,5,10,Visual,3.2,99
134222,28,Male,Arts,3.7,2.0,2.3,Yes,64.7,8.5,Poor,2,Some College,Medium,6.0,No,4.0,8,4.5,No,2,8.2,Quiet Room,Yes,Low,9,6,9,Visual,1.0,100
144781,19,Female,Business,1.2,4.2,3.8,Yes,56.2,8.4,Good,4,Master,Low,3.6,No,4.0,5,6.9,No,2,10.0,Cafe,Yes,Low,6,7,8,Auditory,5.1,100
128108,26,Female,Psychology,1.1,0.9,2.5,Yes,96.1,6.5,Poor,4,High School,High,10.0,No,3.88,2,1.2,No,3,4.6,Co-Learning Group,Yes,Medium,8,8,7,Kinesthetic,9.6,95
103147,18,Female,Psychology,5.3,2.7,3.4,No,50.4,6.9,Fair,0,Bachelor,Low,3.9,No,4.0,7,3.8,No,3,11.5,Quiet Room,Yes,Medium,2,7,8,Reading,8.5,100
112008,18,Female,Arts,6.8,0.8,0.4,No,50.5,6.7,Fair,5,Some College,Medium,5.0,No,3.2,3,7.6,No,4,8.9,Library,Yes,Medium,7,3,10,Auditory,1.7,71
160644,24,Other,Business,5.2,0.2,0.3,Yes,65.7,9.2,Fair,1,Bachelor,High,7.7,Yes,3.98,2,4.4,No,5,6.2,Co-Learning Group,No,Medium,10,9,6,Auditory,6.6,100
152992,21,Other,Engineering,3.0,4.1,0.7,Yes,64.4,6.6,Fair,1,PhD,Low,2.8,Yes,4.0,6,2.4,No,3,8.5,Dorm,Yes,Medium,9,2,10,Auditory,5.3,100
140687,22,Male,Arts,4.1,0.2,1.0,Yes,81.4,6.9,Good,3,Master,Low,10.0,No,4.0,1,4.0,No,2,6.3,Cafe,No,High,9,7,8,Kinesthetic,9.0,100
166298,20,Female,Biology,5.5,3.9,0.9,Yes,61.2,7.3,Fair,0,High School,Medium,5.4,No,4.0,7,3.8,No,4,10.6,Library,Yes,Low,8,7,8,Auditory,6.1,93
175073,28,Other,Business,3.3,1.6,3.4,Yes,51.9,7.6,Poor,6,Some College,High,9.5,Yes,3.67,3,6.0,No,2,8.9,Co-Learning Group,No,Medium,2,5,10,Visual,4.8,90
155149,25,Male,Business,5.9,1.4,0.6,No,58.9,7.2,Good,3,Some College,Low,4.9,Yes,2.85,1,7.2,No,4,9.5,Co-Learning Group,Yes,High,3,3,10,Visual,6.7,62
155596,27,Other,Engineering,4.2,2.0,1.2,No,70.1,7.8,Good,3,Bachelor,High,4.2,Yes,4.0,2,3.9,No,1,8.1,Library,No,Low,10,3,10,Auditory,9.5,100
171894,23,Male,Arts,0.9,0.0,2.4,No,89.1,5.0,Good,4,Bachelor,Medium,5.9,Yes,3.92,6,2.4,No,2,4.9,Library,Yes,Medium,9,1,10,Auditory,4.4,97
124653,24,Male,Computer Science,4.120396901152548,0.3,2.5,No,78.0,8.2,Poor,7,Master,High,8.3,Yes,3.86,6,9.9,No,5,8.2,Co-Learning Group,Yes,Medium,4,6,9,Reading,3.4,97
129661,22,Other,Computer Science,7.216129320239641,1.4,2.9,Yes,79.5,4.1,Good,2,PhD,Low,7.0,No,3.92,1,4.0,No,1,13.2,Cafe,Yes,High,6,7,8,Visual,2.4,100
178985,17,Male,Business,4.9,0.9,3.9,No,76.3,5.9,Fair,1,Master,Medium,7.6,No,3.97,1,6.2,No,4,11.2,Dorm,No,Medium,6,3,10,Auditory,8.6,94
151628,17,Other,Engineering,1.1,2.5,2.5,No,61.1,5.3,Good,0,Master,Low,8.6,No,3.57,3,6.1,No,0,7.5,Quiet Room,Yes,High,2,6,9,Auditory,4.9,80
131044,20,Female,Business,6.0,3.0,1.5,No,72.2,8.3,Good,1,Master,High,4.1,Yes,3.89,3,6.4,No,5,12.4,Cafe,No,High,3,2,10,Kinesthetic,7.7,95
171729,16,Female,Engineering,3.5,2.0,1.9,Yes,54.4,5.4,Fair,5,PhD,Low,7.3,Yes,3.14,8,5.3,No,5,8.3,Quiet Room,Yes,High,3,8,7,Reading,2.3,84
107728,24,Female,Arts,6.4,4.7,1.1,No,66.5,6.7,Fair,3,Bachelor,Medium,7.5,No,3.12,5,3.2,No,2,12.7,Co-Learning Group,No,Low,5,2,10,Visual,1.5,80
102953,25,Female,Business,4.8,0.8,3.1,No,49.1,6.1,Poor,7,Master,High,6.7,No,4.0,5,5.0,No,5,10.1,Library,Yes,Medium,2,4,10,Kinesthetic,2.3,90
124188,18,Male,Computer Science,6.229207840362087,0.0,1.9,Yes,82.2,8.5,Good,1,Bachelor,Low,6.6,No,4.0,7,1.0,No,3,8.6,Cafe,No,Medium,1,2,10,Visual,2.2,99
167905,17,Male,Business,5.3,2.9,0.4,No,91.9,7.2,Poor,6,PhD,Low,5.5,No,4.0,3,3.8,No,1,9.2,Cafe,Yes,Low,9,4,10,Visual,4.4,99
137005,16,Female,Arts,3.8,2.8,0.8,Yes,91.0,7.1,Poor,2,High School,Low,7.7,Yes,4.0,4,1.8,No,2,7.6,Co-Learning Group,Yes,High,9,10,5,Visual,7.4,98
123703,18,Other,Business,4.8,1.3,0.9,No,92.4,8.5,Good,7,High School,High,7.4,Yes,3.92,8,5.2,No,1,8.4,Cafe,No,High,10,1,10,Auditory,9.3,100
109257,28,Male,Computer Science,3.134588780966111,3.8,0.9,No,77.7,9.2,Good,4,Some College,Medium,6.8,No,4.0,4,6.3,No,4,9.5,Dorm,No,High,2,8,7,Kinesthetic,6.9,93
178467,17,Other,Arts,6.6,1.4,0.7,No,90.0,8.7,Good,0,High School,Low,6.0,Yes,4.0,8,7.7,No,4,8.9,Cafe,Yes,Medium,6,4,10,Kinesthetic,9.8,99
142388,23,Female,Business,6.0,3.7,1.0,Yes,96.8,6.7,Good,1,High School,High,8.7,No,4.0,4,3.3,No,5,12.0,Quiet Room,Yes,Medium,3,10,5,Reading,3.9,100
140633,18,Female,Business,3.5,0.4,3.0,Yes,47.6,6.7,Good,2,PhD,Low,4.1,No,3.24,6,5.2,No,5,8.8,Cafe,No,Medium,8,3,10,Auditory,1.0,81
172774,27,Female,Engineering,7.7,0.8,3.2,No,48.6,8.6,Fair,2,High School,High,7.9,Yes,4.0,6,5.9,No,4,12.3,Quiet Room,No,High,10,1,10,Reading,3.8,98
101870,27,Female,Arts,4.2,4.0,0.5,Yes,48.5,9.1,Good,3,Some College,Low,9.0,No,4.0,7,5.7,No,2,8.7,Quiet Room,Yes,Medium,10,9,6,Reading,4.8,95
176884,26,Male,Psychology,6.6,1.3,3.8,No,46.8,6.2,Good,5,High School,Medium,10.0,No,3.52,4,6.8,No,0,13.0,Co-Learning Group,No,Low,1,9,6,Visual,9.8,93
102582,23,Male,Arts,3.7,0.1,3.9,No,48.8,8.3,Good,5,Master,Low,4.0,No,4.0,7,6.2,No,0,9.7,Dorm,No,High,5,1,10,Reading,1.6,94
176804,25,Male,Computer Science,4.189569545855059,2.8,0.3,Yes,87.2,6.8,Good,5,High School,Medium,7.1,No,4.0,1,2.7,No,1,7.6,Cafe,Yes,Medium,5,7,8,Reading,4.2,98
155860,28,Male,Biology,3.7,0.4,0.3,No,63.9,5.4,Poor,2,Some College,High,5.3,No,4.0,3,7.1,No,1,6.3,Cafe,Yes,Low,10,10,5,Auditory,2.1,94
175891,17,Other,Business,3.4,2.0,1.3,No,76.8,9.8,Good,7,Some College,High,10.0,Yes,4.0,5,2.5,No,3,8.4,Quiet Room,Yes,High,6,6,9,Reading,7.2,100
128586,16,Other,Business,5.7,2.0,2.3,No,48.5,5.0,Fair,2,Bachelor,Medium,10.0,Yes,2.96,3,7.0,No,3,10.1,Quiet Room,No,High,10,6,9,Visual,7.7,76
115516,28,Female,Arts,2.0,4.1,3.4,Yes,48.6,7.8,Fair,4,PhD,Medium,5.4,Yes,2.65,1,3.0,No,5,9.7,Cafe,Yes,High,2,3,10,Visual,2.2,62
114936,27,Male,Business,5.6,2.7,0.5,No,90.3,6.8,Fair,2,Master,Medium,4.9,No,4.0,7,4.9,No,4,10.0,Library,Yes,High,1,5,10,Reading,3.7,100
158499,18,Other,Computer Science,3.815133696053015,4.0,1.0,No,81.4,7.5,Poor,4,Master,Low,8.8,Yes,4.0,1,4.9,No,1,10.3,Library,Yes,High,3,7,8,Visual,3.4,100
141205,19,Other,Arts,7.4,3.0,0.5,No,73.7,5.3,Fair,0,High School,High,4.8,Yes,4.0,1,6.6,No,5,11.9,Quiet Room,Yes,Low,9,1,10,Auditory,1.8,100
156561,16,Male,Engineering,2.0,0.2,0.3,No,83.8,7.9,Good,7,High School,Medium,8.0,No,4.0,6,7.0,No,0,2.5,Cafe,No,Medium,8,7,8,Visual,7.3,99
178932,17,Other,Engineering,4.2,1.0,1.2,No,59.9,8.0,Poor,0,Bachelor,High,6.9,No,2.92,5,1.0,No,2,7.3,Library,No,Medium,2,4,10,Kinesthetic,5.2,70
132562,21,Male,Biology,4.7,4.3,0.1,No,62.9,6.8,Fair,5,Some College,Medium,5.2,No,4.0,6,3.8,No,5,9.5,Dorm,No,Medium,3,7,8,Kinesthetic,3.1,96
103011,16,Male,Biology,4.5,3.8,1.4,Yes,59.5,6.4,Fair,2,Some College,High,3.3,No,4.0,4,6.4,No,0,9.8,Library,No,Low,9,7,8,Auditory,1.1,100
116483,25,Female,Biology,2.6,2.9,2.3,Yes,93.5,8.2,Fair,6,Master,High,5.8,No,3.34,3,5.1,No,1,9.0,Co-Learning Group,Yes,Low,2,9,6,Kinesthetic,9.9,88
149171,27,Other,Business,2.0,1.3,2.6,No,65.6,5.5,Good,2,Some College,Medium,6.8,No,3.92,8,3.2,No,2,7.2,Library,No,Low,4,10,5,Reading,8.4,90
137597,22,Female,Arts,4.2,3.4,1.4,No,92.2,7.7,Fair,2,Master,Low,4.6,No,3.52,6,4.4,No,0,9.3,Dorm,No,Medium,1,2,10,Visual,9.6,86
129076,22,Female,Biology,9.3,1.7,2.9,No,98.6,6.6,Fair,7,Master,Low,7.2,No,4.0,7,6.3,No,1,13.9,Library,Yes,High,2,10,5,Kinesthetic,2.1,98
122886,16,Female,Psychology,2.7,0.2,3.1,Yes,58.6,8.1,Good,2,High School,Medium,5.7,No,3.79,7,4.5,No,2,6.0,Library,No,Medium,5,5,10,Reading,9.4,97
113894,26,Male,Business,1.8,4.2,3.2,Yes,58.8,8.1,Good,7,Bachelor,Low,9.6,Yes,2.67,5,6.5,No,5,10.7,Cafe,No,Medium,1,5,10,Reading,7.1,59
106028,21,Other,Business,2.6,1.9,2.0,No,79.6,7.9,Fair,3,Master,Low,5.8,No,2.92,5,4.5,No,1,7.5,Dorm,Yes,Medium,8,5,10,Reading,2.3,77
168346,17,Male,Psychology,2.9,4.0,0.5,Yes,78.5,7.2,Good,7,PhD,High,10.0,No,2.85,7,4.2,No,1,8.4,Co-Learning Group,No,High,6,3,10,Auditory,8.2,71
162520,27,Female,Arts,4.4,0.5,3.2,No,54.9,6.9,Fair,3,Some College,Low,10.0,Yes,4.0,5,5.7,No,2,9.7,Library,No,Low,1,8,7,Kinesthetic,6.4,89
165877,20,Male,Business,5.6,2.9,3.9,Yes,61.9,7.6,Fair,3,PhD,Medium,8.8,No,3.95,2,4.5,No,4,14.2,Dorm,No,High,9,8,7,Reading,2.3,100
155183,18,Male,Biology,0.9,1.2,1.3,No,87.0,6.7,Good,3,High School,High,6.5,No,3.9,4,3.9,No,0,4.7,Cafe,No,Low,6,2,10,Visual,9.7,100
156579,17,Other,Engineering,3.2,0.8,0.7,No,52.5,4.0,Poor,6,Bachelor,Low,6.1,Yes,4.0,8,6.3,No,1,6.1,Dorm,Yes,Medium,6,3,10,Kinesthetic,5.2,93
147158,18,Male,Psychology,3.1,1.8,1.4,Yes,73.2,6.5,Good,6,Bachelor,High,3.8,Yes,4.0,3,2.7,No,5,7.5,Co-Learning Group,No,High,4,10,5,Reading,8.4,88
140104,28,Female,Biology,5.1,0.2,1.1,Yes,42.3,6.9,Good,1,Some College,High,5.0,Yes,3.15,5,4.7,No,3,8.4,Quiet Room,No,High,10,7,8,Kinesthetic,2.8,78
163714,26,Female,Arts,6.8,3.7,3.7,Yes,84.8,7.2,Fair,3,Some College,Medium,6.1,No,3.85,3,6.7,No,1,15.5,Quiet Room,No,Low,3,4,10,Visual,4.9,100
176150,28,Other,Biology,1.1,0.7,2.0,No,70.6,6.1,Fair,4,High School,High,6.3,No,3.6,6,5.2,No,1,4.6,Cafe,No,High,5,10,5,Kinesthetic,6.5,95
109427,18,Other,Psychology,4.0,0.9,1.7,Yes,90.0,6.6,Good,7,High School,Medium,3.1,Yes,3.51,1,7.6,No,1,7.3,Cafe,No,Low,1,1,10,Reading,2.7,88
125062,17,Other,Business,2.9,0.3,1.5,No,77.3,7.3,Poor,7,Master,Medium,9.3,No,3.05,3,4.7,No,5,4.8,Quiet Room,No,High,4,3,10,Visual,8.0,63
169077,25,Male,Business,7.5,0.6,1.1,No,81.6,7.3,Fair,1,Master,High,7.5,Yes,4.0,1,4.1,No,1,10.5,Library,No,High,10,3,10,Visual,7.2,100
119638,22,Female,Business,4.9,1.1,0.1,Yes,83.8,5.8,Fair,0,Master,High,4.9,Yes,4.0,4,5.0,No,0,7.9,Cafe,Yes,High,10,2,10,Auditory,6.7,91
120471,28,Other,Engineering,5.9,4.1,0.8,Yes,47.8,8.1,Good,0,Some College,High,7.800000000000001,Yes,3.6,7,8.8,No,0,12.4,Library,Yes,High,1,4,10,Kinesthetic,9.3,85
114678,18,Female,Business,5.6,3.4,3.8,No,84.9,5.2,Good,6,Master,Medium,6.3,No,4.0,5,3.2,No,2,13.4,Co-Learning Group,No,Medium,6,4,10,Kinesthetic,8.1,97
134863,18,Female,Biology,6.3,2.4,0.9,Yes,58.9,4.6,Poor,3,High School,Medium,5.5,Yes,3.21,3,4.0,No,3,11.0,Cafe,Yes,Low,5,4,10,Kinesthetic,5.9,79
161336,28,Female,Business,6.4,3.1,1.4,No,93.1,4.0,Good,5,Some College,Low,6.7,Yes,4.0,6,3.2,No,3,12.7,Cafe,Yes,Low,2,3,10,Auditory,4.1,99
165184,25,Female,Engineering,6.7,2.3,0.6,Yes,80.4,4.6,Poor,2,High School,Medium,10.0,No,3.41,4,6.3,No,4,10.2,Cafe,Yes,High,7,8,7,Visual,2.1,88
169591,23,Male,Psychology,5.6,2.7,0.6,Yes,42.8,6.4,Fair,4,PhD,High,7.0,Yes,4.0,5,5.4,No,4,9.6,Library,No,Low,3,5,10,Visual,3.9,100
124590,27,Other,Engineering,4.3,0.5,3.8,Yes,49.1,7.2,Fair,7,Master,High,8.3,No,3.26,5,2.6,No,3,9.6,Dorm,Yes,Medium,7,1,10,Kinesthetic,5.2,84
165563,25,Other,Arts,6.5,4.2,1.6,Yes,60.1,7.3,Good,4,Bachelor,Medium,7.4,Yes,4.0,1,2.0,No,0,13.1,Cafe,No,Low,5,8,7,Reading,3.5,100
136395,25,Other,Arts,6.9,2.7,2.6,No,65.0,7.7,Good,2,Some College,Medium,10.0,No,3.24,4,5.6,No,1,13.0,Cafe,No,Medium,4,8,7,Visual,5.9,71
131661,21,Female,Arts,2.3,3.7,3.1,No,41.5,7.2,Poor,7,Some College,Low,8.1,No,3.93,6,8.2,No,2,9.3,Quiet Room,Yes,Low,2,8,7,Visual,7.1,98
138361,17,Male,Biology,3.4,1.8,1.3,Yes,58.6,6.2,Poor,6,PhD,High,4.8,Yes,3.51,5,7.4,No,1,7.9,Library,Yes,Medium,5,7,8,Kinesthetic,3.8,88
137058,23,Male,Arts,1.6,1.5,1.3,Yes,98.4,6.3,Good,7,Master,Medium,9.1,Yes,2.76,7,3.4,No,3,6.3,Cafe,Yes,Low,6,5,10,Kinesthetic,2.6,60
102375,17,Male,Engineering,6.2,1.6,2.9,Yes,94.7,5.7,Good,3,PhD,Medium,5.1,Yes,2.83,7,7.4,No,0,12.4,Library,No,Medium,10,1,10,Visual,6.4,74
147478,28,Female,Psychology,4.9,1.6,1.9,Yes,69.9,6.6,Poor,0,PhD,Low,4.8,Yes,3.47,1,7.1,No,2,10.3,Quiet Room,Yes,High,2,6,9,Kinesthetic,3.5,92
154116,25,Other,Engineering,8.1,0.8,3.3,Yes,94.4,8.9,Good,6,Master,Medium,10.0,No,3.79,5,4.6,No,1,13.2,Cafe,No,Low,1,1,10,Auditory,8.0,90
179623,28,Other,Arts,5.3,4.6,2.7,Yes,78.1,9.8,Good,4,Some College,High,1.0,No,2.92,4,9.0,Yes,1,13.4,Library,Yes,High,10,1,10,Visual,3.3,73
140205,26,Male,Arts,4.7,4.0,2.7,Yes,78.6,5.3,Poor,1,PhD,Low,4.3,Yes,2.85,7,6.4,No,2,12.2,Quiet Room,No,High,7,5,10,Auditory,3.1,78
123628,19,Male,Arts,5.6,1.9,2.8,No,47.0,8.8,Poor,7,Some College,Low,3.9,No,4.0,3,6.3,No,4,11.2,Cafe,Yes,Low,6,6,9,Auditory,5.1,100
103229,26,Male,Computer Science,6.341027790061951,5.0,3.0,No,52.5,8.7,Good,4,Master,Medium,7.9,No,4.0,7,3.1,No,2,14.8,Co-Learning Group,Yes,High,7,5,10,Reading,4.9,100
139554,24,Other,Biology,3.7,1.7,2.7,No,51.9,4.0,Fair,1,Bachelor,High,6.1,No,3.12,7,3.4,No,5,9.6,Library,Yes,Low,7,4,10,Visual,3.9,69
105467,23,Other,Engineering,5.3,2.4,2.6,No,97.5,8.8,Poor,7,PhD,Low,7.6,Yes,4.0,1,3.9,No,3,11.7,Cafe,No,Medium,10,8,7,Auditory,9.3,100
107198,21,Female,Computer Science,2.132819450664278,3.7,0.9,No,58.7,4.2,Good,6,Master,Low,6.6,Yes,3.86,6,7.3,No,0,8.1,Quiet Room,No,High,5,10,5,Visual,6.5,93
173347,17,Male,Business,3.7,0.7,4.0,No,74.7,7.4,Good,6,Master,Low,10.0,Yes,4.0,4,2.2,No,3,10.1,Dorm,No,Medium,10,10,5,Reading,2.3,98
135494,26,Female,Engineering,2.7,3.7,0.5,No,83.6,7.2,Fair,5,Bachelor,High,8.5,Yes,3.23,4,5.6,No,0,8.3,Co-Learning Group,Yes,Low,4,10,5,Auditory,4.8,80
100377,20,Male,Computer Science,6.306549553489886,4.1,2.0,Yes,73.1,7.1,Good,4,High School,Low,6.6,No,4.0,7,5.6,No,1,13.5,Co-Learning Group,Yes,Low,6,7,8,Kinesthetic,2.6,100
132990,25,Male,Computer Science,6.953188022225814,3.1,0.7,Yes,67.8,4.8,Good,5,High School,Medium,6.4,No,3.17,4,4.9,No,1,12.7,Cafe,No,Low,10,2,10,Reading,7.0,79
117615,27,Male,Engineering,2.5,2.4,2.0,No,75.9,5.8,Good,1,Bachelor,Low,6.9,Yes,4.0,7,7.2,No,5,7.9,Co-Learning Group,Yes,High,1,8,7,Reading,9.5,100
114778,23,Female,Psychology,6.2,4.7,2.6,Yes,61.8,7.2,Poor,2,High School,Medium,4.7,No,4.0,7,5.6,No,5,14.5,Quiet Room,No,Medium,5,3,10,Reading,9.7,99
155578,16,Other,Psychology,2.3,4.7,0.3,Yes,75.3,4.5,Good,5,Master,Low,4.9,Yes,2.98,5,8.3,No,3,8.6,Library,Yes,High,8,10,5,Visual,2.7,73
134434,26,Male,Computer Science,7.854656272715079,4.4,0.4,Yes,97.7,6.7,Fair,0,High School,High,1.6,Yes,4.0,4,1.0,No,5,13.5,Library,No,Medium,10,6,9,Kinesthetic,1.3,99
122992,21,Male,Psychology,0.8,2.9,2.4,No,99.5,7.9,Good,6,Bachelor,Medium,4.5,Yes,3.44,1,7.2,No,3,6.2,Quiet Room,Yes,Medium,8,5,10,Kinesthetic,7.1,90
169803,17,Other,Arts,5.0,4.2,1.8,Yes,87.0,6.7,Fair,6,Bachelor,Medium,4.9,Yes,4.0,4,3.2,No,1,11.9,Co-Learning Group,Yes,High,2,2,10,Kinesthetic,4.0,100
110345,16,Female,Engineering,3.4,4.4,2.3,No,58.5,6.5,Good,7,Master,Low,5.0,No,4.0,6,7.3,No,0,10.6,Quiet Room,Yes,High,10,6,9,Reading,5.1,96
159841,23,Male,Engineering,3.4,2.7,0.1,Yes,51.0,4.8,Fair,0,High School,High,5.8,Yes,3.62,4,5.4,No,4,6.6,Cafe,Yes,High,10,7,8,Reading,5.5,85
142464,22,Other,Business,0.0,2.6,2.7,No,76.5,8.6,Good,6,Master,High,9.5,No,2.66,8,6.0,No,1,6.5,Cafe,Yes,Medium,7,2,10,Kinesthetic,4.9,73
170766,23,Male,Engineering,4.6,2.4,1.6,Yes,57.1,5.6,Fair,1,PhD,Medium,4.0,Yes,4.0,3,4.4,No,2,9.8,Co-Learning Group,No,High,4,9,6,Reading,5.4,90
107817,26,Male,Biology,1.5,4.1,2.7,Yes,95.7,7.9,Poor,0,Some College,High,7.1,Yes,4.0,8,2.9,No,0,9.2,Quiet Room,No,High,5,3,10,Reading,6.9,99
146412,28,Other,Computer Science,2.1037695498702047,4.5,1.4,No,76.8,8.0,Poor,2,Master,Medium,8.1,Yes,3.35,5,5.3,No,1,9.1,Quiet Room,Yes,Medium,3,4,10,Kinesthetic,8.6,85
134394,26,Female,Engineering,1.6,0.0,2.7,No,57.6,6.2,Poor,3,High School,High,10.0,No,2.77,8,6.2,No,4,5.3,Cafe,No,Medium,2,7,8,Reading,5.3,79
124766,17,Female,Psychology,4.7,2.9,2.0,No,53.5,5.3,Good,6,High School,Medium,4.4,No,4.0,4,3.5,No,1,10.1,Dorm,No,High,8,9,6,Auditory,3.6,98
175644,19,Female,Computer Science,2.5204645334942724,4.7,0.1,No,78.7,4.3,Good,5,PhD,Low,5.5,No,3.48,3,7.1,No,2,8.9,Library,Yes,Low,3,2,10,Reading,3.7,83
171044,24,Male,Arts,1.5,3.4,0.1,No,60.1,5.5,Fair,4,High School,Low,8.2,No,4.0,1,5.2,No,0,6.6,Cafe,No,High,8,10,5,Visual,2.3,100
107731,22,Male,Business,3.6,1.3,2.8,Yes,77.1,8.0,Good,0,Master,Low,7.3,No,3.69,5,4.0,No,4,7.9,Co-Learning Group,No,Medium,8,6,9,Reading,3.6,86
166115,28,Other,Engineering,3.0,1.4,2.9,Yes,89.6,7.6,Good,7,PhD,High,6.1,No,4.0,3,5.1,No,3,8.6,Cafe,No,High,7,2,10,Kinesthetic,6.5,97
131311,18,Female,Computer Science,4.745096390349614,3.8,1.7,No,89.2,8.6,Fair,6,High School,Medium,8.7,Yes,4.0,1,4.0,No,5,11.8,Library,Yes,Low,8,6,9,Reading,5.3,100
148479,18,Other,Business,1.1,1.9,3.8,Yes,49.5,6.9,Good,3,High School,High,5.8,Yes,2.74,4,3.2,No,1,8.0,Library,Yes,Low,8,1,10,Visual,1.5,67
175336,20,Male,Psychology,4.9,2.6,1.1,Yes,49.6,8.9,Fair,2,PhD,Medium,3.6,No,4.0,2,6.3,No,4,9.7,Dorm,No,High,10,10,5,Kinesthetic,9.3,92
115230,16,Female,Psychology,5.2,4.8,2.8,Yes,90.1,7.5,Good,2,Bachelor,Low,6.5,Yes,4.0,7,5.2,No,2,14.8,Cafe,No,High,3,7,8,Kinesthetic,1.8,100
144821,24,Female,Psychology,2.8,2.0,2.0,Yes,77.2,7.6,Good,5,Some College,Medium,8.8,Yes,4.0,2,4.3,No,3,7.8,Quiet Room,No,Low,4,7,8,Kinesthetic,7.2,96
163843,26,Other,Business,2.3,4.7,3.0,Yes,40.8,6.1,Fair,7,Some College,Low,6.9,Yes,2.88,4,7.0,No,5,11.8,Library,Yes,High,5,5,10,Visual,6.6,67
161565,23,Male,Biology,2.4,2.2,3.6,Yes,65.5,6.7,Good,2,Some College,Low,6.1,Yes,3.74,6,2.5,No,5,10.1,Cafe,Yes,Low,9,3,10,Reading,8.6,98
105246,18,Other,Computer Science,3.5090563545017868,0.6,3.2,No,96.9,7.7,Good,1,High School,High,7.3,Yes,3.91,6,3.0,No,3,9.0,Library,Yes,High,5,4,10,Auditory,7.0,100
150420,17,Male,Arts,1.0,2.0,1.5,No,84.3,6.5,Poor,6,Master,Medium,3.0,Yes,3.01,5,2.7,No,2,6.0,Dorm,No,Medium,6,10,5,Visual,4.3,73
120515,22,Female,Arts,7.0,1.5,0.5,Yes,52.8,7.7,Good,3,PhD,Low,6.8,No,3.93,7,3.4,No,2,10.6,Co-Learning Group,No,Medium,10,9,6,Auditory,9.4,100
141221,21,Female,Arts,3.1,2.8,2.8,No,69.1,6.2,Fair,5,Bachelor,Medium,9.5,Yes,3.38,3,1.6,No,1,8.9,Quiet Room,No,High,9,4,10,Kinesthetic,4.7,83
105048,19,Male,Engineering,6.5,0.6,0.5,Yes,55.0,7.3,Good,7,Master,High,6.6,No,3.7,4,4.2,No,4,9.2,Dorm,Yes,High,2,6,9,Auditory,7.0,90
174232,16,Other,Biology,3.3,3.5,0.3,No,70.4,8.2,Fair,7,Some College,High,6.3,Yes,4.0,8,5.4,No,5,8.0,Quiet Room,Yes,Medium,2,8,7,Reading,3.8,100
114688,16,Other,Business,6.4,3.7,2.8,No,85.6,8.6,Good,1,Master,Low,4.7,Yes,3.81,8,3.2,No,4,13.2,Dorm,Yes,High,7,5,10,Auditory,2.9,99
116413,27,Female,Psychology,1.7,3.7,1.9,No,83.3,10.1,Poor,1,Master,Low,7.5,Yes,4.0,8,4.5,No,3,9.0,Cafe,Yes,High,6,7,8,Reading,3.7,98
115347,20,Male,Engineering,3.9,1.2,1.4,No,55.1,6.9,Fair,2,Master,Low,7.5,Yes,3.46,4,3.6,No,3,8.3,Quiet Room,Yes,Low,5,5,10,Visual,6.2,83
149503,24,Female,Engineering,0.3,2.0,3.2,Yes,97.8,6.5,Fair,5,PhD,Low,4.6,Yes,2.39,5,10.0,No,4,5.7,Dorm,Yes,Medium,8,4,10,Reading,2.2,61
126452,24,Male,Computer Science,5.150483546828099,2.4,0.8,Yes,77.9,10.0,Fair,7,PhD,High,6.9,No,3.94,6,5.3,No,5,8.9,Co-Learning Group,No,High,2,2,10,Reading,5.1,100
179946,23,Male,Biology,4.0,2.8,1.7,No,98.1,4.6,Poor,3,Some College,Medium,6.0,No,4.0,8,6.5,No,4,10.5,Library,No,High,8,8,7,Visual,7.7,99
120415,26,Other,Psychology,4.3,3.2,3.2,No,51.7,7.7,Poor,4,Master,High,5.7,No,3.57,1,4.1,No,5,12.2,Quiet Room,Yes,Medium,10,10,5,Reading,6.3,97
130942,27,Male,Biology,4.6,2.6,0.6,No,63.1,7.8,Fair,6,Some College,Medium,3.5,Yes,4.0,7,2.7,No,1,8.0,Dorm,No,Medium,7,8,7,Auditory,3.3,100
149772,23,Female,Arts,5.0,3.7,0.7,Yes,97.2,7.9,Good,2,PhD,Low,6.2,Yes,4.0,5,6.2,No,2,11.0,Dorm,No,Medium,4,5,10,Visual,3.6,95
110966,27,Female,Computer Science,3.3939236613203465,4.8,3.9,No,50.1,7.5,Good,1,Master,Low,3.7,Yes,3.41,3,8.2,No,5,12.9,Quiet Room,No,High,9,5,10,Auditory,8.8,88
118868,26,Other,Arts,1.9,3.2,1.8,No,57.9,5.2,Good,4,Master,Low,7.8,Yes,2.63,1,3.8,No,2,7.2,Cafe,No,Medium,5,8,7,Kinesthetic,2.6,61
174947,28,Female,Engineering,6.8,2.6,3.8,Yes,42.1,8.3,Good,3,Some College,High,7.8,No,3.04,5,4.1,No,4,14.6,Co-Learning Group,No,Medium,8,5,10,Reading,9.3,76
116771,23,Other,Engineering,6.5,4.2,1.4,No,73.7,7.8,Fair,1,Master,Low,8.0,Yes,4.0,3,3.4,No,0,12.3,Quiet Room,Yes,High,8,1,10,Reading,4.4,100
162477,22,Other,Engineering,6.0,4.2,0.2,Yes,91.4,6.1,Good,5,High School,Low,8.5,No,4.0,7,3.7,No,3,12.0,Quiet Room,Yes,High,8,9,6,Kinesthetic,6.0,94
154601,22,Male,Biology,6.2,1.0,1.2,Yes,96.3,6.9,Poor,2,Master,Medium,5.6,Yes,3.55,1,5.6,No,5,8.6,Co-Learning Group,No,Medium,1,5,10,Kinesthetic,2.0,85
130996,16,Male,Arts,3.9,0.7,0.1,Yes,86.8,4.9,Fair,7,Master,Low,6.0,No,4.0,6,4.6,No,4,5.4,Library,No,High,4,2,10,Kinesthetic,2.9,100
117163,24,Other,Business,0.0,2.3,1.8,Yes,43.0,6.0,Poor,1,PhD,High,5.1,No,4.0,2,3.3,No,3,5.8,Dorm,Yes,Medium,3,6,9,Reading,3.7,100
119791,20,Other,Arts,4.3,4.3,3.1,Yes,47.1,8.5,Fair,4,High School,High,8.0,No,2.95,6,7.4,No,2,12.5,Cafe,Yes,Low,2,5,10,Kinesthetic,8.1,56
163758,19,Other,Computer Science,7.812635519690667,2.0,2.8,No,80.4,9.3,Good,2,PhD,Low,4.8,Yes,3.77,7,5.2,No,2,13.0,Cafe,Yes,Medium,8,9,6,Auditory,6.6,82
160741,19,Other,Psychology,4.2,3.5,3.7,Yes,90.9,4.7,Good,4,Some College,High,9.8,No,4.0,5,4.3,No,5,12.3,Quiet Room,No,High,3,7,8,Kinesthetic,3.9,100
127862,25,Female,Psychology,1.4,3.2,3.2,No,76.0,8.4,Good,1,Some College,Low,4.6,Yes,3.54,2,10.0,No,3,9.5,Cafe,Yes,Medium,9,7,8,Auditory,7.6,91
158187,16,Male,Biology,4.5,0.7,1.7,No,78.4,6.8,Fair,6,Bachelor,Low,4.3,No,3.39,1,5.8,No,5,7.5,Library,No,High,4,3,10,Visual,7.3,85
148499,23,Other,Arts,2.5,2.5,1.5,Yes,89.0,6.4,Fair,4,Some College,Medium,1.0,Yes,4.0,8,7.1,No,0,7.5,Co-Learning Group,No,Medium,3,3,10,Reading,5.9,99
173452,26,Other,Psychology,3.0,2.0,3.1,Yes,52.8,8.6,Good,4,Some College,Medium,6.7,Yes,2.52,4,5.1,No,2,9.9,Cafe,No,High,2,3,10,Kinesthetic,5.5,61
132995,17,Other,Arts,1.2,2.6,0.7,Yes,67.0,6.8,Good,4,Bachelor,Low,5.9,No,3.12,7,4.5,No,1,5.1,Library,Yes,Medium,1,6,9,Auditory,3.2,77
140841,17,Other,Business,3.6,0.6,4.0,Yes,69.0,5.3,Good,2,PhD,Medium,7.1,No,3.82,3,5.7,No,1,9.1,Library,No,High,1,6,9,Visual,8.3,94
153254,27,Female,Engineering,4.6,4.0,3.3,No,41.0,8.7,Good,5,Some College,High,8.4,Yes,3.66,2,1.0,No,1,12.4,Library,Yes,High,5,2,10,Auditory,9.8,93
171412,28,Female,Computer Science,7.794269051607132,2.5,1.8,No,57.8,5.7,Good,2,Some College,High,8.2,No,3.01,5,4.0,No,1,14.0,Library,No,Low,9,4,10,Reading,5.6,78
160992,25,Male,Engineering,0.1,0.3,2.2,Yes,94.7,5.3,Good,1,Some College,Medium,8.0,Yes,2.55,4,5.5,No,4,2.7,Dorm,No,Medium,4,8,7,Kinesthetic,4.0,58
118859,25,Other,Arts,4.6,3.7,1.5,No,70.0,8.0,Fair,5,High School,High,4.8,Yes,2.86,7,6.3,No,2,10.1,Dorm,No,Low,9,9,6,Visual,8.7,73
159410,22,Female,Computer Science,8.613857643179752,2.2,3.5,No,80.6,9.2,Poor,2,Master,Medium,8.2,No,4.0,7,5.2,No,4,14.7,Quiet Room,No,High,8,5,10,Reading,3.5,100
130959,17,Female,Biology,7.2,0.7,1.8,No,93.6,7.0,Good,4,Master,Low,2.5,Yes,3.89,3,7.3,No,0,10.3,Co-Learning Group,Yes,Low,2,1,10,Kinesthetic,5.8,100
147029,26,Other,Arts,6.4,3.7,0.6,Yes,71.5,8.2,Good,0,High School,Low,4.6,No,4.0,5,4.2,No,0,11.7,Cafe,No,Medium,1,1,10,Kinesthetic,2.0,100
170554,20,Other,Arts,2.7,4.5,0.5,No,41.5,6.1,Good,6,Some College,Low,5.5,No,2.85,8,5.8,No,3,8.2,Co-Learning Group,No,Medium,7,1,10,Visual,8.5,72
128567,18,Female,Psychology,5.1,4.8,1.3,No,59.5,7.5,Good,5,High School,High,7.4,Yes,4.0,5,7.3,No,2,11.5,Dorm,No,High,10,4,10,Auditory,7.6,90
118792,26,Male,Computer Science,3.9518238957366583,1.8,2.9,Yes,74.1,7.9,Good,6,Some College,Medium,4.1,No,3.71,2,8.7,Yes,2,10.0,Cafe,No,Low,2,2,10,Visual,7.7,100
110757,28,Female,Biology,1.5,0.6,3.6,No,71.5,8.2,Good,0,High School,High,2.9,No,2.38,1,6.7,No,4,6.4,Library,Yes,Medium,6,2,10,Auditory,4.6,57
163751,23,Male,Arts,0.8,0.3,0.4,Yes,42.1,9.4,Good,1,Bachelor,Medium,5.9,Yes,3.29,5,3.0,No,5,2.4,Quiet Room,No,High,6,7,8,Kinesthetic,7.9,90
113603,21,Other,Psychology,1.0,1.2,1.4,Yes,77.9,7.3,Good,4,Bachelor,Medium,7.7,Yes,3.58,4,3.7,No,5,5.2,Dorm,No,High,4,1,10,Kinesthetic,6.8,89
160498,26,Other,Psychology,4.7,5.0,0.2,Yes,41.4,6.6,Good,6,PhD,Low,9.8,Yes,3.47,4,2.6,No,4,11.7,Co-Learning Group,No,Medium,7,6,9,Auditory,8.3,92
155072,20,Female,Psychology,9.8,2.4,2.1,Yes,70.7,7.5,Good,1,High School,Medium,6.5,No,3.3,7,5.7,No,2,14.8,Co-Learning Group,Yes,Low,2,3,10,Visual,6.9,84
130861,28,Male,Arts,1.0,4.3,1.5,Yes,49.4,6.2,Poor,4,Some College,High,7.3,No,4.0,7,6.3,No,3,8.5,Library,No,Medium,4,10,5,Visual,5.9,94
104029,16,Male,Psychology,6.0,2.6,0.7,Yes,79.1,8.0,Good,3,Some College,High,7.5,Yes,3.88,5,6.0,No,0,10.2,Library,Yes,High,6,9,6,Visual,9.7,100
167449,24,Other,Engineering,2.3,1.2,1.3,No,42.7,9.9,Good,4,Bachelor,High,8.1,No,4.0,8,5.2,No,4,5.6,Library,No,Low,6,3,10,Visual,7.3,100
165706,24,Other,Arts,4.4,0.6,0.0,Yes,84.6,7.4,Fair,3,High School,Medium,9.6,Yes,2.81,1,6.0,No,0,5.2,Library,No,Medium,3,2,10,Kinesthetic,8.8,68
175625,19,Other,Psychology,3.6,0.6,3.0,No,57.8,6.3,Fair,4,Bachelor,Medium,7.5,No,3.26,6,4.3,No,4,7.4,Cafe,Yes,Low,1,8,7,Visual,9.3,87
152268,27,Male,Business,5.2,0.3,1.0,No,74.2,6.2,Good,7,Bachelor,High,8.0,No,4.0,2,3.3,No,1,7.7,Cafe,No,High,7,7,8,Reading,8.5,100
105569,16,Female,Arts,2.9,2.7,1.4,Yes,75.6,6.4,Fair,4,Some College,High,5.1,Yes,4.0,4,5.4,No,1,8.7,Dorm,No,High,5,10,5,Visual,1.0,98
127325,27,Female,Computer Science,7.693225095512862,1.6,0.7,Yes,75.1,4.0,Good,4,Some College,High,10.0,Yes,3.71,3,4.1,No,1,11.3,Dorm,No,Medium,9,6,9,Kinesthetic,5.4,98
115994,19,Other,Computer Science,9.708024486812644,1.7,2.6,Yes,46.2,5.1,Good,4,Master,High,9.8,Yes,4.0,2,5.1,No,0,15.0,Cafe,Yes,High,10,3,10,Reading,2.9,97
149969,28,Female,Computer Science,6.33619735492089,4.5,0.3,No,86.4,6.5,Good,6,Bachelor,High,6.7,No,3.15,6,5.1,No,4,12.8,Dorm,No,High,3,6,9,Kinesthetic,6.2,82
137541,26,Female,Business,6.8,0.2,1.6,Yes,54.3,8.8,Fair,1,Bachelor,High,4.3,Yes,3.77,1,4.3,No,1,9.4,Cafe,Yes,Medium,9,2,10,Reading,6.4,94
142354,27,Other,Computer Science,3.628621283183655,1.0,1.4,No,48.6,6.9,Fair,1,High School,Low,6.2,No,2.69,4,4.0,No,2,7.2,Cafe,No,High,8,7,8,Reading,3.8,58
146243,24,Other,Business,4.2,4.3,1.2,No,40.5,4.3,Good,3,PhD,Low,7.6,No,3.6,5,9.7,No,5,10.3,Library,Yes,High,9,9,6,Visual,4.0,91
148338,22,Other,Business,2.1,4.4,0.7,No,56.5,7.1,Good,1,Some College,High,8.0,Yes,3.62,3,3.2,No,1,8.8,Quiet Room,No,High,1,4,10,Reading,4.9,90
101214,20,Female,Engineering,3.0,3.1,3.3,No,58.2,8.1,Poor,4,Some College,Low,8.8,Yes,3.4,1,4.4,No,0,11.0,Co-Learning Group,No,Low,5,9,6,Kinesthetic,2.3,90
142843,28,Male,Business,5.2,0.9,1.9,Yes,63.5,6.9,Good,0,High School,Medium,10.0,No,4.0,3,4.7,No,5,9.6,Co-Learning Group,Yes,Low,5,5,10,Reading,1.7,92
145458,19,Other,Arts,1.4,4.1,0.5,Yes,93.0,10.1,Good,5,Bachelor,Medium,7.3,Yes,4.0,3,4.5,No,4,6.3,Library,Yes,High,8,6,9,Auditory,1.8,90
152260,20,Male,Arts,3.7,2.5,2.8,Yes,60.3,8.6,Fair,4,Some College,Low,6.7,No,3.43,1,3.1,No,1,11.0,Library,Yes,High,2,5,10,Kinesthetic,6.2,85
100010,16,Other,Arts,0.0,2.7,0.2,No,44.1,6.9,Poor,2,Some College,High,7.8,Yes,4.0,1,3.7,No,3,3.9,Co-Learning Group,Yes,Medium,2,10,5,Visual,3.2,100
104170,25,Male,Engineering,8.2,4.0,1.1,Yes,55.0,8.6,Good,0,PhD,High,6.1,Yes,4.0,8,7.1,No,5,13.9,Cafe,No,Low,10,8,7,Reading,8.7,100
142457,18,Other,Business,10.0,0.2,1.8,No,90.5,7.4,Fair,1,Some College,Low,7.6,Yes,3.91,1,2.1,No,2,12.3,Co-Learning Group,No,High,2,10,5,Reading,5.3,97
108445,16,Male,Computer Science,3.4595833575008927,2.6,0.9,No,44.2,10.5,Poor,2,Bachelor,Low,7.4,Yes,4.0,8,2.3,No,3,8.3,Dorm,Yes,High,9,7,8,Reading,6.3,96
176930,28,Female,Psychology,1.3,3.1,2.5,No,93.7,5.7,Fair,7,High School,High,9.9,Yes,3.53,1,3.2,No,3,8.2,Cafe,No,Medium,7,1,10,Auditory,5.5,86
119661,20,Male,Business,2.6,4.5,1.8,Yes,94.4,6.8,Good,3,Master,Medium,6.3,No,4.0,7,1.0,No,4,9.9,Library,No,Low,6,5,10,Auditory,9.0,94
107461,16,Male,Arts,1.9,4.8,2.1,No,55.5,5.5,Good,2,PhD,High,7.3,No,2.57,8,1.3,No,2,8.9,Co-Learning Group,No,Low,3,2,10,Visual,4.0,66
135519,21,Other,Computer Science,4.102707778191359,3.7,1.4,No,78.5,7.1,Poor,5,Some College,High,5.6,No,4.0,5,3.8,No,5,9.4,Cafe,No,Medium,3,9,6,Kinesthetic,7.1,92
150835,19,Other,Arts,4.6,0.9,3.4,No,59.6,6.2,Fair,3,Some College,Low,8.1,Yes,4.0,7,3.1,No,1,9.3,Quiet Room,No,High,4,9,6,Visual,4.0,100
119331,25,Female,Computer Science,4.766834597797988,1.2,1.0,No,80.4,7.7,Good,5,High School,Low,6.7,No,3.11,6,4.9,No,5,7.3,Co-Learning Group,No,Medium,9,6,9,Visual,1.0,85
135548,18,Female,Psychology,2.8,2.0,4.0,Yes,88.6,8.3,Fair,4,High School,High,5.7,Yes,3.88,5,3.6,No,2,8.8,Dorm,Yes,Low,5,5,10,Visual,6.3,98
154953,16,Female,Business,4.0,4.7,3.5,No,92.6,10.5,Poor,4,Master,High,10.0,Yes,3.6,1,5.8,No,5,14.1,Co-Learning Group,No,Low,8,3,10,Auditory,2.9,89
104563,16,Female,Computer Science,6.752845586005852,4.5,3.6,No,94.7,7.3,Fair,3,Bachelor,High,7.6,Yes,3.34,4,8.2,No,3,15.7,Quiet Room,No,Low,9,9,6,Reading,2.4,87
151035,16,Female,Arts,4.4,3.0,3.2,Yes,48.1,8.3,Fair,0,Some College,Low,7.6,No,3.25,1,3.4,No,0,11.7,Quiet Room,Yes,High,1,3,10,Kinesthetic,5.7,85
111064,26,Male,Engineering,3.9,0.1,0.6,No,55.3,6.7,Good,3,PhD,Medium,4.6,No,2.39,2,7.5,No,0,5.6,Quiet Room,No,Low,2,1,10,Visual,3.7,61
128831,17,Other,Business,0.0,3.4,1.0,No,86.6,6.0,Poor,2,High School,Low,6.0,No,2.91,6,4.5,No,4,5.8,Dorm,No,High,8,6,9,Kinesthetic,9.0,74
122191,19,Other,Psychology,3.4,0.6,0.4,Yes,66.0,5.8,Poor,6,Some College,Low,6.1,No,3.55,8,7.8,No,0,4.8,Cafe,Yes,High,9,1,10,Kinesthetic,3.9,86
131993,24,Female,Business,2.1,2.0,3.4,No,80.8,5.5,Fair,1,Master,Medium,9.9,Yes,2.85,3,5.5,No,3,8.7,Quiet Room,Yes,Low,8,2,10,Reading,4.0,74
116003,25,Male,Computer Science,2.842270940078912,1.9,0.3,Yes,49.3,7.8,Good,5,PhD,Low,6.3,Yes,2.99,3,5.1,No,4,5.6,Co-Learning Group,Yes,Low,3,5,10,Visual,7.8,75
119719,20,Other,Arts,2.0,4.3,3.2,Yes,80.2,6.0,Good,0,High School,Medium,9.9,No,4.0,3,3.6,No,4,10.5,Library,No,Medium,9,6,9,Kinesthetic,9.6,96
113115,25,Other,Business,5.1,1.3,1.0,No,70.7,5.8,Good,6,PhD,Low,4.9,No,3.58,2,4.0,No,3,8.3,Dorm,No,High,7,1,10,Kinesthetic,8.3,84
138412,20,Male,Arts,3.8,2.6,2.4,Yes,84.0,7.8,Good,1,Master,Low,9.7,No,3.95,5,4.7,No,2,10.1,Dorm,No,High,4,8,7,Kinesthetic,7.7,100
101570,24,Female,Arts,8.5,0.7,2.7,No,95.6,7.5,Good,3,PhD,High,5.8,Yes,3.66,4,7.0,No,3,12.0,Co-Learning Group,No,High,2,2,10,Kinesthetic,2.4,94
112621,25,Other,Business,5.7,4.1,0.0,No,81.0,8.0,Fair,5,Master,High,6.4,Yes,4.0,7,3.6,No,3,10.2,Library,Yes,High,8,6,9,Reading,5.9,100
175573,17,Other,Computer Science,4.652061354263734,2.0,1.1,No,82.7,7.3,Good,5,Bachelor,High,8.7,No,3.71,4,4.1,No,1,8.2,Quiet Room,No,Medium,6,9,6,Auditory,5.1,88
118814,27,Other,Engineering,3.1,3.1,0.1,Yes,55.2,8.9,Poor,5,Master,Medium,9.1,Yes,4.0,6,3.8,No,3,7.2,Dorm,No,Medium,5,9,6,Kinesthetic,3.8,100
105480,28,Male,Computer Science,5.272959680201611,0.7,0.6,No,82.0,10.9,Poor,4,Bachelor,High,8.6,Yes,3.6,8,3.7,No,0,6.7,Cafe,No,Low,7,1,10,Reading,1.6,89
106055,21,Male,Business,1.4,3.1,3.3,No,66.2,6.9,Good,1,Bachelor,Low,10.0,Yes,3.45,6,5.8,No,1,8.3,Library,No,Medium,9,9,6,Auditory,8.2,87
179499,28,Female,Computer Science,4.238615639033344,4.9,1.3,Yes,81.1,8.3,Good,1,Bachelor,Low,8.2,No,4.0,6,3.6,No,5,12.2,Library,Yes,Low,1,4,10,Visual,9.0,99
137618,21,Female,Arts,7.5,4.4,3.6,Yes,45.4,8.2,Fair,0,Master,Medium,10.0,No,3.92,6,3.6,No,1,16.1,Library,No,Low,4,4,10,Kinesthetic,7.4,95
146305,20,Other,Biology,2.2,2.1,2.0,Yes,64.7,5.8,Fair,1,Bachelor,High,7.4,Yes,4.0,7,5.9,No,0,6.8,Cafe,No,Medium,6,8,7,Reading,3.3,100
148536,26,Male,Engineering,1.8,3.0,0.4,Yes,66.2,5.7,Good,5,Some College,High,8.1,Yes,4.0,6,1.3,No,1,5.3,Dorm,No,Medium,3,3,10,Visual,8.3,99
155825,19,Female,Computer Science,8.386061978637628,1.4,3.3,Yes,54.0,7.4,Good,6,Some College,Medium,5.7,No,4.0,2,5.2,No,2,13.8,Quiet Room,Yes,High,1,9,6,Auditory,5.6,98
151967,26,Female,Computer Science,3.037563163498096,4.1,3.4,Yes,80.2,6.4,Good,2,High School,High,8.3,Yes,4.0,6,4.1,No,5,11.2,Library,No,Medium,4,1,10,Reading,6.6,100
158986,25,Female,Psychology,5.8,5.0,2.2,Yes,52.3,5.3,Good,6,Master,High,6.2,No,4.0,1,3.0,No,3,14.8,Dorm,No,Medium,4,8,7,Visual,8.9,100
106413,20,Other,Computer Science,2.3663971388042397,4.9,2.2,No,45.1,6.1,Good,0,Master,High,9.0,Yes,4.0,8,2.0,No,5,9.6,Library,No,Low,2,9,6,Visual,5.3,94
123536,24,Female,Arts,0.0,2.0,0.8,No,96.1,6.4,Good,3,Some College,Low,7.5,No,3.28,8,5.5,No,1,3.2,Library,Yes,Low,2,7,8,Reading,3.7,75
140088,16,Female,Arts,1.9,0.0,1.6,No,97.8,6.4,Poor,6,Bachelor,High,6.0,Yes,4.0,3,4.0,No,2,3.9,Library,Yes,High,7,10,5,Auditory,5.7,91
123333,28,Male,Arts,4.1,2.6,3.9,No,68.7,6.6,Good,1,PhD,Medium,6.7,No,3.2,7,7.7,No,2,11.2,Cafe,Yes,High,5,6,9,Kinesthetic,7.8,77
169163,26,Male,Biology,4.7,2.4,3.8,Yes,55.5,9.1,Fair,1,Some College,High,7.2,Yes,4.0,2,2.9,No,1,11.3,Library,No,Medium,9,8,7,Auditory,6.8,97
172808,20,Male,Computer Science,4.370183168571066,1.3,0.7,Yes,74.8,7.5,Good,3,Bachelor,High,7.8,Yes,3.17,4,5.3,No,1,7.8,Library,Yes,High,2,6,9,Kinesthetic,9.8,84
148966,16,Male,Psychology,3.0,2.1,3.2,Yes,43.7,6.4,Good,3,PhD,Low,6.5,Yes,4.0,8,3.3,No,3,8.6,Co-Learning Group,No,Medium,9,4,10,Auditory,1.2,100
150659,27,Female,Biology,2.8,0.5,2.2,Yes,54.8,6.8,Fair,6,PhD,Medium,9.2,Yes,3.66,1,3.8,No,4,5.9,Library,Yes,Medium,10,1,10,Auditory,6.6,93
167389,18,Female,Engineering,3.1,2.8,3.2,Yes,85.8,9.1,Good,1,Some College,Medium,1.4,Yes,4.0,2,7.1,No,3,9.9,Quiet Room,Yes,High,2,1,10,Auditory,4.0,99
171256,16,Female,Biology,1.3,3.5,3.7,No,85.2,6.9,Good,6,High School,Medium,7.6,No,3.43,6,7.0,No,3,9.8,Library,Yes,Low,2,9,6,Reading,7.4,80
170048,24,Other,Business,2.8,1.2,3.3,Yes,75.5,5.1,Fair,1,PhD,High,4.6,Yes,4.0,1,3.1,No,5,8.6,Library,Yes,Low,6,1,10,Reading,3.4,96
132272,25,Other,Business,3.8,1.9,3.2,Yes,60.1,9.9,Good,5,Bachelor,Medium,5.6,No,4.0,5,5.6,No,3,9.4,Cafe,No,High,5,10,5,Visual,8.4,100
121514,17,Female,Engineering,6.7,3.1,1.8,No,63.2,6.9,Good,1,PhD,High,6.9,Yes,3.96,1,3.2,No,4,12.4,Quiet Room,Yes,Medium,6,1,10,Kinesthetic,2.8,100
100961,27,Female,Psychology,3.8,4.7,0.3,No,66.1,9.3,Good,6,Bachelor,Medium,8.1,No,4.0,2,4.4,No,4,10.1,Dorm,Yes,High,7,10,5,Kinesthetic,2.9,97
143826,22,Male,Biology,2.5,3.6,0.4,Yes,65.7,6.3,Good,2,Master,Medium,4.6,No,2.99,6,3.3,No,2,7.6,Co-Learning Group,Yes,Low,1,8,7,Reading,4.8,77
128814,20,Male,Computer Science,4.710655710852398,4.7,3.5,Yes,52.9,7.4,Good,3,Some College,Medium,7.9,No,3.55,7,4.9,No,4,13.6,Dorm,Yes,Medium,3,1,10,Visual,5.0,84
156583,23,Female,Arts,7.0,4.0,3.3,Yes,50.2,4.0,Fair,4,Bachelor,Medium,10.0,Yes,4.0,8,4.3,No,1,14.4,Co-Learning Group,No,Low,4,4,10,Auditory,4.2,95
173314,19,Male,Business,0.0,3.0,3.2,Yes,59.2,4.4,Fair,3,PhD,High,9.6,Yes,3.12,5,6.2,No,1,7.6,Quiet Room,Yes,Low,4,2,10,Auditory,1.2,75
154427,22,Male,Computer Science,4.819123020915244,0.9,2.3,Yes,90.0,10.0,Fair,1,PhD,High,7.8,No,4.0,8,5.3,No,2,8.1,Quiet Room,No,Low,7,8,7,Reading,1.9,100
166396,22,Male,Biology,0.0,3.7,2.2,Yes,70.3,8.8,Good,5,Some College,Low,5.5,Yes,4.0,6,8.8,No,3,7.7,Cafe,No,Medium,3,9,6,Visual,1.8,100
151909,16,Male,Business,0.0,2.6,2.6,No,71.2,5.7,Good,7,Master,Medium,6.9,Yes,4.0,1,4.3,No,2,6.3,Library,Yes,Low,1,1,10,Auditory,7.9,100
136736,25,Other,Biology,3.1,4.2,1.7,Yes,74.8,6.4,Good,4,Bachelor,High,4.7,Yes,4.0,6,8.4,No,4,10.3,Quiet Room,Yes,Low,9,5,10,Auditory,6.0,99
167057,28,Other,Computer Science,8.551820381188767,2.7,2.7,Yes,69.6,4.2,Fair,5,Some College,Low,4.3,No,2.8,1,5.7,No,3,14.3,Cafe,No,Low,10,3,10,Reading,3.2,72
108815,17,Female,Psychology,3.7,4.0,0.6,No,58.7,7.9,Good,0,Bachelor,Medium,7.2,Yes,3.42,7,3.6,No,4,9.5,Cafe,Yes,High,9,4,10,Visual,4.1,89
161488,24,Male,Computer Science,4.350814943945547,2.9,2.3,No,91.9,6.9,Good,3,Bachelor,Medium,6.8,Yes,2.85,4,7.1,No,5,10.9,Dorm,No,Medium,1,6,9,Auditory,7.5,73
161959,16,Male,Computer Science,6.881246640865411,1.1,1.2,No,51.2,7.1,Poor,5,Bachelor,Medium,3.8,No,4.0,2,5.7,No,2,9.3,Co-Learning Group,Yes,Medium,8,10,5,Auditory,2.5,100
170131,23,Female,Business,1.1,0.5,0.1,Yes,50.7,6.6,Fair,5,Bachelor,Low,6.7,No,3.63,6,5.6,No,2,2.6,Dorm,No,High,10,1,10,Reading,4.3,92
144388,19,Other,Engineering,1.4,1.7,1.8,Yes,77.7,5.5,Fair,4,Some College,Medium,7.4,No,2.88,2,6.3,No,1,5.6,Co-Learning Group,Yes,Medium,8,5,10,Visual,2.6,76
137669,23,Other,Psychology,5.5,0.5,3.3,No,73.5,5.0,Fair,4,Bachelor,High,7.5,Yes,4.0,1,6.1,No,2,11.2,Quiet Room,No,High,4,8,7,Visual,8.0,100
158617,17,Female,Business,6.7,1.5,3.0,No,79.7,4.4,Good,5,Master,High,8.5,Yes,3.43,1,2.0,No,2,12.1,Quiet Room,Yes,Medium,7,3,10,Auditory,4.9,88
104483,23,Male,Psychology,5.1,1.9,1.3,No,94.0,5.9,Good,5,Some College,Medium,7.7,Yes,3.76,4,3.8,No,2,9.6,Co-Learning Group,No,Medium,4,2,10,Visual,3.8,92
152884,16,Male,Psychology,7.1,0.2,3.5,No,68.2,6.5,Good,0,Bachelor,High,4.7,No,4.0,8,8.4,Yes,2,12.6,Co-Learning Group,No,Medium,8,2,10,Auditory,2.7,100
109923,17,Male,Computer Science,4.26848060505999,4.0,2.1,Yes,97.4,7.0,Good,6,Master,Medium,9.3,No,4.0,5,4.0,No,3,10.6,Quiet Room,Yes,Low,6,3,10,Visual,2.7,98
105661,19,Other,Computer Science,5.511831365825421,2.8,1.8,No,70.6,5.8,Good,6,Some College,Low,8.8,No,4.0,8,4.8,No,1,10.3,Library,No,Low,6,1,10,Reading,3.5,100
112012,24,Other,Arts,4.6,3.4,0.6,No,57.9,6.6,Good,1,Some College,Medium,8.4,No,2.9,5,3.4,No,3,8.8,Dorm,No,High,3,9,6,Auditory,5.4,71
161498,20,Other,Computer Science,1.5864153521124118,1.5,1.8,No,76.7,8.8,Poor,4,PhD,Medium,7.6,No,4.0,4,3.4,No,5,5.7,Library,Yes,Low,3,3,10,Kinesthetic,7.2,97
136541,16,Other,Psychology,4.3,4.8,3.8,Yes,47.1,5.8,Poor,5,High School,High,6.4,Yes,3.61,7,2.4,No,5,13.2,Co-Learning Group,Yes,Medium,10,2,10,Reading,6.2,95
121002,17,Other,Business,4.4,3.1,0.2,No,79.3,6.9,Good,6,PhD,Medium,4.0,Yes,2.46,3,8.8,Yes,3,7.8,Cafe,No,Medium,10,1,10,Reading,8.3,54
117152,27,Other,Arts,8.7,1.0,0.8,Yes,42.7,7.0,Good,6,High School,Low,7.8,Yes,4.0,5,6.5,No,0,11.1,Library,Yes,Low,10,8,7,Reading,8.1,98
134260,19,Female,Engineering,8.9,4.7,3.1,Yes,81.7,7.3,Good,6,Bachelor,Low,4.9,Yes,4.0,1,6.0,No,3,18.6,Co-Learning Group,No,Medium,7,6,9,Visual,3.1,100
174813,22,Other,Engineering,6.2,0.6,0.7,Yes,70.6,8.5,Fair,7,Some College,High,9.8,Yes,3.86,2,3.6,No,5,8.3,Dorm,No,Low,9,1,10,Visual,3.3,89
123143,16,Male,Business,3.1,4.1,1.3,Yes,74.0,6.2,Fair,0,High School,Low,10.0,Yes,3.24,5,5.6,No,5,9.2,Co-Learning Group,No,Low,2,7,8,Kinesthetic,9.6,83
114500,25,Male,Biology,1.8,3.1,0.9,No,58.0,8.0,Poor,2,High School,Low,7.8,Yes,3.02,5,4.5,No,0,7.8,Quiet Room,No,Low,2,2,10,Visual,5.1,69
119647,28,Other,Biology,3.2,3.5,1.5,No,49.5,8.6,Good,6,Bachelor,Medium,7.2,No,3.75,5,6.5,No,2,9.6,Quiet Room,Yes,High,7,6,9,Kinesthetic,4.7,91
118137,16,Male,Arts,0.0,0.8,0.4,Yes,48.5,8.0,Good,4,Master,Low,6.0,Yes,3.06,8,4.2,No,3,2.7,Dorm,Yes,High,6,2,10,Reading,9.7,70
155743,18,Other,Psychology,4.7,3.9,1.0,Yes,69.1,6.1,Poor,5,Master,High,4.3,No,3.38,8,1.0,No,4,11.5,Library,No,Medium,7,3,10,Visual,2.6,80
179176,28,Male,Business,6.0,0.9,2.4,No,57.9,7.4,Fair,1,High School,Medium,6.7,No,4.0,3,7.5,No,1,11.2,Dorm,No,Medium,10,4,10,Reading,4.2,100
159129,19,Male,Biology,6.1,2.3,2.9,No,48.2,8.6,Good,3,High School,Low,9.9,Yes,4.0,6,3.5,No,5,13.1,Quiet Room,Yes,High,9,7,8,Reading,6.3,92
111274,24,Female,Biology,3.3,4.9,1.5,No,44.1,5.2,Good,2,Bachelor,High,6.3,No,4.0,8,1.4,No,5,10.0,Quiet Room,Yes,Medium,4,10,5,Visual,5.9,100
121102,27,Female,Arts,1.8,0.7,2.1,Yes,86.3,8.3,Fair,7,Some College,Low,4.4,Yes,3.33,4,5.2,No,0,5.5,Library,Yes,High,8,8,7,Reading,6.6,82
146857,18,Female,Business,2.9,1.7,2.9,Yes,77.7,8.0,Fair,3,Some College,Low,5.8,Yes,3.82,8,4.4,No,0,7.6,Library,No,Medium,7,8,7,Kinesthetic,8.2,91
136810,28,Other,Business,3.6,3.4,1.4,Yes,60.9,7.8,Fair,3,Bachelor,Medium,9.6,Yes,3.31,8,2.5,No,0,8.9,Cafe,No,High,1,3,10,Kinesthetic,8.9,84
137731,24,Other,Computer Science,4.046451122492266,3.2,3.1,Yes,81.7,4.8,Poor,4,PhD,Low,7.4,Yes,3.62,4,6.3,No,2,12.3,Cafe,No,High,9,3,10,Reading,7.8,86
111649,27,Other,Engineering,3.2,3.1,2.5,No,55.4,5.9,Poor,0,Bachelor,Low,9.4,Yes,3.99,4,5.7,No,5,9.7,Quiet Room,No,High,5,8,7,Auditory,9.1,100
146381,28,Other,Biology,2.6,2.5,2.4,No,82.1,5.2,Poor,2,High School,Medium,9.2,Yes,3.48,7,6.6,No,4,8.2,Dorm,No,Medium,2,4,10,Visual,8.0,90
109293,25,Male,Arts,7.4,0.3,3.4,No,82.3,4.3,Good,0,Master,High,5.7,Yes,4.0,6,6.3,No,3,12.2,Dorm,Yes,Medium,3,6,9,Visual,2.9,100
112108,25,Male,Engineering,5.1,2.6,2.3,Yes,80.7,4.5,Poor,3,High School,Low,6.8,Yes,3.4,8,4.0,No,1,10.6,Co-Learning Group,Yes,Low,3,8,7,Visual,7.9,95
108238,24,Female,Psychology,3.6,0.7,3.5,No,83.0,5.6,Good,2,High School,Medium,8.1,No,3.82,2,1.1,No,5,8.1,Library,Yes,Low,5,9,6,Auditory,1.8,100
146295,16,Female,Computer Science,3.34570963485821,0.9,2.6,No,43.3,5.8,Good,5,Master,High,5.4,No,4.0,3,6.6,No,0,7.0,Quiet Room,Yes,High,6,10,5,Auditory,1.6,100
129552,17,Female,Business,0.0,4.6,0.5,No,60.8,7.5,Good,0,PhD,High,9.2,No,2.88,1,4.4,No,1,5.4,Cafe,Yes,Medium,9,10,5,Auditory,1.4,74
131130,23,Other,Biology,3.3,2.8,0.1,Yes,86.1,8.5,Fair,6,Master,High,6.6,Yes,4.0,7,3.8,No,0,7.2,Co-Learning Group,No,Low,7,9,6,Kinesthetic,4.8,100
178771,16,Male,Psychology,3.0,4.9,0.4,Yes,73.4,9.6,Good,4,Some College,High,5.0,No,3.76,1,7.1,No,2,9.4,Quiet Room,No,High,2,5,10,Reading,8.2,92
164597,26,Male,Computer Science,2.686316248472532,3.1,1.4,Yes,86.5,5.2,Good,6,Bachelor,Low,9.3,Yes,4.0,5,7.1,No,4,7.2,Quiet Room,No,Medium,2,1,10,Auditory,9.1,98
125486,21,Female,Arts,5.2,4.2,3.9,Yes,97.9,7.8,Good,1,Bachelor,Low,7.4,Yes,3.94,7,6.1,No,1,14.2,Cafe,Yes,Low,4,10,5,Visual,8.5,92
118589,27,Male,Psychology,5.3,4.6,3.1,No,92.1,6.1,Poor,2,Bachelor,High,6.9,Yes,4.0,6,3.0,No,3,14.3,Cafe,No,Medium,6,9,6,Reading,4.9,100
176616,22,Other,Arts,3.8,2.7,1.3,No,93.5,6.8,Good,3,PhD,Low,5.7,Yes,3.44,8,8.1,No,4,8.3,Co-Learning Group,No,High,7,10,5,Reading,3.9,96
138462,27,Other,Arts,3.8,1.0,0.9,No,52.4,8.6,Fair,7,High School,Low,5.6,No,4.0,1,1.0,No,0,7.0,Cafe,Yes,High,4,2,10,Reading,4.6,100
100838,22,Female,Psychology,3.2,0.7,1.3,Yes,50.0,8.3,Good,1,PhD,Low,4.2,Yes,4.0,2,7.7,No,0,5.9,Library,No,Low,1,4,10,Visual,4.5,100
151871,18,Female,Arts,7.2,0.4,0.1,No,99.5,7.5,Fair,3,Some College,High,5.7,No,3.82,3,7.3,No,3,7.8,Quiet Room,No,High,6,3,10,Auditory,7.7,100
128887,18,Other,Computer Science,7.580224521558567,4.2,0.3,No,95.4,5.9,Poor,5,PhD,High,4.8,Yes,3.67,1,5.9,No,3,13.5,Dorm,Yes,High,5,2,10,Reading,7.2,90
110452,19,Male,Computer Science,7.024619390610011,1.1,3.6,Yes,76.0,7.6,Good,2,Some College,Medium,8.1,Yes,3.23,8,4.2,No,3,13.1,Cafe,No,Medium,2,2,10,Visual,7.8,74
178115,28,Female,Psychology,9.1,0.1,3.3,No,85.1,7.6,Fair,6,Bachelor,Medium,10.0,No,4.0,3,1.0,No,0,14.2,Co-Learning Group,Yes,Medium,8,10,5,Kinesthetic,9.5,94
135023,16,Other,Psychology,2.1,1.2,3.9,No,80.7,7.3,Good,0,PhD,High,7.6,Yes,3.84,5,3.9,No,0,9.2,Dorm,No,Medium,8,2,10,Kinesthetic,6.4,98
154511,21,Female,Computer Science,4.745655169273988,2.1,3.2,Yes,89.4,6.4,Poor,7,Some College,High,4.9,No,3.59,8,4.7,No,4,11.6,Cafe,Yes,High,1,9,6,Auditory,9.7,93
130220,17,Male,Computer Science,5.349546508988517,3.6,3.4,Yes,82.4,8.0,Good,0,Bachelor,Medium,4.0,Yes,4.0,1,5.3,No,5,13.0,Library,Yes,High,5,9,6,Auditory,1.3,100
146949,24,Male,Engineering,4.6,1.5,3.0,Yes,58.9,7.0,Poor,7,Master,Low,5.8,Yes,3.99,5,1.9,No,2,10.6,Dorm,Yes,High,6,6,9,Kinesthetic,8.2,100
177147,20,Other,Engineering,0.5,4.6,1.8,Yes,98.1,8.5,Poor,1,Some College,Medium,2.5,Yes,3.95,5,2.9,No,1,8.9,Dorm,Yes,Medium,3,10,5,Kinesthetic,5.2,100
118909,26,Male,Arts,0.3,3.1,1.3,No,72.1,5.3,Fair,5,High School,Medium,3.5,No,3.7,1,10.0,No,0,6.5,Cafe,No,High,10,7,8,Kinesthetic,2.0,90
139870,22,Female,Engineering,3.6,2.3,2.7,Yes,75.8,6.1,Good,7,High School,Low,4.8,Yes,4.0,7,2.8,No,0,9.8,Co-Learning Group,No,Low,9,6,9,Reading,3.2,100
105251,17,Other,Computer Science,8.670197479943141,4.0,2.4,Yes,86.6,6.6,Fair,7,Bachelor,High,8.8,No,4.0,4,5.3,No,4,16.4,Quiet Room,Yes,Low,1,6,9,Kinesthetic,7.8,100
124137,17,Other,Engineering,2.4,3.9,0.3,No,64.8,6.3,Good,1,PhD,Low,2.7,No,2.97,8,4.2,No,5,7.7,Library,Yes,Low,5,6,9,Kinesthetic,3.9,82
158489,24,Other,Biology,0.7,3.6,1.9,No,61.4,5.7,Fair,0,Some College,Medium,7.2,No,3.01,1,5.8,No,5,6.5,Co-Learning Group,Yes,High,1,4,10,Visual,4.4,70
137678,27,Male,Business,3.9,2.1,2.8,No,86.1,4.6,Fair,4,Some College,Low,6.0,No,2.77,7,2.0,No,1,9.1,Library,Yes,Low,9,1,10,Auditory,1.9,78
155762,22,Other,Engineering,3.4,1.2,0.7,Yes,95.9,7.1,Good,1,Some College,Medium,5.0,Yes,3.39,2,7.5,No,0,7.2,Cafe,Yes,High,5,3,10,Auditory,5.0,75
143852,20,Other,Computer Science,1.0918336452289232,2.3,0.6,No,97.3,4.7,Good,1,PhD,Low,6.2,No,4.0,3,6.1,No,1,5.3,Co-Learning Group,Yes,High,1,8,7,Visual,4.9,100
144639,28,Female,Business,8.0,0.2,1.3,No,75.2,9.3,Good,3,High School,Low,7.3,Yes,4.0,1,6.5,No,4,11.5,Quiet Room,No,Medium,1,3,10,Kinesthetic,4.2,100
174148,27,Other,Business,4.1,2.3,3.6,No,92.1,6.1,Poor,5,Some College,Low,9.3,Yes,3.79,6,3.0,No,4,10.1,Dorm,Yes,High,5,7,8,Reading,4.3,96
170247,21,Female,Business,1.7,4.9,0.5,Yes,62.3,6.0,Good,5,Some College,High,3.4,No,3.62,3,4.7,No,1,7.5,Quiet Room,No,Medium,6,5,10,Visual,8.0,89
153061,22,Female,Biology,3.6,4.1,1.1,Yes,71.8,6.8,Poor,2,Bachelor,Low,4.6,Yes,3.47,6,8.0,No,2,9.6,Library,Yes,High,7,6,9,Visual,2.1,88
175156,27,Other,Arts,3.6,4.3,3.9,Yes,63.7,7.5,Good,5,High School,Medium,3.1,No,4.0,8,2.2,No,1,12.2,Cafe,Yes,Medium,9,2,10,Auditory,9.1,98
156841,20,Male,Engineering,4.3,1.6,0.4,No,48.6,5.7,Fair,6,Master,High,7.1,No,3.69,5,1.0,No,5,7.7,Library,Yes,Low,9,4,10,Kinesthetic,8.2,100
126171,25,Female,Computer Science,0.4338601617753925,3.1,0.1,Yes,67.0,5.5,Good,7,Some College,High,8.7,Yes,4.0,6,7.4,No,4,5.0,Quiet Room,No,High,5,5,10,Reading,4.7,100
176282,22,Female,Business,5.9,1.2,0.5,No,46.4,7.6,Good,3,PhD,High,8.1,No,3.78,4,6.8,No,2,9.2,Quiet Room,No,Low,10,4,10,Kinesthetic,1.3,95
168258,20,Male,Computer Science,3.670238768442277,0.6,3.8,No,86.1,8.0,Fair,3,Some College,Medium,7.2,No,4.0,6,3.8,No,1,9.1,Co-Learning Group,No,Low,1,2,10,Reading,7.8,98
110082,18,Other,Computer Science,7.071948288827492,3.8,2.4,Yes,75.9,6.7,Good,3,Some College,High,8.0,No,2.77,3,9.9,No,0,14.4,Library,No,Medium,9,4,10,Auditory,2.2,69
156224,23,Male,Arts,7.4,2.0,2.9,Yes,87.3,7.0,Fair,3,Bachelor,High,6.3,Yes,4.0,5,5.7,No,4,13.8,Library,No,Medium,1,8,7,Kinesthetic,7.5,100
104122,25,Male,Biology,3.5,2.9,0.6,Yes,49.9,5.7,Fair,4,Bachelor,Medium,7.1,No,2.98,5,5.3,No,2,7.3,Cafe,Yes,High,8,7,8,Auditory,3.4,68
157113,21,Other,Business,2.1,3.6,3.6,No,90.6,5.4,Good,2,Some College,Low,6.1,No,3.91,2,3.5,No,0,10.5,Co-Learning Group,No,High,7,3,10,Kinesthetic,9.6,100
122647,20,Male,Psychology,4.3,0.4,3.3,Yes,48.4,7.7,Good,3,Some College,Low,3.9,Yes,3.62,7,2.0,No,2,9.2,Co-Learning Group,No,High,7,10,5,Kinesthetic,6.9,90
164130,20,Female,Arts,4.1,2.5,0.8,No,85.5,9.2,Fair,1,Bachelor,Medium,4.5,No,4.0,4,4.7,No,3,7.7,Quiet Room,Yes,Low,9,2,10,Reading,1.2,100
142620,26,Other,Computer Science,2.7689845066333265,3.8,3.9,No,95.3,8.6,Good,2,High School,High,6.6,No,3.93,3,3.4,No,2,11.4,Quiet Room,No,High,8,8,7,Auditory,1.5,96
110199,26,Other,Computer Science,5.086284959785028,1.1,3.7,Yes,97.9,7.5,Good,7,PhD,Medium,3.6,Yes,3.6,5,8.3,No,0,10.1,Library,Yes,Medium,4,7,8,Auditory,2.4,97
165817,16,Other,Biology,0.4,0.1,2.0,Yes,90.1,10.5,Good,0,Master,High,4.2,No,4.0,2,5.8,No,2,3.6,Dorm,Yes,High,8,10,5,Visual,2.6,100
140018,16,Other,Biology,5.1,3.8,4.0,Yes,81.7,5.7,Good,6,Bachelor,High,4.9,Yes,4.0,8,6.2,No,4,13.1,Cafe,No,High,5,9,6,Kinesthetic,1.0,99
145516,28,Male,Business,7.0,3.1,3.7,No,84.2,8.0,Good,0,Bachelor,Low,8.6,Yes,4.0,4,3.2,No,3,14.6,Library,Yes,Low,1,9,6,Kinesthetic,5.4,100
171154,28,Male,Biology,7.0,1.1,3.7,No,54.7,8.7,Fair,4,Bachelor,High,6.0,No,3.87,1,6.8,No,4,13.1,Library,Yes,High,1,3,10,Kinesthetic,6.8,92
122808,20,Other,Computer Science,4.5538119793965,2.0,1.3,No,42.0,6.5,Good,4,Bachelor,Low,6.6,No,2.6,3,7.2,No,3,8.5,Library,No,Medium,10,1,10,Visual,7.3,68
168651,25,Female,Arts,1.1,2.3,3.4,Yes,82.6,6.9,Fair,7,Some College,Medium,4.5,Yes,3.87,5,7.3,No,3,7.7,Co-Learning Group,Yes,Low,4,8,7,Kinesthetic,8.6,92
107001,21,Other,Business,4.4,2.4,3.7,No,47.6,7.1,Good,3,Master,Low,7.0,No,3.38,5,6.2,No,2,10.5,Library,Yes,Low,6,1,10,Auditory,8.6,83
101069,19,Female,Arts,5.7,3.0,3.6,Yes,67.8,10.7,Good,0,Some College,Low,5.3,No,4.0,7,4.6,No,3,13.4,Dorm,No,Medium,10,9,6,Reading,2.0,100
114544,22,Other,Arts,4.8,4.0,3.1,Yes,65.6,7.6,Fair,1,Master,Medium,4.4,No,4.0,6,5.8,No,3,13.4,Quiet Room,No,Low,8,2,10,Auditory,8.5,100
131864,18,Male,Computer Science,0.9788079134693322,3.1,1.4,Yes,80.5,9.0,Good,5,Bachelor,Medium,9.0,No,3.36,8,6.9,No,1,7.2,Dorm,Yes,Medium,9,6,9,Reading,4.0,79
159949,26,Female,Arts,1.9,3.1,2.0,No,95.8,7.8,Good,6,Master,High,7.8,Yes,3.78,3,4.4,No,1,7.6,Quiet Room,Yes,Low,10,7,8,Reading,3.2,88
142725,23,Male,Computer Science,4.481804063456794,1.8,1.9,No,75.9,6.8,Fair,2,PhD,Medium,5.0,Yes,4.0,4,5.6,No,3,8.5,Cafe,No,High,8,10,5,Kinesthetic,6.2,100
111426,18,Other,Business,3.4,3.5,1.7,Yes,69.7,8.8,Poor,2,High School,High,7.8,No,3.59,5,4.7,No,2,10.2,Quiet Room,No,Medium,8,4,10,Kinesthetic,9.8,88
144384,25,Other,Biology,4.7,0.4,2.3,No,53.7,7.5,Good,5,PhD,Low,7.6,No,4.0,8,4.8,No,4,9.3,Dorm,Yes,Medium,7,10,5,Auditory,1.4,100
135261,27,Other,Arts,5.5,0.5,0.3,No,55.9,6.6,Good,3,Master,Medium,4.6,No,4.0,6,3.3,No,3,6.6,Co-Learning Group,Yes,Medium,3,7,8,Auditory,3.8,100
110507,22,Female,Engineering,5.7,2.4,1.6,Yes,99.5,7.5,Good,2,High School,Low,6.7,Yes,3.22,8,5.5,No,0,11.5,Quiet Room,No,High,5,6,9,Kinesthetic,9.4,85
152146,24,Other,Arts,2.7,2.1,1.4,No,41.7,7.8,Good,2,High School,High,8.0,Yes,3.88,7,8.2,No,2,7.6,Library,Yes,Low,8,7,8,Kinesthetic,6.0,90
154927,23,Other,Business,4.4,1.1,0.1,Yes,88.2,6.1,Good,0,Master,Low,9.2,Yes,4.0,8,5.4,No,1,6.3,Quiet Room,No,Low,8,2,10,Reading,2.3,95
123224,17,Female,Psychology,6.7,0.8,0.6,Yes,66.8,8.5,Good,5,High School,High,4.7,Yes,3.04,8,6.7,No,0,9.5,Co-Learning Group,No,Low,3,4,10,Visual,4.4,78
164517,28,Other,Business,6.7,2.7,3.1,No,52.4,7.4,Good,5,Bachelor,High,7.1,Yes,3.77,4,4.3,No,2,13.5,Cafe,Yes,High,6,7,8,Kinesthetic,10.0,98
123717,27,Female,Biology,3.4,2.2,0.2,Yes,49.8,5.3,Fair,5,Master,Medium,9.2,Yes,3.37,6,5.4,No,4,7.6,Co-Learning Group,No,High,4,6,9,Auditory,2.4,82
153157,20,Male,Engineering,2.9,2.4,1.3,No,50.7,6.3,Fair,2,PhD,Low,7.2,Yes,4.0,7,5.1,No,1,6.7,Library,Yes,Medium,8,10,5,Reading,2.9,100
178065,23,Other,Arts,7.3,2.6,3.4,No,51.5,6.3,Fair,6,Master,High,8.8,No,3.01,3,4.7,No,0,14.2,Dorm,No,High,5,6,9,Auditory,7.8,70
139230,24,Male,Computer Science,4.725982735592475,0.8,0.3,No,60.2,5.9,Fair,7,Master,Low,4.6,Yes,3.59,1,5.8,No,1,6.9,Quiet Room,Yes,Medium,5,10,5,Visual,10.0,77
148265,23,Male,Engineering,4.0,2.2,2.2,No,65.7,4.0,Good,6,High School,Medium,8.0,No,3.21,8,3.4,No,2,9.4,Cafe,No,Low,2,6,9,Auditory,5.2,74
142655,17,Male,Computer Science,6.5510869145255946,3.4,2.4,Yes,84.9,6.3,Good,2,High School,Low,7.6,No,4.0,6,2.7,No,3,13.6,Quiet Room,No,Medium,6,9,6,Auditory,3.5,92
102085,18,Male,Engineering,4.3,3.4,3.4,Yes,75.7,4.9,Good,3,PhD,Low,6.9,No,4.0,5,2.3,No,1,11.6,Library,No,High,9,8,7,Auditory,9.4,99
164781,16,Other,Arts,3.5,3.0,0.6,No,69.6,6.9,Good,6,High School,Medium,8.2,Yes,3.81,6,3.7,No,2,7.1,Cafe,No,Medium,9,4,10,Visual,8.9,91
139052,17,Female,Arts,6.5,0.4,1.5,Yes,43.3,6.1,Poor,5,Some College,Medium,3.7,No,4.0,3,5.1,No,0,9.5,Cafe,Yes,High,4,5,10,Auditory,1.9,95
112501,27,Other,Business,4.2,1.3,1.2,Yes,74.2,5.2,Fair,3,PhD,Medium,6.9,Yes,3.32,3,5.0,No,2,8.1,Dorm,Yes,Medium,4,5,10,Reading,4.3,86
105526,26,Male,Arts,3.4,2.6,1.3,No,96.2,6.5,Good,7,Some College,High,6.7,No,3.49,8,3.8,No,4,8.0,Cafe,No,Low,8,3,10,Reading,3.9,95
149740,20,Other,Arts,6.4,3.0,3.4,Yes,76.8,7.5,Good,4,Master,Low,4.8,No,4.0,6,5.6,No,3,14.5,Dorm,No,Medium,10,6,9,Visual,1.9,99
120590,28,Male,Business,3.4,1.9,3.0,Yes,75.8,6.1,Good,5,High School,High,6.8,No,2.7,3,7.0,No,3,10.3,Co-Learning Group,No,Low,5,4,10,Kinesthetic,4.9,72
152079,19,Male,Psychology,2.3,0.6,2.4,Yes,48.8,8.1,Good,5,Bachelor,Low,8.9,Yes,4.0,1,2.9,No,0,6.1,Co-Learning Group,No,High,7,5,10,Auditory,9.8,100
174049,21,Female,Engineering,1.8,2.2,2.0,Yes,63.2,6.8,Fair,1,High School,Medium,10.0,No,4.0,8,5.7,No,3,6.0,Quiet Room,No,Medium,2,1,10,Reading,5.5,100
121618,28,Male,Computer Science,1.1607222685725234,1.6,2.5,Yes,93.8,6.8,Good,2,PhD,Low,9.0,No,2.92,5,5.1,No,3,6.3,Quiet Room,Yes,High,10,8,7,Auditory,7.6,87
156918,27,Female,Business,0.4,1.9,2.4,Yes,78.7,8.4,Good,5,PhD,High,4.9,Yes,2.84,8,1.7,No,3,5.2,Cafe,No,High,5,4,10,Kinesthetic,7.9,69
115306,19,Female,Business,0.0,1.1,3.3,No,88.1,5.0,Good,7,Bachelor,Low,9.4,No,3.61,6,8.0,No,4,4.7,Cafe,No,Medium,9,4,10,Auditory,1.5,87
107711,27,Female,Business,6.3,2.2,3.5,No,40.3,5.0,Good,1,PhD,Low,9.6,No,4.0,8,1.4,No,5,13.8,Library,Yes,High,10,6,9,Auditory,2.9,97
129183,26,Female,Computer Science,7.700041380434325,2.9,3.6,Yes,98.2,7.9,Fair,6,Bachelor,High,10.0,Yes,4.0,6,5.1,No,1,15.9,Co-Learning Group,No,Low,10,5,10,Kinesthetic,7.1,99
162431,26,Male,Psychology,3.4,1.8,2.2,No,68.4,6.7,Poor,5,Some College,Low,7.0,Yes,4.0,4,5.8,No,2,8.3,Co-Learning Group,No,High,10,4,10,Auditory,7.9,100
125437,25,Other,Computer Science,4.1254461408909,0.6,1.4,Yes,71.9,7.6,Fair,3,PhD,Medium,7.5,No,4.0,3,6.3,No,1,7.5,Quiet Room,No,Low,6,8,7,Auditory,6.8,99
165200,16,Female,Psychology,5.7,1.1,1.8,Yes,99.5,7.6,Poor,6,Master,Low,9.0,Yes,4.0,5,3.8,No,4,9.8,Dorm,Yes,Medium,3,10,5,Auditory,7.7,100
137013,28,Other,Engineering,4.5,2.5,3.0,No,79.4,6.5,Fair,7,High School,High,3.5,No,4.0,5,2.7,No,0,11.7,Cafe,Yes,Medium,1,4,10,Visual,1.3,100
178356,24,Male,Arts,5.3,0.3,1.8,No,41.7,7.8,Poor,7,PhD,Low,3.7,Yes,4.0,8,3.3,No,1,7.8,Quiet Room,No,Medium,9,9,6,Visual,1.1,96
113374,16,Other,Engineering,5.5,3.7,3.7,No,99.3,8.4,Good,4,Bachelor,Medium,3.5,No,3.36,6,2.4,No,5,13.9,Quiet Room,Yes,High,2,1,10,Auditory,4.7,91
127130,23,Female,Engineering,2.2,1.5,1.9,Yes,51.5,8.6,Good,4,Some College,High,5.5,No,3.75,5,4.3,No,3,6.3,Cafe,No,High,9,5,10,Visual,9.4,100
129959,20,Male,Psychology,1.6,2.3,3.3,No,59.9,6.9,Good,3,Some College,High,8.4,Yes,3.96,6,5.1,No,5,7.7,Co-Learning Group,Yes,Medium,10,10,5,Auditory,5.0,93
137879,19,Other,Engineering,4.5,4.3,1.1,Yes,57.6,7.9,Good,3,Bachelor,Low,6.2,Yes,4.0,2,7.9,No,5,11.6,Co-Learning Group,No,High,5,3,10,Auditory,9.9,100
171782,19,Male,Biology,1.6,1.9,2.4,No,65.5,6.9,Good,4,PhD,Medium,3.5,Yes,4.0,7,7.1,No,1,7.3,Quiet Room,No,Medium,1,9,6,Visual,7.1,99
137836,17,Male,Business,7.2,2.8,2.9,No,99.6,7.7,Good,4,High School,Medium,6.6,No,4.0,3,2.9,No,4,12.9,Cafe,No,Medium,5,2,10,Reading,2.1,100
106703,16,Male,Arts,5.9,2.1,3.2,Yes,84.2,6.9,Poor,2,Bachelor,Low,6.9,No,3.68,4,2.1,No,2,11.4,Quiet Room,Yes,High,9,7,8,Auditory,1.1,85
160136,24,Other,Biology,6.1,0.5,3.6,Yes,53.7,8.2,Good,3,Some College,Medium,6.5,No,4.0,2,5.3,No,0,12.0,Cafe,No,Medium,8,8,7,Reading,5.4,100
141547,28,Female,Psychology,1.9,0.1,3.0,No,65.5,7.6,Poor,4,Some College,Low,7.8,Yes,3.38,8,1.0,No,0,6.5,Co-Learning Group,Yes,Low,6,2,10,Auditory,9.5,88
170030,18,Other,Biology,4.7,2.1,2.0,Yes,62.0,6.5,Good,2,PhD,Medium,8.0,No,4.0,7,3.3,No,3,10.1,Library,Yes,High,9,6,9,Auditory,4.7,99
111754,23,Other,Computer Science,6.889027755273254,2.8,0.6,No,88.6,5.9,Fair,1,Bachelor,High,7.9,Yes,4.0,8,9.2,No,5,11.2,Library,No,High,8,6,9,Kinesthetic,1.1,99
124408,24,Male,Psychology,4.5,3.6,3.0,Yes,92.6,4.0,Fair,4,Bachelor,Low,5.3,Yes,2.96,1,5.0,No,5,11.3,Co-Learning Group,Yes,High,8,3,10,Kinesthetic,9.2,69
107385,19,Female,Computer Science,5.426322438229722,2.2,2.0,No,96.6,6.7,Poor,5,PhD,High,7.0,Yes,3.11,8,2.3,No,2,10.6,Dorm,Yes,Low,1,3,10,Visual,6.5,82
104895,22,Male,Engineering,4.4,3.2,2.4,Yes,68.5,5.7,Good,0,Bachelor,Medium,10.0,No,3.21,5,3.7,No,2,10.6,Quiet Room,Yes,Medium,3,6,9,Kinesthetic,7.6,85
121524,18,Male,Psychology,2.0,4.6,2.9,No,74.3,7.7,Fair,5,Master,Low,8.0,Yes,2.53,7,5.7,No,0,11.5,Library,No,High,2,2,10,Kinesthetic,9.5,66
119168,26,Female,Biology,4.8,2.1,1.1,No,80.8,6.2,Good,2,Bachelor,Medium,4.8,Yes,2.36,4,8.8,Yes,2,8.6,Cafe,No,High,8,1,10,Kinesthetic,3.5,57
177260,21,Female,Computer Science,1.7287942847776812,1.7,1.3,Yes,87.5,7.5,Fair,0,PhD,Medium,6.2,No,4.0,2,5.9,No,5,5.9,Quiet Room,No,Medium,2,9,6,Visual,3.8,100
121245,25,Other,Arts,3.4,0.4,1.6,Yes,93.5,6.8,Fair,2,PhD,High,7.6,Yes,3.85,1,5.1,No,4,7.1,Quiet Room,Yes,High,4,8,7,Reading,7.7,94
163810,22,Other,Engineering,1.2,1.4,3.2,Yes,62.1,4.3,Poor,4,PhD,Medium,6.5,No,3.78,4,5.2,No,4,6.0,Library,Yes,Medium,4,2,10,Kinesthetic,8.4,88
146858,24,Female,Psychology,4.2,0.5,2.0,No,93.4,5.6,Poor,7,Master,Low,7.0,Yes,3.12,2,7.9,No,3,8.6,Library,Yes,High,1,2,10,Auditory,3.3,74
109843,27,Female,Engineering,4.2,4.4,2.0,Yes,42.1,5.9,Good,2,Master,Low,7.699999999999999,Yes,3.2,3,7.1,No,3,12.3,Co-Learning Group,No,Low,8,8,7,Reading,8.8,83
145212,25,Other,Business,6.3,3.8,2.7,Yes,98.0,5.6,Fair,2,Some College,High,8.7,No,3.51,4,4.0,No,1,14.0,Co-Learning Group,Yes,Low,5,4,10,Reading,9.5,83
166446,20,Male,Psychology,3.1,1.4,1.3,Yes,52.6,6.3,Good,4,PhD,Medium,7.6,No,3.39,7,6.2,No,0,7.5,Co-Learning Group,Yes,Medium,9,4,10,Auditory,9.8,88
136586,25,Male,Arts,0.9,2.2,3.5,No,88.0,8.1,Good,0,PhD,High,9.0,Yes,3.57,5,4.1,No,4,7.0,Co-Learning Group,Yes,High,6,8,7,Reading,9.1,91
121807,26,Female,Computer Science,3.216547731832644,4.3,2.4,No,79.6,8.1,Good,2,High School,Medium,10.0,Yes,3.51,6,3.2,No,0,11.2,Quiet Room,No,Medium,8,4,10,Visual,4.4,92
122746,17,Male,Biology,3.7,3.9,3.7,No,96.4,4.8,Good,1,PhD,Medium,7.1,Yes,4.0,6,6.4,No,5,12.9,Cafe,No,Low,7,6,9,Auditory,8.9,100
152990,21,Other,Computer Science,7.18481955379304,1.5,3.0,Yes,69.3,7.9,Good,7,Master,Low,4.7,Yes,4.0,2,2.8,No,4,13.6,Quiet Room,Yes,Low,8,8,7,Kinesthetic,3.1,98
104211,26,Other,Arts,5.1,1.9,1.7,Yes,63.2,5.8,Fair,1,Bachelor,High,5.1,No,2.62,8,7.1,No,5,9.4,Library,Yes,Medium,9,1,10,Reading,2.3,61
179527,25,Female,Business,6.8,0.2,3.5,Yes,73.6,5.9,Good,7,High School,Medium,8.2,Yes,3.96,7,4.1,No,0,12.4,Co-Learning Group,Yes,Low,7,9,6,Kinesthetic,4.9,94
179442,19,Female,Arts,3.6,0.5,0.1,No,94.3,5.0,Good,7,PhD,Medium,5.7,No,3.64,4,5.6,No,0,4.5,Co-Learning Group,Yes,Medium,3,1,10,Reading,2.3,87
124392,23,Other,Psychology,5.0,3.3,3.3,No,97.4,5.4,Good,2,Some College,Low,7.5,No,3.69,4,2.9,No,1,11.7,Dorm,Yes,High,10,8,7,Reading,4.9,90
121933,27,Other,Computer Science,2.747362396093242,4.9,3.2,Yes,60.3,8.6,Poor,0,Bachelor,Medium,7.4,No,3.06,3,4.6,No,5,11.7,Quiet Room,Yes,Medium,2,6,9,Reading,9.1,68
140815,28,Female,Psychology,2.5,3.8,0.5,Yes,65.6,8.0,Fair,3,Master,High,10.0,Yes,3.74,5,6.4,No,1,7.8,Co-Learning Group,Yes,High,5,6,9,Auditory,6.0,86
124109,28,Male,Business,1.0,0.6,3.1,No,92.0,6.0,Poor,7,Bachelor,Low,8.5,No,2.72,1,5.0,No,0,5.0,Library,Yes,Medium,9,4,10,Kinesthetic,8.5,61
151732,20,Other,Computer Science,0.3893124860457115,3.5,0.5,No,85.9,6.8,Good,5,Some College,Low,6.9,No,2.6,8,1.7,No,0,4.4,Dorm,No,Low,10,6,9,Visual,4.7,57
116010,20,Female,Computer Science,2.275117506068212,3.8,2.9,Yes,81.9,9.8,Good,2,Some College,Medium,4.8,Yes,2.81,5,5.1,No,1,10.8,Co-Learning Group,Yes,High,5,4,10,Reading,4.9,73
117564,23,Other,Arts,4.9,3.5,2.0,No,97.1,5.4,Fair,0,PhD,Low,5.0,Yes,3.88,5,6.4,No,0,11.2,Dorm,Yes,Low,1,3,10,Kinesthetic,4.9,97
135068,18,Other,Psychology,5.1,1.2,3.8,No,43.9,8.7,Good,2,High School,High,9.6,No,4.0,4,5.8,No,3,12.0,Dorm,No,Medium,5,9,6,Kinesthetic,8.3,99
111310,20,Other,Engineering,4.2,2.7,2.4,Yes,52.6,4.8,Good,5,Master,High,8.1,Yes,4.0,1,3.4,No,4,9.6,Cafe,Yes,Medium,3,7,8,Auditory,2.7,100
114716,26,Male,Arts,4.2,3.4,1.6,Yes,51.4,8.8,Fair,0,Master,Low,6.7,Yes,3.04,2,2.6,No,5,10.6,Quiet Room,No,Medium,4,3,10,Kinesthetic,9.4,75
115631,23,Female,Psychology,4.5,4.7,3.8,No,63.3,10.3,Fair,0,Some College,High,2.7,Yes,4.0,4,1.0,No,0,14.5,Co-Learning Group,Yes,Low,5,2,10,Reading,7.2,100
100954,20,Female,Engineering,4.0,2.9,3.7,No,48.3,7.7,Fair,0,PhD,Low,1.4,Yes,2.35,7,7.9,No,3,11.3,Co-Learning Group,No,Medium,1,3,10,Kinesthetic,4.4,67
172918,23,Other,Psychology,2.0,4.6,3.9,No,98.9,7.4,Fair,7,Bachelor,Medium,3.2,Yes,4.0,7,8.7,Yes,2,11.5,Quiet Room,Yes,High,4,1,10,Visual,10.0,97
145051,24,Other,Computer Science,3.4798624090205266,2.3,2.9,No,48.7,6.2,Fair,6,PhD,Low,7.5,Yes,3.84,2,4.7,No,3,10.2,Cafe,No,Low,6,6,9,Visual,6.3,94
149004,27,Male,Computer Science,4.104592411976391,1.4,0.3,No,80.8,8.5,Fair,7,Master,Low,6.7,Yes,3.8,2,8.4,Yes,1,7.2,Library,No,Medium,4,2,10,Reading,1.8,100
150121,27,Male,Engineering,5.2,1.2,3.0,No,84.7,7.6,Good,1,Some College,Medium,6.1,Yes,3.67,2,3.9,No,4,9.5,Co-Learning Group,No,Medium,4,5,10,Reading,4.5,84
104073,18,Male,Arts,1.3,3.4,1.5,Yes,84.7,6.7,Fair,7,Master,High,10.0,Yes,4.0,1,6.8,No,2,8.0,Quiet Room,No,Low,10,6,9,Auditory,9.2,100
121845,22,Female,Arts,6.2,2.7,1.3,Yes,48.1,4.9,Fair,1,High School,Medium,4.5,No,3.98,6,6.6,No,1,10.9,Co-Learning Group,Yes,High,4,4,10,Kinesthetic,3.2,95
104133,17,Male,Arts,9.6,2.9,3.0,No,69.2,9.3,Poor,4,Bachelor,High,8.3,Yes,4.0,4,5.2,No,5,16.6,Dorm,No,High,10,5,10,Kinesthetic,6.4,98
167565,28,Other,Business,5.6,0.6,2.1,No,80.4,9.3,Fair,4,Bachelor,Low,8.7,Yes,4.0,4,4.3,No,3,8.7,Cafe,No,Low,1,6,9,Auditory,4.7,100
156532,27,Other,Computer Science,3.4727831746077618,3.9,0.5,No,42.7,8.7,Good,3,Master,Medium,6.4,No,4.0,2,5.3,No,0,8.4,Library,Yes,Low,4,3,10,Kinesthetic,8.8,96
152724,27,Male,Psychology,4.3,2.9,1.0,Yes,60.1,6.4,Good,3,PhD,Medium,6.4,Yes,4.0,8,6.8,No,3,9.0,Quiet Room,No,Medium,3,7,8,Auditory,4.5,100
127064,25,Male,Psychology,6.1,0.3,3.6,Yes,40.9,9.4,Good,5,High School,High,3.0,No,3.54,1,6.9,No,5,11.6,Co-Learning Group,No,High,7,6,9,Reading,9.8,91
118379,24,Female,Engineering,2.7,0.5,2.0,No,54.1,6.8,Fair,6,Master,Medium,7.3,No,4.0,3,2.7,No,2,6.9,Cafe,No,Medium,8,5,10,Kinesthetic,9.9,89
159439,18,Female,Computer Science,6.175477354531747,0.2,0.6,Yes,42.8,7.1,Good,2,PhD,High,6.4,No,3.58,6,5.5,No,2,7.3,Dorm,Yes,Medium,1,4,10,Reading,1.7,91
147839,26,Female,Business,8.1,1.8,0.4,No,45.6,5.0,Fair,6,Some College,High,10.0,Yes,4.0,8,3.3,No,5,12.1,Quiet Room,No,Low,4,8,7,Kinesthetic,2.0,100
117997,23,Male,Biology,5.5,0.9,3.3,No,53.9,6.9,Poor,4,PhD,Low,7.9,No,3.02,1,9.9,Yes,5,11.2,Library,Yes,High,5,3,10,Visual,9.0,74
154272,22,Female,Psychology,7.3,1.4,0.5,No,93.6,10.5,Good,7,Bachelor,Low,7.800000000000001,No,4.0,4,7.5,No,3,9.8,Library,Yes,Medium,10,3,10,Reading,7.7,100
167989,25,Other,Business,1.9,3.2,3.5,No,67.6,7.7,Fair,5,High School,High,6.7,Yes,4.0,5,4.6,No,0,10.0,Library,Yes,Medium,6,3,10,Auditory,2.1,93
166173,20,Female,Engineering,0.1,3.0,2.1,Yes,92.7,4.8,Good,1,Bachelor,Low,8.6,No,3.05,2,1.3,No,1,6.1,Library,No,Medium,7,3,10,Reading,5.5,78
149226,18,Female,Engineering,3.9,3.6,0.6,Yes,95.2,6.3,Good,6,Some College,Low,5.9,No,2.32,4,9.6,No,4,9.6,Cafe,No,Medium,9,4,10,Kinesthetic,4.3,47
125942,26,Female,Arts,6.1,2.4,3.4,Yes,45.1,7.0,Poor,7,High School,Low,4.9,No,4.0,4,3.8,No,5,12.9,Co-Learning Group,Yes,Medium,10,10,5,Kinesthetic,8.8,100
100944,22,Other,Psychology,3.9,3.1,1.6,Yes,74.3,5.6,Good,6,Some College,Low,7.9,No,2.69,1,4.6,No,5,10.5,Dorm,No,High,5,1,10,Kinesthetic,3.8,67
118588,20,Male,Arts,3.0,0.3,2.4,Yes,42.6,7.8,Good,1,Bachelor,Medium,6.6,Yes,3.83,6,3.2,No,5,6.1,Dorm,No,Low,1,9,6,Visual,2.8,95
115907,24,Male,Arts,1.6,1.6,2.5,Yes,87.4,10.4,Good,3,High School,Medium,8.3,Yes,2.49,1,4.7,No,2,7.4,Quiet Room,No,Medium,8,1,10,Auditory,2.2,64
162065,28,Female,Arts,1.9,0.9,1.5,Yes,87.8,5.5,Good,0,Bachelor,High,3.5,Yes,3.92,3,5.1,No,3,6.3,Quiet Room,Yes,High,4,4,10,Reading,9.9,100
104834,17,Other,Arts,2.9,4.8,1.3,No,78.5,8.2,Good,2,PhD,Low,6.7,Yes,3.11,1,4.7,No,1,9.2,Dorm,No,Low,2,5,10,Auditory,4.5,66
178391,20,Male,Psychology,3.5,0.1,2.7,No,71.1,9.5,Good,5,Bachelor,Low,8.2,No,3.64,5,1.5,No,5,7.0,Co-Learning Group,No,High,9,10,5,Kinesthetic,9.3,93
133985,22,Female,Psychology,4.0,4.2,0.2,Yes,46.7,8.4,Good,0,Bachelor,Low,4.7,Yes,3.61,4,6.9,No,0,10.4,Cafe,No,Low,8,4,10,Reading,5.6,88
146890,26,Other,Psychology,0.9,0.1,1.0,No,99.3,6.4,Fair,5,Master,Low,7.5,Yes,2.51,5,6.4,No,5,3.8,Co-Learning Group,No,High,8,2,10,Visual,3.4,63
115040,27,Other,Psychology,5.8,1.0,0.2,Yes,92.4,7.8,Good,0,Master,Medium,10.0,No,3.85,3,4.9,No,5,8.0,Dorm,Yes,High,6,9,6,Kinesthetic,5.6,98
164981,19,Other,Biology,5.1,2.7,3.9,No,93.2,5.3,Fair,0,Some College,High,8.7,No,3.2,4,2.8,No,1,12.5,Library,No,High,8,6,9,Kinesthetic,9.3,80
171443,22,Male,Business,5.0,5.0,3.3,Yes,99.6,9.1,Fair,5,Bachelor,Low,9.7,No,4.0,8,5.7,No,0,13.6,Dorm,Yes,Medium,4,8,7,Reading,3.4,100
163399,27,Male,Arts,8.0,2.3,1.7,Yes,67.6,6.7,Good,5,Some College,Low,9.2,Yes,3.72,1,4.8,No,4,13.4,Quiet Room,No,High,8,6,9,Reading,2.1,90
168804,24,Other,Computer Science,5.350539414131884,1.7,2.2,Yes,71.4,5.3,Fair,7,Bachelor,Low,8.1,No,3.34,8,1.1,No,2,9.9,Cafe,No,High,4,5,10,Reading,6.3,80
170103,28,Female,Engineering,3.4,4.7,3.4,Yes,50.3,6.9,Good,1,Some College,Medium,8.1,Yes,3.0,2,5.8,No,3,12.8,Library,Yes,Low,9,2,10,Auditory,4.9,76
178745,17,Female,Biology,1.7,1.5,0.4,No,86.2,7.2,Poor,2,Bachelor,Medium,4.9,No,2.89,1,5.8,No,5,5.2,Library,No,Low,4,3,10,Reading,3.2,71
164791,17,Other,Psychology,8.1,0.8,1.4,No,64.6,8.1,Good,6,Master,Medium,6.5,No,3.04,6,4.6,No,1,10.5,Dorm,No,High,1,3,10,Kinesthetic,7.9,75
155513,21,Male,Computer Science,3.162468460467368,4.5,1.8,Yes,80.0,7.5,Good,3,Master,High,6.5,No,4.0,1,2.5,No,2,9.5,Dorm,Yes,High,8,8,7,Kinesthetic,6.3,100
135985,22,Male,Psychology,8.2,2.1,0.4,No,49.1,4.8,Good,4,Bachelor,Medium,3.7,Yes,4.0,3,3.2,No,1,11.5,Dorm,Yes,Medium,1,2,10,Kinesthetic,7.1,100
148627,27,Female,Engineering,1.8,1.9,2.3,Yes,48.5,4.9,Fair,4,Some College,High,6.3,No,3.52,1,6.3,No,2,7.3,Cafe,No,High,6,9,6,Reading,8.0,76
134415,16,Other,Computer Science,5.6183015179797176,1.1,1.8,Yes,65.3,7.7,Good,0,Some College,Medium,10.0,Yes,4.0,7,3.2,No,1,9.3,Dorm,Yes,High,4,10,5,Kinesthetic,8.0,98
152321,20,Female,Biology,4.0,1.9,0.2,Yes,61.3,6.0,Fair,0,Bachelor,Low,7.9,No,3.36,2,4.4,No,5,7.7,Library,No,High,8,9,6,Reading,2.4,84
176747,19,Female,Computer Science,9.490927821412004,2.0,0.7,No,70.9,7.6,Fair,4,PhD,High,7.1,No,4.0,6,3.8,No,1,12.2,Library,Yes,High,2,10,5,Visual,3.9,100
168678,25,Other,Psychology,5.1,4.4,3.4,Yes,68.3,8.4,Good,2,High School,High,4.1,No,3.51,4,4.2,No,3,13.9,Library,No,High,4,3,10,Kinesthetic,1.6,83
164807,20,Female,Engineering,4.8,3.3,4.0,No,63.4,6.7,Good,0,High School,Medium,4.7,Yes,4.0,8,7.4,No,3,13.7,Library,Yes,High,5,5,10,Reading,2.0,100
125654,23,Female,Computer Science,4.966723793551084,2.5,1.1,No,74.7,6.0,Good,7,Some College,Low,7.5,No,4.0,1,2.0,No,0,10.0,Co-Learning Group,Yes,Low,5,10,5,Reading,2.1,100
148137,27,Female,Psychology,5.8,1.2,0.1,Yes,90.5,4.6,Good,7,Master,High,3.9,No,3.77,5,6.2,No,4,8.3,Dorm,No,Low,3,6,9,Reading,2.9,94
104847,16,Male,Computer Science,4.352396219046423,3.3,1.8,No,72.4,6.2,Good,5,Master,Low,6.3,Yes,3.03,7,3.5,No,2,9.7,Dorm,No,High,7,2,10,Reading,4.4,69
167074,22,Male,Biology,5.3,0.1,0.1,Yes,66.9,6.0,Fair,1,PhD,High,3.1,Yes,2.91,6,6.0,No,0,5.9,Quiet Room,No,High,5,7,8,Kinesthetic,1.0,71
156694,27,Male,Computer Science,6.057253755781321,4.2,0.2,Yes,89.8,8.4,Good,6,Master,Low,6.2,Yes,3.29,8,1.0,No,3,11.4,Quiet Room,No,Low,5,3,10,Visual,7.4,84
164649,20,Female,Psychology,3.9,0.5,0.8,No,73.2,7.5,Poor,0,Some College,Low,6.7,No,3.6,4,3.3,No,3,6.0,Library,Yes,Low,2,2,10,Auditory,7.9,91
139946,20,Female,Arts,6.1,0.8,3.8,No,81.9,6.4,Good,4,High School,High,6.2,No,4.0,5,4.3,No,4,11.4,Library,Yes,Medium,1,8,7,Auditory,10.0,92
145573,25,Male,Business,5.6,2.5,2.8,Yes,86.9,5.8,Fair,6,Bachelor,Low,8.2,No,3.89,8,5.5,No,1,12.4,Co-Learning Group,No,High,2,9,6,Visual,5.4,100
147344,17,Male,Business,3.8,4.7,1.0,No,45.9,6.6,Good,5,High School,High,8.5,Yes,4.0,2,4.8,No,0,10.7,Co-Learning Group,Yes,High,5,10,5,Visual,8.2,99
168347,28,Female,Psychology,6.7,0.2,3.9,Yes,42.6,10.4,Good,7,Master,Medium,8.3,Yes,3.53,6,4.0,No,4,12.8,Cafe,No,Low,4,6,9,Visual,8.4,95
125629,25,Male,Psychology,4.7,4.2,1.9,Yes,59.4,7.8,Fair,3,Bachelor,High,4.7,No,4.0,4,1.0,No,5,12.2,Quiet Room,No,High,1,5,10,Auditory,7.9,100
136948,17,Other,Biology,3.5,2.0,2.8,Yes,61.5,9.0,Good,3,Master,High,3.2,Yes,2.78,1,4.4,No,5,9.1,Library,Yes,High,5,2,10,Visual,8.0,79
103332,19,Male,Psychology,3.8,1.8,1.2,No,89.2,6.4,Fair,2,PhD,Low,6.1,No,2.87,1,4.9,No,1,7.3,Cafe,No,Low,9,2,10,Auditory,5.4,71
150633,22,Female,Psychology,6.6,2.6,1.4,Yes,67.2,5.7,Good,1,Some College,Low,10.0,Yes,3.75,2,6.0,No,5,11.4,Quiet Room,No,High,8,7,8,Kinesthetic,6.7,100
138751,17,Male,Psychology,7.0,1.4,3.4,Yes,58.4,7.5,Fair,6,Master,Low,7.9,Yes,3.95,2,7.1,No,5,13.7,Cafe,Yes,High,5,5,10,Auditory,3.3,98
122534,17,Female,Engineering,2.7,1.5,2.6,Yes,77.9,7.1,Fair,6,Master,Low,3.7,Yes,3.18,3,1.0,No,0,7.2,Dorm,No,High,7,1,10,Auditory,2.4,78
135879,27,Female,Psychology,1.1,4.8,2.4,Yes,81.9,7.5,Fair,0,Master,Medium,9.0,No,3.0,5,5.0,No,4,10.1,Cafe,Yes,Low,2,7,8,Visual,1.8,70
127487,17,Other,Arts,6.1,1.5,1.9,Yes,54.1,6.7,Good,6,PhD,High,9.0,No,3.8,5,5.9,No,3,9.5,Quiet Room,No,Low,8,7,8,Reading,9.2,100
121158,22,Female,Engineering,2.1,1.2,0.0,Yes,98.4,6.9,Fair,1,Master,High,5.7,Yes,2.41,7,4.2,No,5,3.5,Library,No,Low,2,4,10,Reading,7.1,64
164217,23,Female,Business,2.2,3.1,3.1,Yes,73.9,8.8,Good,7,High School,High,3.1,No,2.75,5,6.5,No,5,9.0,Dorm,Yes,High,2,7,8,Kinesthetic,2.0,67
115812,25,Other,Biology,3.3,4.9,1.3,No,73.6,6.1,Fair,0,Bachelor,Low,3.3,Yes,4.0,2,7.4,No,0,10.2,Quiet Room,Yes,High,9,9,6,Visual,7.8,100
151714,26,Female,Computer Science,4.928375875044513,2.4,1.3,No,93.7,6.3,Good,7,Master,High,7.2,No,4.0,8,5.5,No,3,9.2,Quiet Room,No,High,3,8,7,Visual,5.0,100
120959,24,Other,Engineering,6.0,4.3,0.1,Yes,49.3,7.4,Fair,5,Master,High,9.1,No,3.45,2,3.7,No,3,11.4,Library,Yes,High,1,5,10,Visual,4.2,81
179724,26,Male,Business,2.1,0.5,1.6,Yes,88.2,8.2,Poor,7,Master,Medium,8.3,No,3.71,4,2.5,No,5,4.9,Library,Yes,Low,3,10,5,Reading,5.3,98
141872,16,Female,Business,5.2,3.5,2.2,No,68.2,6.6,Fair,4,Bachelor,High,8.8,Yes,3.84,5,9.8,No,3,11.4,Library,No,High,7,4,10,Visual,2.5,96
177316,22,Other,Computer Science,1.9420286223020216,3.3,0.5,No,56.4,6.1,Poor,2,Master,Medium,8.4,No,2.82,6,4.6,No,1,7.6,Quiet Room,No,Medium,1,8,7,Kinesthetic,5.8,62
123945,16,Male,Business,0.9,4.1,1.1,Yes,53.2,4.0,Fair,7,Master,Medium,10.0,No,3.48,7,6.5,No,1,7.4,Quiet Room,Yes,Low,9,3,10,Auditory,9.3,90
169849,17,Other,Engineering,3.9,1.3,3.5,No,48.3,7.0,Good,7,High School,Low,4.0,No,3.28,6,5.7,No,2,10.3,Library,No,High,10,2,10,Reading,9.7,81
138483,27,Other,Business,5.8,4.8,2.3,Yes,66.6,6.6,Good,3,Some College,High,7.9,No,4.0,7,5.4,No,0,13.5,Co-Learning Group,Yes,High,2,6,9,Kinesthetic,5.0,100
121413,19,Female,Computer Science,3.154199717352728,0.5,1.6,No,81.0,7.6,Poor,0,Master,Medium,5.8,Yes,3.58,3,6.9,No,3,6.9,Cafe,No,Medium,3,5,10,Reading,2.8,92
111436,21,Female,Psychology,4.6,3.4,3.9,No,96.8,6.1,Poor,4,Master,Low,5.4,No,3.13,3,4.2,No,3,12.9,Dorm,No,Low,3,3,10,Reading,2.3,75
173293,21,Male,Biology,4.7,3.5,2.4,Yes,51.8,9.4,Fair,0,Bachelor,Low,5.7,No,3.29,6,8.1,No,5,11.9,Quiet Room,No,Low,9,7,8,Kinesthetic,2.8,84
145178,18,Male,Computer Science,7.145790665290324,2.1,1.0,Yes,75.8,6.9,Poor,3,Some College,Medium,4.7,Yes,3.48,2,5.0,No,0,12.1,Co-Learning Group,No,Medium,1,2,10,Visual,6.4,85
149783,22,Other,Biology,0.9,4.6,3.8,No,41.6,6.6,Good,5,Some College,Low,6.6,Yes,3.71,1,1.0,No,2,10.0,Dorm,No,High,10,2,10,Auditory,4.9,89
145111,24,Female,Business,7.2,3.0,2.5,Yes,75.1,7.1,Poor,0,Bachelor,Medium,7.4,Yes,4.0,6,3.2,No,0,13.7,Quiet Room,No,Low,5,9,6,Reading,9.8,98
124749,23,Female,Biology,4.2,4.4,2.5,No,89.1,6.5,Good,5,Bachelor,Medium,5.6,No,3.9,1,5.5,No,4,11.1,Cafe,No,Medium,7,5,10,Visual,7.8,97
153650,21,Male,Psychology,1.3,2.5,0.5,Yes,83.5,9.8,Good,1,Master,High,6.7,Yes,3.16,5,3.5,No,0,5.0,Quiet Room,Yes,High,5,6,9,Kinesthetic,4.3,71
114354,22,Female,Engineering,5.9,4.9,1.5,Yes,64.6,7.3,Fair,2,PhD,Low,3.3,Yes,3.59,1,5.2,No,5,12.7,Dorm,No,High,1,9,6,Auditory,2.8,90
118228,21,Female,Business,3.8,0.1,2.8,Yes,83.9,8.1,Fair,1,Master,Low,6.3,No,4.0,3,5.9,No,4,7.4,Co-Learning Group,No,Low,2,5,10,Auditory,2.0,100
155391,25,Female,Arts,5.5,3.3,1.1,No,87.3,7.0,Fair,5,Some College,Low,6.4,Yes,4.0,1,5.1,No,2,10.9,Quiet Room,Yes,High,2,5,10,Visual,2.5,99
105601,21,Other,Arts,2.3,4.9,0.6,Yes,88.5,6.5,Poor,6,High School,Low,3.1,No,4.0,4,6.8,No,5,8.0,Library,Yes,Low,9,10,5,Visual,5.4,95
113751,24,Other,Biology,5.0,1.3,2.9,Yes,77.8,5.2,Poor,5,Master,Medium,7.9,No,3.0,6,1.9,No,0,9.9,Dorm,No,Medium,3,9,6,Auditory,4.6,73
137829,21,Other,Computer Science,11.136331750045851,1.0,0.6,Yes,72.0,8.3,Good,7,PhD,Low,8.3,Yes,3.94,4,9.1,Yes,3,14.3,Cafe,Yes,Low,7,2,10,Auditory,4.8,100
177652,28,Other,Biology,4.2,3.3,0.1,No,96.2,8.3,Good,6,PhD,High,8.3,No,3.56,3,3.7,No,5,9.1,Co-Learning Group,Yes,Medium,5,9,6,Visual,1.7,93
123967,22,Other,Computer Science,6.620115845234501,1.9,1.7,Yes,95.4,6.1,Good,5,Bachelor,Medium,3.8,Yes,3.52,8,5.5,No,1,10.3,Cafe,Yes,Medium,4,9,6,Reading,7.4,87
153798,19,Other,Biology,2.1,0.2,1.3,No,50.4,7.0,Good,2,Bachelor,Medium,6.1,No,3.63,1,2.5,No,3,4.4,Quiet Room,No,Low,9,2,10,Kinesthetic,8.1,94
146147,26,Female,Biology,3.6,4.2,1.1,No,70.3,5.4,Poor,7,Some College,Low,8.2,Yes,3.92,2,6.1,No,3,9.2,Cafe,Yes,Low,3,8,7,Visual,4.7,93
156324,23,Female,Computer Science,4.174748823728944,1.7,4.0,Yes,40.4,6.2,Fair,4,PhD,High,8.8,No,3.22,6,3.9,No,3,11.1,Library,No,High,1,9,6,Auditory,7.2,81
103426,26,Other,Arts,5.4,1.7,0.7,No,69.1,7.8,Poor,1,PhD,High,3.3,Yes,3.45,3,6.4,No,1,8.4,Cafe,Yes,High,10,9,6,Auditory,2.2,76
138762,20,Other,Engineering,5.5,2.8,0.6,No,94.3,5.8,Poor,1,PhD,Medium,9.5,No,4.0,3,2.6,No,3,10.0,Co-Learning Group,Yes,Low,4,8,7,Kinesthetic,2.4,96
168736,26,Other,Biology,3.4,4.7,0.7,Yes,86.5,8.5,Good,6,Bachelor,High,10.0,No,3.78,5,6.7,No,0,9.7,Quiet Room,Yes,Medium,6,10,5,Kinesthetic,7.6,99
127033,22,Male,Business,3.0,4.9,0.8,No,44.3,7.4,Good,7,Bachelor,Medium,5.4,No,2.75,6,5.5,No,2,10.1,Dorm,Yes,High,4,3,10,Auditory,3.1,71
167999,28,Other,Computer Science,5.734538516421225,1.9,3.0,No,65.8,5.5,Good,7,Some College,High,5.4,No,4.0,5,3.6,No,1,12.2,Library,Yes,Medium,9,1,10,Kinesthetic,3.1,100
164554,22,Other,Arts,0.0,1.9,1.7,No,46.8,7.6,Good,3,Master,High,8.5,No,2.86,7,6.6,No,4,4.0,Library,Yes,Low,1,3,10,Reading,2.7,68
145184,17,Male,Business,3.5,4.3,3.0,Yes,65.4,4.8,Good,1,Bachelor,Medium,5.6,No,3.08,6,5.8,No,3,11.6,Cafe,Yes,Low,5,7,8,Reading,2.9,79
108769,25,Male,Engineering,1.3,0.9,3.3,No,69.0,7.9,Good,3,PhD,Medium,5.1,No,3.1,4,8.0,No,2,6.3,Dorm,Yes,Medium,5,1,10,Auditory,6.4,80
115808,18,Other,Arts,2.4,2.5,2.9,No,67.3,6.9,Good,5,Bachelor,High,6.5,Yes,2.62,5,5.0,No,3,9.0,Co-Learning Group,Yes,Low,10,2,10,Visual,5.1,65
106140,18,Male,Business,0.0,3.5,3.8,Yes,83.8,6.7,Fair,5,PhD,Low,4.8,Yes,4.0,4,4.0,No,0,8.6,Cafe,Yes,Medium,8,9,6,Visual,7.6,100
114670,21,Female,Psychology,4.5,0.1,0.1,No,57.1,6.8,Good,6,Master,Low,3.7,No,3.52,1,7.5,No,0,5.3,Library,Yes,Low,10,4,10,Kinesthetic,2.9,92
101857,27,Male,Business,5.5,4.1,3.8,No,59.1,6.9,Good,6,High School,High,6.6,No,4.0,4,1.3,No,0,14.4,Co-Learning Group,Yes,High,7,2,10,Kinesthetic,6.5,100
111051,16,Other,Engineering,3.2,2.3,0.1,No,97.4,7.4,Fair,6,High School,Medium,8.3,Yes,3.02,5,4.0,No,2,6.6,Cafe,Yes,Low,8,5,10,Kinesthetic,6.0,76
125967,25,Female,Engineering,5.3,2.9,2.6,Yes,94.4,5.3,Good,5,High School,Low,4.3,No,4.0,4,1.0,No,5,11.4,Cafe,No,Low,5,3,10,Kinesthetic,7.1,100
162292,26,Other,Biology,4.9,1.6,1.4,No,67.0,8.0,Fair,5,Master,Low,8.2,No,4.0,2,5.9,No,3,7.9,Library,No,High,3,9,6,Kinesthetic,8.8,97
101549,22,Female,Business,4.0,0.6,1.3,No,52.1,9.2,Good,4,High School,Low,6.2,No,3.61,6,5.3,No,1,7.6,Library,Yes,Low,1,3,10,Reading,4.4,100
106218,25,Female,Psychology,3.9,2.7,0.2,No,86.6,5.4,Good,5,Some College,Medium,9.2,No,2.6,4,3.9,No,4,8.3,Cafe,No,Low,9,3,10,Auditory,2.5,55
144374,28,Female,Biology,4.8,4.6,1.9,No,74.2,6.5,Good,1,PhD,Medium,7.5,Yes,4.0,5,1.0,No,0,13.0,Library,No,Medium,2,2,10,Reading,3.3,100
108020,19,Male,Computer Science,5.635455310020043,4.1,0.6,No,55.1,9.1,Poor,7,Bachelor,Low,8.8,No,4.0,2,4.0,No,4,11.9,Dorm,Yes,Low,7,2,10,Reading,5.3,97
124752,28,Male,Business,7.1,0.7,1.0,Yes,70.1,7.2,Good,7,PhD,Low,4.0,No,4.0,6,2.9,No,5,9.6,Co-Learning Group,No,Low,5,8,7,Auditory,5.5,100
140179,20,Female,Engineering,1.4,2.9,1.4,No,55.6,4.0,Good,2,PhD,Medium,7.800000000000001,Yes,4.0,1,7.4,No,0,7.7,Library,No,High,10,5,10,Kinesthetic,6.4,100
152856,19,Other,Arts,1.7,1.0,1.1,Yes,87.8,6.4,Good,4,Master,Medium,10.0,Yes,4.0,3,5.4,No,1,5.7,Dorm,No,Low,3,9,6,Auditory,9.9,90
148311,24,Male,Arts,6.3,0.0,0.0,Yes,84.0,7.1,Fair,5,Bachelor,Medium,5.9,Yes,4.0,3,4.6,No,2,6.4,Library,No,High,3,5,10,Auditory,7.8,93
163078,22,Other,Arts,4.7,1.6,3.6,Yes,62.2,6.8,Good,1,Some College,Low,4.6,Yes,4.0,5,6.1,No,0,10.5,Dorm,Yes,High,7,7,8,Reading,6.0,100
156692,19,Male,Computer Science,4.8773546360106375,2.2,3.3,Yes,87.6,6.2,Good,4,Bachelor,Low,8.6,Yes,3.88,5,4.1,No,5,12.0,Dorm,No,Low,10,8,7,Reading,4.8,92
128633,22,Male,Biology,3.6,4.3,0.9,No,80.0,8.1,Good,6,Master,Low,7.5,No,3.97,4,3.2,No,1,9.7,Library,Yes,Medium,9,2,10,Reading,7.3,100
123103,27,Female,Engineering,6.7,3.6,1.2,No,71.7,7.6,Good,6,Master,Medium,6.2,No,4.0,1,4.1,No,1,12.0,Cafe,No,Medium,2,8,7,Reading,8.0,100
116722,19,Other,Engineering,4.2,2.5,3.6,Yes,61.6,8.8,Good,3,Bachelor,High,7.5,Yes,4.0,6,1.0,No,5,11.6,Library,Yes,High,1,4,10,Visual,8.6,100
155410,26,Male,Computer Science,5.498281613968641,4.6,0.8,No,41.8,9.7,Good,5,High School,High,7.9,Yes,4.0,3,3.9,No,2,11.5,Dorm,Yes,Low,5,9,6,Kinesthetic,6.3,100
118846,16,Other,Psychology,4.4,2.9,2.0,No,67.2,8.6,Good,7,PhD,Low,8.6,No,4.0,5,3.7,No,0,9.5,Cafe,No,High,2,3,10,Auditory,1.6,93
146382,20,Male,Biology,3.9,0.2,3.9,Yes,84.3,8.5,Poor,1,Bachelor,High,5.0,Yes,4.0,3,4.7,No,2,8.1,Library,No,Low,5,10,5,Kinesthetic,8.9,100
119786,28,Male,Biology,1.8,1.3,2.7,No,81.9,9.4,Good,4,Bachelor,Medium,8.1,Yes,3.78,1,5.9,No,4,6.6,Library,Yes,High,2,9,6,Kinesthetic,5.2,90
123494,21,Male,Computer Science,4.362784065019709,0.7,1.5,Yes,82.2,8.5,Poor,7,Some College,Medium,5.4,No,4.0,2,3.4,No,0,7.1,Quiet Room,Yes,High,8,1,10,Visual,2.2,100
176104,24,Female,Arts,3.7,1.7,2.9,No,72.1,6.3,Good,2,PhD,Medium,6.2,Yes,4.0,8,1.0,No,0,10.3,Library,No,Low,10,8,7,Reading,6.9,100
171972,25,Other,Computer Science,4.267383545375052,0.6,3.8,No,42.6,7.5,Good,4,Master,Medium,4.8,Yes,4.0,7,7.1,No,5,9.4,Cafe,Yes,High,5,2,10,Reading,9.7,100
156442,26,Female,Psychology,3.6,1.2,3.1,Yes,82.3,7.9,Fair,6,Bachelor,High,9.5,No,2.64,2,6.1,No,0,8.7,Dorm,No,Low,8,3,10,Reading,8.8,65
122017,17,Other,Business,2.5,3.5,0.7,No,53.5,4.8,Good,0,High School,Medium,3.4000000000000004,Yes,3.99,6,7.2,No,1,7.6,Quiet Room,Yes,Medium,4,4,10,Reading,1.6,97
100757,19,Male,Computer Science,9.756425685480616,3.5,4.0,Yes,73.7,7.2,Fair,4,Bachelor,High,8.8,No,4.0,8,5.2,No,3,17.4,Cafe,No,Low,3,10,5,Auditory,5.7,100
128840,24,Female,Computer Science,3.1700331600410543,3.3,2.7,Yes,56.1,8.8,Poor,7,Some College,Low,9.0,No,4.0,4,6.5,No,1,9.5,Library,No,Medium,1,9,6,Kinesthetic,8.7,96
116026,17,Female,Computer Science,4.259314589397857,1.6,2.1,No,74.3,4.3,Fair,6,PhD,High,2.8,No,3.87,8,3.8,No,2,8.2,Dorm,No,Low,2,2,10,Kinesthetic,7.2,98
166425,21,Female,Computer Science,5.71237386598022,3.9,3.9,Yes,74.0,5.9,Good,5,High School,High,6.1,Yes,4.0,1,3.2,No,0,15.4,Dorm,Yes,Low,4,4,10,Reading,7.1,100
168563,27,Female,Psychology,1.1,0.8,3.1,No,51.5,5.6,Good,5,Master,Medium,7.0,Yes,3.83,2,2.7,No,3,5.4,Dorm,Yes,Low,3,1,10,Visual,7.5,97
102197,21,Other,Computer Science,5.586137738773557,1.0,1.4,Yes,52.5,4.0,Good,0,PhD,Low,7.3,No,2.37,4,3.1,No,3,8.5,Dorm,No,High,4,2,10,Kinesthetic,1.3,62
122007,16,Male,Engineering,7.1,2.0,3.6,Yes,71.8,7.1,Good,0,PhD,Medium,8.9,Yes,4.0,5,4.6,No,2,14.0,Quiet Room,Yes,High,2,9,6,Kinesthetic,6.4,87
129558,24,Male,Biology,2.0,0.5,3.6,No,77.4,7.2,Good,3,Master,Medium,5.3,Yes,2.92,8,7.2,No,5,7.8,Library,Yes,Low,8,8,7,Visual,6.4,68
137519,27,Other,Business,3.9,1.6,0.7,Yes,52.8,6.4,Good,1,Bachelor,High,9.8,No,3.87,6,4.0,No,4,7.1,Co-Learning Group,Yes,Low,1,6,9,Auditory,9.9,98
124958,20,Female,Psychology,3.1,1.4,0.3,Yes,86.3,5.3,Good,2,Bachelor,Low,4.1,Yes,3.71,4,4.6,No,3,6.3,Cafe,Yes,Low,4,10,5,Reading,1.7,95
110180,24,Other,Engineering,3.2,3.0,2.6,Yes,54.4,6.3,Poor,5,Some College,Medium,8.3,No,4.0,1,7.3,No,3,10.1,Library,No,Medium,2,2,10,Reading,8.2,100
113174,24,Female,Biology,2.4,4.0,2.3,No,74.0,4.0,Good,3,High School,High,8.5,Yes,4.0,3,3.6,No,0,10.6,Co-Learning Group,Yes,Low,1,8,7,Auditory,6.3,100
148295,23,Other,Business,3.8,0.8,2.4,Yes,46.5,8.9,Fair,1,Bachelor,Medium,5.1,No,2.93,6,3.0,No,3,8.4,Cafe,No,Medium,4,1,10,Auditory,6.0,80
149653,25,Female,Biology,2.5,4.2,3.5,Yes,95.0,7.5,Good,7,Master,High,6.5,Yes,3.71,7,6.3,No,2,11.9,Quiet Room,No,High,2,3,10,Visual,7.8,100
164253,28,Female,Computer Science,5.533657132668726,3.3,3.0,No,76.8,7.8,Fair,0,High School,Medium,9.1,Yes,3.14,7,7.8,No,4,12.6,Quiet Room,No,Low,1,9,6,Auditory,7.9,76
109083,21,Female,Computer Science,1.0793129933354026,1.7,2.3,No,67.9,9.4,Poor,1,Master,Medium,7.2,No,2.99,7,4.6,No,0,5.1,Cafe,No,High,6,7,8,Kinesthetic,3.5,64
102753,22,Male,Biology,5.1,1.4,2.8,Yes,97.0,7.1,Fair,4,Bachelor,High,7.6,Yes,4.0,6,2.4,No,3,10.5,Cafe,Yes,Low,10,10,5,Kinesthetic,2.4,98
109485,28,Female,Business,2.1,1.3,2.5,Yes,53.6,6.1,Fair,6,Master,Medium,8.5,Yes,2.73,1,4.6,No,4,6.3,Quiet Room,Yes,Medium,7,1,10,Reading,9.8,64
103600,21,Male,Biology,7.1,0.3,3.3,Yes,43.0,8.6,Fair,2,High School,Low,4.8,Yes,4.0,7,3.4,No,5,12.7,Library,No,High,4,7,8,Reading,6.4,100
118174,28,Female,Arts,8.8,4.7,2.2,No,99.8,7.0,Fair,1,Some College,Medium,8.7,Yes,3.41,1,4.0,No,5,17.3,Library,No,High,1,3,10,Auditory,4.8,86
171153,25,Male,Business,3.0,2.6,3.8,Yes,47.5,5.5,Fair,3,Master,Medium,5.7,Yes,2.93,1,7.9,No,2,10.1,Quiet Room,Yes,Medium,2,4,10,Visual,3.6,70
162806,22,Other,Arts,4.1,3.6,0.4,No,62.0,9.5,Fair,1,Some College,High,4.6,Yes,3.66,5,1.2,No,0,8.2,Cafe,Yes,High,1,3,10,Auditory,1.6,88
169109,24,Other,Computer Science,5.431363397316561,2.5,1.6,No,62.5,5.1,Fair,0,High School,Medium,9.6,No,4.0,5,4.7,No,3,10.2,Co-Learning Group,No,Low,3,3,10,Auditory,6.3,100
170179,16,Other,Arts,5.1,2.0,3.4,Yes,97.3,7.9,Good,3,Bachelor,Low,8.0,Yes,3.02,7,5.4,No,3,11.6,Library,No,Medium,6,1,10,Visual,7.4,67
164005,24,Male,Business,3.4,2.2,1.7,Yes,66.8,9.4,Fair,2,Master,Medium,4.1,No,3.31,4,6.0,No,0,8.4,Dorm,No,High,7,5,10,Kinesthetic,3.8,93
114295,19,Male,Computer Science,4.65561908718953,1.8,3.5,Yes,98.7,7.6,Fair,0,Master,Medium,8.7,No,2.33,6,8.2,Yes,3,10.8,Dorm,Yes,Low,3,3,10,Kinesthetic,1.5,60
174898,21,Female,Biology,3.1,0.4,3.5,No,55.9,8.9,Fair,7,High School,Low,8.8,No,4.0,8,3.4,No,2,8.4,Co-Learning Group,No,Low,2,7,8,Reading,9.0,98
164032,28,Female,Business,1.7,0.4,0.4,No,74.5,8.2,Good,0,Some College,Low,7.8,No,4.0,3,4.2,No,0,3.4,Library,Yes,Medium,10,7,8,Visual,9.6,100
161548,16,Female,Arts,1.3,2.6,3.1,No,78.1,9.8,Fair,3,High School,Low,7.7,Yes,3.85,4,3.9,No,5,8.0,Library,No,Low,8,10,5,Visual,5.4,100
149315,23,Other,Business,6.5,2.3,2.5,No,50.1,6.2,Good,1,PhD,Medium,5.4,No,4.0,8,5.4,No,5,11.5,Quiet Room,No,Medium,7,10,5,Visual,7.9,92
164503,26,Male,Arts,5.3,3.1,2.4,Yes,62.5,5.2,Poor,5,High School,Low,8.5,Yes,4.0,4,4.8,No,0,11.1,Quiet Room,No,High,9,5,10,Reading,7.6,94
136084,28,Other,Arts,4.2,0.7,0.1,Yes,82.6,8.4,Good,7,PhD,High,2.4,No,4.0,7,3.9,No,5,5.5,Library,No,Low,6,4,10,Visual,6.4,100
151162,22,Female,Computer Science,4.032736128407619,2.0,0.8,Yes,47.6,5.9,Good,3,Some College,Low,9.6,No,4.0,3,6.0,No,0,8.8,Quiet Room,No,Medium,2,8,7,Auditory,7.8,100
176303,26,Female,Arts,3.1,0.0,0.6,No,53.8,7.2,Good,4,Some College,High,10.0,Yes,3.43,1,5.7,No,4,5.3,Cafe,Yes,High,1,10,5,Auditory,5.3,83
103795,25,Male,Computer Science,5.281181338819944,0.1,1.0,Yes,58.4,4.0,Poor,4,Bachelor,Low,10.0,Yes,4.0,4,6.5,No,5,7.8,Dorm,Yes,Low,9,1,10,Reading,5.5,95
159078,22,Female,Psychology,5.4,3.3,3.9,No,44.9,8.9,Good,7,Some College,Low,6.3,Yes,3.62,5,1.0,No,1,14.4,Cafe,No,Low,2,10,5,Auditory,4.5,93
170344,22,Male,Psychology,2.3,0.6,2.4,Yes,60.9,4.0,Good,1,Bachelor,Low,8.4,No,3.58,7,5.8,No,1,7.0,Quiet Room,Yes,High,8,10,5,Kinesthetic,7.0,93
128770,19,Other,Engineering,6.8,4.8,1.6,No,61.1,6.6,Fair,7,Master,Low,6.1,Yes,4.0,8,5.1,No,2,14.6,Quiet Room,No,Low,10,5,10,Visual,9.7,98
172430,18,Other,Computer Science,4.05540809285694,3.3,0.3,Yes,72.4,8.1,Good,1,Some College,Low,6.0,Yes,4.0,3,5.6,No,4,9.6,Library,Yes,Low,10,4,10,Reading,6.4,100
142829,19,Female,Business,4.3,3.4,0.8,Yes,74.6,7.1,Good,4,High School,Low,5.1,Yes,3.53,2,6.5,No,2,10.1,Quiet Room,Yes,Low,2,3,10,Auditory,8.9,90
129192,17,Other,Engineering,3.6,2.5,1.9,Yes,58.8,6.8,Good,6,Bachelor,High,5.2,No,3.03,5,3.6,No,1,8.0,Dorm,Yes,Medium,2,6,9,Kinesthetic,7.9,75
106724,21,Male,Engineering,2.5,2.8,0.4,Yes,76.6,7.5,Poor,1,PhD,High,9.9,No,3.62,8,7.8,No,4,7.2,Cafe,Yes,Low,3,6,9,Reading,2.8,79
121790,18,Other,Engineering,5.1,2.2,1.5,No,99.7,7.8,Good,7,PhD,High,7.4,No,4.0,1,2.1,No,1,9.2,Quiet Room,No,High,10,8,7,Visual,9.6,100
165479,22,Male,Engineering,4.9,2.9,2.6,Yes,77.6,4.9,Poor,7,High School,Low,6.8,Yes,4.0,5,6.2,No,5,11.9,Co-Learning Group,No,High,7,2,10,Visual,2.0,98
110200,24,Male,Psychology,7.0,0.9,2.8,No,42.0,7.8,Fair,7,Master,Medium,6.7,Yes,3.94,7,4.4,No,5,11.9,Dorm,Yes,High,9,6,9,Visual,9.7,96
142447,28,Female,Psychology,3.2,1.3,1.7,No,45.3,6.9,Fair,7,PhD,Medium,3.2,Yes,3.09,4,5.8,No,5,7.9,Cafe,Yes,Medium,6,3,10,Auditory,4.3,81
171881,17,Female,Psychology,7.1,1.8,3.6,Yes,70.9,8.2,Poor,3,High School,High,6.3,No,4.0,7,4.2,No,3,13.4,Co-Learning Group,Yes,High,7,8,7,Kinesthetic,6.6,98
124437,22,Male,Psychology,3.8,4.2,1.5,No,84.9,8.3,Good,5,High School,Medium,8.5,Yes,4.0,6,5.3,No,3,11.1,Co-Learning Group,No,Low,7,8,7,Auditory,5.0,100
120063,22,Other,Psychology,6.0,3.8,0.7,Yes,90.8,4.3,Good,4,Bachelor,Medium,9.3,No,4.0,1,4.4,No,1,12.5,Library,No,Low,3,3,10,Visual,4.1,97
127262,26,Female,Biology,2.1,3.2,3.3,No,72.5,4.0,Fair,6,Some College,Low,7.300000000000001,No,4.0,4,8.6,No,4,8.8,Co-Learning Group,Yes,High,8,6,9,Kinesthetic,5.5,97
104240,24,Male,Biology,6.4,4.3,2.1,No,96.5,6.3,Poor,4,PhD,Low,9.9,Yes,4.0,8,3.7,No,3,14.3,Co-Learning Group,Yes,Low,1,7,8,Reading,9.2,96
173400,27,Female,Psychology,4.5,3.2,0.9,Yes,72.1,5.9,Good,2,Some College,Medium,5.7,Yes,3.61,7,5.8,No,2,10.6,Cafe,Yes,Low,2,9,6,Reading,5.8,96
133029,21,Female,Business,2.3,1.1,1.3,No,89.5,6.6,Good,5,PhD,High,8.3,Yes,2.99,6,2.3,No,0,5.4,Library,No,Medium,3,3,10,Kinesthetic,1.5,77
120423,23,Male,Business,6.9,3.7,1.4,Yes,44.7,7.3,Fair,3,Some College,Low,6.7,Yes,3.73,8,4.7,No,2,13.8,Cafe,Yes,Medium,3,10,5,Visual,7.9,88
126106,22,Male,Computer Science,7.3264096866217425,4.5,0.8,Yes,49.4,5.2,Good,5,High School,Low,6.5,No,4.0,4,3.0,No,2,14.0,Dorm,Yes,Low,5,1,10,Reading,5.0,100
152145,26,Male,Psychology,3.3,4.1,3.6,No,98.5,9.0,Good,7,Bachelor,Medium,7.2,Yes,3.6,1,4.4,No,3,12.1,Library,Yes,Low,3,8,7,Reading,3.1,94
144220,24,Other,Arts,1.4,1.7,2.9,Yes,41.9,5.1,Good,3,High School,High,6.6,No,4.0,4,5.5,No,1,6.7,Cafe,Yes,High,10,2,10,Reading,4.1,100
110691,28,Male,Psychology,5.5,2.3,1.7,Yes,91.8,9.6,Poor,2,Master,Medium,5.8,Yes,4.0,8,5.7,No,5,10.5,Quiet Room,No,Medium,6,4,10,Visual,5.5,100
169941,22,Female,Engineering,3.1,3.2,1.1,Yes,83.0,6.2,Good,0,High School,High,8.9,Yes,4.0,8,4.2,No,5,8.8,Dorm,Yes,Medium,10,3,10,Auditory,3.0,100
158918,23,Other,Biology,4.0,2.7,3.9,No,51.0,5.6,Good,0,Bachelor,Low,9.0,Yes,3.22,5,6.1,No,2,11.2,Library,No,Low,2,8,7,Visual,9.1,80
160925,16,Female,Computer Science,3.298570789049314,4.7,1.1,Yes,45.6,6.8,Poor,4,Some College,High,5.6,No,3.69,5,3.9,No,0,10.6,Library,Yes,Low,5,4,10,Visual,3.8,92
120654,21,Female,Business,4.1,0.3,0.6,Yes,65.1,5.9,Poor,2,Some College,High,3.8,Yes,3.13,1,2.7,No,1,6.7,Dorm,No,High,9,3,10,Reading,8.3,85
152949,18,Male,Computer Science,6.000083502864576,3.0,3.6,Yes,57.7,5.2,Poor,1,High School,Medium,6.7,No,3.09,8,7.5,No,2,12.8,Library,Yes,Low,8,1,10,Reading,3.2,73
153574,23,Male,Arts,3.0,3.6,1.9,No,46.1,10.4,Fair,4,PhD,High,9.4,Yes,3.53,6,2.8,No,3,10.1,Dorm,No,Medium,10,9,6,Auditory,2.9,88
108468,23,Male,Computer Science,5.066873392049254,2.0,1.2,Yes,83.2,6.6,Poor,0,Master,Medium,2.4,No,4.0,8,1.4,No,1,8.4,Cafe,Yes,Medium,1,9,6,Kinesthetic,9.2,99
135118,25,Other,Psychology,3.1,4.4,0.2,Yes,41.1,9.2,Good,0,Master,Medium,6.2,Yes,4.0,4,6.4,No,5,8.8,Dorm,Yes,High,3,3,10,Visual,4.3,99
155914,20,Male,Biology,2.8,2.1,2.5,Yes,81.5,7.7,Good,0,PhD,High,10.0,No,2.44,4,4.2,No,3,8.2,Dorm,No,High,4,4,10,Auditory,3.9,63
155380,17,Male,Arts,0.4,0.1,1.7,Yes,67.4,6.7,Good,7,Bachelor,Low,8.2,No,3.5,3,5.7,No,4,3.2,Quiet Room,Yes,Low,10,1,10,Auditory,4.7,84
130097,26,Female,Business,7.4,4.5,1.0,No,97.5,6.4,Fair,7,Master,Medium,7.6,No,3.91,8,5.5,No,5,14.1,Quiet Room,Yes,Low,4,6,9,Reading,5.3,100
101838,16,Male,Psychology,4.6,3.9,0.7,No,91.0,7.1,Fair,0,High School,High,7.8,Yes,4.0,7,6.6,No,1,10.9,Co-Learning Group,Yes,Medium,8,4,10,Auditory,9.0,94
101703,26,Female,Arts,4.2,1.9,2.6,No,54.9,8.7,Good,7,Master,Low,7.8,No,4.0,5,6.6,No,2,10.0,Dorm,No,Low,2,7,8,Auditory,5.5,100
104756,25,Female,Engineering,4.1,4.3,1.0,Yes,97.9,5.6,Poor,2,High School,Medium,5.0,Yes,3.05,1,5.2,No,4,10.4,Dorm,Yes,Medium,10,6,9,Visual,7.7,71
149147,28,Female,Computer Science,11.15011912883749,3.4,2.3,Yes,69.7,8.6,Good,1,Some College,High,6.1,Yes,4.0,5,5.3,No,5,18.2,Cafe,No,High,2,8,7,Auditory,1.4,95
115095,25,Male,Engineering,4.0,0.1,1.3,No,46.0,4.0,Good,4,Bachelor,High,5.4,No,4.0,8,4.3,No,1,7.0,Library,No,High,4,10,5,Kinesthetic,3.9,94
162742,28,Female,Computer Science,6.55123663494703,0.8,0.2,Yes,41.7,8.5,Fair,7,Some College,Medium,5.4,No,4.0,6,7.4,No,0,9.4,Dorm,No,Medium,3,2,10,Auditory,6.2,100
128937,22,Male,Business,3.6,2.9,0.3,No,65.6,8.6,Poor,2,Master,High,10.0,No,3.12,2,4.9,No,2,8.7,Dorm,Yes,Low,3,1,10,Kinesthetic,1.0,69
171122,22,Female,Arts,2.9,1.2,1.3,No,82.2,10.0,Good,4,Some College,High,7.2,Yes,3.35,2,6.1,No,0,6.7,Quiet Room,Yes,Low,6,8,7,Reading,3.2,82
112357,18,Male,Psychology,0.0,2.9,1.2,Yes,95.1,6.0,Poor,5,Master,Low,3.8,Yes,2.99,4,7.9,No,5,5.9,Dorm,Yes,Low,5,2,10,Reading,2.2,79
111591,27,Female,Computer Science,3.0381766364042555,2.6,2.9,No,59.6,7.1,Fair,4,Some College,High,8.9,No,2.6,8,5.6,No,4,8.7,Library,No,High,8,3,10,Kinesthetic,6.4,61
131742,26,Male,Psychology,7.7,4.6,3.6,Yes,75.2,6.7,Poor,7,Some College,High,6.7,No,4.0,1,7.3,No,4,16.0,Cafe,No,Low,9,8,7,Reading,3.4,98
145588,24,Other,Arts,8.0,1.6,0.0,Yes,97.0,4.4,Good,2,High School,Low,8.3,Yes,4.0,7,2.2,No,2,10.0,Quiet Room,Yes,High,8,7,8,Reading,6.3,96
136473,17,Male,Business,3.0,1.7,2.8,No,68.0,7.8,Fair,4,PhD,Medium,6.4,Yes,3.46,8,4.4,No,4,7.7,Dorm,No,High,5,4,10,Visual,9.0,90
157579,17,Other,Computer Science,5.015469794894499,2.8,3.3,Yes,49.2,10.2,Fair,0,Master,Low,6.2,No,3.72,7,2.0,No,5,12.0,Library,No,High,2,4,10,Visual,8.7,93
166844,18,Other,Psychology,5.2,4.4,2.2,Yes,51.3,7.7,Good,3,Bachelor,Low,8.5,Yes,2.74,5,5.3,No,2,13.3,Cafe,No,High,3,2,10,Reading,7.4,64
159107,17,Male,Computer Science,8.801187349588433,0.8,1.7,Yes,49.0,6.2,Poor,1,High School,Low,5.8,Yes,4.0,3,3.5,No,1,11.7,Library,No,Medium,8,4,10,Auditory,7.4,94
134225,18,Female,Arts,5.0,4.6,2.0,Yes,71.3,9.4,Good,4,Some College,Medium,8.4,No,3.42,8,6.9,No,3,12.2,Quiet Room,Yes,Medium,5,2,10,Visual,4.3,82
118605,28,Female,Biology,5.2,0.5,2.7,Yes,44.3,4.2,Good,4,Bachelor,High,2.8,No,4.0,4,4.8,No,5,8.4,Cafe,Yes,Low,5,5,10,Kinesthetic,5.2,95
131464,25,Male,Engineering,3.8,0.4,1.7,Yes,63.6,6.8,Good,7,High School,Medium,5.4,Yes,4.0,6,7.1,No,2,6.1,Cafe,No,Medium,3,3,10,Kinesthetic,1.6,100
138973,19,Other,Computer Science,6.07535346846695,2.4,0.2,Yes,56.5,7.3,Poor,7,High School,Medium,9.5,Yes,4.0,5,5.9,No,5,10.0,Co-Learning Group,No,Medium,4,1,10,Visual,1.4,99
120745,23,Other,Computer Science,6.386072463774698,0.9,0.7,Yes,77.3,7.2,Good,5,High School,High,7.7,Yes,3.7,4,4.3,No,3,8.2,Library,No,High,8,10,5,Auditory,6.8,93
173892,28,Female,Business,5.5,4.4,2.3,Yes,74.4,5.0,Good,6,Some College,Low,7.1,Yes,4.0,8,5.4,No,5,12.7,Co-Learning Group,Yes,High,10,3,10,Visual,9.3,96
110376,24,Female,Arts,5.9,0.4,2.1,Yes,45.2,7.3,Good,0,PhD,High,10.0,No,4.0,5,3.5,No,1,9.0,Dorm,No,Low,5,5,10,Reading,3.3,100
156326,25,Male,Biology,3.2,2.2,0.7,No,95.2,7.0,Poor,0,Master,Low,9.0,No,2.47,7,5.2,No,0,6.3,Dorm,Yes,Low,1,1,10,Reading,6.2,55
138943,23,Other,Psychology,1.6,4.2,0.8,No,99.5,9.9,Poor,3,Some College,Medium,10.0,No,4.0,4,6.5,No,3,8.0,Co-Learning Group,No,Medium,2,10,5,Reading,2.4,93
157808,21,Male,Arts,5.1,4.9,3.3,No,52.7,7.3,Fair,3,Bachelor,Medium,6.8,No,3.65,5,4.1,No,1,13.6,Co-Learning Group,Yes,Low,7,1,10,Visual,4.3,90
115971,28,Other,Engineering,3.9,3.8,2.4,No,77.3,7.1,Good,4,Some College,Medium,6.7,Yes,3.74,1,6.9,No,3,11.7,Library,No,Low,6,4,10,Reading,4.8,93
165282,23,Male,Arts,6.3,2.6,1.9,Yes,42.7,7.3,Good,2,Some College,High,5.8,Yes,4.0,5,4.1,No,3,11.0,Co-Learning Group,Yes,Medium,10,2,10,Reading,9.4,100
102097,20,Other,Biology,5.8,4.2,0.9,Yes,51.1,4.8,Poor,5,Bachelor,Medium,10.0,Yes,3.97,8,6.1,No,2,12.7,Dorm,Yes,Medium,3,5,10,Visual,1.0,100
156637,25,Other,Business,2.9,1.2,3.6,Yes,88.2,8.4,Poor,1,Master,High,9.4,Yes,3.31,6,4.4,No,5,9.5,Dorm,No,Medium,2,8,7,Auditory,3.9,78
118860,19,Other,Biology,3.1,2.8,3.6,No,50.7,7.5,Good,4,Bachelor,Medium,5.9,No,3.17,6,7.1,No,2,10.4,Quiet Room,Yes,Medium,4,5,10,Visual,8.6,82
151987,21,Female,Psychology,6.4,1.2,2.9,No,50.7,8.2,Good,7,Master,Medium,7.4,Yes,3.3,4,5.8,No,1,12.4,Cafe,Yes,Medium,5,6,9,Reading,4.3,75
169469,25,Other,Biology,3.9,2.8,3.9,Yes,69.3,10.4,Fair,2,PhD,Low,7.1,No,4.0,7,5.1,No,4,11.7,Library,No,High,5,6,9,Kinesthetic,5.6,100
144524,19,Female,Engineering,4.5,2.8,2.5,No,81.8,10.1,Good,4,Bachelor,Medium,4.9,No,4.0,5,5.7,No,5,10.3,Dorm,No,High,7,3,10,Reading,2.0,100
124805,21,Female,Business,3.5,1.9,3.7,Yes,64.8,5.0,Good,6,Some College,Medium,7.6,No,4.0,1,8.7,No,0,10.5,Quiet Room,No,Low,2,10,5,Kinesthetic,7.3,99
101088,28,Female,Engineering,4.3,2.8,2.7,No,78.6,7.4,Fair,7,PhD,Low,8.5,No,3.31,4,2.1,No,2,10.8,Library,No,High,10,2,10,Visual,4.4,78
150568,19,Female,Computer Science,5.243716423050074,1.0,1.1,Yes,97.0,7.2,Fair,3,Some College,Medium,5.4,Yes,3.79,4,4.2,No,4,8.5,Dorm,No,Low,3,3,10,Reading,7.0,97
157258,21,Other,Psychology,4.3,2.0,2.3,No,66.1,5.4,Fair,1,PhD,Medium,7.9,No,3.84,6,1.9,No,3,8.7,Library,No,Medium,9,3,10,Auditory,3.3,90
106894,18,Other,Psychology,6.9,2.0,2.8,Yes,91.9,7.6,Good,3,Some College,High,5.5,No,3.74,1,3.7,No,0,11.8,Dorm,No,Low,1,4,10,Kinesthetic,2.4,100
158249,27,Male,Biology,3.5,0.9,0.3,Yes,55.0,5.3,Good,0,PhD,High,6.1,No,2.54,3,6.7,No,0,5.7,Cafe,Yes,High,1,4,10,Auditory,7.6,55
170509,21,Other,Computer Science,4.829757507428806,1.2,3.6,No,86.2,6.5,Good,3,High School,Low,7.0,Yes,2.62,1,3.4,No,1,10.7,Dorm,No,High,6,3,10,Kinesthetic,4.0,63
164784,24,Other,Arts,2.3,3.3,1.0,Yes,82.2,7.6,Good,1,Some College,Medium,5.5,Yes,4.0,1,1.8,No,5,6.8,Quiet Room,No,Medium,6,7,8,Kinesthetic,7.6,95
147939,24,Other,Biology,0.0,2.1,0.3,Yes,86.4,5.2,Good,1,High School,Medium,8.3,No,2.58,3,4.2,No,4,3.3,Library,No,High,1,4,10,Visual,3.4,60
152916,17,Other,Arts,1.4,0.8,3.1,Yes,44.3,8.6,Good,3,Master,Low,8.8,Yes,4.0,6,2.1,No,5,6.0,Library,Yes,Medium,3,2,10,Kinesthetic,1.2,99
129283,19,Female,Biology,4.2,2.4,0.4,No,86.2,7.3,Good,4,Bachelor,High,2.5,Yes,4.0,5,3.8,No,4,8.1,Co-Learning Group,Yes,Low,1,7,8,Kinesthetic,2.8,100
152903,21,Other,Arts,2.6,2.6,0.9,No,74.9,6.2,Good,6,High School,Medium,7.7,No,2.44,1,4.6,No,0,8.0,Cafe,No,Low,5,2,10,Reading,9.6,58
121034,16,Other,Computer Science,6.232478556154074,2.7,0.9,No,95.7,7.4,Good,4,Bachelor,Medium,6.5,No,3.97,1,6.3,No,0,11.3,Library,No,High,4,2,10,Reading,9.2,99
117522,24,Female,Business,4.4,0.5,1.1,Yes,87.5,6.8,Good,7,Bachelor,High,7.2,No,4.0,1,2.3,No,5,6.4,Cafe,No,Low,1,5,10,Visual,1.6,99
141550,18,Female,Computer Science,2.869044988929908,4.8,1.1,No,55.6,7.3,Fair,0,High School,Medium,8.6,Yes,3.65,4,1.0,No,5,10.2,Dorm,No,Medium,3,10,5,Reading,8.7,89
156890,20,Female,Biology,3.6,4.2,2.4,Yes,92.3,4.9,Good,5,Master,High,10.0,No,4.0,2,5.6,No,5,12.0,Co-Learning Group,No,High,4,4,10,Reading,6.0,96
116080,21,Female,Engineering,2.9,4.3,0.5,No,64.9,9.2,Fair,1,High School,Low,10.0,Yes,3.6,7,6.2,No,2,7.9,Cafe,Yes,Medium,10,6,9,Visual,9.2,88
138942,23,Other,Psychology,5.0,0.6,1.8,Yes,93.0,6.8,Good,7,High School,Medium,7.0,No,4.0,3,4.2,No,2,9.0,Dorm,Yes,Low,4,8,7,Visual,4.1,97
174568,27,Other,Arts,4.4,2.8,2.6,No,82.5,6.3,Fair,6,Some College,Medium,6.3,Yes,4.0,5,5.1,No,3,10.0,Library,Yes,High,7,10,5,Kinesthetic,5.1,100
134922,20,Female,Business,1.6,1.3,3.0,Yes,76.0,7.9,Fair,1,Master,Medium,8.0,No,2.81,2,5.1,No,3,6.7,Cafe,Yes,Low,5,1,10,Auditory,4.5,76
131024,20,Male,Computer Science,8.889769924698815,2.1,0.7,Yes,80.0,8.0,Good,6,Master,Low,7.7,Yes,4.0,7,4.7,No,1,12.5,Cafe,No,High,10,4,10,Reading,7.1,100
143001,26,Male,Biology,3.2,1.6,2.8,Yes,48.0,9.2,Good,6,Bachelor,Medium,7.2,No,3.83,2,6.7,No,1,9.4,Dorm,Yes,Low,2,6,9,Auditory,1.7,95
119782,22,Female,Arts,2.8,2.9,1.4,Yes,95.2,4.0,Good,4,Bachelor,Low,2.6,Yes,3.6,2,1.0,No,0,8.8,Dorm,No,High,4,3,10,Visual,5.3,94
147616,16,Female,Biology,5.1,2.4,4.0,No,60.6,9.9,Fair,2,PhD,Medium,7.8,No,3.15,8,5.7,No,1,12.9,Quiet Room,No,High,9,7,8,Visual,1.2,75
137670,16,Male,Biology,6.2,2.4,1.9,No,52.6,5.3,Fair,7,Master,Medium,9.5,Yes,4.0,5,6.0,No,5,10.6,Library,No,Low,5,6,9,Kinesthetic,9.3,100
172852,20,Other,Computer Science,8.315259132641025,3.4,1.9,No,53.3,7.6,Fair,0,Some College,Medium,4.8,No,4.0,5,5.3,No,0,13.8,Library,Yes,High,8,5,10,Kinesthetic,1.5,95
124166,25,Male,Computer Science,7.557677762133537,2.0,2.1,No,51.4,7.2,Fair,0,Master,Medium,6.9,Yes,4.0,5,5.3,No,4,13.4,Dorm,Yes,Low,4,9,6,Auditory,4.4,100
112675,17,Other,Arts,3.5,4.6,3.6,Yes,69.7,5.9,Good,4,Bachelor,Medium,3.7,Yes,3.89,7,5.3,No,4,13.6,Co-Learning Group,Yes,High,2,10,5,Auditory,2.8,96
133912,16,Female,Engineering,4.6,1.2,2.0,No,52.1,4.9,Good,6,Bachelor,High,9.0,No,3.42,1,5.1,No,0,8.5,Co-Learning Group,No,Medium,1,5,10,Auditory,9.4,86
125518,28,Female,Psychology,4.7,1.1,0.9,Yes,53.7,5.1,Good,6,High School,High,8.2,Yes,4.0,2,1.9,No,1,7.4,Quiet Room,Yes,Low,2,4,10,Kinesthetic,2.7,100
176708,21,Male,Biology,3.6,3.5,1.9,Yes,98.3,4.8,Good,5,Bachelor,Low,8.8,No,3.78,8,1.0,No,0,10.6,Co-Learning Group,Yes,High,8,2,10,Reading,2.4,95
114060,24,Other,Business,6.4,4.2,1.6,No,84.2,6.7,Good,5,High School,High,8.3,Yes,2.92,1,5.1,No,0,13.6,Dorm,Yes,Medium,7,5,10,Auditory,3.3,81
141525,19,Other,Psychology,4.6,4.3,2.3,Yes,96.9,6.5,Good,5,Some College,Low,4.3,No,3.86,3,7.0,No,3,11.9,Dorm,Yes,Low,5,10,5,Auditory,1.1,94
108126,22,Other,Psychology,5.7,5.0,3.5,Yes,63.3,4.7,Good,4,Some College,Low,2.0,No,3.56,4,7.1,No,4,15.3,Co-Learning Group,Yes,Low,1,7,8,Visual,7.0,96
157303,20,Female,Psychology,2.8,0.5,3.7,Yes,54.8,6.3,Good,1,High School,Medium,7.2,Yes,3.56,6,3.0,No,1,8.8,Quiet Room,No,Low,6,10,5,Visual,9.7,97
167192,21,Other,Biology,5.1,1.1,0.4,No,76.7,8.5,Good,7,High School,Medium,6.4,Yes,4.0,8,2.6,No,1,6.7,Dorm,Yes,Low,6,4,10,Visual,7.5,99
173999,27,Male,Psychology,3.0,0.6,2.9,No,57.7,6.1,Good,6,Master,Low,5.2,No,4.0,8,4.9,No,2,6.5,Library,No,Low,10,1,10,Auditory,2.7,94
159211,24,Other,Computer Science,6.207435617759715,2.2,2.3,No,45.5,6.7,Fair,4,Master,Low,5.7,Yes,4.0,2,6.6,No,2,12.4,Library,No,Medium,10,10,5,Auditory,3.4,88
137932,19,Other,Engineering,2.8,1.2,0.3,No,44.9,4.0,Fair,0,Some College,Low,9.3,No,3.78,4,3.1,No,1,6.1,Co-Learning Group,No,Medium,5,6,9,Kinesthetic,9.8,95
168829,22,Other,Business,8.0,1.8,3.6,No,55.3,7.3,Fair,7,High School,Low,5.8,No,3.36,8,7.0,No,2,14.4,Dorm,No,Low,7,6,9,Reading,8.2,88
138293,20,Other,Arts,5.3,3.2,0.4,Yes,42.1,4.2,Good,7,Master,Medium,5.4,Yes,3.72,1,3.8,No,2,9.0,Library,No,High,5,6,9,Reading,6.4,100
153500,27,Female,Engineering,4.1,4.9,2.5,Yes,68.0,6.4,Fair,0,Master,High,6.4,No,4.0,2,4.9,No,3,13.1,Library,No,High,5,10,5,Reading,8.7,97
103952,19,Male,Biology,5.0,4.7,3.2,No,73.9,9.5,Poor,6,Master,High,7.6,No,3.79,6,8.5,No,3,14.7,Library,No,Low,6,10,5,Visual,7.0,97
102125,28,Female,Biology,5.2,2.1,1.1,No,91.3,5.5,Fair,3,Some College,High,10.0,No,4.0,3,5.3,No,5,9.7,Co-Learning Group,Yes,Low,10,10,5,Kinesthetic,2.3,98
117938,27,Female,Computer Science,5.964161105669881,0.8,2.7,No,51.4,5.7,Good,7,Some College,Medium,6.2,No,3.0,5,8.2,No,1,10.4,Dorm,Yes,High,9,5,10,Visual,2.4,77
128726,17,Other,Arts,5.7,3.5,3.3,No,68.7,6.2,Fair,5,Master,Medium,6.6,Yes,4.0,1,1.9,No,2,13.7,Dorm,No,High,5,10,5,Reading,6.0,100
128243,23,Male,Engineering,2.9,1.1,3.8,Yes,67.7,6.9,Poor,0,Bachelor,High,7.3,No,2.91,4,4.7,No,0,8.8,Co-Learning Group,No,Low,7,5,10,Auditory,5.7,66
118972,25,Male,Computer Science,2.530303622833224,4.2,3.9,No,60.1,6.6,Good,1,High School,High,6.4,No,4.0,7,6.2,No,3,10.8,Co-Learning Group,Yes,High,4,2,10,Visual,8.4,100
136517,25,Other,Biology,1.5,1.3,0.6,Yes,83.3,6.8,Fair,7,Some College,Low,6.4,Yes,4.0,7,4.8,No,2,4.2,Quiet Room,No,High,9,8,7,Auditory,9.2,91
151000,20,Female,Arts,6.9,4.5,0.3,No,55.0,8.8,Fair,4,Bachelor,Medium,5.8,No,4.0,3,3.4,No,4,13.4,Library,No,High,1,9,6,Reading,5.2,94
106476,25,Female,Engineering,3.4,4.8,1.4,Yes,42.3,8.5,Good,1,Bachelor,Medium,6.9,Yes,3.69,5,2.7,No,4,9.7,Quiet Room,Yes,High,4,10,5,Reading,6.9,96
163240,19,Female,Arts,3.7,0.7,3.4,Yes,88.5,6.2,Good,5,Master,High,8.2,Yes,4.0,5,6.3,No,0,9.4,Co-Learning Group,No,Medium,4,9,6,Visual,4.3,97
176472,19,Male,Computer Science,5.436882154327472,1.7,1.1,No,45.7,7.7,Fair,4,PhD,Low,3.0,No,3.21,8,6.1,No,0,10.1,Library,No,Medium,2,4,10,Visual,9.5,82
169537,26,Female,Computer Science,6.861365872776366,1.5,0.5,No,52.1,4.7,Fair,5,High School,Low,6.8,Yes,3.36,6,6.1,No,4,10.5,Co-Learning Group,No,Low,1,7,8,Kinesthetic,8.4,74
155523,25,Male,Computer Science,4.712358799960096,0.2,0.0,No,42.1,6.2,Good,2,Some College,Low,3.3,Yes,3.83,1,3.6,No,4,6.8,Co-Learning Group,Yes,Medium,5,6,9,Kinesthetic,3.2,93
125098,20,Male,Arts,3.9,4.4,0.7,Yes,70.6,4.0,Good,4,Some College,High,7.3,Yes,4.0,5,5.1,No,2,9.3,Cafe,Yes,Medium,6,4,10,Kinesthetic,8.6,99
148870,27,Male,Computer Science,5.34435296421071,1.2,0.4,No,48.2,7.8,Good,5,Some College,High,4.4,No,3.73,4,2.0,No,1,8.5,Cafe,Yes,Medium,1,4,10,Auditory,7.6,85
128623,22,Female,Computer Science,8.002500076772034,3.5,3.8,Yes,89.7,8.1,Fair,5,Bachelor,High,9.4,No,3.44,4,6.7,No,0,16.0,Library,Yes,Medium,9,3,10,Auditory,9.4,90
100328,16,Other,Arts,2.7,4.3,1.3,No,56.4,6.8,Good,6,Master,High,9.3,Yes,3.64,5,2.4,No,3,10.0,Library,No,Medium,6,9,6,Visual,7.8,84
130949,16,Other,Computer Science,6.840968857690051,2.0,2.3,No,88.8,5.8,Fair,2,PhD,Low,6.0,Yes,3.65,7,6.6,No,0,12.4,Quiet Room,Yes,Low,2,5,10,Reading,8.2,94
169347,26,Other,Business,6.2,1.2,3.1,Yes,73.6,6.6,Good,2,Some College,High,6.2,No,4.0,2,2.6,No,3,11.5,Dorm,No,High,2,4,10,Reading,7.9,95
148339,28,Other,Psychology,2.6,1.7,2.2,Yes,66.2,7.0,Fair,2,Master,Medium,7.6,No,3.34,6,1.0,No,3,7.6,Cafe,Yes,High,8,2,10,Visual,2.4,78
144364,18,Male,Biology,5.0,3.1,0.7,Yes,75.4,6.4,Good,0,Master,Medium,10.0,No,3.3,1,5.1,No,0,10.4,Cafe,No,High,9,5,10,Reading,9.4,90
122840,28,Female,Psychology,4.8,0.5,0.0,No,65.5,8.5,Fair,3,Bachelor,Low,8.7,Yes,3.19,3,5.7,No,3,6.0,Co-Learning Group,No,Low,7,3,10,Reading,7.3,77
155294,16,Other,Business,5.4,3.8,3.2,Yes,96.1,9.5,Good,4,Master,Low,4.5,Yes,4.0,6,2.4,No,5,13.1,Dorm,No,Low,1,7,8,Reading,7.4,92
153563,16,Male,Computer Science,2.399418785831408,2.4,2.8,No,41.8,6.1,Poor,0,Bachelor,Medium,6.7,No,4.0,7,5.5,No,0,8.4,Cafe,No,Medium,1,7,8,Visual,3.6,100
116343,20,Female,Engineering,4.5,3.9,3.2,No,55.0,5.7,Poor,4,PhD,Low,6.6,Yes,2.39,5,3.4,No,4,11.8,Dorm,No,High,1,4,10,Kinesthetic,2.9,66
134734,24,Other,Biology,8.5,0.3,0.7,No,63.6,8.1,Good,5,Master,Medium,9.3,No,3.79,8,4.7,No,3,10.6,Co-Learning Group,No,Low,8,4,10,Auditory,5.7,96
166511,18,Male,Psychology,3.8,3.3,2.1,No,93.8,7.2,Poor,3,PhD,Medium,1.8,Yes,3.05,3,2.3,No,0,11.0,Co-Learning Group,No,Medium,7,3,10,Auditory,4.5,80
137765,24,Other,Engineering,2.4,1.9,0.0,No,98.6,9.0,Fair,4,PhD,Low,6.6,No,3.82,8,5.3,No,0,6.0,Cafe,Yes,Medium,4,6,9,Auditory,8.3,89
124233,19,Other,Computer Science,4.011021017760896,2.9,3.2,Yes,46.2,7.2,Good,6,PhD,High,7.0,Yes,4.0,2,7.7,No,1,11.8,Cafe,No,Low,7,9,6,Kinesthetic,6.4,100
111468,16,Male,Arts,4.2,0.9,1.9,Yes,62.1,7.6,Poor,5,PhD,High,7.2,No,3.5,3,6.7,No,0,8.9,Cafe,Yes,High,4,5,10,Kinesthetic,1.4,94
140436,26,Other,Engineering,5.9,2.1,0.4,No,73.1,8.0,Good,0,PhD,Medium,4.6,Yes,4.0,5,1.8,No,5,9.0,Library,Yes,High,8,4,10,Kinesthetic,6.4,100
112015,24,Female,Engineering,3.7,0.8,1.6,No,78.4,7.4,Fair,4,High School,High,4.3,No,3.49,7,4.9,No,0,8.1,Library,No,Medium,2,10,5,Visual,7.7,85
178392,17,Male,Engineering,8.5,3.9,1.2,Yes,74.2,6.6,Good,6,PhD,Medium,7.7,Yes,3.08,5,4.0,No,0,14.8,Dorm,Yes,High,5,2,10,Visual,7.6,77
162367,21,Male,Psychology,3.7,3.4,0.8,Yes,69.1,8.4,Good,7,Master,Medium,7.4,No,3.44,3,4.5,No,3,9.7,Library,Yes,Medium,6,5,10,Kinesthetic,5.4,89
162607,26,Other,Psychology,2.6,0.6,3.8,No,44.7,5.0,Poor,1,Some College,High,10.0,No,4.0,5,2.9,No,5,8.8,Co-Learning Group,Yes,Medium,9,9,6,Visual,9.2,100
144325,24,Female,Psychology,4.0,2.1,1.7,No,70.1,7.9,Good,4,High School,Medium,10.0,Yes,4.0,4,2.8,No,1,9.5,Library,No,Medium,8,10,5,Reading,4.0,100
132624,27,Male,Arts,1.5,4.8,3.1,Yes,74.0,5.3,Good,1,PhD,High,6.1,No,2.92,5,2.8,No,5,10.2,Cafe,No,High,6,6,9,Kinesthetic,6.9,74
172592,21,Other,Engineering,2.6,1.7,2.8,No,40.3,10.2,Good,7,Bachelor,Medium,3.5,Yes,4.0,4,5.8,No,5,7.6,Cafe,Yes,Medium,1,6,9,Kinesthetic,9.7,100
122918,22,Female,Engineering,4.6,2.4,3.0,Yes,56.1,9.3,Good,1,Bachelor,Medium,4.3,No,3.41,8,6.6,No,1,11.5,Co-Learning Group,No,Medium,4,5,10,Kinesthetic,8.2,86
142887,19,Male,Psychology,4.0,0.2,0.6,Yes,78.5,5.6,Poor,5,PhD,Low,7.7,No,4.0,4,5.1,No,0,5.2,Co-Learning Group,Yes,High,5,9,6,Reading,1.8,93
109029,24,Female,Arts,5.2,0.3,3.8,No,58.6,5.6,Fair,0,Master,High,10.0,Yes,3.19,6,3.1,No,1,10.1,Quiet Room,No,Medium,3,7,8,Kinesthetic,3.7,80
114428,27,Male,Business,1.6,1.2,0.5,No,63.2,8.1,Good,6,Some College,Medium,7.6,No,3.26,5,4.9,No,5,4.5,Cafe,No,Medium,5,1,10,Kinesthetic,3.6,86
177084,19,Female,Computer Science,2.440380148142109,3.4,2.1,Yes,89.4,7.7,Fair,6,Some College,Low,10.0,No,3.89,5,6.7,No,0,8.4,Quiet Room,Yes,High,4,8,7,Auditory,8.6,99
123631,21,Other,Computer Science,5.1176857340698,3.7,1.0,Yes,78.6,6.3,Good,2,Bachelor,Low,6.7,No,3.71,3,6.4,No,1,9.9,Cafe,No,High,10,1,10,Visual,5.5,96
121110,22,Other,Business,1.2,1.4,1.6,Yes,59.8,4.0,Fair,4,PhD,High,4.3,Yes,4.0,5,4.8,No,4,6.1,Quiet Room,No,High,1,8,7,Kinesthetic,5.4,98
179962,27,Male,Computer Science,10.19710325353286,2.6,2.6,Yes,71.6,6.8,Good,4,Some College,High,8.8,Yes,4.0,8,6.5,No,5,16.4,Dorm,Yes,Low,7,10,5,Auditory,7.4,99
159675,23,Male,Business,3.1,4.9,3.4,No,68.1,10.2,Good,4,Some College,Medium,4.5,No,3.66,5,4.9,No,2,12.4,Dorm,No,High,8,5,10,Auditory,4.5,88
177142,20,Other,Computer Science,1.7504080417465842,3.4,2.8,No,67.5,9.9,Good,5,Bachelor,Low,8.2,No,4.0,4,6.3,No,5,8.6,Library,Yes,Low,6,10,5,Kinesthetic,1.2,99
100918,19,Female,Psychology,5.4,4.3,2.7,No,87.2,7.1,Poor,3,PhD,Medium,5.7,No,4.0,4,7.5,No,5,12.8,Dorm,Yes,Medium,5,2,10,Auditory,9.7,93
133338,23,Female,Business,1.3,0.2,0.5,No,62.7,7.5,Good,4,PhD,High,8.6,No,4.0,5,4.9,No,3,2.9,Library,Yes,Medium,3,7,8,Visual,9.5,100
126473,18,Other,Biology,6.9,1.6,0.2,Yes,93.9,5.4,Fair,3,Master,Low,8.8,No,4.0,4,6.4,No,3,9.6,Dorm,Yes,High,3,4,10,Visual,5.0,93
139178,23,Female,Business,0.0,1.4,1.4,No,76.6,10.5,Fair,3,Bachelor,Medium,7.5,Yes,4.0,3,4.8,No,3,4.0,Co-Learning Group,Yes,Low,6,1,10,Kinesthetic,3.8,98
103678,23,Male,Biology,2.4,4.4,3.5,No,61.9,8.6,Good,1,Some College,High,8.7,Yes,3.71,6,6.9,No,5,11.5,Cafe,No,Low,1,2,10,Auditory,1.3,93
105762,25,Female,Engineering,1.5,3.1,2.3,No,81.1,8.0,Fair,7,PhD,Medium,4.8,Yes,3.32,8,3.8,No,4,7.6,Quiet Room,No,Low,6,7,8,Auditory,1.5,86
171097,22,Male,Engineering,2.6,4.6,2.5,No,43.2,7.7,Good,5,Master,Low,6.7,Yes,4.0,4,5.2,No,3,11.0,Co-Learning Group,Yes,Medium,7,8,7,Auditory,2.9,98
118454,19,Female,Arts,0.2,1.2,3.0,Yes,83.3,6.4,Poor,1,Bachelor,Medium,8.6,Yes,3.67,4,3.7,No,4,5.9,Library,Yes,Low,2,3,10,Kinesthetic,4.2,86
141505,16,Other,Psychology,2.4,4.5,3.2,No,96.6,4.7,Fair,5,Master,High,9.3,Yes,2.66,2,3.9,No,4,11.8,Dorm,Yes,Medium,7,2,10,Visual,3.1,70
122995,26,Other,Biology,7.9,1.7,2.8,No,79.7,7.7,Poor,4,High School,High,3.2,Yes,4.0,6,7.6,No,5,12.6,Co-Learning Group,No,High,5,6,9,Auditory,7.3,98
166001,20,Female,Computer Science,3.899636509060936,0.4,3.4,No,40.5,6.3,Fair,4,Some College,High,7.3,Yes,2.64,1,2.0,No,0,8.9,Dorm,No,Low,9,1,10,Kinesthetic,7.6,63
161175,26,Other,Psychology,1.8,4.2,3.1,Yes,73.9,8.2,Good,5,High School,High,4.9,Yes,4.0,4,1.0,No,5,10.7,Cafe,No,Medium,8,1,10,Reading,3.9,100
159162,26,Other,Biology,1.9,4.6,3.9,No,65.3,6.2,Good,1,Bachelor,Medium,2.7,Yes,3.38,3,2.3,No,0,10.7,Co-Learning Group,Yes,High,1,10,5,Auditory,5.2,86
161363,26,Male,Computer Science,6.7250211237630335,3.5,3.0,Yes,82.1,7.9,Good,4,Bachelor,High,2.8,Yes,4.0,3,8.2,No,1,15.0,Co-Learning Group,Yes,Low,4,9,6,Auditory,8.2,93
173621,26,Other,Psychology,6.3,1.8,3.4,No,69.8,5.3,Good,7,Master,Low,4.7,Yes,3.84,7,3.1,No,4,12.3,Co-Learning Group,Yes,Medium,6,5,10,Visual,8.7,87
116160,17,Male,Business,4.8,0.6,1.8,No,53.5,6.1,Fair,4,Master,High,6.2,Yes,4.0,4,6.9,No,5,8.3,Co-Learning Group,No,Medium,4,9,6,Reading,7.0,91
160241,23,Male,Engineering,2.9,2.6,2.5,No,82.6,7.5,Poor,4,High School,Medium,6.9,Yes,4.0,4,1.0,No,3,8.1,Library,No,Medium,1,3,10,Kinesthetic,3.1,97
103694,24,Male,Arts,5.7,2.8,1.8,No,70.2,7.5,Good,1,High School,Low,6.0,No,2.95,4,9.9,Yes,1,11.5,Cafe,No,High,7,1,10,Reading,5.6,62
140126,22,Other,Computer Science,3.889328585662902,3.9,0.9,No,60.8,7.5,Good,6,High School,Medium,5.1,No,4.0,8,3.9,No,0,9.9,Co-Learning Group,Yes,Low,9,10,5,Reading,3.9,92
154156,22,Other,Engineering,1.2,0.6,0.3,No,67.0,8.7,Fair,7,PhD,Low,7.2,No,4.0,7,3.9,No,5,2.9,Dorm,No,Medium,7,10,5,Reading,7.5,94
101168,21,Male,Engineering,6.3,0.2,2.2,No,73.7,8.9,Good,6,High School,Low,6.4,Yes,4.0,7,6.8,No,2,10.4,Library,No,High,7,10,5,Auditory,3.0,98
140854,22,Other,Biology,3.1,4.9,0.4,No,50.2,5.7,Fair,0,Some College,High,6.1,Yes,2.58,1,4.5,No,4,8.8,Cafe,No,High,3,1,10,Auditory,9.9,58
166461,21,Other,Engineering,2.9,0.9,0.5,Yes,56.6,4.0,Good,2,Bachelor,Low,7.5,Yes,3.94,2,2.1,No,3,5.1,Quiet Room,No,High,8,2,10,Kinesthetic,6.2,100
130680,23,Other,Computer Science,1.4490556570733122,2.3,3.0,Yes,79.3,5.3,Fair,3,Bachelor,Low,10.0,Yes,2.76,5,6.1,No,2,8.3,Cafe,Yes,High,5,6,9,Visual,1.7,67
177047,28,Male,Biology,2.7,0.4,2.2,Yes,75.4,7.0,Poor,7,Master,High,6.1,No,3.9,3,6.5,No,3,5.5,Dorm,Yes,Low,10,7,8,Kinesthetic,10.0,93
150798,22,Male,Engineering,6.8,0.9,3.5,No,72.2,6.1,Good,5,PhD,Medium,10.0,No,3.32,3,1.8,No,1,12.3,Library,Yes,Low,8,3,10,Kinesthetic,3.1,89
156766,23,Female,Biology,3.3,2.7,2.3,No,40.1,8.1,Good,1,Some College,Medium,6.4,Yes,2.72,5,2.1,No,0,9.6,Dorm,No,High,9,5,10,Auditory,7.6,57
112302,20,Female,Psychology,3.8,2.1,3.1,No,94.5,7.0,Fair,4,PhD,High,7.8,Yes,4.0,2,5.4,No,4,9.4,Quiet Room,No,Medium,6,9,6,Visual,1.4,100
121177,16,Female,Arts,3.1,1.8,3.7,Yes,96.6,8.2,Poor,6,Master,High,4.6,No,3.47,8,8.1,No,1,10.1,Quiet Room,No,Medium,7,10,5,Visual,6.5,92
137552,27,Female,Business,2.9,4.3,2.8,Yes,40.6,8.2,Good,6,PhD,High,6.0,Yes,4.0,8,2.3,No,1,11.1,Quiet Room,No,Medium,6,2,10,Visual,1.1,97
155663,26,Male,Biology,2.8,0.4,2.1,No,66.4,7.3,Poor,5,Some College,Medium,7.8,Yes,3.31,7,1.8,No,3,5.6,Cafe,Yes,Medium,10,2,10,Kinesthetic,8.6,81
124671,17,Female,Business,2.7,4.8,1.9,Yes,58.8,7.8,Fair,6,PhD,Low,10.0,Yes,2.93,1,6.8,No,3,9.7,Quiet Room,Yes,High,6,2,10,Visual,2.3,82
162443,27,Male,Business,3.8,1.0,3.4,No,87.6,8.6,Poor,1,Bachelor,Medium,4.7,Yes,4.0,4,6.0,No,1,8.9,Quiet Room,Yes,High,10,6,9,Auditory,9.4,91
121919,16,Other,Engineering,0.2,4.9,0.1,No,61.8,6.1,Good,0,Bachelor,Medium,9.4,No,2.87,6,1.0,No,5,6.7,Library,No,Low,3,5,10,Kinesthetic,4.1,70
166005,18,Male,Computer Science,6.14606224442035,3.7,0.9,Yes,52.7,8.5,Good,1,Some College,High,5.2,Yes,3.84,3,4.6,No,2,10.8,Library,No,Low,9,8,7,Auditory,2.3,90
146019,19,Male,Arts,5.7,1.3,2.8,Yes,50.2,6.2,Good,1,High School,High,6.9,Yes,4.0,4,6.8,No,5,10.5,Quiet Room,No,High,10,1,10,Visual,6.3,100
128866,18,Male,Business,0.9,0.2,2.0,No,97.2,7.9,Fair,5,High School,Medium,3.6,Yes,3.95,1,8.7,No,3,3.9,Co-Learning Group,No,Medium,3,4,10,Auditory,4.7,98
157414,23,Other,Engineering,3.5,0.8,2.2,No,89.1,7.1,Good,4,Bachelor,Medium,7.3,Yes,3.54,2,4.8,No,1,7.2,Quiet Room,No,Low,2,6,9,Auditory,1.9,86
114029,17,Male,Arts,7.1,2.6,3.4,Yes,51.6,4.0,Good,4,PhD,Low,5.4,No,2.85,5,3.2,No,4,13.9,Dorm,Yes,Medium,2,1,10,Visual,8.9,68
177892,21,Male,Business,0.0,1.0,2.2,No,74.3,6.6,Good,7,Some College,Low,5.3,No,3.65,1,5.7,No,1,3.5,Quiet Room,Yes,High,5,3,10,Visual,2.2,93
115558,22,Other,Arts,4.9,1.4,2.9,Yes,52.8,7.9,Good,4,Master,Low,8.2,Yes,3.57,2,5.7,No,3,10.4,Cafe,Yes,Medium,9,3,10,Kinesthetic,5.7,81
124552,24,Female,Biology,4.1,3.5,2.5,No,57.2,6.6,Good,1,Bachelor,Medium,10.0,No,3.86,2,5.8,No,3,10.6,Dorm,Yes,Medium,2,8,7,Auditory,4.1,87
162092,21,Female,Psychology,3.9,2.5,2.8,Yes,60.0,7.0,Good,4,Master,Low,5.3,No,4.0,8,7.0,No,3,11.2,Library,Yes,Medium,7,10,5,Kinesthetic,2.7,100
161455,16,Other,Business,4.6,4.9,1.3,Yes,76.9,7.2,Fair,0,Some College,High,6.1,No,3.6,4,6.8,No,0,11.2,Quiet Room,Yes,High,5,5,10,Reading,6.3,89
155100,18,Male,Business,4.6,3.0,3.3,No,63.1,6.1,Fair,4,Bachelor,High,5.3,No,2.89,4,4.2,No,4,11.3,Library,No,High,9,3,10,Auditory,4.6,73
169513,26,Female,Computer Science,5.907228758145327,1.7,0.1,Yes,82.2,8.8,Fair,4,Bachelor,Low,8.1,Yes,4.0,5,4.0,No,5,8.7,Cafe,Yes,High,9,5,10,Visual,1.4,100
179301,17,Other,Business,2.8,3.1,2.2,Yes,58.5,8.6,Poor,2,Master,Low,7.7,Yes,4.0,8,4.1,No,5,9.6,Dorm,No,Medium,5,7,8,Kinesthetic,3.2,100
169856,21,Other,Computer Science,9.318674089015778,2.7,1.2,No,78.5,5.5,Good,0,Master,High,3.1,Yes,3.64,4,1.0,No,0,14.0,Co-Learning Group,Yes,High,1,6,9,Visual,6.5,86
171685,23,Other,Psychology,2.7,0.3,4.0,Yes,77.3,5.3,Good,5,High School,Low,8.6,No,3.81,2,3.9,No,0,7.9,Dorm,No,High,7,5,10,Kinesthetic,6.2,96
167917,18,Female,Psychology,4.7,2.7,0.9,Yes,57.6,9.1,Good,3,Bachelor,Medium,7.8,Yes,3.47,7,5.1,No,5,9.1,Cafe,Yes,High,3,2,10,Auditory,6.4,86
148702,20,Male,Engineering,4.2,0.7,1.5,No,56.9,6.6,Fair,1,High School,Medium,5.7,No,3.87,2,1.5,No,5,7.5,Dorm,No,Medium,2,8,7,Visual,7.3,100
139603,18,Male,Psychology,3.5,4.8,1.3,Yes,70.2,8.6,Good,0,PhD,High,8.6,Yes,4.0,1,5.4,No,3,10.7,Quiet Room,Yes,Low,3,8,7,Kinesthetic,6.9,100
107107,16,Other,Computer Science,5.130780129043215,2.1,3.2,Yes,90.7,6.1,Fair,4,Master,Medium,7.7,Yes,3.43,1,3.3,No,2,11.7,Cafe,No,Low,2,8,7,Kinesthetic,8.8,85
174890,28,Male,Biology,8.7,0.6,1.9,No,58.9,5.0,Good,5,Bachelor,Medium,4.7,Yes,4.0,3,5.5,No,4,12.0,Dorm,Yes,High,5,6,9,Auditory,8.5,100
137091,19,Female,Engineering,6.1,0.5,2.6,No,78.5,9.3,Good,3,High School,High,5.1,No,4.0,6,5.8,No,3,10.7,Cafe,No,Low,1,2,10,Kinesthetic,2.1,100
119236,25,Female,Biology,3.6,2.4,3.6,Yes,41.9,8.3,Fair,5,High School,Low,9.3,Yes,3.1,4,9.8,No,5,9.9,Cafe,Yes,Medium,6,4,10,Visual,2.1,84
121323,16,Female,Computer Science,8.819206437088805,2.4,2.6,No,96.5,5.9,Good,0,PhD,High,5.3,No,4.0,6,5.0,No,3,15.4,Cafe,No,Low,10,5,10,Reading,7.1,96
155182,25,Female,Biology,2.8,0.3,3.6,Yes,95.0,5.4,Good,3,High School,Medium,4.5,No,2.82,4,1.0,No,5,7.4,Co-Learning Group,Yes,Medium,5,1,10,Kinesthetic,6.0,79
142365,25,Male,Psychology,4.1,1.2,3.1,No,78.7,5.8,Fair,6,Some College,Low,8.3,No,4.0,5,6.7,No,1,10.0,Cafe,Yes,High,4,7,8,Auditory,6.5,99
158205,28,Female,Psychology,1.5,2.3,0.3,Yes,70.9,7.3,Good,5,Bachelor,Low,4.8,Yes,4.0,8,5.5,No,3,4.9,Co-Learning Group,Yes,Medium,5,9,6,Visual,5.0,99
175434,23,Male,Psychology,4.6,0.1,0.3,Yes,60.0,5.3,Good,0,PhD,High,5.4,No,4.0,1,3.5,No,4,5.6,Co-Learning Group,No,High,1,7,8,Kinesthetic,7.8,100
152236,25,Male,Computer Science,6.30560811951144,0.1,1.6,No,48.8,8.8,Fair,4,Master,Low,6.0,Yes,4.0,3,3.4,No,4,10.0,Cafe,Yes,High,2,10,5,Reading,3.2,92
112356,20,Male,Computer Science,4.807568189462145,0.3,0.0,No,51.8,6.2,Fair,6,PhD,High,6.5,Yes,3.13,5,4.1,No,5,6.5,Dorm,No,Low,4,9,6,Visual,7.7,83
123557,20,Male,Business,5.4,2.4,2.1,Yes,94.6,8.0,Fair,0,High School,Medium,6.4,No,2.99,5,9.2,No,0,10.5,Library,Yes,Low,1,5,10,Reading,5.5,83
177841,17,Other,Business,6.1,1.0,2.7,No,66.8,5.4,Good,5,Master,High,9.2,No,4.0,8,5.5,No,2,10.2,Dorm,No,Low,2,7,8,Reading,1.7,100
168457,23,Other,Computer Science,5.350713716808945,3.0,2.4,Yes,74.0,5.5,Fair,0,Some College,High,6.2,No,3.93,4,5.0,No,0,11.0,Library,No,Medium,7,5,10,Reading,5.1,94
107273,26,Female,Engineering,3.4,0.9,1.5,No,42.7,6.2,Good,2,High School,Low,6.6,Yes,3.94,3,5.4,No,1,6.7,Cafe,No,Low,5,4,10,Visual,8.4,100
159930,22,Other,Biology,3.4,2.7,2.6,No,44.4,8.0,Poor,6,Some College,High,6.2,Yes,4.0,3,6.9,No,1,10.0,Cafe,No,Low,5,8,7,Visual,8.5,97
156966,19,Other,Arts,2.7,1.2,2.2,Yes,97.1,6.4,Good,0,High School,Medium,8.1,Yes,3.86,1,4.4,No,2,7.9,Co-Learning Group,Yes,High,1,8,7,Reading,2.3,94
110843,18,Male,Engineering,7.5,3.0,2.9,No,95.0,8.1,Good,4,High School,Low,8.4,Yes,4.0,5,6.2,No,5,13.4,Quiet Room,No,Medium,5,10,5,Visual,9.1,100
120714,25,Male,Arts,5.7,1.2,2.3,Yes,92.5,9.6,Good,2,Some College,High,6.1,Yes,4.0,3,6.5,No,3,10.5,Cafe,Yes,High,6,2,10,Visual,3.5,100
101091,17,Male,Psychology,3.6,0.5,2.1,No,87.8,6.9,Fair,5,PhD,High,5.6,Yes,4.0,5,5.4,No,5,7.3,Cafe,Yes,High,4,2,10,Visual,8.9,100
144303,17,Male,Business,3.8,4.6,3.4,Yes,68.3,5.1,Good,6,Some College,Low,8.6,No,4.0,8,2.9,No,5,13.5,Quiet Room,Yes,High,10,4,10,Visual,6.1,96
117369,26,Female,Psychology,0.2,1.6,0.6,Yes,88.8,6.7,Good,5,Some College,High,6.6,No,4.0,4,2.1,No,1,4.2,Quiet Room,No,Medium,5,5,10,Auditory,4.9,100
112836,27,Other,Computer Science,5.757051039009038,0.0,3.2,Yes,77.6,6.7,Poor,2,Some College,Medium,4.5,No,4.0,3,4.3,No,1,9.7,Co-Learning Group,Yes,Medium,6,2,10,Auditory,4.5,93
148790,25,Other,Biology,6.1,1.7,1.7,No,47.2,9.2,Good,3,PhD,Medium,6.7,No,4.0,2,2.8,No,5,10.5,Cafe,Yes,High,8,3,10,Auditory,4.3,100
174583,20,Other,Business,5.5,1.0,3.9,No,88.8,8.4,Poor,5,High School,Medium,4.2,Yes,4.0,6,7.6,No,1,11.3,Library,No,Low,7,9,6,Reading,7.4,91
179188,19,Female,Business,2.0,5.0,0.4,Yes,94.3,9.2,Fair,5,Master,Medium,2.2,Yes,3.51,1,7.8,No,0,9.1,Co-Learning Group,Yes,High,8,8,7,Visual,6.9,91
132635,20,Male,Computer Science,6.099580550045009,3.0,1.3,Yes,72.2,5.0,Fair,1,Bachelor,High,6.6,No,2.64,2,4.3,No,5,12.1,Dorm,No,Medium,5,7,8,Visual,3.2,63
162513,24,Male,Biology,4.3,3.9,0.9,No,85.2,8.9,Good,2,High School,High,8.4,Yes,3.14,8,1.0,No,2,10.0,Co-Learning Group,No,Low,9,3,10,Reading,7.9,70
167066,25,Female,Business,8.3,2.9,0.8,Yes,50.5,8.6,Good,6,Master,Low,3.5,Yes,4.0,4,3.6,No,5,12.7,Cafe,Yes,High,5,1,10,Reading,4.3,100
135301,24,Female,Business,5.9,1.6,1.0,No,52.5,6.9,Good,2,Some College,Low,6.1,Yes,2.96,6,5.0,No,4,10.4,Cafe,No,Medium,8,4,10,Auditory,3.1,71
127640,26,Female,Arts,4.3,2.4,3.2,Yes,47.2,8.1,Good,2,Some College,High,10.0,Yes,2.9,3,3.7,No,5,10.9,Quiet Room,No,High,7,1,10,Kinesthetic,5.9,68
124151,20,Male,Computer Science,4.161735661055223,2.9,3.6,No,95.4,8.4,Fair,6,Bachelor,Medium,6.6,No,4.0,7,7.4,No,4,12.0,Quiet Room,No,High,1,6,9,Kinesthetic,7.6,94
151635,27,Other,Arts,5.2,1.5,2.7,No,68.0,7.1,Poor,7,PhD,High,8.7,No,3.65,8,5.9,No,0,10.4,Library,Yes,High,7,7,8,Auditory,3.4,87
179493,21,Female,Engineering,5.7,5.0,1.5,Yes,63.5,10.3,Fair,5,Master,High,5.9,Yes,3.73,7,4.3,No,1,13.1,Cafe,Yes,High,6,5,10,Auditory,7.0,91
179044,17,Other,Biology,4.1,4.9,0.4,Yes,89.9,8.3,Fair,6,High School,Low,7.3,Yes,4.0,4,5.4,No,5,9.7,Library,No,Low,4,9,6,Visual,5.4,100
103276,26,Male,Business,4.6,3.6,2.9,No,84.9,9.4,Fair,6,PhD,Medium,6.9,Yes,4.0,5,6.7,No,5,12.7,Library,Yes,High,10,10,5,Kinesthetic,3.3,100
167264,20,Male,Business,0.9,2.0,1.7,No,97.1,5.3,Good,7,PhD,High,9.2,No,3.49,7,6.1,No,2,4.8,Cafe,Yes,High,1,9,6,Visual,2.4,96
161050,25,Other,Psychology,2.5,0.2,0.7,No,83.5,6.1,Good,0,Some College,Medium,6.8,Yes,4.0,6,5.5,No,5,5.4,Quiet Room,Yes,Low,5,4,10,Reading,5.6,99
143123,26,Female,Psychology,3.2,3.2,2.0,Yes,88.8,8.9,Poor,5,Some College,High,5.1,No,4.0,2,4.3,No,0,9.0,Library,Yes,Low,3,2,10,Visual,8.6,95
172797,25,Female,Biology,3.0,0.1,0.0,No,91.2,6.7,Good,7,Bachelor,High,4.7,No,4.0,2,7.8,No,0,3.6,Quiet Room,Yes,High,3,7,8,Kinesthetic,5.0,100
123577,24,Male,Psychology,5.9,4.7,2.3,Yes,77.9,5.5,Good,0,High School,Medium,3.5,Yes,3.56,4,7.8,No,2,13.9,Library,Yes,High,9,8,7,Kinesthetic,6.8,89
101594,26,Male,Arts,4.1,5.0,2.6,Yes,66.0,6.5,Poor,6,PhD,Low,6.6,No,4.0,8,4.5,No,2,13.2,Quiet Room,Yes,Medium,4,4,10,Kinesthetic,6.9,100
108733,16,Male,Business,3.8,0.2,2.3,Yes,45.2,11.5,Good,3,Master,Low,6.6,Yes,3.59,3,7.0,No,4,6.9,Quiet Room,Yes,Low,1,5,10,Visual,8.8,90
115623,16,Female,Psychology,3.8,1.0,0.1,Yes,88.9,4.1,Poor,7,PhD,Low,7.9,Yes,2.58,8,7.1,No,2,4.9,Dorm,No,Medium,3,8,7,Reading,9.3,70
134358,18,Male,Psychology,3.1,3.0,3.0,Yes,72.4,8.1,Good,1,High School,Medium,8.7,No,3.9,7,6.8,No,4,10.6,Quiet Room,Yes,Low,1,2,10,Visual,7.1,99
178866,23,Female,Arts,3.4,2.2,0.3,No,47.8,7.0,Poor,0,High School,High,4.5,No,3.09,3,5.5,No,3,6.4,Co-Learning Group,Yes,Low,5,3,10,Kinesthetic,8.2,68
103341,19,Other,Engineering,1.0,2.5,3.8,No,62.3,9.8,Good,0,Bachelor,Medium,6.5,Yes,3.53,6,5.6,No,1,8.2,Co-Learning Group,No,Medium,6,10,5,Kinesthetic,7.9,80
154990,17,Female,Business,3.7,3.0,2.2,No,88.7,9.3,Fair,7,Master,High,8.1,No,4.0,5,3.3,No,2,10.1,Dorm,Yes,Medium,7,8,7,Reading,2.0,97
115477,22,Other,Business,4.9,0.0,0.0,Yes,88.6,9.3,Good,5,Master,Low,5.3,No,3.21,1,5.4,No,1,6.1,Library,No,Low,4,8,7,Kinesthetic,4.3,70
119483,20,Female,Computer Science,3.540677199442239,4.1,1.3,No,65.9,10.4,Fair,5,High School,Low,7.4,No,4.0,5,5.9,No,1,10.6,Cafe,Yes,Low,6,5,10,Reading,3.8,100
132160,23,Male,Business,5.3,1.9,0.6,Yes,74.6,6.4,Fair,1,PhD,High,5.0,No,3.28,4,6.0,No,3,8.5,Dorm,No,Low,3,1,10,Reading,4.6,84
152581,26,Other,Biology,2.7,4.1,0.9,No,85.6,9.4,Good,3,PhD,High,10.0,Yes,3.34,4,7.0,No,3,9.1,Co-Learning Group,Yes,Low,6,10,5,Kinesthetic,1.9,79
173981,28,Other,Engineering,6.3,0.6,3.0,Yes,48.1,6.5,Good,2,Master,Medium,7.9,Yes,3.14,6,7.0,No,4,10.6,Dorm,Yes,High,2,5,10,Reading,5.1,77
175423,19,Male,Business,2.3,1.6,0.8,No,61.4,8.8,Good,1,PhD,Low,4.3,No,3.14,5,9.1,No,0,6.0,Co-Learning Group,Yes,Low,8,8,7,Kinesthetic,6.0,82
117099,26,Other,Biology,6.2,1.7,1.0,No,69.2,8.2,Poor,3,Master,Medium,8.9,Yes,4.0,7,4.3,No,3,9.3,Library,Yes,Low,8,7,8,Visual,1.7,100
168743,16,Male,Biology,2.3,0.5,2.4,Yes,65.8,6.7,Fair,4,Bachelor,Low,7.1,Yes,3.8,7,2.1,No,2,6.9,Library,Yes,Low,7,1,10,Reading,5.2,94
155599,24,Male,Biology,5.5,2.5,0.9,No,78.9,6.2,Fair,1,PhD,Medium,8.1,No,4.0,4,4.4,No,4,9.0,Quiet Room,Yes,Low,8,9,6,Auditory,1.5,94
176502,16,Other,Computer Science,4.25163727493993,2.1,3.4,No,57.8,6.0,Poor,3,Some College,Medium,4.8,No,2.87,8,5.6,No,0,9.9,Dorm,Yes,High,5,1,10,Auditory,4.4,65
100740,27,Male,Psychology,9.3,1.4,2.1,Yes,80.9,6.7,Good,7,High School,Low,6.6,Yes,4.0,2,3.8,No,5,14.3,Library,Yes,Medium,8,7,8,Reading,7.9,94
113120,27,Male,Arts,3.1,4.2,2.7,No,41.9,5.9,Fair,1,Bachelor,High,5.1,Yes,3.59,3,5.1,No,3,10.2,Library,Yes,Low,2,1,10,Visual,7.5,95
118590,26,Female,Arts,6.8,4.5,0.1,Yes,60.7,5.1,Poor,2,PhD,High,8.2,Yes,3.15,2,5.6,No,0,11.5,Dorm,Yes,High,10,3,10,Reading,8.2,81
147267,22,Female,Business,2.4,1.9,1.6,No,77.6,10.8,Good,1,Master,Low,6.3,Yes,4.0,8,1.8,No,4,7.7,Quiet Room,No,Medium,2,1,10,Kinesthetic,2.3,100
131337,19,Other,Computer Science,5.79703725249304,1.1,1.7,No,56.3,9.5,Good,6,Master,Medium,7.4,No,4.0,8,6.1,No,5,9.0,Quiet Room,No,Medium,8,3,10,Kinesthetic,7.6,95
169095,22,Male,Business,5.3,0.6,2.1,Yes,98.8,6.5,Fair,6,PhD,Low,8.9,No,4.0,1,6.2,No,5,8.2,Cafe,No,Low,8,9,6,Auditory,2.9,95
172302,16,Male,Psychology,0.0,2.9,2.5,Yes,40.8,9.8,Good,2,Bachelor,Low,3.1,No,3.78,6,3.6,No,0,6.3,Dorm,No,High,7,2,10,Auditory,1.3,94
124534,19,Male,Business,6.9,2.9,2.8,No,58.2,8.0,Fair,5,PhD,Low,2.1,No,4.0,8,6.0,No,5,13.2,Co-Learning Group,No,Medium,8,9,6,Visual,4.7,100
157048,25,Male,Engineering,1.8,0.7,2.6,No,54.9,6.6,Fair,7,Some College,Medium,7.1,No,3.16,7,4.0,No,0,6.5,Cafe,No,Medium,7,10,5,Auditory,3.1,87
178056,20,Female,Arts,1.6,1.3,2.0,Yes,64.0,9.5,Poor,1,High School,Low,4.8,Yes,2.27,8,5.2,No,1,6.2,Dorm,Yes,Low,8,3,10,Reading,6.2,62
161978,27,Female,Psychology,4.2,1.4,1.0,No,49.2,4.2,Good,2,High School,Low,6.7,Yes,4.0,5,4.9,No,0,8.3,Co-Learning Group,No,Low,7,10,5,Visual,8.7,100
128847,16,Other,Business,4.1,0.7,1.3,Yes,89.7,8.1,Good,5,High School,High,8.3,No,4.0,2,9.5,No,5,7.4,Library,Yes,High,9,10,5,Kinesthetic,3.5,92
105620,20,Male,Biology,3.2,1.9,3.1,Yes,94.1,6.1,Fair,6,Some College,Low,8.7,Yes,3.13,3,6.1,No,1,8.5,Quiet Room,Yes,High,4,2,10,Kinesthetic,2.6,85
177092,17,Other,Psychology,4.0,0.9,3.3,No,99.8,5.4,Fair,7,PhD,Low,7.0,No,4.0,4,8.3,No,1,8.5,Library,Yes,Low,1,5,10,Visual,3.6,95
163765,18,Male,Computer Science,4.206220424609736,0.8,3.6,Yes,40.4,5.1,Fair,3,Master,Low,7.0,No,3.14,6,8.1,Yes,1,9.9,Cafe,No,Medium,9,1,10,Visual,6.1,78
154703,27,Other,Business,2.9,0.4,3.5,No,74.8,4.9,Good,1,PhD,Medium,10.0,Yes,3.45,1,4.9,No,1,8.5,Dorm,Yes,Medium,8,10,5,Kinesthetic,9.5,89
106558,22,Other,Engineering,4.9,2.9,2.8,Yes,91.6,7.3,Fair,6,Master,High,9.6,No,3.38,4,5.7,No,4,11.9,Quiet Room,No,Low,9,7,8,Visual,7.7,89
137310,27,Other,Computer Science,8.2526057678592,3.0,2.1,Yes,66.6,5.1,Fair,7,PhD,High,7.0,Yes,3.48,3,8.0,No,2,13.7,Co-Learning Group,Yes,Medium,1,5,10,Visual,7.0,91
134877,24,Other,Arts,3.9,0.4,3.8,No,89.1,7.7,Good,5,Bachelor,Low,3.1,No,4.0,7,6.4,No,4,9.9,Co-Learning Group,No,Low,10,3,10,Visual,4.4,100
105582,25,Female,Engineering,4.7,2.1,2.6,Yes,59.7,6.2,Poor,7,High School,High,4.4,Yes,2.92,5,8.5,No,4,10.0,Quiet Room,No,Low,3,6,9,Auditory,4.2,77
153667,23,Other,Psychology,4.1,0.5,2.5,No,90.8,6.8,Fair,3,Master,Low,6.1,Yes,2.66,6,5.4,No,1,7.9,Co-Learning Group,No,Low,8,3,10,Reading,4.7,65
109130,17,Other,Psychology,3.1,2.0,1.1,No,51.0,6.1,Fair,5,Some College,Low,6.2,No,4.0,2,7.0,No,2,8.0,Dorm,Yes,Low,3,7,8,Reading,6.1,100
145512,27,Male,Business,7.2,4.8,0.9,Yes,57.0,4.6,Good,6,Bachelor,High,9.1,No,4.0,8,3.1,No,1,13.2,Co-Learning Group,No,High,2,4,10,Auditory,8.4,100
172030,22,Other,Arts,3.3,0.7,2.2,Yes,86.6,7.0,Good,1,High School,High,3.7,No,4.0,6,8.6,No,0,7.0,Quiet Room,No,Low,8,10,5,Reading,5.8,99
153054,27,Male,Computer Science,5.767318699598974,2.7,2.4,No,64.5,8.8,Poor,4,Master,Low,10.0,No,3.09,7,5.2,No,1,12.3,Dorm,Yes,High,6,2,10,Auditory,9.1,73
114929,18,Female,Biology,0.3,0.3,0.9,No,80.3,8.3,Fair,5,Some College,High,5.0,Yes,3.14,6,5.1,No,0,3.3,Co-Learning Group,Yes,Medium,4,4,10,Reading,7.8,90
113170,24,Male,Psychology,4.8,4.4,3.2,No,58.9,8.2,Fair,3,Master,Low,5.4,No,3.69,5,3.2,No,0,12.7,Co-Learning Group,Yes,Medium,1,2,10,Reading,3.1,90
143061,17,Female,Biology,4.1,1.2,3.7,Yes,75.8,9.4,Good,5,Bachelor,Medium,4.9,Yes,2.87,1,7.4,No,4,9.6,Dorm,No,Medium,7,9,6,Visual,4.0,70
145634,24,Female,Arts,4.6,5.0,2.8,No,74.2,4.3,Good,1,Bachelor,High,6.9,No,3.43,8,4.9,No,4,12.5,Dorm,No,Low,8,1,10,Kinesthetic,4.2,86
139013,19,Other,Psychology,3.4,0.3,3.9,Yes,96.3,8.8,Good,4,Master,Medium,10.0,No,3.22,5,4.5,No,2,7.7,Dorm,Yes,Low,7,6,9,Auditory,8.0,87
141290,16,Male,Psychology,5.4,2.5,2.1,No,50.6,7.7,Poor,7,PhD,Medium,9.0,No,4.0,4,2.8,No,2,10.5,Dorm,No,High,10,3,10,Auditory,5.0,99
177083,20,Female,Computer Science,6.652225420287491,1.4,1.7,No,88.9,5.4,Good,0,Some College,Medium,7.6,No,4.0,7,5.3,No,0,9.8,Co-Learning Group,Yes,High,1,10,5,Visual,8.6,100
163336,20,Other,Engineering,2.2,2.9,3.6,Yes,95.9,4.3,Fair,0,Master,High,10.0,Yes,2.68,2,7.4,No,4,9.6,Co-Learning Group,Yes,Medium,7,5,10,Reading,6.8,76
142577,24,Female,Business,4.0,4.7,0.5,Yes,50.3,6.3,Good,4,High School,Medium,7.2,No,4.0,3,4.4,No,5,10.3,Library,No,High,1,1,10,Auditory,4.1,100
153021,17,Female,Arts,1.5,1.9,1.6,Yes,63.4,6.9,Fair,7,PhD,High,5.4,No,3.4,2,3.0,No,3,6.0,Dorm,Yes,Medium,3,1,10,Kinesthetic,1.9,86
120603,19,Other,Engineering,1.7,3.6,2.5,No,62.2,8.9,Good,3,High School,High,6.7,Yes,3.8,2,5.9,No,5,8.1,Library,Yes,Medium,3,5,10,Auditory,9.2,98
108042,16,Male,Business,5.7,0.1,1.3,No,77.3,8.1,Good,0,Some College,Medium,10.0,Yes,4.0,5,6.9,No,5,9.0,Quiet Room,No,High,7,10,5,Visual,3.8,97
107214,24,Female,Arts,4.2,4.2,0.9,Yes,95.8,7.5,Fair,2,Some College,Medium,7.7,No,4.0,4,6.5,No,5,10.7,Library,Yes,High,7,6,9,Reading,6.4,100
140232,19,Male,Biology,2.8,3.1,0.3,Yes,50.1,9.1,Good,7,High School,Low,3.2,Yes,3.13,8,7.6,No,4,8.0,Cafe,No,Medium,5,8,7,Reading,10.0,83
100062,16,Female,Computer Science,5.130825904749953,4.2,2.6,No,42.3,5.0,Good,2,Master,Low,8.6,Yes,2.98,7,6.0,No,1,13.5,Quiet Room,No,High,3,8,7,Visual,5.0,75
132477,21,Female,Computer Science,6.626147245991434,1.9,3.9,No,81.7,5.5,Good,6,Master,High,5.6,Yes,4.0,4,4.0,No,1,13.5,Library,Yes,High,2,6,9,Kinesthetic,7.0,96
150242,17,Male,Psychology,3.9,0.2,2.2,Yes,93.5,6.7,Poor,5,High School,Low,7.7,No,4.0,8,5.2,No,5,6.3,Cafe,No,Medium,2,8,7,Visual,2.4,100
148447,24,Male,Biology,0.0,2.7,1.6,Yes,94.3,7.0,Good,2,Bachelor,Low,9.9,No,4.0,3,1.9,No,4,4.9,Quiet Room,Yes,Medium,3,1,10,Auditory,8.6,100
112857,26,Other,Computer Science,4.811191822273347,1.9,0.8,No,40.2,7.5,Good,1,High School,Low,10.0,No,2.94,2,6.8,No,5,7.8,Co-Learning Group,Yes,Medium,9,3,10,Kinesthetic,2.4,77
178944,28,Female,Psychology,6.0,1.8,0.8,No,74.2,6.8,Good,7,Some College,Medium,7.9,Yes,3.44,2,5.4,No,0,9.7,Dorm,No,High,5,5,10,Auditory,2.8,85
178582,20,Male,Biology,6.1,0.7,2.9,Yes,61.2,7.9,Good,7,PhD,Low,7.7,Yes,4.0,8,5.2,No,1,11.5,Co-Learning Group,No,Low,9,3,10,Auditory,5.0,100
170416,25,Other,Arts,1.8,4.2,1.6,No,93.6,6.4,Fair,6,Bachelor,Low,2.8,Yes,2.8,4,5.1,No,5,7.7,Cafe,Yes,Low,4,3,10,Reading,1.3,71
137890,26,Other,Arts,4.0,2.6,3.1,No,82.9,7.7,Poor,2,PhD,High,4.1,No,3.04,2,2.8,No,2,10.6,Library,Yes,Medium,4,2,10,Kinesthetic,8.2,72
150624,18,Female,Psychology,2.8,1.1,2.8,Yes,92.1,6.5,Fair,7,PhD,Medium,2.7,No,2.74,3,7.7,No,4,8.2,Library,Yes,Medium,3,3,10,Auditory,5.5,70
163534,25,Male,Biology,7.1,5.0,3.7,Yes,48.0,8.3,Fair,6,Master,Low,10.0,No,3.83,7,4.3,No,5,17.8,Cafe,Yes,Medium,5,8,7,Auditory,5.3,95
138959,22,Female,Engineering,6.4,3.6,0.6,Yes,83.0,9.1,Poor,3,Some College,High,4.0,No,4.0,8,1.9,No,0,10.7,Co-Learning Group,No,Medium,6,9,6,Kinesthetic,1.6,100
154297,26,Female,Psychology,2.7,3.9,0.8,Yes,44.0,7.3,Poor,1,Bachelor,High,10.0,No,2.99,4,5.5,No,5,8.3,Dorm,Yes,Low,9,5,10,Auditory,7.6,74
139283,27,Other,Psychology,4.3,1.0,0.7,Yes,42.1,6.4,Fair,1,Master,Medium,3.5,No,4.0,8,5.0,No,4,7.8,Cafe,No,High,9,8,7,Visual,8.9,100
106644,21,Male,Computer Science,4.351265609095861,3.7,3.8,No,49.6,7.4,Good,3,Master,Medium,4.3,No,4.0,2,7.3,No,2,13.3,Cafe,Yes,Low,7,7,8,Reading,8.0,100
105936,26,Other,Engineering,2.2,3.8,3.3,Yes,67.3,7.0,Fair,2,Bachelor,Low,10.0,Yes,2.45,4,7.7,No,0,10.0,Quiet Room,No,Low,8,5,10,Visual,1.2,74
131143,24,Female,Psychology,5.9,4.7,2.9,No,96.6,6.3,Poor,7,High School,Medium,6.2,Yes,4.0,1,5.1,No,3,15.1,Dorm,No,Medium,7,2,10,Auditory,1.4,100
135713,24,Other,Computer Science,3.1338032081582177,0.2,0.1,No,58.9,5.9,Poor,6,High School,High,7.2,No,3.16,8,5.8,No,2,4.2,Cafe,Yes,Medium,7,10,5,Kinesthetic,9.9,78
144446,16,Other,Arts,5.7,2.1,2.6,No,75.5,7.8,Good,6,Master,Low,5.9,No,2.98,5,9.7,No,2,10.5,Cafe,No,Low,6,6,9,Visual,5.3,71
105979,20,Other,Biology,3.7,0.6,1.5,No,43.0,7.9,Good,1,PhD,Low,8.4,No,4.0,2,1.0,No,5,6.9,Library,Yes,Low,2,6,9,Kinesthetic,6.2,100
166602,24,Other,Biology,2.2,3.0,2.5,No,86.4,9.2,Good,1,PhD,Medium,7.6,No,3.29,6,5.1,No,1,8.4,Library,No,Low,1,6,9,Visual,9.7,76
104523,21,Female,Arts,7.0,2.3,2.6,Yes,71.5,7.2,Good,7,PhD,High,6.3,No,4.0,1,2.7,No,2,12.7,Co-Learning Group,No,High,1,7,8,Auditory,5.2,100
123990,24,Male,Psychology,4.5,4.2,1.6,No,79.9,8.7,Good,1,Bachelor,High,6.6,No,3.3,5,7.7,No,1,10.5,Cafe,No,High,5,2,10,Reading,4.1,83
179336,18,Female,Engineering,0.6,3.7,1.6,Yes,87.2,9.4,Good,0,Some College,Medium,8.2,Yes,4.0,4,2.8,No,1,7.2,Library,Yes,High,9,6,9,Reading,5.0,100
119865,24,Male,Biology,7.3,0.2,0.8,Yes,94.1,8.6,Good,1,PhD,High,5.3,No,4.0,7,4.5,No,4,9.5,Library,Yes,High,5,5,10,Auditory,8.4,100
141023,20,Male,Biology,4.8,4.5,2.2,Yes,65.8,5.9,Good,5,Bachelor,Low,7.4,Yes,4.0,2,3.3,No,5,12.3,Dorm,No,High,6,5,10,Visual,4.2,100
108629,17,Female,Business,3.6,2.6,0.3,Yes,65.6,4.9,Fair,0,High School,Medium,5.9,Yes,3.75,6,1.2,No,0,7.2,Co-Learning Group,No,Medium,9,1,10,Auditory,3.8,96
114465,19,Other,Computer Science,3.093984737684649,1.7,0.6,Yes,61.7,8.1,Good,7,Bachelor,Low,10.0,Yes,4.0,4,1.0,No,1,7.1,Co-Learning Group,Yes,High,8,4,10,Reading,3.5,100
141899,27,Other,Arts,2.8,0.4,2.9,No,55.6,4.6,Fair,5,PhD,Low,5.3,Yes,3.89,7,6.3,No,1,7.5,Library,No,Low,5,3,10,Reading,6.8,100
142600,24,Female,Psychology,5.2,2.7,0.5,Yes,91.1,6.3,Good,7,Bachelor,High,8.5,Yes,3.92,6,3.6,No,5,9.4,Library,Yes,Low,1,1,10,Kinesthetic,8.2,100
176374,16,Other,Engineering,3.4,1.4,0.0,No,68.1,7.4,Good,7,High School,High,6.7,Yes,4.0,3,3.4,No,4,4.8,Quiet Room,Yes,High,4,9,6,Reading,9.1,100
171475,16,Female,Arts,2.8,0.8,0.3,Yes,40.3,6.7,Good,7,High School,High,9.3,Yes,4.0,7,3.5,No,0,5.1,Library,No,Low,2,5,10,Visual,9.8,90
177997,27,Female,Psychology,1.7,2.1,1.8,Yes,71.6,8.2,Poor,3,Master,High,5.7,Yes,3.91,6,4.6,No,3,6.0,Cafe,Yes,Medium,4,3,10,Kinesthetic,9.8,100
126012,22,Other,Biology,4.7,4.3,0.8,No,96.3,8.2,Good,3,Master,Medium,4.9,No,3.96,8,6.8,No,5,11.3,Dorm,Yes,Low,1,4,10,Auditory,2.5,100
117806,24,Other,Psychology,5.3,0.8,0.3,Yes,72.7,6.9,Good,3,High School,Medium,5.9,Yes,4.0,3,1.6,No,1,7.6,Co-Learning Group,Yes,Low,3,6,9,Kinesthetic,2.9,100
115117,21,Female,Arts,4.7,1.1,0.2,No,75.9,7.7,Fair,0,High School,Low,9.0,Yes,3.35,6,6.1,No,3,7.8,Library,No,High,10,4,10,Reading,3.5,86
146457,20,Male,Psychology,6.7,3.2,1.0,No,83.7,7.7,Fair,6,Some College,High,9.6,Yes,3.74,2,4.8,No,4,11.4,Quiet Room,No,Medium,8,9,6,Kinesthetic,7.9,84
121092,25,Female,Psychology,4.6,0.6,3.6,No,87.6,10.7,Fair,4,Bachelor,Low,8.7,Yes,3.76,7,6.3,No,0,10.8,Cafe,Yes,Low,1,4,10,Kinesthetic,2.6,93
171168,17,Male,Computer Science,3.2335906244853345,1.2,0.3,No,75.4,6.4,Good,5,PhD,High,4.8,Yes,3.31,4,2.2,No,2,6.5,Dorm,No,Low,4,5,10,Auditory,7.3,79
178855,19,Female,Arts,5.8,3.6,3.5,No,54.1,9.6,Fair,7,Bachelor,Low,5.2,Yes,4.0,6,6.6,No,5,14.2,Quiet Room,No,Low,3,2,10,Auditory,8.8,94
101349,26,Other,Engineering,2.3,1.9,0.5,Yes,86.1,8.6,Good,2,Master,Low,5.4,Yes,3.97,6,8.4,No,3,5.5,Library,No,Low,4,5,10,Reading,6.4,96
154540,22,Male,Biology,6.1,3.1,0.7,Yes,98.4,8.2,Poor,5,PhD,High,7.8,No,3.67,2,5.7,No,2,10.1,Co-Learning Group,No,High,1,3,10,Kinesthetic,6.2,88
142255,23,Male,Arts,6.0,0.9,1.4,Yes,48.0,6.1,Good,5,Master,Medium,5.5,No,4.0,1,4.3,No,1,8.4,Library,No,Medium,3,7,8,Visual,4.0,100
178738,21,Female,Biology,5.3,1.1,1.6,No,84.6,6.4,Fair,3,Some College,Low,3.9,Yes,4.0,2,6.9,No,4,9.7,Library,Yes,Medium,1,3,10,Visual,9.7,100
113540,22,Male,Computer Science,3.6232248171383383,1.8,1.3,Yes,95.1,6.3,Fair,4,Some College,High,4.7,Yes,3.91,3,6.9,No,3,7.1,Co-Learning Group,No,Low,4,7,8,Reading,2.0,95
130420,27,Male,Biology,2.3,1.1,3.0,No,97.3,7.5,Good,7,PhD,Medium,6.5,No,4.0,5,6.1,No,1,8.2,Cafe,Yes,High,3,2,10,Visual,1.0,94
177368,21,Other,Arts,4.2,2.3,3.8,Yes,60.5,8.1,Good,4,PhD,High,6.4,No,3.72,1,9.3,No,5,10.7,Quiet Room,No,High,2,8,7,Visual,6.2,94
171248,16,Other,Arts,2.7,3.6,4.0,No,76.8,8.8,Poor,4,Bachelor,High,9.2,Yes,3.45,5,1.9,No,2,10.9,Dorm,Yes,Medium,10,2,10,Kinesthetic,6.7,82
138886,24,Female,Engineering,0.6,4.9,2.5,No,67.5,5.4,Fair,1,Bachelor,Low,6.3,No,2.23,1,7.5,No,4,8.7,Dorm,No,Low,8,3,10,Visual,4.1,52
163208,24,Other,Engineering,6.1,0.4,0.5,Yes,88.1,8.3,Fair,0,PhD,Medium,8.1,Yes,3.67,2,7.5,No,0,7.2,Library,Yes,High,4,7,8,Visual,4.0,93
147057,22,Other,Psychology,4.4,2.5,0.0,Yes,51.4,4.0,Poor,5,PhD,High,6.3,Yes,3.53,8,7.4,No,5,7.2,Cafe,No,Low,2,4,10,Kinesthetic,5.7,95
119844,23,Male,Engineering,3.7,1.1,2.1,No,75.2,4.4,Fair,0,High School,High,6.8,Yes,2.96,5,6.7,No,5,7.0,Dorm,No,Low,1,6,9,Reading,9.6,72
168461,28,Other,Biology,4.5,2.6,2.1,No,99.7,6.5,Good,6,PhD,High,9.3,No,3.38,2,6.4,No,3,10.7,Quiet Room,No,Low,2,6,9,Reading,7.6,85
167368,20,Male,Computer Science,6.577093862546546,1.4,3.0,No,84.0,4.6,Good,7,Master,Medium,7.9,Yes,4.0,1,1.0,No,4,11.4,Quiet Room,No,Low,8,1,10,Visual,2.5,96
117354,21,Other,Psychology,0.9,4.7,2.4,Yes,52.8,5.9,Fair,3,Some College,High,1.5,No,2.4,4,7.6,No,4,8.3,Cafe,No,High,8,4,10,Kinesthetic,1.7,58
171965,16,Other,Arts,3.5,3.2,2.7,Yes,58.8,8.0,Good,4,Master,Low,5.9,No,4.0,5,5.2,No,0,11.0,Library,Yes,Low,6,8,7,Visual,9.3,100
178332,16,Male,Engineering,0.8,3.6,1.5,No,74.9,7.8,Fair,7,PhD,Medium,5.3,No,3.72,1,10.0,No,1,6.9,Co-Learning Group,Yes,Medium,8,6,9,Kinesthetic,2.0,88
103355,18,Other,Computer Science,3.312974596297756,4.7,1.9,No,99.7,5.9,Good,2,Some College,Low,8.7,Yes,3.53,4,5.2,No,1,10.8,Quiet Room,No,Low,8,6,9,Auditory,4.9,78
121432,20,Other,Psychology,5.1,0.3,3.5,Yes,49.0,7.0,Good,4,Master,Low,3.1,No,3.02,2,3.1,No,0,9.0,Co-Learning Group,No,High,10,3,10,Auditory,4.8,77
169383,26,Other,Biology,3.4,3.1,0.4,Yes,60.8,6.8,Fair,4,Bachelor,High,5.9,No,3.95,6,2.7,No,2,8.1,Library,Yes,Medium,7,1,10,Kinesthetic,1.2,99
119818,16,Male,Business,3.0,3.6,2.4,No,55.9,8.7,Fair,7,High School,High,7.5,No,3.54,8,1.4,No,4,10.0,Cafe,Yes,Low,3,5,10,Auditory,9.1,93
102139,20,Female,Engineering,3.2,4.0,3.3,Yes,55.8,6.2,Good,3,High School,Low,4.6,No,3.71,2,7.5,No,3,12.3,Library,Yes,Medium,6,8,7,Kinesthetic,8.4,96
153723,26,Female,Arts,6.2,4.3,3.4,No,41.5,4.1,Good,7,High School,High,5.1,No,4.0,5,5.3,No,0,15.5,Dorm,Yes,Low,6,6,9,Kinesthetic,4.8,98
172641,18,Male,Psychology,0.7,2.9,3.6,Yes,42.8,7.8,Fair,6,Some College,High,9.5,Yes,2.85,4,5.2,No,5,9.1,Library,No,Medium,10,7,8,Auditory,7.6,72
118555,18,Other,Engineering,5.7,2.8,1.2,Yes,50.9,9.6,Good,7,Bachelor,Medium,4.0,No,4.0,3,6.2,No,4,10.2,Library,No,High,7,1,10,Kinesthetic,6.9,100
121998,27,Male,Business,3.3,3.9,0.5,No,84.5,6.5,Fair,3,High School,Medium,10.0,No,2.71,6,6.8,No,4,8.7,Library,No,Medium,1,7,8,Reading,6.5,72
179161,28,Other,Business,6.7,1.2,0.3,Yes,45.6,6.1,Good,5,Some College,Low,9.2,Yes,4.0,4,6.1,No,0,10.0,Cafe,No,High,8,5,10,Visual,1.2,91
132688,16,Female,Computer Science,5.303100703297963,4.6,3.0,No,70.8,7.3,Good,4,Some College,Low,6.8,Yes,4.0,3,6.9,No,4,14.1,Co-Learning Group,No,High,4,6,9,Reading,3.2,97
134407,21,Female,Computer Science,7.1583710261400295,1.6,3.5,Yes,99.7,7.9,Fair,3,High School,Medium,7.1,Yes,4.0,3,6.0,No,4,13.5,Dorm,No,Low,10,10,5,Auditory,1.6,100
157861,24,Female,Business,4.5,2.5,0.9,Yes,80.7,6.6,Poor,5,Bachelor,Low,3.5,Yes,3.32,8,4.2,No,2,9.1,Dorm,No,Low,1,7,8,Visual,8.7,86
175534,18,Male,Arts,6.8,4.0,3.3,Yes,69.6,6.4,Good,7,Master,High,10.0,No,4.0,2,6.4,No,3,15.6,Library,No,Medium,2,10,5,Kinesthetic,6.9,100
157309,28,Other,Arts,1.6,2.1,1.7,Yes,74.2,6.3,Good,7,Master,High,7.6,No,3.43,3,5.5,No,2,6.0,Library,No,High,3,1,10,Reading,9.3,87
101499,21,Male,Arts,4.0,0.8,2.5,Yes,70.3,8.2,Good,5,Master,High,6.8,No,4.0,2,5.5,No,4,8.8,Co-Learning Group,Yes,Medium,4,4,10,Visual,7.3,100
139487,26,Female,Engineering,1.3,1.7,3.9,No,73.9,7.7,Good,7,PhD,Medium,6.5,No,3.07,4,4.8,No,5,7.6,Library,Yes,Low,10,2,10,Auditory,8.4,82
111105,17,Female,Computer Science,1.3427001648391987,0.2,1.0,No,67.0,4.0,Good,4,PhD,Medium,5.5,Yes,4.0,2,9.7,No,1,3.2,Co-Learning Group,Yes,Medium,10,10,5,Kinesthetic,7.3,95
100006,19,Male,Psychology,4.1,2.4,2.2,Yes,97.9,8.5,Good,6,Some College,High,5.8,No,4.0,2,2.5,No,3,9.2,Dorm,Yes,High,5,7,8,Kinesthetic,10.0,97
169953,18,Female,Business,4.1,3.8,1.9,No,61.0,7.7,Good,6,Master,Medium,8.4,Yes,4.0,2,3.6,No,2,10.9,Library,No,High,1,7,8,Auditory,1.6,94
107747,20,Male,Biology,6.2,4.5,2.7,Yes,69.0,7.5,Good,6,Bachelor,Low,10.0,Yes,3.11,2,6.0,No,1,13.9,Dorm,Yes,Low,10,1,10,Kinesthetic,4.0,81
110485,23,Male,Arts,4.7,3.5,2.3,No,85.2,8.8,Good,4,PhD,High,5.4,No,4.0,7,2.8,No,0,11.2,Co-Learning Group,No,High,2,2,10,Reading,2.9,100
140709,27,Male,Biology,0.0,2.2,0.1,Yes,45.9,6.8,Good,6,Master,High,9.8,No,4.0,3,4.1,No,3,3.0,Library,Yes,Low,8,9,6,Visual,6.9,100
129921,18,Male,Arts,1.2,0.4,3.3,Yes,92.6,9.7,Good,0,PhD,Low,4.8,Yes,2.66,1,7.1,No,1,6.1,Cafe,Yes,High,3,2,10,Kinesthetic,9.1,59
113298,17,Other,Business,1.7,2.9,0.1,No,52.5,7.4,Poor,1,Some College,Medium,5.6,Yes,4.0,1,3.9,No,4,4.8,Quiet Room,No,Low,3,6,9,Kinesthetic,1.5,99
118580,24,Female,Psychology,2.6,4.6,0.6,No,84.9,4.3,Fair,1,Some College,Low,4.1,Yes,4.0,3,6.5,No,0,8.6,Co-Learning Group,Yes,Low,10,9,6,Auditory,4.9,99
118365,17,Male,Arts,5.4,3.1,3.1,No,93.2,9.4,Fair,7,Bachelor,Low,6.7,No,4.0,8,6.6,No,5,11.8,Dorm,Yes,Low,6,4,10,Auditory,1.8,96
155122,21,Other,Business,8.1,3.7,0.2,No,81.4,7.4,Good,3,PhD,High,6.2,Yes,4.0,4,7.4,No,3,12.9,Co-Learning Group,No,High,9,7,8,Reading,1.5,100
173811,25,Other,Business,3.9,2.8,1.1,Yes,46.7,7.0,Fair,0,Some College,Low,5.9,No,3.59,5,5.5,No,2,9.2,Library,No,Low,1,3,10,Auditory,5.1,85
153527,22,Male,Psychology,8.3,3.0,3.1,No,53.3,4.0,Poor,0,PhD,High,5.9,Yes,4.0,4,3.5,No,4,14.9,Co-Learning Group,No,High,7,9,6,Auditory,7.3,100
145638,27,Other,Biology,2.9,2.0,2.2,Yes,86.8,7.6,Good,0,High School,Medium,6.0,No,3.41,4,5.3,No,3,8.5,Co-Learning Group,No,Low,4,8,7,Auditory,8.6,76
118341,22,Other,Computer Science,4.1148918507894345,4.3,1.6,Yes,78.8,9.1,Fair,4,Master,Low,7.5,Yes,4.0,6,7.0,No,0,11.2,Co-Learning Group,Yes,High,6,5,10,Auditory,5.3,99
114401,18,Female,Business,2.5,1.0,2.7,No,99.5,7.9,Poor,7,Bachelor,Medium,1.7000000000000002,Yes,4.0,1,7.1,No,1,6.9,Cafe,No,High,4,7,8,Kinesthetic,9.6,100
101789,18,Female,Business,2.5,2.5,1.9,Yes,66.5,5.4,Good,3,Master,High,6.2,Yes,3.9,8,6.7,No,1,8.1,Library,No,Medium,6,3,10,Kinesthetic,7.3,97
124468,26,Female,Psychology,6.0,4.5,1.1,No,70.4,6.5,Good,6,Some College,Low,8.0,No,4.0,7,3.0,No,1,12.0,Library,No,High,4,7,8,Auditory,3.8,100
144537,28,Female,Engineering,0.2,3.6,2.0,No,99.7,6.4,Poor,5,Bachelor,Low,4.8,Yes,4.0,5,4.1,No,5,6.8,Cafe,Yes,High,3,6,9,Kinesthetic,9.7,97
130160,27,Female,Business,2.9,4.9,0.4,Yes,85.1,6.3,Good,3,Some College,High,5.4,Yes,3.18,2,6.8,No,2,10.2,Dorm,Yes,Low,5,8,7,Reading,3.3,84
112120,17,Male,Biology,3.7,4.1,2.6,No,71.5,6.4,Good,2,Master,High,5.6,Yes,4.0,1,3.1,No,0,11.5,Library,Yes,Medium,3,5,10,Auditory,3.8,94
146032,18,Female,Business,1.8,2.6,3.7,Yes,78.7,6.9,Good,2,Bachelor,Low,6.7,Yes,4.0,6,6.6,No,2,8.9,Cafe,Yes,High,1,5,10,Kinesthetic,9.5,93
128609,25,Male,Business,3.7,2.0,1.9,Yes,79.7,9.7,Good,2,Bachelor,Medium,3.7,Yes,4.0,5,5.6,No,5,9.2,Cafe,No,High,5,8,7,Auditory,9.5,100
120396,27,Male,Psychology,0.6,3.5,3.4,Yes,89.0,6.8,Poor,4,High School,Low,4.5,No,3.9,1,6.8,No,0,9.1,Cafe,No,High,2,5,10,Visual,3.9,96
142525,22,Male,Business,6.2,2.7,3.6,No,74.4,7.0,Good,6,Master,Low,4.4,No,4.0,5,3.8,No,0,13.4,Library,Yes,Low,9,9,6,Kinesthetic,8.7,100
100902,22,Male,Biology,3.9,1.7,2.9,Yes,46.5,7.8,Good,5,PhD,Medium,6.1,Yes,3.95,1,5.6,No,0,10.1,Cafe,No,Low,3,8,7,Auditory,7.3,100
106305,28,Other,Business,1.6,0.7,3.6,Yes,50.8,4.0,Good,6,PhD,Medium,7.0,No,2.44,6,7.2,No,2,6.2,Quiet Room,No,Medium,7,6,9,Auditory,2.6,59
142890,23,Female,Engineering,3.8,3.5,2.5,No,42.1,9.5,Fair,3,Master,High,6.1,Yes,2.86,6,6.4,No,4,11.3,Dorm,Yes,Low,2,4,10,Visual,1.8,74
128682,21,Other,Arts,0.0,0.5,3.0,No,95.7,9.5,Fair,0,PhD,Low,8.4,Yes,4.0,4,7.9,No,5,3.8,Co-Learning Group,No,Low,2,8,7,Reading,6.6,100
173501,19,Male,Psychology,7.3,0.5,4.0,Yes,47.8,6.9,Fair,2,Master,High,9.1,Yes,4.0,8,6.4,No,0,11.8,Quiet Room,Yes,High,3,7,8,Visual,1.2,99
137999,18,Female,Arts,8.6,0.7,2.0,Yes,97.2,4.0,Good,0,Master,Low,5.7,Yes,3.57,3,1.2,No,2,11.4,Quiet Room,Yes,Medium,5,3,10,Auditory,7.8,90
169708,22,Female,Computer Science,6.356684081774408,0.5,1.1,Yes,67.2,7.1,Good,2,Master,Low,9.4,No,3.65,6,4.1,No,1,8.6,Quiet Room,No,Low,4,7,8,Auditory,5.1,85
169357,27,Male,Business,5.0,4.5,1.9,No,73.3,7.3,Good,7,Master,High,9.2,No,4.0,5,6.3,No,4,12.8,Co-Learning Group,No,Low,9,10,5,Kinesthetic,3.5,100
127900,19,Other,Psychology,3.2,3.2,0.6,No,85.0,6.3,Good,4,Master,Low,7.6,No,2.88,4,4.9,No,3,7.7,Dorm,No,Low,5,10,5,Visual,8.3,65
115129,19,Other,Computer Science,6.048058944917237,3.0,1.8,No,95.6,5.8,Fair,7,PhD,Medium,7.7,No,2.75,8,4.6,No,1,12.5,Dorm,Yes,High,10,2,10,Auditory,2.0,66
170318,20,Other,Engineering,6.9,0.3,0.5,No,77.8,6.0,Fair,4,Some College,High,9.5,Yes,4.0,7,4.9,No,3,9.1,Co-Learning Group,Yes,Low,1,2,10,Auditory,1.1,97
115308,20,Female,Psychology,6.0,3.2,0.4,No,69.7,6.8,Fair,4,High School,Low,8.2,No,3.51,6,8.2,Yes,4,10.3,Cafe,Yes,High,8,3,10,Auditory,9.1,84
122536,26,Female,Engineering,3.5,0.9,0.7,Yes,47.5,5.1,Fair,3,Master,Medium,7.7,No,2.31,7,6.1,No,1,6.4,Dorm,No,High,4,5,10,Visual,5.7,57
143461,18,Male,Business,4.6,2.0,0.3,Yes,44.3,6.8,Fair,2,Some College,Medium,7.2,Yes,2.92,5,4.8,No,0,7.2,Dorm,Yes,Low,8,6,9,Auditory,1.2,74
159198,16,Other,Computer Science,4.790669840241867,4.4,0.2,No,57.6,7.6,Good,0,Bachelor,Low,7.2,Yes,2.6,2,3.2,No,3,11.0,Dorm,No,High,10,4,10,Reading,6.5,56
117962,18,Male,Computer Science,0.8634024980885291,3.5,0.3,No,55.2,5.3,Good,4,PhD,Low,7.0,Yes,3.1,1,3.9,No,4,6.5,Quiet Room,Yes,Medium,6,7,8,Visual,1.6,78
156925,18,Male,Psychology,4.3,4.1,0.7,Yes,52.4,7.1,Good,4,PhD,High,3.4,Yes,3.06,3,6.2,No,4,10.2,Library,No,Medium,7,3,10,Auditory,1.5,76
167559,16,Male,Engineering,8.7,0.6,0.2,Yes,78.1,6.0,Fair,7,Bachelor,Low,6.9,No,4.0,2,4.6,No,3,10.8,Co-Learning Group,No,Low,9,5,10,Auditory,4.1,96
167129,21,Other,Biology,4.7,4.0,0.6,Yes,62.4,6.2,Good,2,Some College,Medium,5.4,Yes,4.0,7,1.4,No,4,10.2,Library,No,High,3,9,6,Kinesthetic,9.9,100
111185,28,Female,Biology,7.4,0.9,4.0,No,89.7,7.9,Good,3,High School,Medium,7.4,Yes,3.87,6,5.2,No,3,13.2,Library,No,Medium,5,9,6,Visual,4.8,93
126948,20,Female,Arts,6.2,4.3,0.1,Yes,76.1,4.7,Good,6,PhD,Low,4.6,Yes,4.0,6,3.2,No,5,11.8,Library,Yes,High,8,10,5,Kinesthetic,2.5,98
149331,18,Other,Biology,2.1,4.2,3.2,No,71.9,7.2,Good,3,High School,Low,2.5,Yes,3.17,5,2.9,No,0,11.2,Library,Yes,Low,7,8,7,Reading,4.9,81
175899,26,Other,Arts,4.8,1.5,2.9,No,83.8,8.7,Fair,6,Some College,High,8.7,No,3.56,6,3.2,No,0,10.5,Dorm,Yes,Low,2,1,10,Visual,7.5,90
107149,25,Female,Psychology,9.6,3.1,1.3,No,86.4,6.5,Good,1,PhD,High,6.1,Yes,4.0,1,5.9,No,1,15.5,Dorm,No,Low,6,3,10,Visual,8.2,100
177389,18,Female,Computer Science,4.855376874891078,1.8,2.4,No,81.6,10.0,Fair,4,Bachelor,Low,8.4,No,4.0,6,4.7,No,5,9.5,Cafe,Yes,Low,1,8,7,Kinesthetic,3.5,96
175359,26,Other,Psychology,2.4,1.1,4.0,Yes,55.9,9.1,Poor,6,Master,High,7.1,No,3.55,6,1.9,No,3,7.6,Dorm,Yes,High,3,7,8,Kinesthetic,7.2,85
171511,26,Male,Arts,4.9,3.0,2.0,No,98.9,6.5,Fair,2,Bachelor,Medium,4.7,Yes,4.0,7,3.1,No,4,11.0,Dorm,Yes,Medium,6,4,10,Reading,7.4,98
154401,22,Other,Computer Science,5.378302628910847,4.8,2.0,Yes,85.9,8.1,Good,4,High School,Medium,8.1,Yes,3.33,3,4.0,No,0,12.4,Quiet Room,No,High,9,4,10,Kinesthetic,2.1,88
121006,21,Male,Engineering,3.7,2.8,0.7,No,85.6,6.4,Fair,5,Some College,Medium,4.7,Yes,2.53,5,4.7,No,5,8.6,Dorm,Yes,Medium,9,2,10,Reading,9.2,61
143242,22,Male,Engineering,4.1,4.0,0.3,No,78.7,6.7,Good,2,High School,Low,9.1,No,3.64,7,6.1,No,3,8.8,Dorm,Yes,High,4,3,10,Reading,4.7,90
136576,21,Male,Psychology,1.6,2.4,2.4,No,40.6,7.6,Good,4,PhD,Low,5.2,Yes,3.31,7,7.5,No,1,7.6,Co-Learning Group,Yes,High,9,8,7,Visual,9.0,78
175207,22,Female,Business,8.3,2.5,0.6,Yes,82.8,7.7,Fair,6,Some College,High,10.0,Yes,3.51,6,5.4,No,5,12.6,Co-Learning Group,Yes,High,7,4,10,Reading,4.9,84
138432,23,Male,Arts,4.6,4.5,0.9,Yes,62.6,6.2,Good,6,Some College,High,6.8,No,3.22,8,4.2,No,2,10.9,Cafe,No,High,6,1,10,Kinesthetic,9.9,76
149454,21,Other,Biology,4.4,1.0,3.9,No,83.9,4.0,Good,4,Master,Low,6.1,No,3.18,5,3.9,No,2,10.9,Co-Learning Group,No,Low,4,3,10,Visual,7.9,73
164941,26,Female,Biology,5.3,4.3,1.1,Yes,98.9,6.1,Good,2,PhD,High,9.2,Yes,4.0,7,4.2,No,0,12.6,Library,Yes,High,1,8,7,Visual,9.2,98
167830,18,Other,Business,5.1,3.3,3.6,Yes,54.6,7.9,Good,5,PhD,Low,8.5,No,3.29,5,5.5,No,1,13.8,Library,No,High,8,9,6,Kinesthetic,1.0,95
169062,27,Male,Psychology,5.0,4.1,1.0,No,76.7,5.3,Poor,0,Master,Medium,8.6,Yes,4.0,5,5.8,No,4,12.1,Dorm,Yes,High,1,5,10,Visual,2.8,100
171757,17,Female,Engineering,5.8,4.8,0.5,No,51.9,9.2,Good,7,Master,Medium,6.1,No,3.75,2,1.3,No,3,13.1,Quiet Room,No,Low,6,3,10,Auditory,9.1,100
101310,17,Male,Engineering,2.2,0.9,3.0,Yes,42.0,7.5,Good,7,Some College,High,6.9,Yes,4.0,5,5.1,No,0,7.0,Co-Learning Group,No,Medium,10,6,9,Reading,7.4,95
165404,25,Female,Business,3.3,2.4,3.5,No,96.0,7.6,Good,0,High School,Low,5.9,Yes,2.51,6,6.9,No,2,10.8,Dorm,No,Medium,5,2,10,Kinesthetic,5.7,64
120309,26,Male,Business,0.7,3.1,1.0,No,69.6,7.0,Good,6,High School,Medium,7.3,Yes,3.3,6,6.6,No,2,5.2,Dorm,Yes,Low,5,8,7,Reading,4.0,80
153913,27,Male,Engineering,5.4,4.0,3.6,Yes,84.0,8.0,Good,4,Bachelor,Medium,4.1,Yes,3.1,5,6.6,No,5,14.7,Dorm,Yes,Low,6,1,10,Visual,9.7,81
131092,22,Female,Arts,3.7,4.3,2.3,Yes,64.8,8.0,Poor,1,PhD,High,3.8,Yes,4.0,3,6.1,No,3,11.1,Co-Learning Group,No,Low,8,5,10,Reading,5.0,100
160743,27,Female,Biology,3.9,4.0,2.7,No,98.0,8.3,Fair,4,Master,High,6.5,No,3.92,2,1.0,No,0,12.4,Dorm,Yes,Low,2,4,10,Auditory,7.1,93
128474,27,Male,Arts,7.2,4.8,1.8,Yes,95.7,5.9,Poor,7,Some College,High,9.9,No,2.77,3,6.1,No,3,15.8,Dorm,No,Medium,1,4,10,Auditory,5.2,76
165873,26,Male,Computer Science,2.126100343359978,2.4,4.0,Yes,45.7,5.6,Good,1,Some College,Medium,7.2,Yes,2.47,5,3.5,No,3,10.1,Co-Learning Group,Yes,Low,9,1,10,Kinesthetic,1.8,56
122089,17,Male,Business,4.1,3.9,0.7,No,61.0,6.7,Fair,1,Master,Low,9.5,Yes,2.66,2,4.5,No,3,10.1,Library,No,Medium,5,4,10,Reading,3.9,66
163152,16,Female,Computer Science,5.8462398852949065,3.7,2.1,Yes,54.2,7.2,Fair,0,Bachelor,High,9.2,No,4.0,5,7.4,No,3,12.5,Library,Yes,Low,5,6,9,Kinesthetic,1.4,93
131238,17,Other,Business,5.3,2.4,2.2,No,77.6,6.0,Poor,5,Bachelor,Low,8.5,No,4.0,1,5.9,No,2,11.8,Quiet Room,No,High,5,7,8,Auditory,1.7,98
141725,27,Other,Psychology,2.3,1.0,3.3,Yes,79.8,8.5,Good,0,High School,High,10.0,Yes,3.75,1,4.4,No,1,6.8,Quiet Room,No,High,2,9,6,Auditory,5.0,89
148916,17,Female,Biology,4.0,1.8,2.6,No,84.9,6.9,Good,5,Some College,High,6.5,No,3.33,3,7.0,No,0,9.0,Dorm,Yes,Medium,5,10,5,Visual,1.3,76
161784,21,Female,Biology,4.7,4.2,3.3,No,82.0,7.1,Poor,6,Some College,Medium,8.9,No,4.0,7,2.8,No,5,13.7,Quiet Room,No,High,9,8,7,Reading,4.4,100
159392,28,Male,Psychology,5.0,3.3,1.9,Yes,77.2,7.7,Poor,1,Some College,High,6.3,Yes,4.0,2,6.7,No,3,11.4,Dorm,No,Medium,2,9,6,Kinesthetic,8.7,100
133465,20,Other,Business,4.0,3.1,0.5,No,57.2,7.4,Good,5,PhD,Low,5.9,Yes,2.83,3,8.0,No,4,7.8,Library,Yes,High,6,1,10,Visual,6.0,67
114699,28,Male,Biology,5.5,1.5,0.8,No,45.3,8.5,Fair,3,PhD,Medium,10.0,Yes,4.0,8,6.6,No,2,9.5,Dorm,Yes,High,10,3,10,Visual,9.7,95
129147,27,Other,Business,4.2,0.6,0.6,Yes,80.7,7.3,Good,5,High School,High,5.2,No,4.0,5,3.3,No,0,5.8,Co-Learning Group,No,High,4,6,9,Auditory,2.6,98
113290,28,Male,Arts,2.9,0.5,1.6,Yes,49.7,7.6,Fair,3,PhD,Medium,4.3,Yes,4.0,5,1.5,No,4,5.1,Dorm,Yes,High,5,6,9,Kinesthetic,8.0,100
179780,16,Other,Biology,0.0,2.4,0.9,No,55.4,7.0,Good,5,Some College,Low,9.1,No,3.26,6,7.6,No,5,4.7,Cafe,No,Low,3,7,8,Auditory,5.3,87
110763,20,Male,Computer Science,2.15414138546988,1.9,3.8,No,54.2,7.2,Fair,5,Bachelor,High,7.6,No,3.09,6,3.5,No,0,8.6,Co-Learning Group,No,Medium,5,2,10,Auditory,9.9,78
115191,20,Other,Engineering,2.9,3.5,3.9,Yes,52.8,7.2,Good,6,PhD,High,10.0,Yes,3.75,4,2.2,No,2,10.7,Co-Learning Group,No,Medium,3,6,9,Visual,2.7,100
134688,22,Other,Computer Science,5.988998189050618,3.7,2.3,No,82.1,9.5,Fair,7,Some College,High,7.2,Yes,2.96,2,5.7,No,0,12.3,Dorm,Yes,High,3,2,10,Reading,1.9,62
130498,25,Male,Psychology,4.2,0.2,3.6,Yes,62.1,6.1,Fair,4,PhD,High,5.3,Yes,4.0,1,4.1,No,0,9.5,Library,Yes,High,3,3,10,Reading,7.2,97
112891,18,Other,Business,4.2,1.6,2.9,Yes,53.8,7.6,Fair,7,Bachelor,Medium,9.8,Yes,3.39,5,2.7,No,3,9.7,Quiet Room,No,Medium,2,9,6,Visual,1.2,91
177607,23,Female,Psychology,5.1,2.3,0.1,No,82.5,8.8,Good,4,Master,Medium,7.1,Yes,3.63,3,5.4,No,1,8.3,Dorm,No,Low,5,10,5,Reading,4.7,94
171806,17,Other,Computer Science,5.058151579402625,1.0,2.4,No,90.6,6.0,Fair,1,Some College,High,5.5,No,2.38,8,8.1,Yes,0,8.8,Co-Learning Group,No,Medium,2,1,10,Kinesthetic,2.9,52
119538,18,Female,Engineering,8.2,0.1,3.6,No,78.5,8.5,Good,1,PhD,High,8.6,Yes,4.0,1,2.1,No,4,13.6,Quiet Room,No,High,7,2,10,Visual,8.6,94
178123,25,Male,Psychology,5.7,0.1,3.3,No,99.6,5.2,Good,4,Master,Low,5.7,Yes,4.0,6,6.8,No,0,9.5,Library,Yes,Medium,1,7,8,Reading,4.2,99
118998,20,Other,Computer Science,6.916234245571419,1.8,2.1,No,76.4,8.0,Good,5,High School,High,7.9,No,3.5,2,1.0,No,2,12.6,Dorm,Yes,High,5,8,7,Auditory,7.5,96
160497,16,Female,Biology,3.3,2.0,0.8,Yes,84.9,9.4,Fair,6,PhD,Medium,3.1,No,4.0,2,4.5,No,4,6.1,Dorm,Yes,High,7,8,7,Auditory,5.2,100
132375,28,Female,Arts,3.0,1.2,3.9,No,50.4,8.2,Fair,0,PhD,Low,6.4,No,4.0,6,4.1,No,4,8.1,Quiet Room,No,Low,5,5,10,Auditory,5.4,98
102765,22,Male,Business,4.0,4.7,3.1,Yes,92.0,8.3,Poor,2,High School,Medium,9.0,Yes,4.0,6,1.1,No,2,12.5,Cafe,Yes,Medium,9,5,10,Reading,4.7,98
115288,27,Female,Computer Science,2.6050722489994835,1.3,2.4,No,82.7,7.1,Good,1,Some College,Low,10.0,Yes,4.0,7,5.4,No,5,6.7,Co-Learning Group,Yes,High,9,4,10,Visual,1.1,100
100697,17,Other,Engineering,7.5,1.9,0.9,Yes,44.4,7.0,Fair,3,High School,Low,1.0,Yes,3.73,6,4.5,No,4,11.6,Dorm,Yes,Medium,6,2,10,Reading,2.9,96
103723,21,Female,Psychology,6.8,2.1,1.3,Yes,93.0,6.3,Good,1,Master,High,4.3,No,3.73,3,2.8,No,4,11.0,Cafe,Yes,High,2,10,5,Auditory,5.5,93
132124,20,Male,Arts,0.5,2.9,1.8,No,47.5,7.8,Poor,0,PhD,Low,2.1,Yes,4.0,7,7.6,No,5,5.5,Co-Learning Group,Yes,Medium,6,7,8,Auditory,8.8,85
122863,17,Female,Arts,5.2,3.3,3.9,No,86.3,7.7,Good,5,Master,Low,7.4,No,4.0,1,8.0,No,0,14.3,Cafe,No,Medium,7,10,5,Auditory,6.0,98
145951,22,Female,Business,4.4,2.0,1.5,No,62.0,5.4,Fair,7,Some College,High,5.4,No,4.0,7,4.2,No,0,9.2,Library,No,Medium,7,8,7,Visual,2.0,99
118801,21,Other,Business,2.8,1.4,3.3,No,49.2,4.6,Fair,5,PhD,Medium,7.4,Yes,2.71,1,5.2,No,5,9.1,Cafe,No,Low,5,6,9,Auditory,4.8,72
147516,20,Female,Computer Science,5.881274869959331,1.6,0.7,No,56.5,6.4,Good,5,Some College,Medium,3.2,No,3.5,1,4.7,No,1,9.6,Co-Learning Group,Yes,High,7,7,8,Visual,5.1,100
165065,19,Other,Engineering,2.6,4.4,1.3,Yes,57.9,6.7,Good,6,Some College,High,2.8,Yes,2.84,3,5.5,No,2,9.7,Dorm,Yes,High,10,4,10,Kinesthetic,5.4,78
170863,20,Male,Psychology,3.8,0.2,1.6,Yes,47.6,5.8,Good,4,PhD,Low,8.8,Yes,4.0,5,6.2,No,5,7.2,Quiet Room,Yes,Medium,5,7,8,Reading,1.3,100
112297,26,Male,Biology,0.6,4.2,3.5,No,40.4,7.1,Fair,0,Bachelor,High,9.1,No,2.43,2,2.2,No,0,9.4,Quiet Room,No,High,9,4,10,Reading,6.1,66
172956,16,Male,Biology,1.8,1.9,0.3,No,43.2,6.4,Fair,7,Bachelor,Medium,5.7,Yes,3.54,6,1.7,No,3,5.1,Cafe,Yes,Low,8,7,8,Visual,4.7,88
141391,17,Male,Psychology,5.4,3.7,3.3,Yes,46.0,6.4,Fair,0,PhD,Low,7.699999999999999,Yes,4.0,2,7.9,No,0,14.1,Co-Learning Group,No,Medium,6,9,6,Reading,7.5,100
106554,22,Female,Biology,2.6,1.5,0.3,Yes,56.8,5.0,Good,5,Master,Low,4.4,No,3.95,3,3.5,No,5,6.0,Quiet Room,Yes,Medium,10,9,6,Visual,7.7,93
165252,24,Other,Business,5.3,3.1,2.1,No,82.9,5.3,Fair,5,High School,Low,8.1,No,3.79,6,3.0,No,4,11.2,Cafe,No,Low,3,4,10,Kinesthetic,6.0,94
178029,16,Male,Business,4.3,3.7,4.0,No,72.9,7.4,Good,0,Master,Medium,7.8,No,4.0,5,4.8,No,1,13.5,Dorm,Yes,Medium,8,4,10,Kinesthetic,9.8,100
175829,22,Female,Engineering,4.3,3.0,1.3,No,94.5,6.0,Poor,5,PhD,Low,6.9,No,3.44,6,3.7,No,3,9.7,Co-Learning Group,No,Low,8,10,5,Auditory,9.9,86
174971,25,Other,Arts,4.3,1.2,0.8,Yes,83.4,8.9,Good,5,Bachelor,Medium,4.6,No,3.56,5,3.4,No,0,7.0,Quiet Room,No,Medium,9,2,10,Reading,1.8,93
173218,18,Male,Engineering,6.6,3.4,0.8,No,56.8,6.5,Good,4,Master,Low,6.5,Yes,4.0,1,4.2,No,1,11.4,Co-Learning Group,No,Low,1,5,10,Reading,7.7,100
176172,27,Male,Computer Science,4.2035760573512455,3.7,3.0,Yes,85.9,9.5,Poor,3,Master,Medium,7.5,Yes,4.0,7,3.2,No,1,11.6,Cafe,Yes,High,8,8,7,Visual,1.5,100
144099,17,Other,Computer Science,4.234958869808179,2.8,2.8,No,66.1,5.5,Good,5,PhD,Low,7.6,No,4.0,6,5.6,No,2,10.5,Quiet Room,No,High,3,1,10,Kinesthetic,9.4,94
156670,21,Male,Psychology,0.4,0.2,0.8,No,71.3,5.0,Fair,3,PhD,High,10.0,Yes,2.63,1,5.0,No,2,2.3,Quiet Room,Yes,High,2,6,9,Kinesthetic,2.1,61
135700,26,Other,Engineering,3.2,1.1,0.7,Yes,58.1,7.8,Good,5,Bachelor,Medium,6.1,Yes,2.98,7,7.1,No,4,6.9,Co-Learning Group,No,High,1,5,10,Kinesthetic,7.2,75
174163,20,Male,Arts,6.1,3.4,1.1,No,96.7,7.4,Good,7,High School,Low,5.9,Yes,3.06,5,6.0,No,3,12.3,Dorm,No,Medium,4,4,10,Visual,5.2,72
169147,28,Other,Biology,4.0,3.5,2.7,No,54.5,6.6,Good,0,PhD,Low,3.1,Yes,3.8,8,5.0,No,1,11.1,Dorm,Yes,Low,1,6,9,Visual,2.7,94
168958,20,Other,Computer Science,7.618402980705668,2.6,3.8,No,94.7,10.7,Fair,3,High School,Low,5.9,Yes,4.0,5,5.7,No,3,14.7,Quiet Room,No,High,4,1,10,Reading,7.9,100
109613,20,Male,Psychology,2.4,4.3,0.2,No,82.6,8.1,Good,7,PhD,Low,5.8,No,4.0,8,6.0,No,0,7.9,Library,Yes,High,6,3,10,Kinesthetic,3.2,98
125075,27,Other,Engineering,7.0,4.0,0.2,Yes,72.4,8.7,Good,7,PhD,Low,8.9,Yes,3.57,5,5.0,No,5,12.1,Dorm,Yes,Low,3,3,10,Visual,9.6,94
177326,19,Male,Computer Science,3.957841540708758,4.4,0.7,Yes,58.6,8.6,Good,1,Some College,Medium,5.3,No,3.68,2,4.7,No,1,9.7,Cafe,No,Low,9,2,10,Visual,8.3,99
163091,24,Male,Computer Science,5.641111230346784,2.9,2.4,No,69.0,6.3,Good,4,Some College,Low,8.9,No,3.61,3,4.5,No,1,12.8,Dorm,No,Low,6,7,8,Kinesthetic,3.1,94
140988,16,Female,Arts,7.7,0.4,0.7,No,97.4,6.8,Fair,6,High School,Low,10.0,Yes,4.0,3,3.3,No,2,8.8,Quiet Room,No,High,7,9,6,Kinesthetic,3.6,100
137745,22,Female,Business,5.4,1.7,1.6,Yes,98.6,8.4,Fair,4,Master,Medium,9.9,Yes,4.0,5,1.0,No,0,10.4,Quiet Room,No,Medium,1,4,10,Auditory,2.1,100
132041,27,Other,Biology,7.3,3.4,3.3,Yes,68.4,8.2,Good,5,Bachelor,Low,4.6,No,4.0,2,3.7,No,1,14.8,Cafe,No,Medium,10,7,8,Reading,4.6,98
175650,24,Other,Engineering,2.3,4.7,0.5,No,82.2,9.3,Good,2,Some College,Low,4.4,Yes,3.32,2,4.4,No,2,7.7,Quiet Room,Yes,High,4,4,10,Kinesthetic,2.9,90
106331,24,Other,Arts,2.7,1.9,3.8,No,42.9,5.1,Fair,4,Some College,Low,8.6,No,4.0,5,5.7,No,1,9.8,Cafe,Yes,High,4,10,5,Auditory,8.2,96
126463,22,Male,Biology,6.9,2.0,2.2,Yes,77.8,6.6,Good,7,Bachelor,Low,7.5,No,3.3,3,2.0,No,0,12.6,Library,No,Low,9,3,10,Visual,9.5,85
164288,28,Female,Psychology,0.0,2.1,2.1,Yes,62.0,8.1,Good,5,Bachelor,Medium,7.9,No,4.0,8,3.0,No,0,4.6,Library,Yes,High,8,10,5,Auditory,5.9,100
145890,24,Male,Business,2.9,2.6,3.3,No,98.8,5.3,Fair,2,Master,Medium,8.7,No,3.47,1,4.2,No,4,9.0,Library,Yes,High,4,2,10,Visual,6.0,86
159333,17,Other,Computer Science,2.064267186130372,1.4,1.7,Yes,49.3,7.8,Good,7,Some College,High,7.1,No,4.0,3,3.0,No,4,6.5,Quiet Room,No,Medium,6,9,6,Auditory,9.1,94
135891,20,Female,Psychology,3.7,2.4,2.9,Yes,96.6,7.6,Fair,4,Master,Low,8.5,Yes,4.0,3,4.0,No,4,9.1,Quiet Room,No,Medium,10,3,10,Reading,5.7,100
110561,22,Other,Arts,3.9,4.4,1.2,No,62.2,9.5,Good,4,Master,Low,7.5,No,3.04,2,2.5,No,3,10.0,Cafe,No,High,6,5,10,Reading,7.9,79
128216,20,Female,Biology,3.5,2.0,2.7,No,75.2,7.6,Good,3,Master,High,7.9,No,3.77,5,2.0,No,0,8.8,Co-Learning Group,Yes,High,2,7,8,Auditory,8.4,90
124984,20,Female,Arts,3.8,0.6,0.1,Yes,92.9,5.5,Poor,7,Master,Medium,8.9,No,2.56,7,4.0,No,3,5.2,Cafe,No,High,1,2,10,Visual,5.4,64
129606,25,Male,Engineering,5.8,2.2,1.6,No,77.2,6.8,Good,6,High School,High,10.0,No,4.0,1,4.6,No,1,10.6,Co-Learning Group,No,High,7,3,10,Auditory,3.6,100
171632,24,Male,Biology,3.4,2.9,2.1,No,44.3,6.7,Good,1,High School,Medium,8.9,Yes,4.0,4,4.3,No,4,8.5,Cafe,Yes,High,1,3,10,Reading,8.2,97
123802,19,Female,Business,1.4,2.9,2.2,Yes,43.0,7.1,Fair,1,Master,Medium,5.3,Yes,3.37,7,4.9,No,2,6.9,Library,Yes,Low,9,5,10,Visual,9.9,90
146924,23,Other,Engineering,1.6,4.3,0.6,Yes,95.5,6.3,Good,1,Some College,High,8.6,No,3.56,2,6.0,No,2,7.1,Cafe,Yes,Low,6,6,9,Kinesthetic,8.9,84
112013,18,Female,Biology,4.1,0.4,3.5,Yes,71.3,4.4,Good,0,PhD,High,5.3,Yes,2.61,2,1.0,No,4,8.6,Cafe,No,Low,9,5,10,Reading,2.2,60
160338,19,Other,Business,1.3,3.5,1.7,No,97.7,5.5,Fair,7,PhD,High,8.5,Yes,3.96,8,7.0,No,4,8.2,Quiet Room,No,Medium,5,7,8,Visual,7.7,100
140312,23,Male,Engineering,6.9,4.6,2.8,No,41.7,8.0,Fair,4,Bachelor,High,4.7,Yes,4.0,3,8.3,No,0,15.3,Dorm,Yes,Low,4,7,8,Visual,2.9,94
159510,26,Female,Arts,5.0,0.4,3.4,No,93.9,8.7,Fair,0,Master,High,9.9,Yes,4.0,5,3.6,No,0,9.3,Cafe,Yes,Low,7,9,6,Reading,8.2,100
101630,23,Female,Psychology,2.5,2.8,3.0,Yes,94.3,8.7,Good,2,Some College,Medium,8.1,Yes,3.79,5,2.3,No,0,10.2,Cafe,No,High,1,2,10,Visual,8.7,90
114589,28,Other,Computer Science,3.513597503784486,2.3,2.9,No,81.9,5.1,Good,6,Master,High,4.4,Yes,3.78,6,4.3,No,4,9.8,Cafe,No,Low,8,1,10,Visual,2.0,82
127577,20,Other,Business,3.5,0.8,1.9,Yes,96.1,5.7,Good,7,High School,Low,4.7,No,3.58,4,6.4,No,1,6.3,Co-Learning Group,No,Medium,2,2,10,Kinesthetic,7.8,92
105757,25,Other,Arts,4.1,0.6,1.0,Yes,71.7,7.1,Fair,4,Some College,Low,8.5,Yes,3.43,1,4.8,No,0,5.7,Cafe,No,Low,3,2,10,Auditory,8.0,82
121130,22,Female,Computer Science,4.891763601667212,2.0,1.7,Yes,59.3,5.5,Good,1,High School,High,6.8,No,4.0,4,1.0,No,0,8.9,Library,Yes,Medium,7,7,8,Visual,1.9,92
144765,24,Other,Psychology,0.8,0.2,2.4,Yes,91.8,7.9,Good,6,PhD,Low,7.0,No,2.64,4,4.0,No,2,4.8,Quiet Room,No,High,5,1,10,Visual,2.7,60
100072,20,Male,Business,1.7,0.8,3.8,No,90.6,7.8,Good,5,High School,High,8.1,Yes,4.0,4,8.9,No,0,6.6,Library,No,Low,1,10,5,Kinesthetic,3.4,99
144430,16,Female,Computer Science,5.006768447910452,1.6,2.2,No,56.1,10.5,Good,7,PhD,Low,9.1,Yes,4.0,1,3.0,No,1,10.8,Co-Learning Group,No,Low,10,5,10,Auditory,5.5,97
170829,17,Male,Biology,3.3,1.5,2.8,Yes,72.4,4.7,Good,1,Bachelor,High,5.7,Yes,3.63,7,4.9,No,3,9.1,Cafe,No,Medium,5,3,10,Auditory,2.2,87
150823,22,Male,Computer Science,5.942931818043633,3.2,3.4,No,76.5,7.8,Fair,1,High School,Low,9.8,No,4.0,6,6.3,No,3,13.7,Quiet Room,Yes,Medium,9,9,6,Visual,2.7,93
104179,27,Other,Arts,2.3,2.2,3.9,No,83.8,7.3,Good,6,High School,Medium,5.3,No,4.0,6,2.1,No,3,10.4,Quiet Room,No,High,8,6,9,Kinesthetic,3.5,94
157734,24,Male,Engineering,5.3,4.0,1.5,Yes,94.9,6.3,Fair,1,PhD,High,2.4,No,3.54,8,9.7,No,5,11.5,Dorm,No,Low,1,8,7,Visual,4.4,92
140221,22,Female,Business,0.5,0.6,2.4,Yes,60.8,7.3,Fair,3,Some College,High,8.1,Yes,3.49,3,5.7,No,2,3.7,Cafe,Yes,High,5,10,5,Auditory,7.8,82
118499,16,Other,Psychology,0.0,4.3,3.8,No,80.6,9.0,Good,0,PhD,High,10.0,No,4.0,6,3.2,No,0,9.2,Cafe,No,Low,9,9,6,Kinesthetic,4.6,95
101650,18,Male,Arts,3.5,4.9,1.7,No,86.1,7.3,Good,2,Some College,High,6.1,Yes,3.68,6,2.9,No,3,10.1,Library,No,High,4,4,10,Kinesthetic,4.2,92
105376,22,Male,Biology,4.5,3.1,1.2,No,92.9,5.3,Good,2,High School,High,8.5,Yes,4.0,5,4.6,No,3,9.4,Library,No,Medium,3,2,10,Auditory,1.6,99
158409,28,Other,Business,5.8,2.3,0.7,Yes,64.7,8.1,Poor,3,Some College,Low,6.6,Yes,4.0,3,3.0,No,2,10.3,Library,Yes,Medium,5,4,10,Reading,8.5,91
176421,28,Other,Business,3.4,1.2,1.4,Yes,62.7,8.1,Good,3,High School,High,3.8,No,3.28,1,5.9,No,1,6.7,Library,Yes,High,9,3,10,Reading,7.3,88
159730,28,Female,Computer Science,0.8953216769436754,0.1,0.5,Yes,74.2,6.4,Poor,2,PhD,Medium,8.8,No,3.39,2,5.5,No,0,3.5,Quiet Room,Yes,Medium,9,9,6,Visual,2.1,90
115474,25,Other,Engineering,0.6,4.0,1.5,No,94.9,10.4,Fair,7,Bachelor,Low,3.3,Yes,4.0,6,3.6,No,5,6.1,Quiet Room,No,Low,3,7,8,Auditory,4.4,100
106275,20,Other,Computer Science,2.796439979434301,3.5,0.4,No,40.2,6.3,Good,6,PhD,Low,5.6,Yes,4.0,3,2.8,No,4,8.6,Library,No,Medium,3,2,10,Visual,1.1,92
179933,22,Other,Biology,6.6,0.5,1.0,Yes,43.8,6.0,Fair,1,Master,Low,7.7,Yes,4.0,7,3.9,No,5,9.9,Cafe,Yes,Low,3,3,10,Reading,4.9,99
114580,22,Male,Engineering,1.6,3.4,2.3,Yes,47.1,8.4,Fair,6,High School,Medium,6.0,No,3.71,5,1.1,No,2,7.7,Dorm,No,Medium,6,9,6,Kinesthetic,5.6,87
112301,28,Female,Psychology,3.7,2.0,2.4,No,77.8,7.7,Good,3,High School,Medium,5.7,No,4.0,5,3.6,No,5,8.3,Quiet Room,Yes,Medium,7,8,7,Auditory,8.3,92
161772,17,Female,Computer Science,5.428958239957719,4.2,2.5,No,75.0,4.2,Good,2,Some College,Medium,5.7,Yes,2.87,3,5.6,No,3,13.8,Dorm,No,Medium,4,3,10,Visual,6.9,67
155946,24,Female,Business,3.8,0.5,1.9,No,98.7,4.2,Fair,6,Bachelor,High,6.4,No,2.97,7,4.6,No,3,7.8,Dorm,No,Medium,1,5,10,Kinesthetic,4.9,67
157415,28,Female,Computer Science,2.913137767502564,2.2,0.1,Yes,86.3,7.5,Fair,2,Bachelor,Medium,5.7,No,4.0,5,8.9,No,5,5.5,Cafe,No,Medium,2,10,5,Kinesthetic,4.7,100
163761,24,Other,Business,4.3,0.6,2.0,No,62.3,8.9,Fair,5,Some College,High,8.7,No,4.0,5,1.0,No,5,8.4,Co-Learning Group,Yes,Low,6,1,10,Reading,2.6,100
109556,18,Female,Computer Science,6.718933763646555,4.9,1.5,No,86.7,6.9,Good,6,PhD,Low,4.6,Yes,3.11,4,4.6,No,4,14.8,Dorm,No,High,3,9,6,Auditory,9.5,70
144953,18,Male,Psychology,3.2,0.7,2.9,No,55.6,5.5,Good,5,Bachelor,High,7.2,No,3.02,8,6.1,No,2,7.9,Cafe,Yes,Medium,6,5,10,Kinesthetic,3.1,74
172327,21,Other,Computer Science,4.613398117507514,0.3,0.9,Yes,91.4,6.8,Poor,4,Some College,Low,8.3,Yes,4.0,6,5.1,No,5,6.1,Quiet Room,Yes,High,8,3,10,Reading,6.1,100
113006,23,Male,Arts,3.3,3.1,1.3,Yes,79.4,4.2,Good,0,High School,Medium,6.6,Yes,3.45,1,4.8,No,5,8.1,Quiet Room,No,Low,8,9,6,Kinesthetic,5.1,89
167812,25,Female,Psychology,3.5,0.7,2.2,Yes,55.0,6.1,Fair,1,PhD,High,10.0,No,2.97,3,2.2,No,1,6.5,Dorm,No,Medium,3,3,10,Visual,9.1,69
136226,25,Other,Arts,5.0,3.3,0.0,No,63.4,7.9,Poor,5,High School,Medium,7.5,No,4.0,5,5.7,No,1,9.1,Quiet Room,Yes,Low,4,4,10,Kinesthetic,9.1,95
177966,17,Other,Computer Science,3.3480341535412124,5.0,3.9,No,98.6,8.9,Good,4,High School,High,3.6,No,3.14,2,4.8,No,3,12.9,Co-Learning Group,No,Low,8,4,10,Visual,8.1,75
163513,20,Male,Business,7.8,2.0,3.7,No,50.0,8.3,Poor,6,Master,Medium,4.5,No,4.0,5,9.4,No,3,14.7,Dorm,No,High,3,6,9,Auditory,3.8,88
119016,17,Male,Psychology,5.1,3.9,4.0,No,97.0,6.7,Poor,3,Some College,Low,4.6,No,3.88,4,6.2,No,0,13.2,Co-Learning Group,No,High,6,6,9,Kinesthetic,4.9,99
103278,28,Male,Engineering,0.9,0.1,3.8,Yes,56.6,7.7,Good,2,Bachelor,High,6.8,Yes,4.0,3,7.1,No,1,5.7,Library,Yes,Medium,2,6,9,Visual,4.5,100
119965,23,Other,Business,8.1,2.5,3.9,No,61.0,6.8,Fair,1,Some College,Medium,6.8,No,4.0,3,5.3,No,0,15.1,Quiet Room,No,High,1,9,6,Visual,1.7,100
105488,24,Female,Biology,7.5,2.1,1.0,Yes,60.2,5.5,Good,7,Bachelor,High,6.5,No,4.0,2,7.6,No,1,10.7,Library,No,Low,8,8,7,Auditory,8.1,100
144976,24,Male,Psychology,4.3,2.3,3.0,No,59.8,6.8,Fair,5,Bachelor,Low,7.7,Yes,2.88,7,4.4,No,2,10.2,Co-Learning Group,Yes,High,8,3,10,Visual,3.3,77
164225,18,Female,Engineering,4.3,4.2,1.6,No,91.1,7.4,Poor,7,High School,High,5.9,No,3.18,7,5.0,No,0,11.2,Library,Yes,High,7,5,10,Auditory,9.0,75
122947,20,Other,Business,0.8,2.0,3.2,Yes,68.2,4.8,Fair,3,Bachelor,Medium,7.4,Yes,2.55,1,3.2,No,4,7.6,Dorm,Yes,High,9,8,7,Kinesthetic,9.5,66
170994,26,Male,Arts,4.9,0.7,3.2,No,85.2,5.8,Fair,5,High School,Medium,9.8,No,4.0,3,3.9,No,1,9.2,Cafe,Yes,Medium,1,9,6,Reading,6.8,100
135662,25,Male,Psychology,2.8,4.7,0.3,Yes,84.6,5.6,Poor,5,Bachelor,Low,10.0,No,4.0,2,3.7,No,1,8.7,Cafe,Yes,High,1,5,10,Reading,1.4,100
141433,25,Male,Engineering,7.1,4.3,0.6,Yes,69.8,5.6,Fair,0,High School,Medium,10.0,Yes,4.0,3,3.4,No,1,12.5,Co-Learning Group,Yes,Low,7,7,8,Visual,5.2,100
125844,20,Female,Psychology,6.4,1.0,2.8,Yes,88.4,5.6,Good,7,Some College,High,9.2,Yes,4.0,7,4.9,No,2,12.0,Quiet Room,Yes,Medium,2,9,6,Auditory,6.7,97
150253,19,Other,Arts,1.5,2.8,1.1,No,71.9,7.7,Good,4,Some College,High,7.6,Yes,2.4,7,1.7,No,0,7.0,Dorm,No,Low,1,4,10,Visual,3.0,63
152405,23,Male,Computer Science,2.563637308248818,0.3,0.9,Yes,86.7,6.9,Poor,4,Bachelor,High,6.6,No,3.41,3,2.2,No,3,4.6,Cafe,No,High,3,10,5,Visual,3.4,87
171671,27,Male,Arts,3.5,1.8,1.8,No,99.9,7.0,Poor,1,Bachelor,High,4.1,Yes,3.21,1,7.2,No,5,7.7,Library,Yes,Low,1,9,6,Kinesthetic,8.3,83
155891,26,Female,Engineering,1.0,2.9,2.0,Yes,61.6,8.4,Good,4,Master,Medium,4.8,Yes,3.83,7,6.0,No,2,6.9,Quiet Room,No,High,10,2,10,Kinesthetic,4.8,90
132715,21,Other,Biology,3.5,2.0,2.2,Yes,90.0,6.6,Poor,0,Bachelor,High,8.3,No,2.58,2,5.7,No,1,8.0,Library,No,High,10,4,10,Visual,6.4,56
124611,24,Male,Psychology,4.1,4.1,1.3,Yes,70.4,6.6,Fair,4,PhD,High,9.0,No,3.01,6,2.5,No,5,11.1,Dorm,Yes,Medium,2,1,10,Auditory,6.3,66
165579,17,Female,Arts,3.2,3.5,3.3,No,62.8,8.7,Good,6,Master,High,4.4,Yes,3.9,4,5.7,No,2,11.8,Quiet Room,No,Medium,1,4,10,Auditory,1.7,100
129733,25,Male,Engineering,6.0,0.3,2.8,No,49.9,6.1,Fair,5,High School,High,3.2,No,3.5,5,6.7,No,4,10.9,Cafe,No,Medium,1,9,6,Visual,1.3,90
158334,19,Other,Psychology,6.6,1.2,3.4,Yes,85.1,6.5,Good,0,Some College,Medium,6.6,No,3.23,7,1.1,No,4,11.2,Cafe,Yes,Low,9,3,10,Reading,9.2,77
177190,26,Other,Computer Science,3.241116717612117,0.6,2.5,Yes,62.1,6.6,Poor,6,High School,Medium,3.5,No,3.45,4,8.4,No,1,6.8,Dorm,Yes,Low,2,10,5,Reading,4.0,100
154256,18,Female,Biology,1.2,1.0,3.7,Yes,91.8,6.9,Good,1,High School,Low,10.0,Yes,4.0,3,6.8,No,0,7.1,Library,Yes,Medium,6,9,6,Visual,4.2,100
123795,18,Male,Arts,7.5,4.0,3.2,No,84.4,6.2,Good,1,Master,Medium,2.2,Yes,3.14,1,7.2,No,2,14.9,Dorm,No,Medium,2,10,5,Reading,2.8,78
170061,24,Male,Arts,7.7,4.0,2.1,Yes,80.9,6.0,Good,6,Bachelor,Low,4.7,No,3.7,3,3.4,No,4,14.9,Cafe,Yes,Medium,9,6,9,Visual,3.2,92
126464,27,Female,Business,2.3,3.7,3.9,No,67.4,4.7,Poor,1,Master,Low,10.0,No,2.78,8,6.8,No,4,11.6,Dorm,No,High,6,4,10,Visual,7.5,70
169970,26,Female,Engineering,4.8,1.6,0.2,No,57.5,9.1,Good,3,PhD,Medium,8.2,No,4.0,3,5.6,No,3,8.4,Library,No,Low,5,5,10,Reading,6.2,92
125114,26,Female,Arts,2.0,3.0,3.4,No,91.1,8.1,Good,0,High School,Low,5.9,Yes,3.02,8,4.2,No,2,8.5,Dorm,Yes,Low,8,7,8,Kinesthetic,7.8,82
128509,18,Female,Arts,3.3,0.0,3.6,No,84.5,7.6,Fair,5,Some College,Low,10.0,Yes,3.19,2,5.6,No,1,7.9,Cafe,No,High,7,10,5,Reading,7.6,79
156251,28,Female,Psychology,2.9,4.0,1.0,No,70.6,8.4,Good,0,Some College,High,3.9,No,3.3,7,7.6,No,1,8.9,Cafe,Yes,Medium,10,7,8,Kinesthetic,5.2,84
174465,16,Other,Arts,0.8,3.2,2.3,Yes,77.6,6.7,Fair,0,Master,Low,8.9,Yes,2.83,5,6.9,No,0,7.6,Dorm,No,Low,4,10,5,Visual,9.3,72
136408,22,Female,Computer Science,4.733077856835811,1.4,3.7,Yes,56.3,6.9,Good,1,Master,High,6.4,Yes,4.0,8,8.9,No,3,9.9,Library,Yes,High,2,10,5,Auditory,6.4,100
118749,21,Male,Engineering,3.8,0.6,2.2,No,75.1,4.7,Poor,4,Some College,Low,10.0,No,3.98,4,7.4,No,1,8.2,Cafe,No,High,6,2,10,Kinesthetic,9.0,95
168198,27,Male,Psychology,3.6,2.1,2.4,No,63.4,6.1,Good,5,Master,Medium,6.3,Yes,2.9,5,3.1,No,5,8.3,Dorm,No,Medium,1,4,10,Auditory,3.9,72
119079,23,Female,Arts,5.4,2.1,1.0,Yes,51.9,5.0,Good,1,Bachelor,Medium,7.9,No,4.0,3,1.6,No,2,9.6,Co-Learning Group,Yes,Low,1,7,8,Kinesthetic,5.2,100
177439,28,Male,Arts,5.3,1.1,0.9,No,53.6,6.3,Fair,0,Bachelor,Medium,3.9,Yes,2.95,7,5.5,No,1,7.7,Cafe,Yes,High,1,7,8,Auditory,7.4,69
101430,21,Male,Computer Science,6.3876045013811735,2.0,1.5,Yes,66.2,7.1,Good,5,High School,Low,7.1,Yes,4.0,5,3.2,No,2,10.0,Library,Yes,High,6,5,10,Auditory,2.1,100
148591,27,Other,Computer Science,2.808121851145135,3.3,3.6,No,98.2,6.0,Poor,3,Master,High,7.5,Yes,3.82,6,2.4,No,0,11.4,Library,No,Medium,5,1,10,Reading,2.2,100
123898,26,Male,Engineering,5.7,0.5,2.3,No,83.9,7.6,Good,4,High School,Medium,4.5,Yes,3.04,7,7.3,No,3,10.4,Dorm,No,High,5,8,7,Auditory,3.1,71
148358,16,Male,Biology,4.3,4.8,1.7,No,60.9,9.7,Good,6,Bachelor,High,3.4,No,4.0,6,2.0,No,0,11.6,Co-Learning Group,Yes,High,3,6,9,Kinesthetic,3.5,97
131209,27,Other,Psychology,3.9,0.0,1.1,Yes,57.8,5.5,Good,1,High School,Low,7.3,Yes,2.97,5,4.8,No,3,5.3,Cafe,No,Low,10,6,9,Auditory,2.0,82
124967,23,Female,Engineering,4.2,3.5,1.7,Yes,55.2,7.0,Good,3,Bachelor,Medium,5.1,No,3.95,5,3.3,No,2,11.4,Co-Learning Group,No,Low,8,3,10,Kinesthetic,4.7,98
161136,26,Male,Engineering,7.9,0.8,0.9,No,67.0,7.6,Good,1,High School,High,5.2,No,4.0,8,3.9,No,1,10.3,Co-Learning Group,No,High,3,7,8,Visual,4.6,100
161360,21,Male,Computer Science,6.028595205804354,1.8,0.9,No,57.7,8.7,Fair,3,PhD,High,5.8,Yes,4.0,4,5.0,No,5,9.8,Co-Learning Group,Yes,Medium,7,1,10,Auditory,6.2,100
178864,24,Male,Biology,0.0,4.0,0.6,No,63.8,6.5,Good,6,Bachelor,High,5.8,No,3.92,1,3.7,No,1,6.1,Library,Yes,Low,7,10,5,Kinesthetic,3.4,95
140314,16,Male,Business,3.3,3.7,2.3,Yes,58.3,9.1,Good,0,Some College,Medium,7.2,No,2.51,8,5.9,No,5,11.2,Co-Learning Group,No,Low,8,3,10,Visual,5.9,59
153696,24,Female,Arts,2.6,1.0,3.4,No,83.0,7.1,Fair,5,Bachelor,Low,8.3,No,2.56,2,4.8,No,3,7.9,Cafe,No,Medium,3,1,10,Kinesthetic,3.8,64
107205,25,Male,Computer Science,4.48017201082039,0.3,3.3,Yes,97.1,8.8,Fair,7,PhD,Medium,7.4,Yes,4.0,5,2.9,No,5,9.5,Co-Learning Group,Yes,High,10,3,10,Auditory,5.4,91
178688,23,Female,Psychology,4.5,2.8,1.5,No,84.4,5.7,Poor,5,Bachelor,High,4.6,No,3.26,5,7.6,No,1,9.6,Quiet Room,Yes,Medium,10,6,9,Reading,7.9,84
114581,20,Other,Engineering,2.9,1.1,1.7,No,55.0,7.8,Fair,7,High School,Medium,2.7,No,4.0,7,8.5,No,3,7.5,Co-Learning Group,Yes,Medium,5,7,8,Reading,8.2,98
173270,26,Male,Business,3.1,4.4,3.0,No,62.1,7.4,Fair,5,Some College,High,6.9,No,2.92,5,2.9,No,1,11.2,Cafe,No,Low,9,7,8,Kinesthetic,1.5,68
158075,27,Male,Engineering,3.3,4.7,1.9,Yes,66.1,7.7,Poor,1,Bachelor,Low,5.0,No,4.0,7,7.2,No,1,10.1,Library,No,Low,3,9,6,Auditory,8.1,97
171922,24,Female,Computer Science,4.35493034656657,0.1,1.9,Yes,47.9,9.3,Good,6,PhD,Low,8.9,No,3.76,3,3.4,No,2,7.8,Library,No,High,10,10,5,Kinesthetic,3.5,100
145488,24,Female,Engineering,2.6,2.9,0.7,Yes,67.8,6.8,Fair,1,Some College,High,7.4,No,2.91,4,1.4,No,4,6.2,Dorm,No,Medium,3,6,9,Visual,4.2,79
161316,18,Other,Computer Science,4.24958863944364,1.5,2.5,Yes,49.3,7.1,Good,4,High School,High,7.7,No,3.44,8,2.7,No,3,9.2,Cafe,Yes,High,4,8,7,Kinesthetic,5.5,79
129761,25,Other,Business,5.3,4.4,1.4,Yes,69.2,8.6,Good,0,PhD,High,8.5,No,3.69,3,4.8,No,1,11.6,Quiet Room,Yes,Medium,3,3,10,Visual,3.8,95
172122,27,Male,Engineering,8.4,4.5,3.0,Yes,42.5,6.0,Good,3,Bachelor,Medium,4.4,No,3.74,8,1.7,No,3,17.8,Co-Learning Group,No,High,1,4,10,Auditory,9.4,100
131479,22,Male,Engineering,4.9,2.1,0.2,Yes,82.2,8.8,Fair,6,Master,Medium,7.6,No,4.0,2,1.7,No,1,7.6,Quiet Room,No,High,10,9,6,Reading,9.7,100
105938,19,Other,Engineering,1.8,0.6,2.8,Yes,80.4,6.4,Fair,5,High School,Medium,5.4,Yes,2.81,4,6.1,No,4,6.9,Dorm,Yes,Medium,4,7,8,Reading,4.9,71
158081,19,Female,Biology,4.8,1.7,2.3,Yes,63.5,5.3,Good,0,Some College,Low,7.2,Yes,4.0,8,6.5,No,2,9.7,Cafe,Yes,Medium,6,5,10,Kinesthetic,8.4,99
138837,25,Female,Business,5.6,4.6,3.8,Yes,68.3,8.2,Good,1,Bachelor,Medium,6.5,No,3.45,4,2.6,No,5,14.7,Library,Yes,Medium,3,6,9,Kinesthetic,2.2,84
119937,21,Female,Computer Science,5.50078452709697,3.1,2.3,No,46.4,6.6,Good,5,PhD,High,6.5,Yes,4.0,8,5.3,No,4,11.3,Cafe,Yes,Low,10,2,10,Kinesthetic,3.5,100
103562,27,Male,Biology,6.3,3.0,1.5,No,87.7,8.6,Poor,0,Some College,Low,4.9,Yes,4.0,1,1.0,No,2,12.5,Cafe,Yes,Medium,6,2,10,Visual,10.0,95
131098,17,Female,Biology,4.0,3.8,2.1,Yes,76.3,5.1,Good,4,High School,High,7.2,Yes,3.66,2,4.4,No,0,11.0,Dorm,No,Low,1,7,8,Kinesthetic,6.2,94
155274,22,Other,Computer Science,4.693174452866564,1.1,1.2,No,52.2,4.0,Good,4,Bachelor,Medium,5.2,Yes,4.0,1,4.2,No,1,8.1,Library,Yes,High,2,2,10,Kinesthetic,7.4,96
101904,28,Other,Biology,4.6,2.4,2.8,No,46.4,6.9,Fair,6,High School,Medium,5.5,Yes,4.0,2,9.0,Yes,3,10.5,Quiet Room,Yes,High,10,2,10,Reading,1.3,96
169569,27,Female,Biology,4.8,3.1,1.5,No,80.2,8.2,Fair,6,Bachelor,High,3.0,No,3.25,2,3.3,No,2,9.8,Quiet Room,Yes,High,5,1,10,Kinesthetic,1.7,86
161309,21,Other,Computer Science,4.260235752732539,3.1,2.3,Yes,77.1,8.0,Good,5,Master,High,7.5,No,4.0,4,4.1,No,2,9.9,Library,Yes,Medium,10,2,10,Reading,1.0,100
107342,26,Male,Business,8.0,2.2,0.0,No,69.0,8.4,Good,7,Some College,Low,6.1,Yes,4.0,8,6.1,No,1,11.4,Library,No,Low,10,10,5,Reading,5.6,100
112373,27,Female,Psychology,5.4,4.6,1.7,No,44.6,8.0,Good,2,High School,High,9.0,Yes,3.54,3,4.2,No,0,12.7,Cafe,Yes,Medium,6,9,6,Auditory,7.3,98
169710,23,Male,Biology,7.2,3.6,0.7,No,94.7,9.2,Good,3,PhD,High,2.7,No,4.0,7,6.9,No,3,11.7,Co-Learning Group,Yes,Low,9,10,5,Visual,6.9,95
177609,28,Other,Arts,2.1,0.4,0.4,Yes,97.2,8.5,Good,1,PhD,Low,8.1,No,3.18,1,7.2,No,0,4.2,Co-Learning Group,No,Low,4,4,10,Kinesthetic,4.2,76
122204,25,Female,Psychology,2.5,4.9,2.0,No,90.3,4.8,Fair,6,Master,Medium,6.9,No,3.27,8,3.5,No,3,9.6,Co-Learning Group,Yes,Low,5,9,6,Reading,8.5,83
121915,28,Other,Biology,6.4,2.0,3.6,No,83.5,8.2,Fair,6,Master,High,8.5,No,4.0,8,3.9,No,5,13.7,Dorm,No,High,9,7,8,Visual,4.7,91
102790,26,Male,Computer Science,8.18997094114146,3.5,1.1,Yes,63.0,8.7,Good,3,Some College,Low,8.4,No,4.0,1,2.6,No,2,13.1,Cafe,No,Low,8,2,10,Auditory,3.3,100
161946,24,Other,Business,5.4,2.3,2.5,No,57.8,7.1,Good,1,PhD,Medium,6.7,No,3.31,4,4.7,No,1,10.6,Quiet Room,Yes,Low,8,7,8,Kinesthetic,7.7,77
140796,25,Male,Computer Science,2.846692373368602,4.5,2.4,No,44.1,7.4,Poor,4,Master,Low,10.0,No,4.0,7,1.1,No,2,10.2,Library,Yes,Low,6,7,8,Kinesthetic,6.0,100
127937,23,Male,Arts,1.9,0.6,3.3,Yes,56.4,10.7,Poor,3,Master,High,9.1,No,4.0,7,4.2,No,5,7.6,Library,Yes,High,2,2,10,Kinesthetic,5.6,100
107110,22,Other,Engineering,5.1,3.7,2.5,Yes,73.4,9.1,Fair,5,Master,High,3.7,No,2.92,8,3.4,No,1,13.3,Dorm,No,Medium,6,6,9,Kinesthetic,1.3,73
122419,24,Female,Arts,4.0,2.5,1.1,Yes,72.0,6.0,Poor,3,Master,Low,6.9,No,3.09,2,6.3,No,4,9.1,Cafe,No,Low,8,4,10,Visual,6.3,83
173346,25,Male,Psychology,5.5,2.4,3.8,No,73.9,7.7,Poor,7,Bachelor,Low,8.9,Yes,3.46,6,5.0,No,1,12.6,Library,Yes,Medium,9,1,10,Reading,9.4,95
113497,17,Other,Psychology,5.2,4.5,3.6,No,57.5,7.8,Fair,7,Some College,Medium,6.2,Yes,3.7,1,2.4,No,3,15.0,Dorm,Yes,Low,2,9,6,Reading,2.4,85
111600,26,Other,Business,2.7,1.9,2.5,Yes,40.9,7.3,Good,4,Master,Medium,5.0,No,3.51,8,1.4,No,3,7.2,Library,Yes,High,6,3,10,Kinesthetic,2.6,82
124726,21,Female,Biology,5.2,3.4,1.4,No,78.8,7.4,Good,1,Master,High,5.7,Yes,4.0,7,6.9,No,4,10.9,Co-Learning Group,No,High,1,3,10,Auditory,3.9,100
179147,26,Female,Arts,0.0,4.7,3.3,Yes,78.8,8.0,Fair,6,Bachelor,Low,8.8,No,4.0,2,1.7,No,1,8.1,Library,Yes,High,7,7,8,Visual,4.6,100
120608,17,Male,Business,3.6,0.0,0.8,Yes,48.2,6.5,Fair,3,High School,Medium,8.4,No,2.66,5,4.8,No,3,5.7,Quiet Room,No,High,8,1,10,Visual,2.0,65
138147,22,Male,Computer Science,2.5415980936036564,3.7,0.7,No,53.7,5.1,Good,4,PhD,Medium,10.0,No,4.0,4,4.9,No,5,7.5,Quiet Room,No,High,3,8,7,Reading,6.8,98
120251,17,Female,Engineering,3.9,0.9,1.3,No,65.5,6.5,Good,5,Some College,Medium,7.0,No,3.04,8,6.5,No,0,7.6,Co-Learning Group,No,Medium,3,5,10,Visual,1.9,86
167008,25,Male,Business,1.5,4.8,1.1,Yes,55.1,4.8,Good,2,Bachelor,Low,9.7,Yes,3.87,7,9.7,No,3,8.4,Quiet Room,No,Medium,3,8,7,Visual,4.7,88
179542,18,Female,Arts,3.0,2.3,2.9,No,80.9,6.0,Fair,4,Bachelor,Low,7.1,Yes,3.95,8,5.9,No,4,9.8,Quiet Room,Yes,High,9,2,10,Visual,5.7,93
156874,21,Male,Computer Science,2.1882639543382494,3.1,1.1,No,99.4,6.7,Poor,2,Some College,Medium,10.0,No,3.81,2,2.0,No,2,6.4,Dorm,No,Medium,2,5,10,Visual,2.2,95
158929,28,Other,Computer Science,5.6443657705835975,0.7,1.9,Yes,74.1,4.0,Poor,3,Some College,High,7.7,Yes,4.0,8,2.6,No,2,10.1,Quiet Room,No,High,4,5,10,Kinesthetic,2.0,100
119880,25,Male,Computer Science,6.301115575211872,1.2,2.8,No,94.0,8.7,Poor,2,High School,Medium,5.1,No,4.0,2,2.0,No,1,12.2,Co-Learning Group,No,Low,10,2,10,Reading,4.6,96
101746,17,Other,Arts,5.5,1.2,0.3,Yes,76.7,5.4,Good,5,Master,Low,5.6,No,4.0,1,7.9,No,3,7.2,Library,No,Low,3,8,7,Reading,4.7,100
124630,26,Female,Arts,4.7,4.4,3.6,No,45.6,7.9,Good,7,PhD,Medium,8.3,No,3.85,7,3.1,No,5,14.6,Quiet Room,Yes,Low,7,8,7,Kinesthetic,2.7,98
176853,23,Other,Computer Science,5.240751149268257,0.8,0.3,No,73.1,6.6,Good,6,PhD,Low,6.2,No,4.0,3,1.0,No,0,7.7,Co-Learning Group,No,Low,3,9,6,Reading,5.0,100
111681,17,Male,Arts,0.5,0.7,0.7,Yes,83.4,4.0,Fair,3,Master,Medium,5.8,Yes,3.74,3,4.9,No,4,2.7,Library,No,High,3,5,10,Visual,7.5,89
107434,26,Other,Psychology,6.1,2.6,1.4,No,83.7,8.4,Good,0,PhD,High,10.0,No,3.52,4,5.7,No,5,11.9,Quiet Room,No,Low,7,1,10,Kinesthetic,1.3,87
126007,20,Female,Arts,3.7,1.2,1.8,Yes,82.6,6.6,Poor,7,Some College,High,7.1,No,4.0,2,7.9,No,0,7.2,Co-Learning Group,No,Medium,8,1,10,Reading,5.0,93
136128,19,Male,Psychology,1.1,1.2,2.5,Yes,87.5,6.5,Poor,7,High School,Low,5.5,No,3.13,7,2.9,No,0,6.5,Co-Learning Group,Yes,Medium,2,3,10,Kinesthetic,6.1,82
161522,22,Other,Engineering,2.7,2.6,2.0,Yes,71.8,7.4,Fair,2,Master,Medium,5.8,No,3.43,5,6.0,No,3,7.8,Quiet Room,Yes,Low,5,1,10,Visual,5.0,81
123416,19,Female,Computer Science,2.967555366897103,0.2,0.7,No,87.2,8.0,Fair,5,PhD,Low,5.2,Yes,3.5,7,4.5,No,1,4.9,Cafe,Yes,High,4,8,7,Reading,4.3,87
102621,17,Male,Biology,1.3,1.2,0.1,No,48.8,6.7,Poor,3,High School,High,7.6,Yes,4.0,7,3.0,No,3,3.9,Dorm,Yes,Medium,2,10,5,Reading,9.8,100
178590,24,Other,Psychology,3.1,2.2,3.4,No,53.8,7.3,Good,5,High School,High,7.5,Yes,2.83,4,5.9,No,0,10.6,Cafe,No,Medium,10,1,10,Kinesthetic,3.0,71
171815,19,Female,Arts,3.2,3.3,1.2,No,64.0,7.6,Good,0,Master,Low,7.0,No,2.83,1,6.9,No,2,7.8,Quiet Room,No,Low,1,5,10,Auditory,9.2,77
104798,19,Female,Arts,4.9,4.2,3.4,No,77.7,5.7,Poor,2,Master,High,7.6,Yes,3.34,6,1.9,No,5,13.3,Library,No,High,7,5,10,Reading,8.7,85
126281,18,Other,Arts,0.6,1.0,3.3,No,80.2,7.2,Fair,2,Master,Low,6.2,No,4.0,7,5.9,No,3,5.1,Quiet Room,Yes,High,2,8,7,Kinesthetic,4.2,100
155102,20,Female,Psychology,1.7,4.0,0.9,No,62.3,5.7,Good,2,Some College,High,9.8,No,3.97,1,5.8,No,5,6.8,Quiet Room,No,Low,9,2,10,Reading,8.3,100
125112,28,Female,Computer Science,3.955048479073938,4.6,2.7,Yes,59.9,8.6,Fair,6,Master,High,8.5,No,4.0,4,6.3,No,1,11.8,Quiet Room,Yes,Low,1,10,5,Auditory,5.1,97
170565,22,Other,Psychology,4.5,3.6,3.1,Yes,59.0,5.1,Good,0,PhD,Medium,5.6,No,4.0,8,3.5,No,4,13.1,Library,No,Medium,10,9,6,Kinesthetic,3.3,100
121858,17,Other,Biology,8.0,2.8,2.2,No,98.3,5.7,Good,1,Some College,Medium,5.8,No,3.63,2,7.3,No,3,14.2,Cafe,Yes,High,2,1,10,Auditory,5.8,89
140705,21,Male,Psychology,5.1,0.2,3.7,No,81.2,7.1,Poor,5,Some College,Low,6.5,No,3.08,1,7.5,No,2,10.9,Cafe,No,Low,4,6,9,Visual,8.3,73
107727,22,Male,Engineering,7.3,0.1,2.7,No,88.3,6.9,Good,1,High School,High,7.1,No,2.9,2,3.1,No,0,12.0,Dorm,No,Low,9,1,10,Reading,7.2,74
158984,23,Male,Psychology,3.0,3.2,0.5,Yes,41.3,5.9,Good,2,Master,High,9.6,No,3.04,5,5.5,No,3,6.8,Cafe,No,High,3,7,8,Visual,9.7,75
174535,24,Female,Psychology,1.6,0.3,0.8,Yes,47.9,6.3,Good,7,PhD,High,6.1,Yes,4.0,3,3.7,No,3,2.9,Library,Yes,Medium,2,1,10,Visual,3.7,94
112929,27,Other,Engineering,2.9,0.4,0.4,Yes,67.4,9.2,Poor,6,Master,Medium,8.1,Yes,3.9,8,5.6,No,5,4.5,Cafe,Yes,Medium,6,2,10,Reading,4.9,100
166576,16,Female,Biology,6.6,0.9,3.5,No,51.5,5.2,Good,1,Master,Medium,2.7,Yes,3.93,1,5.2,No,2,12.4,Library,No,Low,8,9,6,Reading,10.0,99
124165,23,Other,Business,1.7,2.2,3.7,No,93.9,4.6,Fair,6,Master,High,7.7,Yes,4.0,8,2.6,No,1,8.7,Quiet Room,Yes,Low,6,10,5,Visual,4.9,100
152672,28,Other,Business,5.0,4.8,0.8,No,65.4,10.0,Fair,4,Master,High,5.2,Yes,3.7,6,3.8,No,2,11.4,Library,Yes,High,2,1,10,Auditory,3.3,97
105554,28,Female,Computer Science,3.3938537035157736,2.3,3.5,No,65.5,10.3,Good,6,High School,Medium,6.1,No,3.42,1,1.2,No,3,10.0,Library,Yes,Medium,9,7,8,Auditory,6.7,87
105518,25,Female,Computer Science,5.947641807831372,0.9,0.1,No,53.5,7.0,Fair,1,Master,High,7.1,No,3.99,1,5.3,No,5,8.8,Cafe,Yes,Medium,1,2,10,Auditory,3.8,100
160878,19,Female,Biology,1.5,4.7,2.0,No,50.8,7.1,Good,6,Master,High,7.3,No,3.19,2,4.5,No,5,9.5,Library,Yes,Low,1,1,10,Auditory,9.4,83
159053,19,Female,Biology,3.3,2.9,1.5,Yes,74.8,7.5,Good,0,PhD,Low,8.7,Yes,3.77,7,4.7,No,3,8.4,Dorm,Yes,Medium,10,3,10,Visual,1.5,94
173063,25,Female,Computer Science,2.1300360567701744,0.9,3.7,No,85.6,6.3,Good,4,High School,High,7.199999999999999,Yes,4.0,8,7.8,No,3,7.4,Cafe,Yes,High,6,9,6,Visual,2.9,100
119552,18,Other,Computer Science,5.945641055622343,1.3,3.7,Yes,91.2,4.8,Poor,4,Master,Low,7.6,No,4.0,6,5.7,No,4,11.5,Library,Yes,Low,6,10,5,Visual,2.2,99
161546,28,Male,Computer Science,2.21433928830096,1.3,3.1,Yes,48.4,6.1,Good,4,High School,High,7.6,No,4.0,3,2.9,No,3,8.5,Dorm,No,Medium,3,9,6,Reading,5.7,100
145929,25,Female,Computer Science,2.492671323474266,3.5,0.0,No,90.9,6.8,Good,7,Some College,High,6.8,No,4.0,5,3.5,No,2,6.3,Co-Learning Group,Yes,Medium,4,3,10,Kinesthetic,7.1,100
121097,21,Other,Biology,3.6,2.5,1.7,No,56.7,6.0,Good,3,High School,Low,5.3,No,3.43,3,3.1,No,0,8.7,Dorm,No,Low,2,9,6,Visual,1.4,84
163717,24,Other,Business,1.2,4.9,3.0,Yes,44.9,7.5,Poor,2,Bachelor,Medium,5.4,Yes,4.0,7,5.9,No,5,9.4,Quiet Room,No,High,1,8,7,Auditory,9.7,100
133570,27,Female,Arts,3.9,0.8,0.8,Yes,60.6,9.6,Fair,4,Bachelor,Low,7.9,Yes,3.34,5,4.7,No,2,7.0,Quiet Room,No,High,5,7,8,Visual,4.7,86
126343,21,Other,Psychology,5.0,4.2,2.4,No,43.1,6.7,Good,2,Some College,High,6.5,No,4.0,2,4.7,No,3,11.6,Co-Learning Group,Yes,Medium,5,10,5,Reading,3.8,100
113307,26,Other,Psychology,3.7,0.7,0.5,No,50.8,6.9,Fair,0,Master,High,8.6,No,2.78,4,5.4,No,2,5.7,Dorm,No,Low,3,10,5,Auditory,1.1,67
154700,26,Other,Computer Science,5.20121810541915,1.5,0.4,No,93.1,4.4,Poor,2,Bachelor,High,10.0,Yes,4.0,1,6.6,No,4,7.7,Dorm,Yes,Low,4,10,5,Reading,1.7,100
122882,16,Male,Business,0.7,3.1,3.6,Yes,49.4,6.8,Good,1,High School,Low,7.1,No,3.47,2,5.1,No,1,7.9,Library,Yes,High,4,2,10,Kinesthetic,5.6,82
105894,24,Male,Engineering,4.7,1.5,0.5,Yes,99.2,8.3,Fair,4,Some College,Medium,7.3,Yes,4.0,6,5.6,No,1,7.5,Quiet Room,No,Low,7,10,5,Auditory,6.1,99
135530,24,Other,Arts,2.4,4.7,3.2,Yes,59.6,6.9,Good,4,PhD,High,9.2,Yes,3.99,3,3.4,No,2,12.0,Dorm,No,Low,4,8,7,Kinesthetic,1.4,100
179169,21,Other,Engineering,3.0,4.4,2.7,Yes,79.3,5.2,Good,7,High School,High,7.6,No,3.06,5,4.4,No,3,10.2,Co-Learning Group,No,High,6,7,8,Visual,9.4,86
139940,17,Female,Arts,4.5,0.7,0.9,No,66.9,4.0,Good,5,Bachelor,Medium,4.7,Yes,3.22,2,2.3,No,1,7.2,Library,No,Low,6,6,9,Visual,5.5,76
119664,25,Female,Psychology,2.9,3.3,2.8,No,58.9,5.3,Poor,7,High School,High,6.8,No,3.11,7,7.5,No,1,10.8,Dorm,No,Low,9,5,10,Visual,6.9,87
152717,18,Other,Psychology,2.7,4.1,3.1,Yes,44.4,5.4,Good,2,PhD,Low,6.6,No,3.99,6,4.7,No,3,11.5,Library,Yes,Medium,5,7,8,Visual,6.6,100
135911,24,Other,Engineering,4.5,1.3,0.6,No,79.7,8.1,Poor,4,Some College,Low,10.0,Yes,4.0,5,4.4,No,1,8.0,Cafe,Yes,Low,5,5,10,Kinesthetic,3.8,100
144324,23,Female,Engineering,2.0,0.2,0.0,No,60.9,7.4,Good,3,Master,Medium,4.4,No,3.77,7,7.2,No,1,3.7,Dorm,Yes,High,9,10,5,Kinesthetic,1.0,93
154587,25,Male,Business,3.8,3.0,2.3,No,96.5,9.0,Poor,3,Some College,Medium,6.6,No,3.49,6,2.0,No,0,10.0,Library,Yes,Medium,2,8,7,Kinesthetic,8.4,83
157487,16,Female,Business,2.9,2.5,0.5,Yes,64.7,7.5,Good,3,High School,High,7.1,Yes,3.63,2,4.0,No,2,7.3,Quiet Room,Yes,High,8,10,5,Visual,6.4,86
111890,16,Other,Computer Science,2.944408250341928,2.7,0.1,Yes,49.2,8.0,Good,1,Bachelor,Low,6.6,No,2.69,4,6.1,No,0,7.5,Cafe,No,High,10,5,10,Kinesthetic,7.9,67
133027,17,Other,Engineering,3.5,3.0,3.9,No,70.5,6.4,Good,3,Some College,High,8.2,Yes,4.0,5,5.7,No,2,12.2,Co-Learning Group,No,Medium,3,10,5,Auditory,1.3,92
107732,16,Other,Engineering,3.2,0.7,3.9,No,49.6,8.0,Fair,2,Bachelor,High,4.2,No,3.52,6,4.5,No,0,9.1,Library,No,High,4,4,10,Visual,9.8,81
124366,27,Male,Psychology,3.2,1.4,2.9,No,43.2,7.7,Good,5,Some College,Low,6.4,Yes,4.0,8,4.3,No,5,8.2,Cafe,Yes,Low,8,6,9,Visual,1.9,97
171223,21,Male,Computer Science,8.136865705255211,1.1,1.5,No,43.2,6.2,Poor,4,PhD,Low,2.3,No,4.0,4,7.7,No,4,11.2,Quiet Room,Yes,High,5,9,6,Visual,3.3,100
127021,25,Female,Biology,3.7,3.8,0.1,No,83.1,6.0,Good,3,High School,Medium,5.1,No,3.79,1,3.1,No,0,7.8,Cafe,No,Low,3,7,8,Auditory,6.7,93
135761,23,Male,Engineering,4.4,1.3,0.3,No,75.4,7.9,Good,4,Some College,Low,4.9,Yes,3.93,8,7.8,No,1,6.5,Library,No,High,2,9,6,Reading,1.6,95
123424,21,Male,Psychology,3.9,3.5,0.9,Yes,80.0,8.3,Poor,1,PhD,High,3.4,Yes,4.0,1,6.9,No,3,9.3,Quiet Room,Yes,Medium,2,7,8,Reading,1.9,100
153388,27,Male,Arts,6.7,0.0,2.8,Yes,60.6,8.4,Good,0,Master,High,2.1,No,2.56,5,7.7,No,5,11.5,Cafe,No,Medium,3,2,10,Visual,9.2,61
125460,27,Other,Computer Science,4.872020563028588,4.6,3.2,No,79.8,9.4,Good,4,Master,Medium,5.5,No,4.0,7,5.0,No,1,14.6,Quiet Room,No,Low,1,7,8,Auditory,9.2,97
164254,17,Other,Engineering,0.8,2.1,3.6,Yes,83.9,8.9,Fair,6,Master,Low,5.9,Yes,3.64,6,3.7,No,0,7.6,Co-Learning Group,No,Low,4,6,9,Visual,3.7,100
152314,20,Female,Biology,6.7,1.4,1.8,Yes,90.0,7.7,Good,0,PhD,High,7.6,Yes,4.0,2,5.1,No,1,10.4,Cafe,Yes,Medium,9,8,7,Reading,7.2,99
105362,19,Male,Biology,4.2,0.5,1.0,Yes,94.2,9.1,Good,2,PhD,Low,3.6,Yes,4.0,1,9.4,No,4,6.5,Dorm,Yes,Low,8,10,5,Auditory,8.1,100
165382,27,Male,Arts,2.8,3.1,0.8,Yes,55.5,8.5,Good,5,Some College,Medium,7.8,No,4.0,2,2.6,No,4,8.7,Dorm,Yes,High,9,7,8,Reading,7.3,98
131968,16,Female,Arts,4.3,3.1,1.5,No,40.5,7.3,Good,7,PhD,High,7.1,No,3.47,5,7.1,No,0,9.5,Quiet Room,Yes,Medium,3,7,8,Visual,1.1,92
169910,22,Male,Psychology,3.1,2.2,1.1,No,96.3,6.8,Poor,3,High School,Low,3.9,No,3.29,6,4.8,No,5,8.0,Library,No,Low,4,4,10,Reading,2.1,80
113841,21,Other,Arts,3.3,2.8,3.8,Yes,56.3,5.7,Fair,0,PhD,Low,5.4,No,4.0,4,3.9,No,2,10.6,Quiet Room,Yes,Medium,5,8,7,Visual,8.2,92
147926,27,Male,Computer Science,0.988887917238892,4.9,0.4,No,42.1,7.4,Fair,3,Bachelor,High,9.6,Yes,3.23,1,2.8,No,4,7.9,Cafe,Yes,High,3,7,8,Auditory,4.0,87
107592,27,Female,Computer Science,5.895761509274378,1.7,1.3,No,46.4,8.6,Fair,7,Bachelor,Low,7.3,Yes,4.0,6,4.9,No,0,10.4,Library,Yes,Low,6,2,10,Auditory,1.6,100
110321,19,Female,Computer Science,5.887703604261603,3.9,2.2,Yes,66.8,5.2,Poor,7,Some College,Medium,9.3,Yes,4.0,1,1.0,No,1,12.9,Quiet Room,No,Low,4,9,6,Visual,1.1,97
174777,20,Female,Computer Science,4.037553247383313,2.3,2.3,Yes,69.8,5.7,Fair,4,Bachelor,Low,4.6,Yes,4.0,8,7.0,No,5,10.5,Co-Learning Group,No,Low,8,9,6,Auditory,6.4,94
105096,26,Female,Arts,2.9,0.4,3.7,No,67.3,9.0,Poor,0,PhD,Medium,2.8,No,4.0,2,5.8,No,5,8.9,Quiet Room,Yes,Low,3,1,10,Auditory,8.2,100
119531,27,Male,Psychology,3.8,4.7,1.5,No,47.3,6.5,Good,2,Some College,Medium,7.0,Yes,2.08,6,9.3,Yes,4,11.5,Dorm,No,Medium,2,2,10,Kinesthetic,5.2,53
141585,24,Other,Engineering,5.1,3.7,2.6,Yes,82.0,8.3,Good,3,PhD,High,10.0,No,4.0,8,4.0,No,3,12.4,Quiet Room,Yes,High,3,10,5,Auditory,7.7,94
165604,20,Male,Biology,6.3,0.4,1.2,No,59.7,6.0,Good,4,Master,Low,4.3,No,3.98,5,7.1,No,2,8.8,Co-Learning Group,No,Medium,3,4,10,Auditory,3.9,100
131442,23,Other,Psychology,0.4,4.9,0.9,Yes,91.8,9.1,Good,7,Master,Low,7.9,No,4.0,2,2.3,No,1,7.2,Library,Yes,High,2,9,6,Visual,4.4,98
128234,28,Other,Biology,4.9,4.6,0.1,No,57.7,7.7,Good,2,Bachelor,High,6.4,Yes,3.39,5,6.2,No,1,10.8,Cafe,No,Low,1,9,6,Auditory,4.2,83
148957,20,Other,Engineering,1.1,0.6,2.6,Yes,90.3,4.7,Fair,4,Bachelor,Low,7.7,Yes,3.59,4,4.7,No,3,5.2,Library,No,High,10,3,10,Auditory,4.1,95
119654,17,Female,Arts,6.7,0.2,0.3,Yes,65.3,7.4,Good,4,Some College,High,9.4,Yes,4.0,4,3.8,No,5,8.0,Quiet Room,Yes,Medium,1,7,8,Reading,4.5,100
112486,25,Male,Psychology,4.5,0.9,2.9,Yes,99.6,6.4,Fair,4,High School,Low,9.7,Yes,3.85,4,6.5,No,1,9.5,Co-Learning Group,No,Low,7,9,6,Reading,2.3,100
118188,20,Other,Arts,2.8,1.9,2.7,Yes,40.7,4.9,Good,1,Bachelor,High,8.8,No,4.0,1,6.1,No,1,8.7,Co-Learning Group,Yes,High,10,2,10,Kinesthetic,5.0,97
127816,20,Female,Psychology,4.4,4.4,2.9,Yes,45.1,7.4,Fair,0,Some College,High,7.3,No,3.4,6,4.5,No,3,12.9,Cafe,Yes,Medium,9,5,10,Visual,3.6,84
166635,27,Male,Biology,2.5,0.9,3.0,Yes,68.5,6.8,Fair,5,Master,Low,3.0,No,3.58,1,5.4,No,5,6.8,Co-Learning Group,No,High,9,5,10,Reading,3.4,84
122004,26,Female,Arts,1.6,0.5,2.5,Yes,99.3,9.2,Poor,6,PhD,Low,9.4,Yes,2.81,2,6.7,No,2,6.6,Cafe,No,Medium,1,1,10,Visual,3.9,64
167253,25,Male,Psychology,5.5,1.1,0.8,Yes,82.1,6.5,Good,6,High School,Low,4.3,No,3.91,8,5.1,No,4,8.7,Quiet Room,No,High,5,4,10,Kinesthetic,5.1,100
103382,25,Other,Business,1.5,1.6,2.5,No,81.8,7.8,Good,5,Bachelor,High,7.2,Yes,4.0,3,3.8,No,0,7.5,Dorm,No,High,5,10,5,Reading,6.5,96
170053,22,Male,Business,3.4,2.9,0.8,Yes,58.5,6.8,Good,7,PhD,Medium,5.6,No,3.44,4,8.6,Yes,3,7.6,Quiet Room,No,Medium,7,2,10,Auditory,1.1,87
173626,20,Other,Biology,4.3,0.3,0.0,No,95.0,6.3,Good,1,Master,Low,10.0,No,3.51,2,6.3,No,4,4.6,Cafe,No,Medium,1,1,10,Auditory,2.1,93
119182,24,Other,Arts,1.4,2.8,2.7,No,41.7,6.3,Good,6,Bachelor,High,8.1,No,2.89,6,1.5,No,2,7.5,Co-Learning Group,Yes,High,3,1,10,Auditory,7.2,79
108794,25,Male,Engineering,1.1,4.6,1.9,No,47.0,6.9,Fair,3,High School,High,7.8,No,2.65,2,4.5,No,4,8.7,Cafe,Yes,High,7,3,10,Auditory,2.5,63
119485,25,Other,Psychology,5.1,2.0,0.7,No,58.8,6.9,Good,4,PhD,Low,6.2,Yes,3.73,2,3.9,No,5,8.4,Library,No,Low,5,9,6,Auditory,9.3,88
137587,18,Male,Computer Science,7.992536415642899,1.4,2.0,No,94.2,9.0,Fair,4,Bachelor,High,6.8,Yes,3.78,2,4.2,No,0,12.8,Co-Learning Group,Yes,Low,1,2,10,Reading,5.4,96
141827,27,Other,Biology,2.8,3.4,0.1,No,98.6,9.7,Good,4,High School,Medium,10.0,Yes,2.7,3,6.9,No,4,8.0,Co-Learning Group,Yes,Medium,4,2,10,Visual,9.3,68
112841,24,Male,Business,1.6,0.5,3.0,No,93.3,6.2,Fair,1,High School,Low,5.9,No,2.84,6,4.9,No,1,6.1,Co-Learning Group,No,Medium,8,7,8,Reading,6.5,62
171577,26,Male,Engineering,5.3,3.6,2.4,Yes,40.1,8.6,Good,6,Some College,High,10.0,Yes,4.0,7,4.0,No,3,12.3,Quiet Room,No,Low,6,5,10,Auditory,8.1,100
124303,20,Female,Psychology,6.7,2.3,1.5,No,85.3,6.2,Good,6,PhD,Medium,2.7,No,4.0,2,7.8,No,1,11.9,Library,Yes,Low,5,6,9,Reading,8.6,100
149067,24,Female,Business,4.9,3.5,0.9,Yes,95.5,6.5,Fair,0,Master,High,7.5,No,4.0,4,5.0,No,1,10.5,Quiet Room,Yes,High,2,4,10,Auditory,8.2,100
162785,26,Female,Computer Science,7.900601668563203,4.3,3.6,Yes,56.5,5.4,Good,1,Some College,Medium,6.6,Yes,3.11,7,5.6,No,0,17.1,Co-Learning Group,Yes,Medium,6,2,10,Auditory,2.5,77
128841,24,Male,Biology,5.3,3.5,0.6,No,72.3,9.9,Poor,3,Bachelor,High,5.5,Yes,2.92,5,8.1,Yes,3,9.8,Quiet Room,Yes,Low,2,2,10,Reading,3.1,78
166127,24,Female,Arts,0.9,1.8,0.7,No,77.8,8.1,Fair,2,PhD,Low,6.8,No,3.21,2,3.8,No,1,5.3,Cafe,Yes,Medium,3,3,10,Visual,1.4,80
100051,21,Male,Business,5.3,1.5,1.4,No,74.0,5.6,Fair,2,Some College,Low,6.5,Yes,3.24,4,7.3,No,2,8.2,Library,No,High,1,2,10,Kinesthetic,7.7,88
130943,17,Other,Computer Science,5.984084825845762,3.3,1.6,Yes,44.0,5.4,Fair,7,High School,Medium,8.9,No,4.0,3,4.5,No,3,11.1,Cafe,No,Medium,10,1,10,Reading,3.1,88
171642,24,Other,Psychology,4.5,3.4,3.9,Yes,97.4,8.8,Fair,2,Some College,High,6.8,No,4.0,8,3.6,No,0,12.5,Library,Yes,Low,5,9,6,Kinesthetic,5.9,100
107155,21,Male,Biology,1.8,4.9,0.5,No,93.9,7.2,Fair,2,Bachelor,Low,8.6,Yes,3.88,1,4.4,No,5,8.2,Quiet Room,Yes,Low,2,4,10,Auditory,4.1,96
127528,18,Female,Psychology,3.6,0.1,0.4,No,67.8,4.1,Good,1,Master,Medium,3.1,Yes,4.0,5,5.3,No,5,5.6,Library,No,Medium,4,10,5,Kinesthetic,8.4,98
155009,24,Male,Psychology,3.1,3.5,2.5,No,40.9,6.9,Good,0,High School,High,6.6,No,3.01,6,5.9,No,1,10.8,Dorm,No,Medium,8,2,10,Kinesthetic,2.3,71
121892,28,Other,Biology,3.2,3.5,0.8,Yes,40.3,8.7,Fair,7,Master,Medium,6.4,No,3.35,4,7.3,No,0,8.7,Dorm,Yes,High,10,9,6,Reading,3.5,81
177686,26,Other,Biology,3.6,4.7,2.9,Yes,64.8,6.0,Good,2,Some College,Medium,4.3,No,4.0,4,8.3,No,1,13.1,Library,No,Medium,7,10,5,Kinesthetic,1.8,90
168986,21,Male,Engineering,5.7,4.2,2.9,Yes,77.2,6.9,Good,1,Some College,Medium,6.8,No,4.0,5,1.0,No,3,13.3,Cafe,No,Low,9,2,10,Kinesthetic,1.9,95
122067,23,Female,Engineering,4.2,4.3,1.3,No,51.0,5.2,Fair,0,Some College,Medium,7.4,Yes,4.0,6,4.3,No,4,10.7,Library,No,Low,2,10,5,Kinesthetic,9.8,96
124129,28,Male,Business,3.3,2.7,1.6,Yes,58.7,7.1,Fair,0,High School,Low,3.4000000000000004,Yes,4.0,4,7.6,No,0,9.4,Co-Learning Group,No,Low,7,4,10,Kinesthetic,1.4,100
173439,25,Other,Engineering,6.6,2.6,1.1,Yes,88.0,11.5,Fair,0,Master,High,6.3,No,3.73,6,8.7,No,2,11.0,Library,No,High,8,6,9,Visual,4.6,100
119238,26,Female,Engineering,1.7,4.1,3.6,Yes,76.0,5.9,Poor,1,Master,High,7.3,No,2.63,3,4.9,No,0,9.8,Co-Learning Group,No,Low,8,2,10,Auditory,4.7,69
135682,21,Female,Computer Science,8.300626715458375,4.8,2.8,No,86.0,7.7,Good,0,High School,Medium,8.1,No,3.33,7,1.9,No,1,17.4,Dorm,No,Medium,1,7,8,Auditory,3.5,88
146820,27,Male,Engineering,7.6,2.2,1.7,No,74.3,4.9,Poor,3,High School,High,7.3,No,4.0,6,3.4,No,2,12.1,Library,No,Medium,7,8,7,Auditory,3.5,100
150357,27,Female,Biology,6.1,4.6,2.9,Yes,66.7,5.7,Good,0,PhD,Medium,10.0,Yes,3.68,2,4.4,No,5,14.8,Library,No,Medium,2,5,10,Reading,6.9,93
113976,23,Male,Computer Science,3.1107646151834665,4.6,3.5,No,66.3,4.0,Good,1,PhD,High,9.3,No,4.0,5,2.4,No,1,11.5,Quiet Room,Yes,Medium,5,9,6,Reading,7.1,100
157822,23,Female,Biology,7.3,1.7,2.7,No,42.5,7.1,Fair,6,Master,Medium,2.5,No,3.7,8,1.0,No,3,12.6,Cafe,Yes,Medium,7,6,9,Kinesthetic,1.4,93
116938,24,Male,Psychology,1.1,4.2,2.9,No,84.6,7.6,Poor,4,Some College,High,4.9,Yes,4.0,2,8.0,No,4,9.9,Dorm,No,Low,7,7,8,Reading,4.0,99
117821,17,Female,Business,3.6,1.9,0.3,Yes,64.0,8.2,Poor,4,Some College,Medium,7.8,Yes,3.51,8,5.8,No,2,7.7,Dorm,Yes,Medium,2,3,10,Auditory,7.4,87
119872,26,Female,Psychology,4.3,4.6,2.9,No,93.8,5.8,Fair,2,Master,High,7.1,Yes,4.0,7,3.3,No,0,13.6,Quiet Room,Yes,High,6,1,10,Kinesthetic,5.0,96
128078,16,Male,Psychology,5.0,1.6,1.1,No,48.5,6.3,Fair,4,Some College,Low,8.0,No,3.99,5,5.7,No,3,9.3,Cafe,No,Medium,6,4,10,Visual,4.1,99
109455,25,Male,Business,4.7,3.6,1.3,Yes,81.4,5.5,Fair,3,PhD,Medium,6.7,No,3.8,5,7.0,No,0,9.9,Cafe,No,High,2,9,6,Reading,9.6,90
149539,27,Other,Biology,2.8,3.2,1.1,No,62.0,5.7,Good,2,Bachelor,Medium,6.8,No,3.64,6,2.9,No,3,7.8,Co-Learning Group,Yes,High,8,6,9,Reading,9.1,88
159352,22,Male,Arts,2.3,2.6,3.7,No,51.5,9.4,Fair,2,PhD,Medium,5.5,No,2.93,5,1.7,No,5,9.0,Dorm,No,High,6,8,7,Reading,2.5,67
172870,25,Male,Engineering,3.1,3.1,0.5,Yes,83.0,5.4,Fair,1,Master,High,6.2,No,4.0,7,2.9,No,4,7.7,Library,No,Low,8,6,9,Kinesthetic,9.0,100
114576,16,Male,Biology,1.7,0.2,2.1,No,68.8,6.8,Good,5,High School,Medium,10.0,No,3.37,7,6.0,No,0,4.6,Quiet Room,Yes,High,8,7,8,Kinesthetic,3.5,83
172283,18,Male,Business,5.3,0.8,0.3,No,60.9,7.9,Good,2,Bachelor,High,10.0,No,3.27,7,3.3,No,3,7.6,Co-Learning Group,Yes,Medium,3,1,10,Auditory,6.0,89
123696,25,Male,Arts,5.0,2.7,3.8,Yes,41.1,5.5,Fair,7,Master,Medium,5.9,No,3.14,3,6.0,No,2,12.6,Quiet Room,No,Low,10,3,10,Auditory,7.4,79
103159,24,Female,Computer Science,4.059330392304448,2.3,0.1,No,69.0,5.4,Fair,3,Master,Medium,7.2,Yes,3.37,2,6.6,No,2,6.7,Dorm,No,Medium,7,3,10,Visual,2.2,85
169499,19,Male,Psychology,4.3,4.6,2.2,No,80.9,7.7,Good,1,High School,High,4.4,Yes,3.44,8,3.9,No,5,11.6,Library,No,High,7,10,5,Auditory,1.5,80
109806,20,Other,Engineering,5.1,1.2,1.1,Yes,87.8,4.0,Fair,7,Some College,Low,4.8,Yes,4.0,2,4.4,No,1,7.9,Co-Learning Group,Yes,Low,4,4,10,Auditory,4.4,100
174308,17,Female,Engineering,7.8,1.8,0.5,Yes,98.7,8.0,Good,6,Some College,Low,9.9,Yes,4.0,2,4.8,No,0,11.3,Cafe,Yes,Medium,4,3,10,Kinesthetic,5.1,100
123370,22,Female,Arts,3.2,0.8,4.0,Yes,57.5,8.1,Fair,6,Master,Low,6.6,Yes,4.0,5,4.5,No,5,8.8,Quiet Room,Yes,High,10,9,6,Auditory,8.0,99
129652,22,Other,Psychology,4.7,2.2,0.2,Yes,52.4,5.7,Good,4,Master,Medium,7.2,Yes,3.63,1,4.7,No,5,8.0,Cafe,No,Medium,9,8,7,Reading,5.4,95
148073,21,Female,Biology,6.8,2.3,1.6,Yes,95.8,4.0,Good,6,Master,Low,7.8,No,3.64,6,3.8,No,0,11.7,Cafe,No,Low,6,7,8,Auditory,5.7,97
130527,28,Other,Computer Science,4.717306877488745,0.2,0.7,No,97.0,6.6,Fair,7,Some College,High,4.3,Yes,4.0,2,4.5,No,1,7.5,Quiet Room,Yes,Medium,6,8,7,Reading,1.1,100
147764,28,Female,Computer Science,7.173233202772822,0.5,2.8,Yes,56.6,6.9,Fair,3,Some College,High,8.2,Yes,4.0,6,5.7,No,3,12.2,Co-Learning Group,Yes,High,7,8,7,Kinesthetic,1.5,89
146026,22,Male,Engineering,0.6,1.5,1.4,No,77.6,7.3,Poor,6,Bachelor,High,5.3,Yes,3.1,4,4.7,No,3,4.6,Co-Learning Group,Yes,Medium,2,2,10,Reading,8.7,69
126964,19,Female,Arts,7.9,0.0,3.5,No,81.8,7.6,Good,0,Master,Medium,5.9,No,3.74,1,3.6,No,1,13.2,Cafe,No,Low,7,2,10,Reading,2.7,98
145227,22,Male,Engineering,2.4,1.1,1.7,No,55.4,4.0,Fair,7,Some College,Low,3.5,Yes,3.54,4,5.7,No,3,5.7,Co-Learning Group,Yes,Low,10,4,10,Reading,4.8,88
156965,18,Other,Psychology,2.8,1.0,1.1,Yes,77.4,5.6,Good,2,Master,High,3.4000000000000004,Yes,3.52,6,10.0,No,0,5.1,Dorm,No,High,1,10,5,Kinesthetic,4.7,86
120213,20,Female,Engineering,5.1,3.4,0.1,No,82.5,5.7,Good,5,High School,Medium,4.2,No,3.41,2,5.8,No,2,9.3,Co-Learning Group,No,Medium,4,10,5,Kinesthetic,7.9,82
171452,19,Male,Computer Science,0.0,0.7,3.6,No,98.0,5.3,Fair,1,PhD,Medium,10.0,No,3.93,7,1.3,No,0,4.4,Co-Learning Group,No,High,4,4,10,Auditory,2.9,100
119140,16,Other,Arts,4.9,4.6,3.7,No,71.4,6.6,Poor,1,Master,High,4.7,No,3.39,1,4.5,No,4,13.9,Quiet Room,No,High,6,2,10,Visual,9.1,88
127330,26,Female,Engineering,3.2,0.5,0.8,Yes,58.6,4.0,Good,4,PhD,Medium,6.0,Yes,2.69,1,5.6,No,3,5.5,Library,Yes,High,6,4,10,Kinesthetic,8.0,67
168874,23,Other,Arts,3.3,1.6,3.4,No,51.1,7.2,Fair,0,Bachelor,Medium,8.7,No,3.26,2,6.0,No,4,10.0,Library,Yes,Low,6,7,8,Auditory,4.2,80
139534,19,Male,Engineering,4.8,4.8,3.7,No,65.7,6.2,Good,7,PhD,High,6.0,No,2.92,8,6.6,No,0,14.1,Library,Yes,High,7,2,10,Visual,9.4,67
158657,18,Other,Biology,3.6,3.0,2.9,Yes,89.1,5.5,Fair,5,High School,Low,9.9,No,3.45,6,5.8,No,5,9.9,Library,Yes,Low,2,1,10,Kinesthetic,4.7,86
145043,21,Male,Computer Science,2.8762271479451003,1.0,4.0,Yes,60.5,7.3,Good,2,High School,High,3.3,No,3.56,2,2.3,No,3,8.4,Library,No,High,3,2,10,Visual,9.8,92
156460,18,Other,Engineering,1.2,3.7,1.8,No,40.7,4.2,Fair,4,PhD,Low,8.5,No,4.0,4,5.4,No,2,8.1,Co-Learning Group,Yes,High,9,4,10,Kinesthetic,1.8,93
106428,23,Female,Psychology,4.1,4.2,2.8,No,40.4,7.3,Good,2,Bachelor,High,4.7,No,4.0,7,1.9,No,1,11.5,Quiet Room,Yes,Medium,8,4,10,Kinesthetic,6.3,100
102661,27,Other,Engineering,2.4,2.0,3.8,Yes,87.8,8.4,Good,3,High School,Medium,9.1,No,4.0,2,6.1,No,0,9.1,Cafe,No,High,1,9,6,Auditory,6.2,100
105851,23,Female,Business,9.0,2.6,0.0,No,72.8,8.1,Fair,0,PhD,Medium,6.2,Yes,3.52,1,5.2,No,5,11.9,Co-Learning Group,No,Medium,2,9,6,Visual,3.1,84
161695,18,Male,Computer Science,2.574737753689714,2.6,0.4,Yes,87.0,7.6,Good,5,Some College,Medium,7.7,No,3.75,1,2.1,No,2,6.1,Quiet Room,Yes,Medium,7,4,10,Reading,6.7,86
131226,25,Other,Computer Science,2.41706428334627,3.6,1.3,No,66.4,10.1,Good,0,Bachelor,High,7.5,Yes,3.57,3,7.3,No,1,8.0,Quiet Room,Yes,High,4,6,9,Visual,7.3,90
156849,16,Male,Arts,6.1,3.0,1.6,No,78.9,7.2,Good,1,Some College,Low,5.6,Yes,4.0,8,4.6,No,0,11.0,Co-Learning Group,Yes,Medium,8,10,5,Kinesthetic,2.4,93
151048,21,Other,Business,3.0,3.2,2.1,Yes,41.0,7.0,Fair,3,Some College,Medium,5.9,Yes,4.0,6,6.8,No,1,9.7,Library,Yes,Low,10,10,5,Visual,2.7,100
118674,28,Male,Arts,0.5,2.2,3.7,No,53.5,8.4,Good,4,Master,High,10.0,Yes,2.85,4,6.0,No,1,8.2,Co-Learning Group,Yes,Medium,1,2,10,Kinesthetic,5.0,70
115766,16,Other,Psychology,4.6,0.6,3.9,No,64.7,6.8,Good,5,PhD,Medium,7.4,No,4.0,3,5.7,No,1,9.5,Co-Learning Group,No,High,10,1,10,Auditory,7.6,99
121332,28,Female,Psychology,2.0,2.7,0.1,Yes,71.1,6.7,Good,4,Master,Low,4.0,Yes,4.0,1,4.1,No,0,6.0,Co-Learning Group,Yes,High,2,7,8,Auditory,3.8,100
134921,18,Male,Business,7.2,1.2,3.0,Yes,51.8,7.5,Fair,2,Bachelor,High,5.8,Yes,4.0,7,5.6,No,1,11.8,Co-Learning Group,Yes,High,7,5,10,Visual,7.6,97
131277,25,Other,Psychology,4.3,0.2,3.7,Yes,54.8,7.2,Good,3,Master,High,6.4,Yes,4.0,3,7.1,No,0,10.1,Library,No,High,10,5,10,Kinesthetic,1.3,97
165863,21,Male,Biology,4.9,3.9,2.8,Yes,64.1,8.7,Poor,1,Master,Medium,5.3,Yes,4.0,2,2.9,No,5,13.2,Co-Learning Group,No,High,5,10,5,Kinesthetic,9.7,100
121371,17,Other,Arts,6.3,3.1,0.6,Yes,91.9,6.2,Fair,0,PhD,Low,8.0,Yes,4.0,5,6.5,No,5,10.6,Co-Learning Group,Yes,Low,4,3,10,Reading,7.0,95
119467,22,Female,Business,6.0,3.2,1.1,Yes,70.2,6.9,Poor,1,PhD,High,6.7,Yes,3.23,6,3.9,No,5,11.4,Cafe,No,Low,6,10,5,Auditory,1.8,80
169344,19,Male,Engineering,1.9,0.9,2.0,No,92.0,8.0,Fair,0,Some College,High,3.7,Yes,4.0,6,5.4,No,2,6.4,Quiet Room,Yes,Low,2,9,6,Auditory,1.6,100
113335,24,Female,Business,4.1,0.8,0.6,No,94.8,5.7,Fair,1,Some College,High,6.7,No,2.9,5,7.5,No,4,7.2,Cafe,No,Low,7,3,10,Visual,9.8,74
130245,17,Female,Psychology,2.8,1.3,3.3,No,98.9,7.4,Poor,1,Bachelor,High,7.5,Yes,4.0,5,3.7,No,1,9.4,Dorm,No,Low,6,9,6,Visual,7.5,100
117717,18,Female,Arts,5.2,0.2,1.6,Yes,57.8,8.2,Good,2,Master,Low,7.5,Yes,3.78,8,4.9,No,4,8.4,Dorm,No,Medium,10,2,10,Kinesthetic,3.0,96
175132,18,Other,Arts,8.5,4.6,0.9,No,53.8,6.2,Good,7,PhD,Medium,6.5,No,3.36,3,9.5,Yes,1,16.0,Library,Yes,Low,6,2,10,Auditory,8.2,86
161375,19,Female,Engineering,0.0,1.3,1.9,Yes,56.8,6.5,Good,3,Bachelor,Low,3.8,Yes,4.0,4,4.9,No,0,4.9,Co-Learning Group,Yes,Low,5,7,8,Kinesthetic,1.5,100
172372,16,Female,Psychology,5.1,0.3,1.5,No,86.7,8.1,Good,2,High School,Medium,7.6,Yes,3.35,1,4.7,No,5,7.9,Library,No,Medium,5,10,5,Reading,8.2,83
136648,21,Male,Engineering,2.2,3.9,0.8,No,85.1,6.3,Poor,7,Bachelor,Medium,7.6,Yes,4.0,1,3.0,No,5,7.7,Quiet Room,No,Low,1,8,7,Reading,8.5,98
103099,23,Other,Arts,3.0,3.0,2.7,Yes,41.8,4.0,Poor,2,Bachelor,High,5.3,No,4.0,4,3.8,No,2,10.3,Quiet Room,Yes,Low,2,1,10,Visual,3.7,100
159625,18,Female,Computer Science,5.026095265231121,0.9,1.1,Yes,49.8,6.7,Poor,6,High School,High,4.7,Yes,3.2,7,4.2,No,2,7.3,Library,No,Medium,9,3,10,Visual,8.7,73
127129,16,Other,Psychology,0.3,4.7,1.0,No,73.3,7.8,Good,3,High School,Low,6.3,No,4.0,2,4.6,No,2,6.3,Dorm,Yes,Medium,9,9,6,Kinesthetic,1.1,94
122131,18,Male,Engineering,0.7,1.8,1.1,No,71.9,5.0,Good,4,Bachelor,Medium,6.6,Yes,2.85,1,5.8,No,0,4.1,Dorm,No,Medium,2,7,8,Visual,2.6,70
148096,22,Other,Psychology,2.5,4.3,0.1,Yes,58.9,6.6,Fair,2,Master,Medium,5.7,No,4.0,5,6.0,No,4,8.0,Library,Yes,Medium,4,5,10,Kinesthetic,6.8,100
123097,22,Male,Business,2.6,3.7,1.2,No,64.6,6.4,Good,5,High School,Low,9.1,Yes,3.21,3,4.7,No,1,9.5,Cafe,Yes,Medium,9,5,10,Auditory,4.3,79
140589,20,Male,Business,1.4,3.2,2.9,Yes,40.9,6.5,Poor,4,PhD,Medium,6.8,Yes,3.68,8,6.7,No,2,9.2,Library,No,Medium,7,8,7,Visual,9.8,86
137330,20,Other,Arts,1.7,0.2,2.1,No,59.8,5.3,Good,7,PhD,Medium,6.8,No,3.5,5,3.7,No,1,5.8,Library,No,Medium,6,1,10,Auditory,7.6,87
161505,23,Other,Computer Science,1.5960035616513149,2.6,3.6,Yes,99.9,6.5,Good,7,Master,Medium,10.0,No,2.33,1,5.8,No,2,8.1,Co-Learning Group,No,Medium,2,2,10,Reading,8.8,64
130924,22,Female,Computer Science,7.738090177934398,1.5,1.3,No,61.0,10.0,Good,1,High School,High,6.1,No,2.92,8,5.6,No,0,12.4,Co-Learning Group,No,Low,5,1,10,Reading,6.3,76
125334,27,Other,Engineering,5.7,3.2,1.9,No,93.3,6.5,Good,0,Bachelor,High,6.8,No,2.8,6,4.2,No,4,12.7,Dorm,No,Low,3,6,9,Auditory,2.3,81
114158,28,Other,Business,5.1,2.2,3.5,Yes,69.0,7.5,Good,0,PhD,High,7.6,Yes,3.15,4,2.4,No,4,11.8,Co-Learning Group,No,High,9,3,10,Auditory,6.1,85
109169,20,Other,Engineering,5.8,1.5,3.0,No,52.8,7.9,Fair,3,Bachelor,Medium,5.7,Yes,2.79,8,2.2,No,2,10.6,Cafe,No,High,5,2,10,Reading,8.2,76
156657,22,Male,Engineering,2.8,2.4,1.4,Yes,63.3,6.2,Good,5,Bachelor,High,7.6,Yes,2.93,7,3.4,No,0,7.0,Co-Learning Group,No,High,9,4,10,Visual,9.0,69
169528,22,Female,Engineering,0.4,3.8,2.5,No,64.0,8.1,Fair,7,Some College,Medium,7.0,No,4.0,2,3.8,No,4,8.6,Cafe,No,Medium,10,4,10,Auditory,4.0,94
105456,26,Female,Computer Science,1.2921818654520871,0.7,0.7,No,70.7,7.7,Poor,2,Some College,Low,3.4000000000000004,No,4.0,3,7.2,No,2,3.0,Library,Yes,High,7,9,6,Kinesthetic,7.3,100
106636,27,Female,Business,4.5,3.0,0.9,Yes,85.4,5.7,Fair,7,High School,High,8.7,No,3.78,2,4.5,No,0,10.1,Co-Learning Group,No,Low,5,5,10,Reading,1.7,100
167326,25,Male,Biology,3.1,2.7,3.0,No,51.2,8.5,Fair,0,Bachelor,High,3.6,Yes,3.26,2,10.0,Yes,0,10.8,Library,No,High,4,1,10,Reading,5.6,82
105310,24,Other,Biology,6.5,4.9,1.3,Yes,55.1,8.3,Fair,0,PhD,Medium,5.9,Yes,3.11,6,6.2,No,4,14.3,Cafe,Yes,Medium,1,3,10,Visual,1.1,77
146597,23,Female,Biology,2.5,4.1,3.6,No,86.2,8.4,Good,1,PhD,Medium,9.3,Yes,4.0,7,2.6,No,2,10.5,Library,Yes,Low,7,6,9,Auditory,9.1,99
110694,24,Female,Business,7.5,4.6,2.4,Yes,77.2,8.3,Fair,7,Some College,Low,9.1,Yes,4.0,8,6.6,No,1,16.0,Dorm,No,High,7,4,10,Reading,4.8,100
171499,25,Male,Biology,3.3,0.4,3.1,No,54.7,8.1,Fair,6,Master,High,8.7,Yes,2.85,1,5.1,No,2,8.0,Quiet Room,Yes,High,3,1,10,Auditory,5.5,72
147543,20,Female,Engineering,5.7,1.3,0.1,No,53.2,6.5,Fair,4,High School,Low,4.3,Yes,4.0,2,4.4,No,3,7.6,Library,No,High,3,9,6,Visual,4.2,89
144271,16,Other,Arts,2.2,1.5,0.3,Yes,84.5,7.2,Good,3,Master,Medium,8.2,No,4.0,1,6.0,No,5,4.5,Co-Learning Group,Yes,High,9,3,10,Visual,8.7,100
158107,25,Male,Engineering,3.5,3.1,3.4,No,83.8,8.1,Poor,0,High School,Medium,7.7,No,4.0,2,3.1,No,1,11.3,Library,Yes,High,9,7,8,Reading,3.3,100
117728,28,Other,Psychology,6.2,3.7,2.4,No,56.2,7.8,Poor,4,PhD,Medium,3.6,Yes,4.0,4,9.1,Yes,4,13.7,Library,Yes,High,6,3,10,Visual,4.7,100
124864,27,Male,Arts,8.6,1.9,1.8,Yes,55.1,7.9,Poor,6,Bachelor,Low,8.1,Yes,4.0,6,3.6,No,0,12.8,Library,Yes,Medium,5,2,10,Visual,8.5,98
159763,26,Male,Computer Science,7.281020853228036,1.6,3.5,Yes,82.1,5.3,Poor,7,Some College,Low,3.7,No,3.35,3,5.1,No,2,14.0,Cafe,No,Medium,4,6,9,Reading,1.3,74
141274,24,Female,Arts,4.6,4.6,0.7,No,80.0,6.7,Fair,0,PhD,Medium,5.8,No,4.0,4,3.1,No,4,10.1,Quiet Room,Yes,Low,2,5,10,Visual,4.3,100
104259,23,Female,Computer Science,9.684260644093694,4.9,2.5,No,43.4,6.2,Poor,6,PhD,Low,3.8,Yes,4.0,7,1.9,No,0,19.1,Cafe,No,Low,3,10,5,Reading,6.3,100
170471,28,Female,Business,3.7,1.5,2.0,Yes,50.2,7.5,Good,4,Bachelor,Low,4.7,Yes,4.0,7,4.3,No,2,8.0,Co-Learning Group,Yes,High,8,3,10,Kinesthetic,1.4,99
107324,22,Female,Arts,1.9,2.2,2.0,No,89.6,8.1,Good,3,Bachelor,High,6.8,Yes,4.0,2,4.0,No,5,6.1,Library,No,Low,3,10,5,Visual,3.4,94
173002,26,Female,Engineering,6.8,2.8,1.3,Yes,43.1,5.5,Good,3,Some College,High,8.4,Yes,4.0,6,2.3,No,4,11.7,Library,No,Medium,9,1,10,Auditory,1.9,100
138721,28,Male,Psychology,1.5,1.6,0.6,No,60.9,5.4,Fair,5,Master,Low,7.3,Yes,2.94,3,6.5,No,4,4.1,Quiet Room,No,Medium,3,6,9,Kinesthetic,9.7,81
172779,20,Female,Engineering,5.3,1.4,0.6,Yes,93.5,7.5,Poor,5,PhD,High,8.8,Yes,3.91,4,3.0,No,5,8.0,Quiet Room,Yes,Low,6,8,7,Auditory,2.6,97
138109,18,Other,Computer Science,7.228540712722271,1.9,0.3,Yes,80.0,4.9,Good,2,Bachelor,Low,8.4,Yes,3.75,1,2.2,No,4,9.8,Library,No,High,6,4,10,Reading,9.0,92
172083,23,Female,Arts,4.8,2.7,3.2,Yes,82.4,8.1,Good,1,Bachelor,Medium,6.2,No,4.0,2,2.9,No,5,11.8,Quiet Room,Yes,High,2,5,10,Visual,1.7,100
144640,23,Other,Arts,2.6,1.1,0.0,No,89.6,9.7,Fair,5,High School,High,9.5,No,3.54,1,6.3,No,1,4.6,Library,No,Low,3,5,10,Kinesthetic,1.3,89
119226,28,Male,Biology,3.0,3.5,1.3,No,61.3,7.1,Fair,1,Some College,Medium,7.3,Yes,3.53,3,5.2,No,3,9.4,Co-Learning Group,Yes,Low,4,1,10,Visual,1.9,88
102171,21,Female,Engineering,3.8,3.2,1.2,Yes,61.6,7.7,Good,1,Some College,Medium,8.5,Yes,4.0,3,3.6,No,3,9.5,Cafe,Yes,High,4,6,9,Reading,1.5,100
164481,28,Female,Psychology,4.2,0.1,2.4,No,80.1,6.4,Fair,5,Bachelor,High,6.9,No,3.86,1,5.8,No,2,6.9,Quiet Room,Yes,Medium,2,10,5,Auditory,9.3,96
172528,27,Other,Biology,4.2,2.4,1.7,No,99.6,8.0,Good,6,Bachelor,High,4.3,Yes,3.74,6,3.7,No,5,9.0,Quiet Room,Yes,Medium,8,3,10,Visual,2.1,84
167360,22,Other,Arts,4.5,0.4,0.2,Yes,93.9,5.5,Poor,6,Bachelor,High,9.5,No,3.11,1,6.9,No,2,5.2,Cafe,No,Low,2,4,10,Kinesthetic,5.4,75
152070,20,Female,Psychology,6.1,2.6,0.2,Yes,87.2,4.0,Fair,4,PhD,Low,6.5,Yes,3.29,2,1.7,No,1,9.2,Library,No,High,6,9,6,Kinesthetic,4.1,81
126550,24,Female,Engineering,4.4,4.9,2.4,No,72.0,5.9,Good,1,Bachelor,Low,5.5,Yes,2.38,4,7.7,No,5,13.5,Dorm,No,Medium,9,3,10,Auditory,6.1,53
119776,27,Female,Computer Science,3.619032176662012,3.2,0.6,No,77.7,8.1,Poor,6,PhD,Medium,10.0,Yes,3.7,3,6.9,No,4,8.9,Dorm,Yes,Medium,10,5,10,Auditory,9.8,89
162589,22,Male,Arts,2.3,1.4,1.5,No,81.1,5.8,Good,2,High School,Medium,6.2,Yes,4.0,2,2.8,No,1,6.8,Co-Learning Group,No,High,5,10,5,Auditory,3.0,99
175052,22,Female,Business,3.0,3.2,2.6,No,85.8,7.6,Fair,7,PhD,High,8.3,Yes,4.0,8,4.3,No,3,10.2,Dorm,No,High,2,3,10,Auditory,7.2,99
114177,28,Male,Psychology,6.0,3.3,1.8,Yes,88.2,8.3,Good,0,Bachelor,Low,10.0,Yes,4.0,8,6.8,No,3,12.3,Library,Yes,Low,9,9,6,Auditory,7.2,99
100931,25,Male,Computer Science,4.562406079162583,5.0,0.9,No,79.5,8.2,Fair,4,High School,Medium,9.0,Yes,3.68,6,4.6,No,4,12.3,Co-Learning Group,Yes,High,3,2,10,Visual,5.2,99
168673,16,Female,Psychology,2.5,2.1,2.1,No,78.7,7.8,Good,0,Some College,High,4.9,Yes,3.95,2,4.6,No,5,7.3,Cafe,Yes,Medium,4,1,10,Auditory,1.7,96
126845,25,Other,Computer Science,3.880065068397324,0.4,1.1,No,68.0,8.8,Good,6,PhD,High,10.0,No,2.8,3,5.1,No,3,6.8,Cafe,No,Medium,6,4,10,Visual,1.6,65
155482,28,Other,Engineering,6.1,4.1,0.9,Yes,56.0,8.2,Good,1,Bachelor,High,5.6,Yes,3.16,4,7.2,No,2,13.0,Library,No,High,5,9,6,Auditory,4.2,80
138435,20,Other,Engineering,2.7,1.0,1.3,No,49.7,5.9,Fair,1,Bachelor,High,3.5,No,4.0,6,8.5,No,2,5.7,Library,No,Low,7,8,7,Kinesthetic,3.8,99
178943,24,Female,Psychology,0.8,2.4,1.3,No,90.2,8.7,Good,5,PhD,Medium,7.5,No,2.55,7,6.7,No,3,5.1,Dorm,Yes,Low,7,3,10,Reading,3.2,58
123563,19,Male,Biology,2.6,4.7,3.1,Yes,49.3,7.4,Fair,1,Bachelor,High,4.9,Yes,3.64,2,6.3,No,0,11.3,Library,Yes,Medium,4,9,6,Auditory,8.3,90
124944,22,Male,Computer Science,2.900474288502404,1.1,0.2,No,92.4,9.4,Poor,3,Bachelor,Low,7.1,No,4.0,7,6.2,No,2,5.6,Quiet Room,No,Low,10,9,6,Reading,8.8,96
140625,22,Female,Engineering,1.3,3.6,3.3,Yes,74.1,5.8,Poor,1,PhD,High,8.7,No,4.0,6,6.6,No,1,9.4,Quiet Room,No,Low,1,10,5,Kinesthetic,7.6,100
100300,17,Male,Psychology,4.0,0.6,2.0,No,94.2,6.7,Good,4,Bachelor,High,8.9,No,4.0,3,7.6,No,3,7.5,Cafe,No,High,2,6,9,Kinesthetic,5.6,93
128673,22,Other,Biology,3.0,3.5,2.8,No,79.0,7.9,Fair,1,High School,High,6.5,Yes,2.53,8,4.6,No,2,9.8,Dorm,Yes,Medium,2,3,10,Reading,1.9,68
143023,24,Male,Psychology,2.2,2.3,3.0,No,48.1,6.4,Fair,5,Master,High,6.1,Yes,3.55,6,3.0,No,4,7.9,Quiet Room,Yes,Medium,9,10,5,Kinesthetic,8.7,94
132239,28,Female,Arts,2.3,1.1,3.0,No,91.8,6.9,Fair,1,PhD,Low,4.7,No,2.7,3,3.9,No,5,7.8,Quiet Room,No,Medium,5,5,10,Reading,7.5,66
106833,26,Male,Psychology,1.5,4.8,1.8,Yes,99.4,5.5,Fair,5,PhD,Medium,4.5,No,2.88,3,3.6,No,3,10.0,Dorm,Yes,Medium,10,7,8,Kinesthetic,2.7,73
141488,19,Other,Engineering,5.0,1.9,2.4,Yes,43.4,4.6,Good,1,PhD,Low,10.0,Yes,3.27,7,3.3,No,2,9.4,Co-Learning Group,Yes,Medium,5,1,10,Visual,7.7,85
166783,27,Other,Psychology,8.2,0.2,0.3,Yes,57.3,6.7,Good,3,Master,Low,7.9,No,3.96,5,6.9,No,1,9.4,Library,No,High,7,8,7,Visual,4.3,100
104580,18,Male,Psychology,2.6,2.0,1.4,Yes,52.8,5.1,Fair,1,PhD,High,9.2,Yes,3.38,8,5.5,No,2,7.0,Cafe,No,High,6,10,5,Kinesthetic,1.3,85
130690,27,Other,Biology,3.9,3.0,0.9,Yes,97.0,6.9,Good,4,Some College,Low,9.9,No,3.89,4,6.4,No,3,8.5,Cafe,No,Low,5,5,10,Kinesthetic,4.1,95
104659,23,Female,Computer Science,4.932058355679149,3.1,2.8,Yes,40.6,7.2,Fair,1,PhD,High,7.5,No,3.65,5,4.5,No,1,12.3,Library,Yes,High,10,6,9,Auditory,5.4,83
169359,18,Female,Business,6.2,3.6,1.7,Yes,49.7,7.1,Good,4,High School,Medium,7.4,Yes,3.19,2,6.4,No,5,12.2,Quiet Room,Yes,High,4,2,10,Kinesthetic,9.7,68
172559,16,Female,Engineering,7.3,4.5,0.3,No,61.9,5.9,Fair,5,High School,Medium,4.2,No,3.6,5,7.8,No,5,14.0,Cafe,Yes,Low,3,5,10,Visual,1.7,88
102130,22,Male,Psychology,3.5,2.3,1.4,No,64.2,6.1,Poor,6,High School,High,6.3,Yes,3.46,3,3.5,No,3,8.6,Cafe,Yes,Low,6,1,10,Kinesthetic,5.1,87
131360,16,Male,Business,2.6,5.0,0.1,Yes,87.1,9.1,Fair,0,Some College,Low,8.6,No,3.89,5,6.3,No,5,8.4,Cafe,No,Low,1,10,5,Visual,4.7,91
137053,20,Female,Biology,4.8,2.5,2.2,No,46.4,6.6,Good,2,Master,Low,10.0,No,4.0,6,6.4,No,5,10.8,Dorm,Yes,High,7,2,10,Reading,5.6,95
132882,23,Female,Biology,2.2,2.3,2.6,Yes,45.3,7.9,Good,2,Some College,Medium,8.0,No,4.0,8,1.0,No,5,7.9,Dorm,Yes,Low,5,9,6,Visual,1.5,97
101203,21,Male,Business,5.1,2.1,1.8,Yes,51.4,5.3,Fair,4,Master,High,7.9,No,2.73,3,4.6,No,0,10.8,Co-Learning Group,No,Low,9,1,10,Visual,7.7,61
111898,17,Male,Engineering,6.9,0.6,3.7,Yes,52.2,7.0,Good,3,Some College,Medium,6.9,Yes,4.0,6,5.3,No,3,13.1,Co-Learning Group,No,Low,8,7,8,Reading,3.3,100
138387,26,Female,Psychology,6.4,1.6,3.4,Yes,47.5,4.0,Good,3,Bachelor,High,4.7,No,3.09,5,3.2,No,3,12.6,Dorm,No,Low,7,10,5,Kinesthetic,2.9,88
147510,27,Other,Business,3.2,0.9,1.3,No,53.3,5.7,Fair,4,Some College,High,5.8,Yes,3.41,4,3.4,No,1,6.5,Cafe,No,High,4,5,10,Reading,5.1,86
154779,22,Male,Engineering,3.2,0.1,0.3,No,82.0,7.7,Good,0,Bachelor,High,5.9,No,2.97,6,3.4,No,1,4.7,Quiet Room,Yes,Low,7,5,10,Reading,9.6,78
102453,17,Other,Business,7.7,3.9,3.2,No,46.0,5.5,Poor,0,Some College,Low,8.6,Yes,3.17,1,5.6,No,0,16.1,Co-Learning Group,No,Low,8,4,10,Kinesthetic,3.8,80
102781,19,Male,Computer Science,6.146346146896669,1.9,3.0,No,90.4,4.9,Poor,5,Master,Low,7.1,Yes,4.0,7,7.4,No,1,11.8,Quiet Room,Yes,Low,8,2,10,Auditory,4.3,96
159659,17,Female,Computer Science,7.205430360693266,4.8,2.9,Yes,83.6,7.5,Good,3,Master,Medium,5.5,No,4.0,3,4.6,No,1,15.5,Co-Learning Group,No,Low,4,3,10,Visual,2.6,97
173749,24,Female,Business,6.0,2.9,2.1,Yes,40.3,4.0,Fair,3,PhD,Medium,7.6,No,2.37,7,3.6,No,3,12.9,Dorm,No,Low,1,1,10,Kinesthetic,6.8,64
110982,17,Female,Psychology,1.1,3.9,2.8,Yes,90.4,6.1,Poor,0,PhD,Low,3.4,No,2.84,4,4.4,No,0,7.9,Co-Learning Group,No,Medium,1,10,5,Auditory,6.9,77
158651,17,Other,Engineering,8.0,1.7,1.1,Yes,71.3,6.4,Good,5,Some College,High,6.5,No,3.85,6,10.0,No,5,10.8,Cafe,Yes,Low,2,5,10,Visual,4.5,100
159610,23,Female,Computer Science,5.125046542570098,0.7,0.7,No,75.2,4.2,Good,1,Some College,Medium,9.9,No,4.0,4,1.0,No,0,7.0,Quiet Room,Yes,High,5,5,10,Reading,7.4,97
137439,27,Male,Engineering,3.4,1.3,0.7,No,45.6,7.0,Fair,6,High School,Medium,5.1,Yes,3.88,7,8.0,No,1,5.6,Library,Yes,High,4,2,10,Kinesthetic,8.5,98
139990,17,Female,Psychology,1.3,3.8,2.5,No,41.8,7.7,Good,7,PhD,High,4.0,No,2.77,5,7.6,No,5,7.6,Dorm,Yes,High,10,6,9,Kinesthetic,1.6,71
115726,20,Other,Psychology,6.5,0.4,2.4,No,98.8,9.5,Good,7,High School,Low,10.0,No,4.0,5,2.1,No,0,10.4,Quiet Room,No,High,6,8,7,Auditory,7.2,94
174718,20,Female,Computer Science,8.803891178196317,4.3,0.7,No,50.8,6.3,Fair,6,PhD,Low,4.0,Yes,3.59,7,6.3,No,1,14.9,Co-Learning Group,No,High,6,6,9,Visual,2.2,90
106065,21,Other,Computer Science,4.795149598078927,0.8,0.7,No,77.4,8.2,Good,1,Master,Low,5.2,Yes,3.51,3,8.9,Yes,5,7.9,Cafe,Yes,Low,6,2,10,Auditory,1.8,85
169145,26,Female,Computer Science,4.709233891325216,4.4,2.8,Yes,83.2,6.0,Good,2,Master,High,8.6,No,3.0,8,4.3,No,3,12.0,Co-Learning Group,Yes,Low,1,3,10,Kinesthetic,4.8,81
158664,24,Female,Business,4.8,2.5,3.3,No,51.0,6.5,Good,0,PhD,Medium,4.5,No,3.13,5,3.1,No,4,12.3,Co-Learning Group,No,High,7,1,10,Auditory,2.1,86
121030,27,Female,Computer Science,6.336641074469475,4.0,1.1,No,41.5,8.4,Good,5,Some College,Medium,5.0,Yes,4.0,5,4.5,No,3,12.6,Cafe,No,Medium,2,10,5,Kinesthetic,2.0,100
153477,16,Female,Engineering,6.9,3.3,0.7,Yes,75.1,5.3,Fair,3,High School,High,5.6,Yes,3.18,5,3.6,No,3,11.8,Dorm,Yes,Medium,7,2,10,Reading,3.8,85
167120,24,Male,Psychology,3.0,0.8,3.1,No,50.0,9.0,Good,3,High School,Low,5.2,Yes,3.5,5,6.4,No,4,8.1,Dorm,Yes,Low,8,2,10,Visual,1.4,87
170098,22,Other,Biology,2.5,4.5,3.0,No,55.8,7.2,Poor,4,High School,High,10.0,No,3.21,2,4.6,No,3,11.4,Co-Learning Group,Yes,High,9,10,5,Auditory,5.7,84
156462,24,Other,Computer Science,5.836026304409976,0.2,3.3,Yes,49.9,5.0,Good,5,PhD,High,8.3,Yes,4.0,3,6.1,No,1,11.0,Library,Yes,Low,1,9,6,Auditory,9.1,91
128716,26,Other,Psychology,3.4,4.4,0.2,No,53.4,7.4,Good,5,PhD,Medium,5.5,No,2.46,1,7.6,No,1,9.7,Dorm,No,High,4,1,10,Auditory,7.3,61
124537,21,Male,Computer Science,3.3212679458524232,1.4,1.8,Yes,63.8,6.7,Poor,7,PhD,Low,7.4,No,3.5,7,3.1,No,2,6.7,Library,Yes,High,7,1,10,Kinesthetic,8.8,94
104803,24,Other,Biology,6.0,4.9,0.0,No,81.8,6.5,Fair,6,Some College,Medium,5.9,No,3.47,5,8.4,Yes,2,11.7,Co-Learning Group,No,Medium,6,3,10,Visual,1.0,88
171826,28,Other,Biology,2.5,3.7,1.6,Yes,56.3,8.2,Fair,4,Master,High,7.3,No,4.0,5,5.0,No,0,8.5,Library,No,Low,5,1,10,Visual,1.4,100
140158,28,Male,Biology,4.4,4.2,2.8,No,41.7,7.1,Good,4,Some College,Medium,3.2,Yes,4.0,8,5.6,No,1,13.2,Library,Yes,High,5,4,10,Reading,5.9,89
144113,20,Male,Arts,1.5,3.2,2.5,No,80.3,4.9,Fair,6,High School,Low,5.4,Yes,2.29,7,8.2,No,3,8.0,Library,No,Medium,9,5,10,Reading,9.5,63
120774,25,Male,Arts,3.4,3.0,3.5,Yes,99.5,6.9,Fair,6,Master,Low,5.5,No,3.08,6,6.7,No,2,11.6,Cafe,No,Medium,6,7,8,Reading,8.8,84
155735,22,Female,Engineering,4.1,1.4,0.4,Yes,47.6,6.9,Fair,4,Bachelor,Medium,3.6,Yes,3.04,7,2.2,No,0,6.6,Co-Learning Group,No,Medium,4,7,8,Visual,5.0,71
105812,26,Female,Engineering,0.4,3.7,3.4,Yes,72.7,6.3,Good,4,PhD,High,3.4,Yes,3.96,8,6.2,No,4,8.5,Library,Yes,Medium,8,1,10,Reading,9.0,96
159414,28,Male,Computer Science,8.665844195001819,0.2,0.1,Yes,43.1,6.4,Poor,7,Master,High,6.6,Yes,3.96,2,9.7,No,3,10.1,Dorm,No,Medium,1,7,8,Auditory,2.1,100
109819,26,Female,Computer Science,7.204362816352427,4.7,2.7,No,58.3,9.1,Good,3,Some College,Medium,7.5,No,4.0,2,2.5,No,3,16.2,Cafe,No,High,1,1,10,Visual,1.5,100
112544,17,Other,Business,4.2,3.7,2.0,No,62.9,9.2,Fair,6,Master,High,7.4,Yes,4.0,4,1.5,No,3,10.3,Cafe,No,Low,6,8,7,Visual,7.4,100
108994,27,Other,Arts,5.7,4.5,0.8,No,47.6,6.9,Good,0,PhD,Low,3.2,No,2.81,3,8.6,No,5,13.0,Co-Learning Group,No,Medium,7,6,9,Auditory,2.2,77
159176,28,Male,Biology,4.9,2.2,0.5,No,72.1,4.7,Fair,4,Bachelor,High,6.6,No,3.35,4,4.3,No,4,8.5,Dorm,Yes,Medium,2,10,5,Auditory,7.8,93
145562,21,Male,Psychology,7.0,0.9,2.9,Yes,90.6,5.9,Good,1,Bachelor,Low,6.6,Yes,3.69,6,5.1,No,2,12.5,Cafe,No,Low,1,9,6,Visual,3.6,95
127102,17,Female,Engineering,1.2,2.5,2.8,No,64.3,7.1,Poor,4,Master,High,3.0,Yes,2.8,1,6.7,No,4,7.3,Dorm,Yes,High,1,10,5,Reading,9.6,57
152504,20,Male,Psychology,5.4,1.0,2.9,Yes,49.4,4.9,Good,5,PhD,Low,8.0,Yes,4.0,5,5.0,No,4,10.4,Cafe,No,High,1,6,9,Visual,5.4,98
103427,24,Male,Psychology,8.1,4.8,1.0,No,52.8,5.8,Poor,5,High School,Medium,8.7,Yes,3.54,5,2.9,No,2,14.2,Dorm,Yes,Medium,3,4,10,Reading,8.2,98
143293,16,Other,Engineering,3.9,1.8,0.4,No,56.5,6.2,Good,5,Some College,Low,5.4,No,4.0,5,7.7,No,0,7.2,Co-Learning Group,Yes,Low,5,9,6,Auditory,9.2,99
101775,26,Male,Business,2.1,2.3,2.4,No,99.6,7.0,Poor,0,Master,Medium,8.6,Yes,3.14,6,3.9,No,2,7.9,Quiet Room,No,Medium,10,5,10,Visual,1.4,77
132757,21,Male,Business,4.4,1.2,0.8,Yes,89.7,4.1,Good,5,Bachelor,Medium,5.5,Yes,3.37,3,7.0,No,2,7.7,Library,No,High,6,10,5,Kinesthetic,2.2,89
114889,17,Other,Biology,2.4,0.0,1.4,No,95.8,8.5,Good,7,High School,Medium,6.2,No,3.5,2,5.9,No,3,4.2,Quiet Room,Yes,Low,4,3,10,Kinesthetic,8.9,95
163814,18,Other,Biology,2.3,3.3,2.7,No,76.0,4.0,Fair,6,Some College,Medium,8.8,Yes,2.69,5,2.3,No,2,8.7,Dorm,No,Medium,3,5,10,Visual,7.4,71
154039,19,Male,Biology,0.0,3.5,3.3,No,53.6,7.9,Good,6,Some College,Low,5.4,No,2.56,2,3.0,No,3,7.3,Library,No,Medium,8,3,10,Visual,8.1,66
134741,27,Other,Computer Science,4.571171806202559,1.7,1.8,No,88.4,6.7,Good,2,High School,High,4.6,No,4.0,1,5.6,No,2,8.7,Library,No,High,4,7,8,Visual,5.6,100
110098,27,Female,Business,3.8,4.3,0.5,Yes,51.7,6.7,Poor,4,Bachelor,Medium,6.5,Yes,3.9,6,3.8,No,0,9.1,Co-Learning Group,No,Medium,10,10,5,Auditory,6.4,100
111601,22,Other,Computer Science,8.89960410020152,4.9,1.4,Yes,82.4,4.9,Poor,6,Master,High,6.0,No,4.0,8,5.2,No,1,16.5,Quiet Room,No,Low,2,4,10,Reading,8.5,92
136416,21,Male,Engineering,6.6,4.8,2.1,No,84.1,4.9,Fair,4,Bachelor,High,6.0,Yes,3.06,7,5.1,No,4,13.9,Co-Learning Group,Yes,High,8,5,10,Auditory,3.2,79
168895,27,Other,Computer Science,4.407805998392872,3.2,0.6,Yes,56.7,6.7,Good,2,Master,Low,9.2,No,4.0,3,4.4,No,0,9.5,Co-Learning Group,No,Low,8,9,6,Visual,5.5,97
112926,17,Male,Business,4.2,0.8,1.2,Yes,67.6,7.5,Good,6,Bachelor,High,5.7,No,2.64,8,3.1,No,5,6.6,Dorm,No,Low,6,3,10,Auditory,5.0,64
155062,28,Other,Computer Science,3.6130176604549127,1.9,0.9,No,40.1,5.8,Fair,6,PhD,Low,7.8,Yes,3.77,5,6.9,No,3,8.2,Co-Learning Group,Yes,Medium,4,9,6,Reading,9.1,100
107133,28,Other,Psychology,3.6,1.7,0.1,Yes,47.8,8.4,Good,2,PhD,Low,5.5,No,2.98,3,6.1,No,5,6.4,Dorm,No,High,8,3,10,Kinesthetic,6.5,77
179313,25,Female,Arts,7.7,3.4,2.8,No,58.3,7.9,Poor,6,Bachelor,High,4.9,No,3.98,3,4.5,No,3,15.3,Cafe,Yes,Low,6,1,10,Kinesthetic,3.5,100
174289,23,Female,Arts,0.0,4.6,2.5,Yes,79.0,8.0,Poor,7,PhD,Medium,6.2,No,3.17,7,5.8,No,0,7.5,Quiet Room,Yes,High,2,2,10,Kinesthetic,7.7,81
159270,17,Male,Biology,7.0,1.4,0.6,Yes,57.8,5.9,Fair,6,High School,High,5.9,No,4.0,6,6.5,No,0,9.1,Quiet Room,Yes,Medium,6,2,10,Auditory,6.9,99
115583,23,Other,Engineering,4.0,1.6,3.9,Yes,40.6,6.9,Good,1,Some College,Low,2.8,Yes,3.52,5,5.8,No,3,10.1,Cafe,No,High,5,2,10,Auditory,8.7,89
113690,16,Other,Arts,2.2,4.0,3.9,No,98.9,9.8,Fair,6,PhD,Medium,7.1,No,4.0,7,4.4,No,1,11.0,Quiet Room,No,Medium,3,7,8,Visual,8.6,96
165179,18,Male,Psychology,4.1,2.0,2.8,No,85.9,6.8,Good,0,High School,High,10.0,Yes,3.58,7,5.8,No,3,10.2,Quiet Room,No,Low,6,5,10,Visual,5.4,99
164695,27,Male,Business,3.7,1.0,3.0,Yes,66.9,4.0,Poor,0,PhD,High,8.7,No,4.0,8,3.7,No,5,9.3,Cafe,No,Low,4,9,6,Kinesthetic,7.0,100
127147,18,Male,Biology,7.9,4.5,2.9,Yes,62.5,9.2,Good,2,High School,Medium,8.0,No,4.0,4,4.4,No,4,16.2,Cafe,No,High,3,3,10,Reading,3.7,100
129447,20,Male,Biology,5.9,2.7,3.2,No,93.8,8.3,Good,0,Master,Medium,8.9,Yes,3.69,4,3.3,No,0,12.2,Library,No,High,3,9,6,Kinesthetic,7.5,93
136880,18,Other,Computer Science,8.633748511758077,4.4,0.0,Yes,78.4,5.9,Fair,4,Master,High,6.8,No,4.0,7,1.7,No,4,13.1,Co-Learning Group,Yes,High,2,8,7,Reading,7.9,97
157109,28,Male,Computer Science,3.18467475567984,3.8,2.1,No,41.9,6.0,Good,0,High School,High,5.5,Yes,3.96,3,10.0,No,0,9.6,Dorm,Yes,High,8,4,10,Visual,4.3,95
130104,27,Male,Psychology,6.5,1.7,3.2,No,51.1,7.5,Good,1,High School,Medium,4.7,No,4.0,4,6.6,No,5,13.3,Cafe,Yes,Medium,10,1,10,Kinesthetic,3.1,96
104777,26,Female,Business,3.3,4.4,1.1,Yes,95.0,7.1,Poor,3,Master,Medium,8.7,Yes,4.0,3,4.2,No,5,10.1,Quiet Room,Yes,High,1,7,8,Visual,5.8,100
159256,24,Female,Arts,1.6,2.5,2.1,Yes,89.5,8.5,Fair,7,PhD,Medium,2.7,Yes,4.0,4,7.6,No,3,6.4,Cafe,No,Low,3,5,10,Visual,4.1,98
174932,20,Female,Business,2.4,4.6,1.3,No,44.9,8.0,Good,7,Some College,High,7.2,Yes,3.54,4,2.0,No,1,10.1,Dorm,Yes,High,8,1,10,Reading,9.0,84
141646,17,Other,Computer Science,6.278371156542682,0.6,1.8,No,97.6,6.2,Fair,1,PhD,Low,10.0,Yes,4.0,7,4.1,No,2,9.3,Quiet Room,No,Low,3,5,10,Kinesthetic,2.8,98
168718,18,Other,Business,3.2,0.3,1.1,Yes,95.4,8.1,Good,5,Bachelor,Medium,9.0,Yes,3.09,1,6.1,No,0,5.7,Dorm,No,Low,4,4,10,Reading,6.9,83
170682,23,Male,Biology,5.1,4.7,2.7,No,55.8,9.0,Fair,0,PhD,Medium,10.0,No,3.31,1,5.5,No,5,13.0,Co-Learning Group,Yes,Low,8,1,10,Kinesthetic,4.2,89
101856,18,Female,Engineering,4.5,1.7,3.8,Yes,94.8,7.1,Good,1,High School,Medium,6.2,Yes,2.91,8,7.3,No,4,11.1,Library,Yes,Low,8,7,8,Reading,2.9,70
125388,27,Female,Business,1.5,3.9,0.3,No,87.7,8.3,Fair,1,Some College,Low,7.3,No,4.0,7,3.2,No,0,6.3,Co-Learning Group,Yes,Medium,6,6,9,Reading,6.8,100
158101,21,Female,Computer Science,4.403565389776164,0.3,0.7,Yes,90.3,8.4,Good,4,Master,Medium,7.1,No,4.0,8,3.8,No,2,7.1,Library,Yes,High,8,6,9,Auditory,5.6,93
164604,16,Other,Biology,6.9,0.1,3.5,Yes,40.4,6.0,Good,1,Some College,Medium,7.8,No,4.0,6,3.2,No,3,10.8,Co-Learning Group,Yes,Medium,3,5,10,Kinesthetic,8.4,100
173033,16,Other,Psychology,1.9,4.4,3.3,No,62.5,8.3,Poor,2,PhD,Medium,8.8,No,4.0,8,4.9,No,3,11.5,Co-Learning Group,No,Low,3,9,6,Kinesthetic,7.8,100
167632,16,Other,Engineering,6.9,4.3,3.9,No,69.2,9.3,Good,1,Bachelor,High,7.0,Yes,3.63,7,4.9,No,3,16.1,Quiet Room,No,High,3,5,10,Kinesthetic,1.2,91
173978,22,Male,Business,6.3,4.4,2.4,Yes,49.9,7.4,Good,1,High School,Low,6.7,No,4.0,7,4.4,No,0,14.4,Library,No,Medium,8,10,5,Reading,2.5,100
170717,16,Female,Arts,1.9,2.2,3.4,No,76.9,8.7,Fair,5,Master,Medium,8.5,No,4.0,1,6.3,No,5,7.9,Quiet Room,Yes,High,3,4,10,Kinesthetic,9.5,100
127773,24,Male,Arts,6.5,0.3,3.6,No,48.3,6.9,Fair,5,Master,Low,7.1,Yes,3.96,7,5.4,No,4,11.7,Library,No,Low,9,9,6,Reading,2.2,91
163418,19,Female,Psychology,4.4,1.1,0.7,Yes,79.4,7.0,Good,4,High School,Medium,7.699999999999999,Yes,3.25,2,7.4,No,0,6.3,Dorm,No,Medium,8,4,10,Kinesthetic,2.4,83
166941,21,Male,Arts,3.4,4.4,3.3,Yes,56.9,8.6,Poor,4,High School,High,1.9,Yes,3.43,4,7.9,No,2,11.9,Co-Learning Group,Yes,High,3,8,7,Kinesthetic,2.9,93
100851,21,Other,Arts,4.2,0.0,1.3,Yes,45.4,8.4,Good,6,Bachelor,Low,8.1,Yes,2.99,7,6.1,No,3,6.1,Cafe,No,Medium,4,2,10,Kinesthetic,6.9,73
138044,27,Female,Engineering,3.3,4.1,0.5,Yes,56.4,8.1,Good,0,Some College,Medium,7.5,Yes,4.0,4,4.0,No,1,9.4,Co-Learning Group,No,Medium,9,4,10,Auditory,4.9,99
141742,22,Female,Engineering,0.6,3.2,3.1,No,94.6,8.6,Good,1,PhD,Medium,6.3,Yes,2.84,7,1.0,No,1,8.5,Library,No,High,8,7,8,Visual,2.7,70
159173,27,Male,Arts,4.2,2.2,3.7,Yes,92.9,7.6,Poor,3,Bachelor,High,7.7,Yes,4.0,2,1.0,No,1,11.8,Quiet Room,Yes,Low,5,6,9,Auditory,9.2,91
127563,16,Other,Arts,4.9,4.0,3.3,Yes,48.7,6.4,Good,7,Some College,Low,3.6,Yes,3.29,3,8.4,No,2,12.7,Co-Learning Group,No,Low,10,10,5,Auditory,3.5,76
134092,18,Male,Computer Science,6.998967570167996,1.9,1.8,Yes,63.1,5.9,Poor,0,Master,Medium,6.3,No,4.0,6,6.5,No,1,12.2,Dorm,No,Medium,9,2,10,Kinesthetic,4.0,100
179896,21,Male,Arts,1.2,4.3,1.0,No,86.9,5.3,Good,1,Bachelor,High,9.6,Yes,2.74,1,4.6,No,3,7.3,Dorm,No,Medium,4,8,7,Reading,1.8,63
114530,28,Female,Business,5.3,0.9,3.3,No,88.7,4.7,Fair,0,PhD,Low,8.8,Yes,4.0,2,2.6,No,1,10.1,Cafe,Yes,High,5,2,10,Kinesthetic,1.7,100
107519,25,Other,Psychology,5.2,1.2,3.1,Yes,63.4,7.1,Fair,7,PhD,High,5.6,No,4.0,6,3.0,No,0,10.8,Library,Yes,High,2,5,10,Visual,1.2,100
154857,16,Other,Engineering,3.8,4.4,0.5,No,52.2,7.7,Fair,4,Some College,High,4.8,No,4.0,6,4.0,No,4,9.7,Quiet Room,Yes,Low,10,3,10,Visual,3.1,94
153284,25,Male,Arts,3.6,3.4,2.1,Yes,55.6,6.7,Poor,7,High School,Low,8.3,Yes,3.46,4,1.0,No,3,10.2,Cafe,No,Medium,6,7,8,Auditory,3.0,98
119801,19,Female,Engineering,1.4,4.1,1.4,Yes,90.9,8.4,Fair,2,Master,High,8.0,Yes,3.7,3,7.1,No,0,7.6,Library,Yes,High,2,6,9,Auditory,3.3,87
159830,16,Other,Engineering,4.4,0.2,3.0,No,82.1,8.7,Good,1,High School,Low,5.8,No,3.52,1,7.7,No,2,8.6,Co-Learning Group,Yes,Low,9,9,6,Reading,8.0,81
150998,20,Other,Computer Science,0.9061071872732708,1.6,3.5,Yes,90.0,4.5,Fair,0,Some College,High,6.4,Yes,2.91,8,6.2,No,1,8.0,Library,Yes,Medium,6,7,8,Visual,4.0,66
178145,17,Female,Arts,5.1,3.1,1.8,Yes,82.4,8.6,Good,7,High School,High,7.5,Yes,3.66,6,4.6,No,3,11.5,Library,No,Medium,3,9,6,Kinesthetic,9.6,91
143523,26,Other,Arts,2.7,1.3,1.2,No,74.6,9.1,Good,1,PhD,Medium,2.5,No,3.14,2,3.0,No,3,7.1,Dorm,No,Medium,9,9,6,Reading,5.1,70
126633,17,Male,Business,6.8,4.9,1.1,No,58.0,11.2,Good,4,Master,Low,5.8,Yes,4.0,7,6.9,No,4,13.9,Library,Yes,High,5,9,6,Visual,5.1,94
138740,28,Other,Biology,5.7,2.1,2.2,Yes,85.8,7.1,Good,0,PhD,Medium,6.6,Yes,4.0,4,3.5,No,3,10.4,Co-Learning Group,Yes,Medium,2,9,6,Kinesthetic,2.2,100
126864,21,Other,Engineering,5.3,0.4,3.5,No,80.1,5.3,Good,6,Some College,Low,8.5,Yes,3.55,5,4.5,No,4,10.0,Co-Learning Group,No,Medium,10,3,10,Kinesthetic,5.7,87
153491,19,Other,Engineering,4.2,4.2,0.7,Yes,57.4,5.8,Good,4,Master,Medium,10.0,No,3.75,3,5.7,No,4,10.4,Dorm,No,High,4,9,6,Reading,1.4,96
156329,23,Female,Arts,4.9,0.6,0.8,Yes,79.9,7.8,Good,5,Bachelor,Medium,9.1,No,3.42,1,6.9,No,0,6.6,Dorm,No,Medium,9,6,9,Reading,9.3,83
124569,17,Female,Engineering,0.8,0.3,1.3,No,66.6,10.6,Fair,7,Some College,Medium,7.7,Yes,3.97,7,6.0,No,1,3.7,Co-Learning Group,No,High,4,4,10,Visual,10.0,100
115956,24,Male,Arts,5.4,2.7,0.8,Yes,79.4,4.0,Poor,3,High School,Medium,4.7,No,3.73,1,5.8,No,5,10.3,Dorm,No,Medium,9,2,10,Reading,6.4,88
115874,28,Female,Engineering,4.2,0.1,0.8,No,43.4,8.9,Fair,4,Some College,High,7.8,Yes,3.55,5,2.6,No,3,6.9,Dorm,No,Medium,7,5,10,Kinesthetic,6.1,78
147998,24,Other,Arts,2.2,0.9,0.5,Yes,67.7,8.3,Fair,5,Master,High,6.5,Yes,3.71,3,5.7,No,0,3.8,Dorm,No,Medium,6,1,10,Visual,8.1,91
